timestamp,ghi_wm2,temp_c
2025-01-01 00:00:00+00:00,0.0,10.28
2025-01-01 01:00:00+00:00,0.0,10.39
2025-01-01 02:00:00+00:00,0.0,10.47
2025-01-01 03:00:00+00:00,0.0,10.52
2025-01-01 04:00:00+00:00,0.0,10.59
2025-01-01 05:00:00+00:00,0.0,10.67
2025-01-01 06:00:00+00:00,0.0,10.73
2025-01-01 07:00:00+00:00,0.0,10.73
2025-01-01 08:00:00+00:00,7.05,10.77
2025-01-01 09:00:00+00:00,37.67,10.94
2025-01-01 10:00:00+00:00,69.47,11.05
2025-01-01 11:00:00+00:00,94.82,11.14
2025-01-01 12:00:00+00:00,33.03,11.25
2025-01-01 13:00:00+00:00,18.17,10.75
2025-01-01 14:00:00+00:00,13.48,8.56
2025-01-01 15:00:00+00:00,4.57,5.53
2025-01-01 16:00:00+00:00,0.0,4.0
2025-01-01 17:00:00+00:00,0.0,3.76
2025-01-01 18:00:00+00:00,0.0,3.66
2025-01-01 19:00:00+00:00,0.0,3.69
2025-01-01 20:00:00+00:00,0.0,3.92
2025-01-01 21:00:00+00:00,0.0,4.08
2025-01-01 22:00:00+00:00,0.0,4.09
2025-01-01 23:00:00+00:00,0.0,3.78
2025-01-02 00:00:00+00:00,0.0,3.67
2025-01-02 01:00:00+00:00,0.0,3.63
2025-01-02 02:00:00+00:00,0.0,3.38
2025-01-02 03:00:00+00:00,0.0,2.77
2025-01-02 04:00:00+00:00,0.0,1.96
2025-01-02 05:00:00+00:00,0.0,1.27
2025-01-02 06:00:00+00:00,0.0,0.9
2025-01-02 07:00:00+00:00,0.0,0.18
2025-01-02 08:00:00+00:00,16.52,0.05
2025-01-02 09:00:00+00:00,107.2,0.41
2025-01-02 10:00:00+00:00,192.2,1.49
2025-01-02 11:00:00+00:00,243.48,2.47
2025-01-02 12:00:00+00:00,256.62,3.19
2025-01-02 13:00:00+00:00,220.45,3.36
2025-01-02 14:00:00+00:00,143.82,2.84
2025-01-02 15:00:00+00:00,44.0,0.8
2025-01-02 16:00:00+00:00,0.0,-1.03
2025-01-02 17:00:00+00:00,0.0,-1.64
2025-01-02 18:00:00+00:00,0.0,-2.22
2025-01-02 19:00:00+00:00,0.0,-2.5
2025-01-02 20:00:00+00:00,0.0,-2.26
2025-01-02 21:00:00+00:00,0.0,-2.21
2025-01-02 22:00:00+00:00,0.0,-2.15
2025-01-02 23:00:00+00:00,0.0,-2.62
2025-01-03 00:00:00+00:00,0.0,-2.97
2025-01-03 01:00:00+00:00,0.0,-2.9
2025-01-03 02:00:00+00:00,0.0,-3.18
2025-01-03 03:00:00+00:00,0.0,-3.01
2025-01-03 04:00:00+00:00,0.0,-2.83
2025-01-03 05:00:00+00:00,0.0,-2.81
2025-01-03 06:00:00+00:00,0.0,-2.88
2025-01-03 07:00:00+00:00,0.0,-2.87
2025-01-03 08:00:00+00:00,17.83,-2.55
2025-01-03 09:00:00+00:00,113.43,-1.35
2025-01-03 10:00:00+00:00,202.25,0.23
2025-01-03 11:00:00+00:00,254.2,1.85
2025-01-03 12:00:00+00:00,260.38,3.19
2025-01-03 13:00:00+00:00,221.98,3.74
2025-01-03 14:00:00+00:00,144.52,3.14
2025-01-03 15:00:00+00:00,45.17,0.72
2025-01-03 16:00:00+00:00,0.0,-0.85
2025-01-03 17:00:00+00:00,0.0,-1.1
2025-01-03 18:00:00+00:00,0.0,-0.92
2025-01-03 19:00:00+00:00,0.0,-0.54
2025-01-03 20:00:00+00:00,0.0,-0.31
2025-01-03 21:00:00+00:00,0.0,-0.17
2025-01-03 22:00:00+00:00,0.0,-0.34
2025-01-03 23:00:00+00:00,0.0,-0.4
2025-01-04 00:00:00+00:00,0.0,-0.36
2025-01-04 01:00:00+00:00,0.0,-0.35
2025-01-04 02:00:00+00:00,0.0,-0.34
2025-01-04 03:00:00+00:00,0.0,-0.4
2025-01-04 04:00:00+00:00,0.0,-0.43
2025-01-04 05:00:00+00:00,0.0,-0.45
2025-01-04 06:00:00+00:00,0.0,-0.53
2025-01-04 07:00:00+00:00,0.0,-0.59
2025-01-04 08:00:00+00:00,8.12,-0.44
2025-01-04 09:00:00+00:00,41.22,0.47
2025-01-04 10:00:00+00:00,72.0,1.72
2025-01-04 11:00:00+00:00,93.57,2.91
2025-01-04 12:00:00+00:00,90.93,3.57
2025-01-04 13:00:00+00:00,70.2,3.41
2025-01-04 14:00:00+00:00,38.7,2.67
2025-01-04 15:00:00+00:00,15.18,1.5
2025-01-04 16:00:00+00:00,0.0,1.04
2025-01-04 17:00:00+00:00,0.0,1.5
2025-01-04 18:00:00+00:00,0.0,1.63
2025-01-04 19:00:00+00:00,0.0,1.6
2025-01-04 20:00:00+00:00,0.0,1.36
2025-01-04 21:00:00+00:00,0.0,0.98
2025-01-04 22:00:00+00:00,0.0,0.63
2025-01-04 23:00:00+00:00,0.0,0.43
2025-01-05 00:00:00+00:00,0.0,0.32
2025-01-05 01:00:00+00:00,0.0,0.34
2025-01-05 02:00:00+00:00,0.0,0.58
2025-01-05 03:00:00+00:00,0.0,1.08
2025-01-05 04:00:00+00:00,0.0,2.25
2025-01-05 05:00:00+00:00,0.0,3.49
2025-01-05 06:00:00+00:00,0.0,5.06
2025-01-05 07:00:00+00:00,0.0,6.65
2025-01-05 08:00:00+00:00,7.22,7.93
2025-01-05 09:00:00+00:00,33.53,8.49
2025-01-05 10:00:00+00:00,57.95,8.84
2025-01-05 11:00:00+00:00,68.35,9.32
2025-01-05 12:00:00+00:00,64.9,10.0
2025-01-05 13:00:00+00:00,51.97,10.35
2025-01-05 14:00:00+00:00,31.17,10.47
2025-01-05 15:00:00+00:00,11.35,10.47
2025-01-05 16:00:00+00:00,0.0,10.48
2025-01-05 17:00:00+00:00,0.0,10.62
2025-01-05 18:00:00+00:00,0.0,10.64
2025-01-05 19:00:00+00:00,0.0,10.72
2025-01-05 20:00:00+00:00,0.0,10.84
2025-01-05 21:00:00+00:00,0.0,10.81
2025-01-05 22:00:00+00:00,0.0,10.72
2025-01-05 23:00:00+00:00,0.0,10.82
2025-01-06 00:00:00+00:00,0.0,10.86
2025-01-06 01:00:00+00:00,0.0,10.72
2025-01-06 02:00:00+00:00,0.0,10.6
2025-01-06 03:00:00+00:00,0.0,10.8
2025-01-06 04:00:00+00:00,0.0,11.08
2025-01-06 05:00:00+00:00,0.0,11.23
2025-01-06 06:00:00+00:00,0.0,11.38
2025-01-06 07:00:00+00:00,0.0,10.82
2025-01-06 08:00:00+00:00,8.7,8.28
2025-01-06 09:00:00+00:00,44.92,4.6
2025-01-06 10:00:00+00:00,77.85,3.14
2025-01-06 11:00:00+00:00,86.25,3.47
2025-01-06 12:00:00+00:00,114.47,4.3
2025-01-06 13:00:00+00:00,115.85,4.89
2025-01-06 14:00:00+00:00,90.57,4.99
2025-01-06 15:00:00+00:00,38.6,4.58
2025-01-06 16:00:00+00:00,0.0,3.83
2025-01-06 17:00:00+00:00,0.0,2.91
2025-01-06 18:00:00+00:00,0.0,2.48
2025-01-06 19:00:00+00:00,0.0,2.23
2025-01-06 20:00:00+00:00,0.0,2.04
2025-01-06 21:00:00+00:00,0.0,1.69
2025-01-06 22:00:00+00:00,0.0,1.53
2025-01-06 23:00:00+00:00,0.0,1.69
2025-01-07 00:00:00+00:00,0.0,1.79
2025-01-07 01:00:00+00:00,0.0,1.46
2025-01-07 02:00:00+00:00,0.0,0.79
2025-01-07 03:00:00+00:00,0.0,0.12
2025-01-07 04:00:00+00:00,0.0,-0.19
2025-01-07 05:00:00+00:00,0.0,-0.11
2025-01-07 06:00:00+00:00,0.0,0.15
2025-01-07 07:00:00+00:00,0.0,0.51
2025-01-07 08:00:00+00:00,12.35,0.97
2025-01-07 09:00:00+00:00,82.25,1.8
2025-01-07 10:00:00+00:00,157.75,2.78
2025-01-07 11:00:00+00:00,207.15,3.38
2025-01-07 12:00:00+00:00,218.77,3.73
2025-01-07 13:00:00+00:00,192.4,4.01
2025-01-07 14:00:00+00:00,128.27,3.87
2025-01-07 15:00:00+00:00,47.6,3.35
2025-01-07 16:00:00+00:00,0.0,2.81
2025-01-07 17:00:00+00:00,0.0,2.05
2025-01-07 18:00:00+00:00,0.0,1.15
2025-01-07 19:00:00+00:00,0.0,0.66
2025-01-07 20:00:00+00:00,0.0,0.28
2025-01-07 21:00:00+00:00,0.0,0.21
2025-01-07 22:00:00+00:00,0.0,-0.09
2025-01-07 23:00:00+00:00,0.0,-0.29
2025-01-08 00:00:00+00:00,0.0,-0.36
2025-01-08 01:00:00+00:00,0.0,-0.66
2025-01-08 02:00:00+00:00,0.0,-0.82
2025-01-08 03:00:00+00:00,0.0,-0.69
2025-01-08 04:00:00+00:00,0.0,-0.55
2025-01-08 05:00:00+00:00,0.0,-0.6
2025-01-08 06:00:00+00:00,0.0,-0.77
2025-01-08 07:00:00+00:00,0.0,-0.87
2025-01-08 08:00:00+00:00,8.82,-0.73
2025-01-08 09:00:00+00:00,38.7,-0.19
2025-01-08 10:00:00+00:00,77.25,0.61
2025-01-08 11:00:00+00:00,115.25,1.57
2025-01-08 12:00:00+00:00,113.03,2.24
2025-01-08 13:00:00+00:00,99.03,2.2
2025-01-08 14:00:00+00:00,57.97,1.86
2025-01-08 15:00:00+00:00,20.05,1.41
2025-01-08 16:00:00+00:00,0.0,1.06
2025-01-08 17:00:00+00:00,0.0,1.1
2025-01-08 18:00:00+00:00,0.0,0.72
2025-01-08 19:00:00+00:00,0.0,0.67
2025-01-08 20:00:00+00:00,0.0,0.63
2025-01-08 21:00:00+00:00,0.0,0.7
2025-01-08 22:00:00+00:00,0.0,0.56
2025-01-08 23:00:00+00:00,0.0,0.2
2025-01-09 00:00:00+00:00,0.0,0.27
2025-01-09 01:00:00+00:00,0.0,0.2
2025-01-09 02:00:00+00:00,0.0,0.07
2025-01-09 03:00:00+00:00,0.0,-0.05
2025-01-09 04:00:00+00:00,0.0,-0.28
2025-01-09 05:00:00+00:00,0.0,-0.82
2025-01-09 06:00:00+00:00,0.0,-1.51
2025-01-09 07:00:00+00:00,0.0,-1.91
2025-01-09 08:00:00+00:00,18.9,-2.07
2025-01-09 09:00:00+00:00,112.88,-1.45
2025-01-09 10:00:00+00:00,200.27,-0.18
2025-01-09 11:00:00+00:00,254.1,1.0
2025-01-09 12:00:00+00:00,266.77,1.93
2025-01-09 13:00:00+00:00,232.73,2.49
2025-01-09 14:00:00+00:00,158.25,2.38
2025-01-09 15:00:00+00:00,60.12,1.1
2025-01-09 16:00:00+00:00,0.0,-0.02
2025-01-09 17:00:00+00:00,0.0,0.04
2025-01-09 18:00:00+00:00,0.0,-0.05
2025-01-09 19:00:00+00:00,0.0,-0.12
2025-01-09 20:00:00+00:00,0.0,-1.11
2025-01-09 21:00:00+00:00,0.0,-1.3
2025-01-09 22:00:00+00:00,0.0,-1.52
2025-01-09 23:00:00+00:00,0.0,-1.75
2025-01-10 00:00:00+00:00,0.0,-2.17
2025-01-10 01:00:00+00:00,0.0,-2.44
2025-01-10 02:00:00+00:00,0.0,-2.69
2025-01-10 03:00:00+00:00,0.0,-2.92
2025-01-10 04:00:00+00:00,0.0,-3.17
2025-01-10 05:00:00+00:00,0.0,-3.23
2025-01-10 06:00:00+00:00,0.0,-3.43
2025-01-10 07:00:00+00:00,0.0,-3.67
2025-01-10 08:00:00+00:00,15.85,-3.33
2025-01-10 09:00:00+00:00,78.75,-2.38
2025-01-10 10:00:00+00:00,140.8,-1.23
2025-01-10 11:00:00+00:00,180.65,-0.05
2025-01-10 12:00:00+00:00,184.8,1.24
2025-01-10 13:00:00+00:00,122.05,1.67
2025-01-10 14:00:00+00:00,91.85,1.01
2025-01-10 15:00:00+00:00,42.78,-1.74
2025-01-10 16:00:00+00:00,0.0,-3.29
2025-01-10 17:00:00+00:00,0.0,-3.52
2025-01-10 18:00:00+00:00,0.0,-3.66
2025-01-10 19:00:00+00:00,0.0,-3.7
2025-01-10 20:00:00+00:00,0.0,-3.61
2025-01-10 21:00:00+00:00,0.0,-2.6
2025-01-10 22:00:00+00:00,0.0,-1.74
2025-01-10 23:00:00+00:00,0.0,-1.6
2025-01-11 00:00:00+00:00,0.0,-1.74
2025-01-11 01:00:00+00:00,0.0,-1.83
2025-01-11 02:00:00+00:00,0.0,-1.95
2025-01-11 03:00:00+00:00,0.0,-2.0
2025-01-11 04:00:00+00:00,0.0,-2.09
2025-01-11 05:00:00+00:00,0.0,-2.11
2025-01-11 06:00:00+00:00,0.0,-2.16
2025-01-11 07:00:00+00:00,0.0,-2.16
2025-01-11 08:00:00+00:00,19.67,-1.91
2025-01-11 09:00:00+00:00,109.12,-1.0
2025-01-11 10:00:00+00:00,191.15,0.34
2025-01-11 11:00:00+00:00,245.35,2.07
2025-01-11 12:00:00+00:00,248.38,3.13
2025-01-11 13:00:00+00:00,216.85,3.59
2025-01-11 14:00:00+00:00,140.15,2.65
2025-01-11 15:00:00+00:00,53.88,0.73
2025-01-11 16:00:00+00:00,0.0,-0.54
2025-01-11 17:00:00+00:00,0.0,-0.99
2025-01-11 18:00:00+00:00,0.0,-1.34
2025-01-11 19:00:00+00:00,0.0,-1.54
2025-01-11 20:00:00+00:00,0.0,-1.51
2025-01-11 21:00:00+00:00,0.0,-1.17
2025-01-11 22:00:00+00:00,0.0,-0.67
2025-01-11 23:00:00+00:00,0.0,-0.73
2025-01-12 00:00:00+00:00,0.0,-0.91
2025-01-12 01:00:00+00:00,0.0,-1.34
2025-01-12 02:00:00+00:00,0.0,-1.61
2025-01-12 03:00:00+00:00,0.0,-1.94
2025-01-12 04:00:00+00:00,0.0,-2.01
2025-01-12 05:00:00+00:00,0.0,-2.27
2025-01-12 06:00:00+00:00,0.0,-2.39
2025-01-12 07:00:00+00:00,0.0,-2.42
2025-01-12 08:00:00+00:00,11.43,-2.09
2025-01-12 09:00:00+00:00,29.6,-1.05
2025-01-12 10:00:00+00:00,75.75,0.3
2025-01-12 11:00:00+00:00,93.05,1.73
2025-01-12 12:00:00+00:00,96.1,3.0
2025-01-12 13:00:00+00:00,84.5,3.73
2025-01-12 14:00:00+00:00,62.97,2.92
2025-01-12 15:00:00+00:00,24.23,1.32
2025-01-12 16:00:00+00:00,0.0,0.56
2025-01-12 17:00:00+00:00,0.0,0.53
2025-01-12 18:00:00+00:00,0.0,0.59
2025-01-12 19:00:00+00:00,0.0,0.61
2025-01-12 20:00:00+00:00,0.0,0.68
2025-01-12 21:00:00+00:00,0.0,0.89
2025-01-12 22:00:00+00:00,0.0,1.04
2025-01-12 23:00:00+00:00,0.0,1.0
2025-01-13 00:00:00+00:00,0.0,0.88
2025-01-13 01:00:00+00:00,0.0,0.79
2025-01-13 02:00:00+00:00,0.0,0.73
2025-01-13 03:00:00+00:00,0.0,0.54
2025-01-13 04:00:00+00:00,0.0,0.14
2025-01-13 05:00:00+00:00,0.0,0.04
2025-01-13 06:00:00+00:00,0.0,0.34
2025-01-13 07:00:00+00:00,0.0,0.63
2025-01-13 08:00:00+00:00,14.52,1.23
2025-01-13 09:00:00+00:00,66.07,3.0
2025-01-13 10:00:00+00:00,112.72,4.28
2025-01-13 11:00:00+00:00,147.55,5.15
2025-01-13 12:00:00+00:00,152.52,5.59
2025-01-13 13:00:00+00:00,132.1,5.38
2025-01-13 14:00:00+00:00,88.15,4.04
2025-01-13 15:00:00+00:00,36.5,1.59
2025-01-13 16:00:00+00:00,0.0,0.44
2025-01-13 17:00:00+00:00,0.0,0.68
2025-01-13 18:00:00+00:00,0.0,0.96
2025-01-13 19:00:00+00:00,0.0,1.06
2025-01-13 20:00:00+00:00,0.0,1.31
2025-01-13 21:00:00+00:00,0.0,1.69
2025-01-13 22:00:00+00:00,0.0,1.79
2025-01-13 23:00:00+00:00,0.0,1.62
2025-01-14 00:00:00+00:00,0.0,1.65
2025-01-14 01:00:00+00:00,0.0,1.69
2025-01-14 02:00:00+00:00,0.0,1.69
2025-01-14 03:00:00+00:00,0.0,1.73
2025-01-14 04:00:00+00:00,0.0,1.68
2025-01-14 05:00:00+00:00,0.0,1.27
2025-01-14 06:00:00+00:00,0.0,0.89
2025-01-14 07:00:00+00:00,0.0,0.99
2025-01-14 08:00:00+00:00,17.15,1.63
2025-01-14 09:00:00+00:00,91.18,3.14
2025-01-14 10:00:00+00:00,166.38,4.52
2025-01-14 11:00:00+00:00,210.1,5.79
2025-01-14 12:00:00+00:00,219.68,6.76
2025-01-14 13:00:00+00:00,188.25,7.18
2025-01-14 14:00:00+00:00,135.23,6.9
2025-01-14 15:00:00+00:00,61.6,5.85
2025-01-14 16:00:00+00:00,0.0,5.01
2025-01-14 17:00:00+00:00,0.0,5.04
2025-01-14 18:00:00+00:00,0.0,5.26
2025-01-14 19:00:00+00:00,0.0,5.49
2025-01-14 20:00:00+00:00,0.0,5.58
2025-01-14 21:00:00+00:00,0.0,5.62
2025-01-14 22:00:00+00:00,0.0,5.88
2025-01-14 23:00:00+00:00,0.0,6.1
2025-01-15 00:00:00+00:00,0.0,6.12
2025-01-15 01:00:00+00:00,0.0,6.06
2025-01-15 02:00:00+00:00,0.0,6.03
2025-01-15 03:00:00+00:00,0.0,5.56
2025-01-15 04:00:00+00:00,0.0,5.26
2025-01-15 05:00:00+00:00,0.0,5.61
2025-01-15 06:00:00+00:00,0.0,5.75
2025-01-15 07:00:00+00:00,0.0,5.78
2025-01-15 08:00:00+00:00,13.9,6.1
2025-01-15 09:00:00+00:00,59.92,7.01
2025-01-15 10:00:00+00:00,104.45,7.63
2025-01-15 11:00:00+00:00,132.65,8.22
2025-01-15 12:00:00+00:00,130.8,8.92
2025-01-15 13:00:00+00:00,116.8,9.32
2025-01-15 14:00:00+00:00,77.47,9.4
2025-01-15 15:00:00+00:00,37.53,8.76
2025-01-15 16:00:00+00:00,0.0,8.06
2025-01-15 17:00:00+00:00,0.0,7.66
2025-01-15 18:00:00+00:00,0.0,7.4
2025-01-15 19:00:00+00:00,0.0,7.17
2025-01-15 20:00:00+00:00,0.0,6.99
2025-01-15 21:00:00+00:00,0.0,6.38
2025-01-15 22:00:00+00:00,0.0,5.83
2025-01-15 23:00:00+00:00,0.0,5.51
2025-01-16 00:00:00+00:00,0.0,5.22
2025-01-16 01:00:00+00:00,0.0,5.18
2025-01-16 02:00:00+00:00,0.0,5.27
2025-01-16 03:00:00+00:00,0.0,5.39
2025-01-16 04:00:00+00:00,0.0,5.45
2025-01-16 05:00:00+00:00,0.0,5.45
2025-01-16 06:00:00+00:00,0.0,5.44
2025-01-16 07:00:00+00:00,0.0,5.64
2025-01-16 08:00:00+00:00,16.08,6.26
2025-01-16 09:00:00+00:00,56.8,7.18
2025-01-16 10:00:00+00:00,102.22,7.74
2025-01-16 11:00:00+00:00,127.45,8.37
2025-01-16 12:00:00+00:00,125.8,8.89
2025-01-16 13:00:00+00:00,100.78,9.1
2025-01-16 14:00:00+00:00,74.12,8.74
2025-01-16 15:00:00+00:00,29.8,6.62
2025-01-16 16:00:00+00:00,0.0,4.65
2025-01-16 17:00:00+00:00,0.0,4.32
2025-01-16 18:00:00+00:00,0.0,4.1
2025-01-16 19:00:00+00:00,0.0,3.95
2025-01-16 20:00:00+00:00,0.0,3.87
2025-01-16 21:00:00+00:00,0.0,3.69
2025-01-16 22:00:00+00:00,0.0,3.44
2025-01-16 23:00:00+00:00,0.0,3.26
2025-01-17 00:00:00+00:00,0.0,3.33
2025-01-17 01:00:00+00:00,0.0,3.6
2025-01-17 02:00:00+00:00,0.0,3.83
2025-01-17 03:00:00+00:00,0.0,3.95
2025-01-17 04:00:00+00:00,0.0,3.95
2025-01-17 05:00:00+00:00,0.0,3.78
2025-01-17 06:00:00+00:00,0.0,3.58
2025-01-17 07:00:00+00:00,0.0,3.35
2025-01-17 08:00:00+00:00,17.85,3.72
2025-01-17 09:00:00+00:00,54.9,4.5
2025-01-17 10:00:00+00:00,115.25,5.07
2025-01-17 11:00:00+00:00,142.55,5.69
2025-01-17 12:00:00+00:00,136.68,6.13
2025-01-17 13:00:00+00:00,104.6,6.24
2025-01-17 14:00:00+00:00,83.5,5.84
2025-01-17 15:00:00+00:00,34.75,4.03
2025-01-17 16:00:00+00:00,3.38,2.54
2025-01-17 17:00:00+00:00,0.0,2.37
2025-01-17 18:00:00+00:00,0.0,2.31
2025-01-17 19:00:00+00:00,0.0,2.27
2025-01-17 20:00:00+00:00,0.0,2.13
2025-01-17 21:00:00+00:00,0.0,2.1
2025-01-17 22:00:00+00:00,0.0,1.9
2025-01-17 23:00:00+00:00,0.0,1.62
2025-01-18 00:00:00+00:00,0.0,1.44
2025-01-18 01:00:00+00:00,0.0,1.32
2025-01-18 02:00:00+00:00,0.0,1.21
2025-01-18 03:00:00+00:00,0.0,1.12
2025-01-18 04:00:00+00:00,0.0,1.02
2025-01-18 05:00:00+00:00,0.0,0.85
2025-01-18 06:00:00+00:00,0.0,0.68
2025-01-18 07:00:00+00:00,0.0,0.47
2025-01-18 08:00:00+00:00,12.2,1.09
2025-01-18 09:00:00+00:00,35.2,1.97
2025-01-18 10:00:00+00:00,64.4,2.31
2025-01-18 11:00:00+00:00,74.8,2.82
2025-01-18 12:00:00+00:00,80.28,3.2
2025-01-18 13:00:00+00:00,76.62,3.33
2025-01-18 14:00:00+00:00,58.92,3.11
2025-01-18 15:00:00+00:00,14.93,2.2
2025-01-18 16:00:00+00:00,3.53,1.13
2025-01-18 17:00:00+00:00,0.0,1.39
2025-01-18 18:00:00+00:00,0.0,1.42
2025-01-18 19:00:00+00:00,0.0,1.22
2025-01-18 20:00:00+00:00,0.0,0.91
2025-01-18 21:00:00+00:00,0.0,0.14
2025-01-18 22:00:00+00:00,0.0,-0.28
2025-01-18 23:00:00+00:00,0.0,-0.71
2025-01-19 00:00:00+00:00,0.0,-0.62
2025-01-19 01:00:00+00:00,0.0,-0.61
2025-01-19 02:00:00+00:00,0.0,-0.67
2025-01-19 03:00:00+00:00,0.0,-0.77
2025-01-19 04:00:00+00:00,0.0,-0.75
2025-01-19 05:00:00+00:00,0.0,-0.67
2025-01-19 06:00:00+00:00,0.0,-0.77
2025-01-19 07:00:00+00:00,0.0,-0.66
2025-01-19 08:00:00+00:00,17.98,0.36
2025-01-19 09:00:00+00:00,44.97,1.89
2025-01-19 10:00:00+00:00,60.12,2.96
2025-01-19 11:00:00+00:00,66.55,3.52
2025-01-19 12:00:00+00:00,64.5,3.88
2025-01-19 13:00:00+00:00,59.9,4.03
2025-01-19 14:00:00+00:00,45.15,3.74
2025-01-19 15:00:00+00:00,22.45,2.73
2025-01-19 16:00:00+00:00,2.3,1.37
2025-01-19 17:00:00+00:00,0.0,0.88
2025-01-19 18:00:00+00:00,0.0,0.43
2025-01-19 19:00:00+00:00,0.0,-0.02
2025-01-19 20:00:00+00:00,0.0,-0.45
2025-01-19 21:00:00+00:00,0.0,-0.68
2025-01-19 22:00:00+00:00,0.0,-0.79
2025-01-19 23:00:00+00:00,0.0,-0.91
2025-01-20 00:00:00+00:00,0.0,-0.87
2025-01-20 01:00:00+00:00,0.0,-0.56
2025-01-20 02:00:00+00:00,0.0,-0.31
2025-01-20 03:00:00+00:00,0.0,-0.22
2025-01-20 04:00:00+00:00,0.0,-0.14
2025-01-20 05:00:00+00:00,0.0,0.0
2025-01-20 06:00:00+00:00,0.0,0.03
2025-01-20 07:00:00+00:00,0.0,0.0
2025-01-20 08:00:00+00:00,16.77,0.4
2025-01-20 09:00:00+00:00,63.5,1.75
2025-01-20 10:00:00+00:00,113.03,2.87
2025-01-20 11:00:00+00:00,147.8,3.48
2025-01-20 12:00:00+00:00,155.9,3.64
2025-01-20 13:00:00+00:00,139.75,3.39
2025-01-20 14:00:00+00:00,96.38,2.89
2025-01-20 15:00:00+00:00,46.0,2.64
2025-01-20 16:00:00+00:00,4.32,2.68
2025-01-20 17:00:00+00:00,0.0,2.62
2025-01-20 18:00:00+00:00,0.0,2.43
2025-01-20 19:00:00+00:00,0.0,2.22
2025-01-20 20:00:00+00:00,0.0,2.07
2025-01-20 21:00:00+00:00,0.0,1.96
2025-01-20 22:00:00+00:00,0.0,1.73
2025-01-20 23:00:00+00:00,0.0,1.53
2025-01-21 00:00:00+00:00,0.0,1.31
2025-01-21 01:00:00+00:00,0.0,1.02
2025-01-21 02:00:00+00:00,0.0,0.85
2025-01-21 03:00:00+00:00,0.0,0.88
2025-01-21 04:00:00+00:00,0.0,1.09
2025-01-21 05:00:00+00:00,0.0,1.31
2025-01-21 06:00:00+00:00,0.0,1.14
2025-01-21 07:00:00+00:00,0.0,0.98
2025-01-21 08:00:00+00:00,20.27,1.39
2025-01-21 09:00:00+00:00,68.88,2.65
2025-01-21 10:00:00+00:00,118.6,3.75
2025-01-21 11:00:00+00:00,148.73,4.61
2025-01-21 12:00:00+00:00,163.55,5.14
2025-01-21 13:00:00+00:00,107.75,5.28
2025-01-21 14:00:00+00:00,79.25,4.83
2025-01-21 15:00:00+00:00,36.05,3.55
2025-01-21 16:00:00+00:00,4.12,2.49
2025-01-21 17:00:00+00:00,0.0,2.52
2025-01-21 18:00:00+00:00,0.0,2.79
2025-01-21 19:00:00+00:00,0.0,2.68
2025-01-21 20:00:00+00:00,0.0,2.63
2025-01-21 21:00:00+00:00,0.0,2.64
2025-01-21 22:00:00+00:00,0.0,2.62
2025-01-21 23:00:00+00:00,0.0,2.59
2025-01-22 00:00:00+00:00,0.0,2.55
2025-01-22 01:00:00+00:00,0.0,2.52
2025-01-22 02:00:00+00:00,0.0,2.44
2025-01-22 03:00:00+00:00,0.0,2.32
2025-01-22 04:00:00+00:00,0.0,2.15
2025-01-22 05:00:00+00:00,0.0,2.03
2025-01-22 06:00:00+00:00,0.0,1.87
2025-01-22 07:00:00+00:00,0.0,1.52
2025-01-22 08:00:00+00:00,14.07,2.0
2025-01-22 09:00:00+00:00,55.78,2.43
2025-01-22 10:00:00+00:00,101.4,2.82
2025-01-22 11:00:00+00:00,139.02,3.17
2025-01-22 12:00:00+00:00,158.23,3.4
2025-01-22 13:00:00+00:00,145.45,3.56
2025-01-22 14:00:00+00:00,109.4,3.46
2025-01-22 15:00:00+00:00,53.12,2.74
2025-01-22 16:00:00+00:00,6.22,1.79
2025-01-22 17:00:00+00:00,0.0,1.45
2025-01-22 18:00:00+00:00,0.0,1.24
2025-01-22 19:00:00+00:00,0.0,1.06
2025-01-22 20:00:00+00:00,0.0,1.03
2025-01-22 21:00:00+00:00,0.0,1.75
2025-01-22 22:00:00+00:00,0.0,2.73
2025-01-22 23:00:00+00:00,0.0,2.59
2025-01-23 00:00:00+00:00,0.0,2.44
2025-01-23 01:00:00+00:00,0.0,1.83
2025-01-23 02:00:00+00:00,0.0,1.42
2025-01-23 03:00:00+00:00,0.0,1.08
2025-01-23 04:00:00+00:00,0.0,0.92
2025-01-23 05:00:00+00:00,0.0,1.03
2025-01-23 06:00:00+00:00,0.0,1.21
2025-01-23 07:00:00+00:00,0.0,1.61
2025-01-23 08:00:00+00:00,16.58,2.22
2025-01-23 09:00:00+00:00,40.7,3.39
2025-01-23 10:00:00+00:00,57.08,5.07
2025-01-23 11:00:00+00:00,82.43,6.62
2025-01-23 12:00:00+00:00,116.05,7.5
2025-01-23 13:00:00+00:00,105.22,7.85
2025-01-23 14:00:00+00:00,67.57,8.39
2025-01-23 15:00:00+00:00,43.2,8.38
2025-01-23 16:00:00+00:00,9.12,6.9
2025-01-23 17:00:00+00:00,0.0,5.03
2025-01-23 18:00:00+00:00,0.0,3.7
2025-01-23 19:00:00+00:00,0.0,3.15
2025-01-23 20:00:00+00:00,0.0,2.83
2025-01-23 21:00:00+00:00,0.0,3.15
2025-01-23 22:00:00+00:00,0.0,3.6
2025-01-23 23:00:00+00:00,0.0,4.36
2025-01-24 00:00:00+00:00,0.0,5.62
2025-01-24 01:00:00+00:00,0.0,7.43
2025-01-24 02:00:00+00:00,0.0,8.73
2025-01-24 03:00:00+00:00,0.0,8.81
2025-01-24 04:00:00+00:00,0.0,8.65
2025-01-24 05:00:00+00:00,0.0,8.59
2025-01-24 06:00:00+00:00,0.0,8.86
2025-01-24 07:00:00+00:00,0.0,9.45
2025-01-24 08:00:00+00:00,28.08,10.02
2025-01-24 09:00:00+00:00,119.15,10.55
2025-01-24 10:00:00+00:00,206.85,10.94
2025-01-24 11:00:00+00:00,266.73,10.6
2025-01-24 12:00:00+00:00,284.02,9.95
2025-01-24 13:00:00+00:00,250.35,9.42
2025-01-24 14:00:00+00:00,177.93,8.76
2025-01-24 15:00:00+00:00,84.9,7.85
2025-01-24 16:00:00+00:00,8.32,6.53
2025-01-24 17:00:00+00:00,0.0,5.46
2025-01-24 18:00:00+00:00,0.0,5.37
2025-01-24 19:00:00+00:00,0.0,5.38
2025-01-24 20:00:00+00:00,0.0,5.28
2025-01-24 21:00:00+00:00,0.0,5.28
2025-01-24 22:00:00+00:00,0.0,5.95
2025-01-24 23:00:00+00:00,0.0,6.71
2025-01-25 00:00:00+00:00,0.0,6.83
2025-01-25 01:00:00+00:00,0.0,6.59
2025-01-25 02:00:00+00:00,0.0,6.22
2025-01-25 03:00:00+00:00,0.0,5.92
2025-01-25 04:00:00+00:00,0.0,5.62
2025-01-25 05:00:00+00:00,0.0,5.13
2025-01-25 06:00:00+00:00,0.0,4.31
2025-01-25 07:00:00+00:00,0.0,3.09
2025-01-25 08:00:00+00:00,44.28,2.53
2025-01-25 09:00:00+00:00,154.23,3.01
2025-01-25 10:00:00+00:00,243.98,4.58
2025-01-25 11:00:00+00:00,296.27,6.08
2025-01-25 12:00:00+00:00,305.88,6.95
2025-01-25 13:00:00+00:00,260.7,7.21
2025-01-25 14:00:00+00:00,182.02,6.65
2025-01-25 15:00:00+00:00,85.5,5.1
2025-01-25 16:00:00+00:00,8.8,3.92
2025-01-25 17:00:00+00:00,0.0,3.28
2025-01-25 18:00:00+00:00,0.0,2.76
2025-01-25 19:00:00+00:00,0.0,2.13
2025-01-25 20:00:00+00:00,0.0,1.69
2025-01-25 21:00:00+00:00,0.0,1.18
2025-01-25 22:00:00+00:00,0.0,0.47
2025-01-25 23:00:00+00:00,0.0,-0.22
2025-01-26 00:00:00+00:00,0.0,-0.81
2025-01-26 01:00:00+00:00,0.0,-1.23
2025-01-26 02:00:00+00:00,0.0,-1.32
2025-01-26 03:00:00+00:00,0.0,-1.02
2025-01-26 04:00:00+00:00,0.0,-0.28
2025-01-26 05:00:00+00:00,0.0,0.58
2025-01-26 06:00:00+00:00,0.0,1.27
2025-01-26 07:00:00+00:00,0.0,2.05
2025-01-26 08:00:00+00:00,22.12,2.85
2025-01-26 09:00:00+00:00,71.97,3.98
2025-01-26 10:00:00+00:00,133.05,4.41
2025-01-26 11:00:00+00:00,156.95,4.47
2025-01-26 12:00:00+00:00,32.5,4.46
2025-01-26 13:00:00+00:00,27.52,4.28
2025-01-26 14:00:00+00:00,86.72,4.06
2025-01-26 15:00:00+00:00,47.22,4.1
2025-01-26 16:00:00+00:00,7.3,5.36
2025-01-26 17:00:00+00:00,0.0,7.28
2025-01-26 18:00:00+00:00,0.0,8.23
2025-01-26 19:00:00+00:00,0.0,8.32
2025-01-26 20:00:00+00:00,0.0,8.28
2025-01-26 21:00:00+00:00,0.0,8.05
2025-01-26 22:00:00+00:00,0.0,8.01
2025-01-26 23:00:00+00:00,0.0,8.1
2025-01-27 00:00:00+00:00,0.0,7.98
2025-01-27 01:00:00+00:00,0.0,7.56
2025-01-27 02:00:00+00:00,0.0,7.35
2025-01-27 03:00:00+00:00,0.0,7.74
2025-01-27 04:00:00+00:00,0.0,6.62
2025-01-27 05:00:00+00:00,0.0,5.38
2025-01-27 06:00:00+00:00,0.0,5.51
2025-01-27 07:00:00+00:00,0.0,6.04
2025-01-27 08:00:00+00:00,32.75,6.42
2025-01-27 09:00:00+00:00,102.5,7.03
2025-01-27 10:00:00+00:00,160.43,7.61
2025-01-27 11:00:00+00:00,200.05,8.12
2025-01-27 12:00:00+00:00,192.35,8.37
2025-01-27 13:00:00+00:00,157.9,8.22
2025-01-27 14:00:00+00:00,115.82,7.96
2025-01-27 15:00:00+00:00,58.92,7.66
2025-01-27 16:00:00+00:00,9.12,7.36
2025-01-27 17:00:00+00:00,0.0,7.3
2025-01-27 18:00:00+00:00,0.0,7.32
2025-01-27 19:00:00+00:00,0.0,7.37
2025-01-27 20:00:00+00:00,0.0,7.33
2025-01-27 21:00:00+00:00,0.0,7.2
2025-01-27 22:00:00+00:00,0.0,6.97
2025-01-27 23:00:00+00:00,0.0,6.75
2025-01-28 00:00:00+00:00,0.0,6.74
2025-01-28 01:00:00+00:00,0.0,7.08
2025-01-28 02:00:00+00:00,0.0,7.43
2025-01-28 03:00:00+00:00,0.0,7.49
2025-01-28 04:00:00+00:00,0.0,7.61
2025-01-28 05:00:00+00:00,0.0,7.93
2025-01-28 06:00:00+00:00,0.0,8.12
2025-01-28 07:00:00+00:00,0.0,8.02
2025-01-28 08:00:00+00:00,18.65,8.41
2025-01-28 09:00:00+00:00,66.65,8.87
2025-01-28 10:00:00+00:00,107.35,9.07
2025-01-28 11:00:00+00:00,127.65,9.2
2025-01-28 12:00:00+00:00,132.75,9.45
2025-01-28 13:00:00+00:00,122.9,9.2
2025-01-28 14:00:00+00:00,92.18,9.07
2025-01-28 15:00:00+00:00,48.88,8.56
2025-01-28 16:00:00+00:00,8.05,7.82
2025-01-28 17:00:00+00:00,0.0,7.44
2025-01-28 18:00:00+00:00,0.0,7.12
2025-01-28 19:00:00+00:00,0.0,6.8
2025-01-28 20:00:00+00:00,0.0,6.41
2025-01-28 21:00:00+00:00,0.0,5.91
2025-01-28 22:00:00+00:00,0.0,5.38
2025-01-28 23:00:00+00:00,0.0,5.01
2025-01-29 00:00:00+00:00,0.0,4.76
2025-01-29 01:00:00+00:00,0.0,4.56
2025-01-29 02:00:00+00:00,0.0,4.34
2025-01-29 03:00:00+00:00,0.0,4.04
2025-01-29 04:00:00+00:00,0.0,3.83
2025-01-29 05:00:00+00:00,0.0,3.75
2025-01-29 06:00:00+00:00,0.0,3.84
2025-01-29 07:00:00+00:00,0.0,3.88
2025-01-29 08:00:00+00:00,44.8,4.12
2025-01-29 09:00:00+00:00,124.05,4.82
2025-01-29 10:00:00+00:00,177.48,5.67
2025-01-29 11:00:00+00:00,194.68,6.39
2025-01-29 12:00:00+00:00,137.9,6.84
2025-01-29 13:00:00+00:00,136.05,6.98
2025-01-29 14:00:00+00:00,98.1,6.68
2025-01-29 15:00:00+00:00,50.8,5.81
2025-01-29 16:00:00+00:00,5.8,4.92
2025-01-29 17:00:00+00:00,0.0,4.68
2025-01-29 18:00:00+00:00,0.0,4.72
2025-01-29 19:00:00+00:00,0.0,4.76
2025-01-29 20:00:00+00:00,0.0,4.78
2025-01-29 21:00:00+00:00,0.0,4.6
2025-01-29 22:00:00+00:00,0.0,4.22
2025-01-29 23:00:00+00:00,0.0,3.83
2025-01-30 00:00:00+00:00,0.0,3.51
2025-01-30 01:00:00+00:00,0.0,3.27
2025-01-30 02:00:00+00:00,0.0,3.05
2025-01-30 03:00:00+00:00,0.0,2.8
2025-01-30 04:00:00+00:00,0.0,2.3
2025-01-30 05:00:00+00:00,0.0,1.41
2025-01-30 06:00:00+00:00,0.0,0.7
2025-01-30 07:00:00+00:00,0.0,0.08
2025-01-30 08:00:00+00:00,62.47,0.59
2025-01-30 09:00:00+00:00,185.5,1.86
2025-01-30 10:00:00+00:00,287.62,3.76
2025-01-30 11:00:00+00:00,349.12,5.57
2025-01-30 12:00:00+00:00,363.38,6.79
2025-01-30 13:00:00+00:00,312.35,7.28
2025-01-30 14:00:00+00:00,232.18,7.12
2025-01-30 15:00:00+00:00,123.18,5.54
2025-01-30 16:00:00+00:00,20.02,2.63
2025-01-30 17:00:00+00:00,0.0,1.57
2025-01-30 18:00:00+00:00,0.0,0.86
2025-01-30 19:00:00+00:00,0.0,0.28
2025-01-30 20:00:00+00:00,0.0,-0.14
2025-01-30 21:00:00+00:00,0.0,-0.56
2025-01-30 22:00:00+00:00,0.0,-0.76
2025-01-30 23:00:00+00:00,0.0,0.13
2025-01-31 00:00:00+00:00,0.0,1.1
2025-01-31 01:00:00+00:00,0.0,1.26
2025-01-31 02:00:00+00:00,0.0,1.3
2025-01-31 03:00:00+00:00,0.0,1.72
2025-01-31 04:00:00+00:00,0.0,2.24
2025-01-31 05:00:00+00:00,0.0,3.11
2025-01-31 06:00:00+00:00,0.0,3.8
2025-01-31 07:00:00+00:00,0.0,4.23
2025-01-31 08:00:00+00:00,33.2,4.56
2025-01-31 09:00:00+00:00,99.4,5.2
2025-01-31 10:00:00+00:00,154.6,5.98
2025-01-31 11:00:00+00:00,185.62,6.82
2025-01-31 12:00:00+00:00,182.7,7.29
2025-01-31 13:00:00+00:00,108.72,7.49
2025-01-31 14:00:00+00:00,91.18,7.33
2025-01-31 15:00:00+00:00,53.5,6.77
2025-01-31 16:00:00+00:00,11.95,5.82
2025-01-31 17:00:00+00:00,0.0,5.37
2025-01-31 18:00:00+00:00,0.0,4.92
2025-01-31 19:00:00+00:00,0.0,4.36
2025-01-31 20:00:00+00:00,0.0,3.81
2025-01-31 21:00:00+00:00,0.0,3.62
2025-01-31 22:00:00+00:00,0.0,3.51
2025-01-31 23:00:00+00:00,0.0,3.52
2025-02-01 00:00:00+00:00,0.0,3.37
2025-02-01 01:00:00+00:00,0.0,3.45
2025-02-01 02:00:00+00:00,0.0,3.39
2025-02-01 03:00:00+00:00,0.0,3.2
2025-02-01 04:00:00+00:00,0.0,3.01
2025-02-01 05:00:00+00:00,0.0,2.92
2025-02-01 06:00:00+00:00,0.0,3.03
2025-02-01 07:00:00+00:00,0.0,3.23
2025-02-01 08:00:00+00:00,39.28,4.34
2025-02-01 09:00:00+00:00,82.18,5.15
2025-02-01 10:00:00+00:00,93.15,5.7
2025-02-01 11:00:00+00:00,69.85,6.22
2025-02-01 12:00:00+00:00,78.72,6.77
2025-02-01 13:00:00+00:00,56.55,6.96
2025-02-01 14:00:00+00:00,121.57,6.72
2025-02-01 15:00:00+00:00,78.47,6.02
2025-02-01 16:00:00+00:00,17.25,4.52
2025-02-01 17:00:00+00:00,0.0,3.17
2025-02-01 18:00:00+00:00,0.0,1.9
2025-02-01 19:00:00+00:00,0.0,1.1
2025-02-01 20:00:00+00:00,0.0,0.49
2025-02-01 21:00:00+00:00,0.0,0.09
2025-02-01 22:00:00+00:00,0.0,0.07
2025-02-01 23:00:00+00:00,0.0,-0.04
2025-02-02 00:00:00+00:00,0.0,-0.18
2025-02-02 01:00:00+00:00,0.0,-0.35
2025-02-02 02:00:00+00:00,0.0,-0.58
2025-02-02 03:00:00+00:00,0.0,-0.73
2025-02-02 04:00:00+00:00,0.0,-0.92
2025-02-02 05:00:00+00:00,0.0,-1.06
2025-02-02 06:00:00+00:00,0.0,-1.17
2025-02-02 07:00:00+00:00,0.0,-1.09
2025-02-02 08:00:00+00:00,65.78,1.36
2025-02-02 09:00:00+00:00,186.1,3.69
2025-02-02 10:00:00+00:00,284.8,5.48
2025-02-02 11:00:00+00:00,358.62,6.77
2025-02-02 12:00:00+00:00,371.62,7.5
2025-02-02 13:00:00+00:00,342.7,7.78
2025-02-02 14:00:00+00:00,258.05,7.44
2025-02-02 15:00:00+00:00,142.5,5.52
2025-02-02 16:00:00+00:00,27.88,1.95
2025-02-02 17:00:00+00:00,0.0,0.68
2025-02-02 18:00:00+00:00,0.0,0.27
2025-02-02 19:00:00+00:00,0.0,0.0
2025-02-02 20:00:00+00:00,0.0,-0.34
2025-02-02 21:00:00+00:00,0.0,-0.88
2025-02-02 22:00:00+00:00,0.0,-1.48
2025-02-02 23:00:00+00:00,0.0,-1.64
2025-02-03 00:00:00+00:00,0.0,-1.45
2025-02-03 01:00:00+00:00,0.0,-0.93
2025-02-03 02:00:00+00:00,0.0,-0.24
2025-02-03 03:00:00+00:00,0.0,0.14
2025-02-03 04:00:00+00:00,0.0,0.26
2025-02-03 05:00:00+00:00,0.0,0.23
2025-02-03 06:00:00+00:00,0.0,0.39
2025-02-03 07:00:00+00:00,0.0,0.8
2025-02-03 08:00:00+00:00,30.48,2.17
2025-02-03 09:00:00+00:00,74.47,3.49
2025-02-03 10:00:00+00:00,119.05,4.69
2025-02-03 11:00:00+00:00,106.43,6.12
2025-02-03 12:00:00+00:00,163.1,7.53
2025-02-03 13:00:00+00:00,169.95,8.09
2025-02-03 14:00:00+00:00,138.45,7.98
2025-02-03 15:00:00+00:00,84.75,7.33
2025-02-03 16:00:00+00:00,21.98,6.64
2025-02-03 17:00:00+00:00,0.0,6.65
2025-02-03 18:00:00+00:00,0.0,6.65
2025-02-03 19:00:00+00:00,0.0,6.35
2025-02-03 20:00:00+00:00,0.0,5.69
2025-02-03 21:00:00+00:00,0.0,5.28
2025-02-03 22:00:00+00:00,0.0,4.93
2025-02-03 23:00:00+00:00,0.0,4.77
2025-02-04 00:00:00+00:00,0.0,4.68
2025-02-04 01:00:00+00:00,0.0,4.85
2025-02-04 02:00:00+00:00,0.0,5.29
2025-02-04 03:00:00+00:00,0.0,5.79
2025-02-04 04:00:00+00:00,0.0,6.37
2025-02-04 05:00:00+00:00,0.0,6.66
2025-02-04 06:00:00+00:00,0.0,6.64
2025-02-04 07:00:00+00:00,0.0,6.2
2025-02-04 08:00:00+00:00,55.2,6.44
2025-02-04 09:00:00+00:00,113.4,7.11
2025-02-04 10:00:00+00:00,150.95,7.55
2025-02-04 11:00:00+00:00,170.2,7.93
2025-02-04 12:00:00+00:00,153.38,8.41
2025-02-04 13:00:00+00:00,147.43,8.57
2025-02-04 14:00:00+00:00,116.9,8.45
2025-02-04 15:00:00+00:00,70.22,8.18
2025-02-04 16:00:00+00:00,17.4,8.06
2025-02-04 17:00:00+00:00,0.0,8.23
2025-02-04 18:00:00+00:00,0.0,8.42
2025-02-04 19:00:00+00:00,0.0,7.8
2025-02-04 20:00:00+00:00,0.0,7.12
2025-02-04 21:00:00+00:00,0.0,6.32
2025-02-04 22:00:00+00:00,0.0,5.52
2025-02-04 23:00:00+00:00,0.0,4.88
2025-02-05 00:00:00+00:00,0.0,4.7
2025-02-05 01:00:00+00:00,0.0,4.11
2025-02-05 02:00:00+00:00,0.0,3.79
2025-02-05 03:00:00+00:00,0.0,3.88
2025-02-05 04:00:00+00:00,0.0,3.66
2025-02-05 05:00:00+00:00,0.0,3.58
2025-02-05 06:00:00+00:00,0.0,3.54
2025-02-05 07:00:00+00:00,0.0,3.48
2025-02-05 08:00:00+00:00,67.78,3.88
2025-02-05 09:00:00+00:00,167.68,4.81
2025-02-05 10:00:00+00:00,253.2,6.15
2025-02-05 11:00:00+00:00,306.38,7.53
2025-02-05 12:00:00+00:00,318.3,8.84
2025-02-05 13:00:00+00:00,243.88,9.24
2025-02-05 14:00:00+00:00,136.02,8.79
2025-02-05 15:00:00+00:00,88.15,7.32
2025-02-05 16:00:00+00:00,22.75,5.36
2025-02-05 17:00:00+00:00,0.0,4.69
2025-02-05 18:00:00+00:00,0.0,4.39
2025-02-05 19:00:00+00:00,0.0,4.1
2025-02-05 20:00:00+00:00,0.0,3.77
2025-02-05 21:00:00+00:00,0.0,3.44
2025-02-05 22:00:00+00:00,0.0,3.07
2025-02-05 23:00:00+00:00,0.0,2.94
2025-02-06 00:00:00+00:00,0.0,2.89
2025-02-06 01:00:00+00:00,0.0,2.73
2025-02-06 02:00:00+00:00,0.0,2.11
2025-02-06 03:00:00+00:00,0.0,1.82
2025-02-06 04:00:00+00:00,0.0,1.36
2025-02-06 05:00:00+00:00,0.0,0.94
2025-02-06 06:00:00+00:00,0.0,0.67
2025-02-06 07:00:00+00:00,0.0,0.67
2025-02-06 08:00:00+00:00,87.55,1.35
2025-02-06 09:00:00+00:00,196.85,2.66
2025-02-06 10:00:00+00:00,279.27,3.96
2025-02-06 11:00:00+00:00,332.15,5.47
2025-02-06 12:00:00+00:00,350.0,6.88
2025-02-06 13:00:00+00:00,308.08,7.51
2025-02-06 14:00:00+00:00,248.3,7.35
2025-02-06 15:00:00+00:00,149.75,6.35
2025-02-06 16:00:00+00:00,40.55,4.85
2025-02-06 17:00:00+00:00,0.0,3.93
2025-02-06 18:00:00+00:00,0.0,3.58
2025-02-06 19:00:00+00:00,0.0,3.51
2025-02-06 20:00:00+00:00,0.0,3.79
2025-02-06 21:00:00+00:00,0.0,3.79
2025-02-06 22:00:00+00:00,0.0,3.54
2025-02-06 23:00:00+00:00,0.0,3.07
2025-02-07 00:00:00+00:00,0.0,2.65
2025-02-07 01:00:00+00:00,0.0,2.53
2025-02-07 02:00:00+00:00,0.0,2.73
2025-02-07 03:00:00+00:00,0.0,3.03
2025-02-07 04:00:00+00:00,0.0,3.19
2025-02-07 05:00:00+00:00,0.0,3.13
2025-02-07 06:00:00+00:00,0.0,3.0
2025-02-07 07:00:00+00:00,0.0,2.87
2025-02-07 08:00:00+00:00,32.12,3.15
2025-02-07 09:00:00+00:00,78.32,3.53
2025-02-07 10:00:00+00:00,116.9,3.88
2025-02-07 11:00:00+00:00,61.8,4.31
2025-02-07 12:00:00+00:00,58.92,4.47
2025-02-07 13:00:00+00:00,37.7,4.27
2025-02-07 14:00:00+00:00,77.55,3.95
2025-02-07 15:00:00+00:00,46.05,3.42
2025-02-07 16:00:00+00:00,11.45,2.89
2025-02-07 17:00:00+00:00,0.0,2.82
2025-02-07 18:00:00+00:00,0.0,2.92
2025-02-07 19:00:00+00:00,0.0,3.04
2025-02-07 20:00:00+00:00,0.0,3.07
2025-02-07 21:00:00+00:00,0.0,3.07
2025-02-07 22:00:00+00:00,0.0,3.01
2025-02-07 23:00:00+00:00,0.0,2.99
2025-02-08 00:00:00+00:00,0.0,3.0
2025-02-08 01:00:00+00:00,0.0,2.99
2025-02-08 02:00:00+00:00,0.0,2.94
2025-02-08 03:00:00+00:00,0.0,2.96
2025-02-08 04:00:00+00:00,0.0,3.08
2025-02-08 05:00:00+00:00,0.0,3.23
2025-02-08 06:00:00+00:00,0.0,3.42
2025-02-08 07:00:00+00:00,0.0,3.58
2025-02-08 08:00:00+00:00,32.62,3.94
2025-02-08 09:00:00+00:00,69.25,4.43
2025-02-08 10:00:00+00:00,104.18,5.02
2025-02-08 11:00:00+00:00,111.95,5.61
2025-02-08 12:00:00+00:00,48.72,6.08
2025-02-08 13:00:00+00:00,45.1,6.44
2025-02-08 14:00:00+00:00,44.5,6.51
2025-02-08 15:00:00+00:00,30.73,6.28
2025-02-08 16:00:00+00:00,8.25,5.58
2025-02-08 17:00:00+00:00,0.0,4.95
2025-02-08 18:00:00+00:00,0.0,4.04
2025-02-08 19:00:00+00:00,0.0,2.82
2025-02-08 20:00:00+00:00,0.0,1.58
2025-02-08 21:00:00+00:00,0.0,0.96
2025-02-08 22:00:00+00:00,0.0,0.6
2025-02-08 23:00:00+00:00,0.0,-0.06
2025-02-09 00:00:00+00:00,0.0,-0.89
2025-02-09 01:00:00+00:00,0.0,-1.52
2025-02-09 02:00:00+00:00,0.0,-1.72
2025-02-09 03:00:00+00:00,0.0,-1.59
2025-02-09 04:00:00+00:00,0.0,-0.87
2025-02-09 05:00:00+00:00,0.0,0.44
2025-02-09 06:00:00+00:00,0.0,0.64
2025-02-09 07:00:00+00:00,2.42,0.75
2025-02-09 08:00:00+00:00,36.65,1.76
2025-02-09 09:00:00+00:00,88.35,2.83
2025-02-09 10:00:00+00:00,119.45,4.07
2025-02-09 11:00:00+00:00,139.8,5.03
2025-02-09 12:00:00+00:00,85.25,5.58
2025-02-09 13:00:00+00:00,80.28,5.83
2025-02-09 14:00:00+00:00,63.62,5.83
2025-02-09 15:00:00+00:00,45.9,5.52
2025-02-09 16:00:00+00:00,14.35,4.96
2025-02-09 17:00:00+00:00,0.0,4.71
2025-02-09 18:00:00+00:00,0.0,4.51
2025-02-09 19:00:00+00:00,0.0,4.31
2025-02-09 20:00:00+00:00,0.0,4.12
2025-02-09 21:00:00+00:00,0.0,3.96
2025-02-09 22:00:00+00:00,0.0,3.8
2025-02-09 23:00:00+00:00,0.0,3.62
2025-02-10 00:00:00+00:00,0.0,3.46
2025-02-10 01:00:00+00:00,0.0,3.31
2025-02-10 02:00:00+00:00,0.0,3.16
2025-02-10 03:00:00+00:00,0.0,3.04
2025-02-10 04:00:00+00:00,0.0,2.95
2025-02-10 05:00:00+00:00,0.0,2.86
2025-02-10 06:00:00+00:00,0.0,2.77
2025-02-10 07:00:00+00:00,2.5,2.72
2025-02-10 08:00:00+00:00,22.67,3.07
2025-02-10 09:00:00+00:00,54.15,3.61
2025-02-10 10:00:00+00:00,78.6,4.09
2025-02-10 11:00:00+00:00,92.25,4.33
2025-02-10 12:00:00+00:00,51.2,4.43
2025-02-10 13:00:00+00:00,103.45,4.29
2025-02-10 14:00:00+00:00,87.22,3.85
2025-02-10 15:00:00+00:00,55.83,3.27
2025-02-10 16:00:00+00:00,18.27,2.67
2025-02-10 17:00:00+00:00,0.0,2.31
2025-02-10 18:00:00+00:00,0.0,2.1
2025-02-10 19:00:00+00:00,0.0,1.91
2025-02-10 20:00:00+00:00,0.0,1.83
2025-02-10 21:00:00+00:00,0.0,1.78
2025-02-10 22:00:00+00:00,0.0,1.75
2025-02-10 23:00:00+00:00,0.0,1.75
2025-02-11 00:00:00+00:00,0.0,1.77
2025-02-11 01:00:00+00:00,0.0,1.8
2025-02-11 02:00:00+00:00,0.0,1.82
2025-02-11 03:00:00+00:00,0.0,1.9
2025-02-11 04:00:00+00:00,0.0,1.94
2025-02-11 05:00:00+00:00,0.0,1.82
2025-02-11 06:00:00+00:00,0.0,1.65
2025-02-11 07:00:00+00:00,3.17,1.7
2025-02-11 08:00:00+00:00,25.92,2.35
2025-02-11 09:00:00+00:00,56.5,3.21
2025-02-11 10:00:00+00:00,70.18,3.93
2025-02-11 11:00:00+00:00,72.38,4.63
2025-02-11 12:00:00+00:00,56.1,4.99
2025-02-11 13:00:00+00:00,116.78,5.14
2025-02-11 14:00:00+00:00,96.82,5.04
2025-02-11 15:00:00+00:00,61.78,4.66
2025-02-11 16:00:00+00:00,17.4,3.12
2025-02-11 17:00:00+00:00,0.0,1.91
2025-02-11 18:00:00+00:00,0.0,1.2
2025-02-11 19:00:00+00:00,0.0,0.68
2025-02-11 20:00:00+00:00,0.0,0.54
2025-02-11 21:00:00+00:00,0.0,0.75
2025-02-11 22:00:00+00:00,0.0,1.15
2025-02-11 23:00:00+00:00,0.0,1.37
2025-02-12 00:00:00+00:00,0.0,1.41
2025-02-12 01:00:00+00:00,0.0,1.5
2025-02-12 02:00:00+00:00,0.0,1.67
2025-02-12 03:00:00+00:00,0.0,1.7
2025-02-12 04:00:00+00:00,0.0,1.72
2025-02-12 05:00:00+00:00,0.0,1.71
2025-02-12 06:00:00+00:00,0.0,1.7
2025-02-12 07:00:00+00:00,2.92,1.74
2025-02-12 08:00:00+00:00,22.02,2.11
2025-02-12 09:00:00+00:00,70.3,2.92
2025-02-12 10:00:00+00:00,100.95,4.34
2025-02-12 11:00:00+00:00,111.35,5.57
2025-02-12 12:00:00+00:00,110.85,6.17
2025-02-12 13:00:00+00:00,81.88,6.39
2025-02-12 14:00:00+00:00,72.68,6.28
2025-02-12 15:00:00+00:00,49.45,5.69
2025-02-12 16:00:00+00:00,17.3,3.53
2025-02-12 17:00:00+00:00,0.0,2.24
2025-02-12 18:00:00+00:00,0.0,1.98
2025-02-12 19:00:00+00:00,0.0,1.9
2025-02-12 20:00:00+00:00,0.0,1.6
2025-02-12 21:00:00+00:00,0.0,1.0
2025-02-12 22:00:00+00:00,0.0,0.47
2025-02-12 23:00:00+00:00,0.0,0.11
2025-02-13 00:00:00+00:00,0.0,-0.08
2025-02-13 01:00:00+00:00,0.0,-0.36
2025-02-13 02:00:00+00:00,0.0,-0.36
2025-02-13 03:00:00+00:00,0.0,-0.32
2025-02-13 04:00:00+00:00,0.0,-0.39
2025-02-13 05:00:00+00:00,0.0,-0.42
2025-02-13 06:00:00+00:00,0.0,-0.31
2025-02-13 07:00:00+00:00,3.15,0.03
2025-02-13 08:00:00+00:00,25.35,1.71
2025-02-13 09:00:00+00:00,72.8,3.32
2025-02-13 10:00:00+00:00,105.65,4.65
2025-02-13 11:00:00+00:00,121.28,5.38
2025-02-13 12:00:00+00:00,130.98,5.77
2025-02-13 13:00:00+00:00,77.2,5.82
2025-02-13 14:00:00+00:00,127.65,5.4
2025-02-13 15:00:00+00:00,81.88,4.61
2025-02-13 16:00:00+00:00,32.85,3.18
2025-02-13 17:00:00+00:00,0.0,1.79
2025-02-13 18:00:00+00:00,0.0,1.28
2025-02-13 19:00:00+00:00,0.0,0.62
2025-02-13 20:00:00+00:00,0.0,-0.01
2025-02-13 21:00:00+00:00,0.0,-0.4
2025-02-13 22:00:00+00:00,0.0,-0.46
2025-02-13 23:00:00+00:00,0.0,-0.59
2025-02-14 00:00:00+00:00,0.0,-0.81
2025-02-14 01:00:00+00:00,0.0,-0.89
2025-02-14 02:00:00+00:00,0.0,-0.9
2025-02-14 03:00:00+00:00,0.0,-0.94
2025-02-14 04:00:00+00:00,0.0,-1.11
2025-02-14 05:00:00+00:00,0.0,-1.29
2025-02-14 06:00:00+00:00,0.0,-1.77
2025-02-14 07:00:00+00:00,6.88,-1.31
2025-02-14 08:00:00+00:00,76.22,0.66
2025-02-14 09:00:00+00:00,176.35,2.13
2025-02-14 10:00:00+00:00,251.15,3.17
2025-02-14 11:00:00+00:00,308.2,3.99
2025-02-14 12:00:00+00:00,319.45,4.53
2025-02-14 13:00:00+00:00,295.5,4.7
2025-02-14 14:00:00+00:00,231.75,4.51
2025-02-14 15:00:00+00:00,142.52,3.74
2025-02-14 16:00:00+00:00,49.5,1.36
2025-02-14 17:00:00+00:00,0.0,-0.2
2025-02-14 18:00:00+00:00,0.0,-0.04
2025-02-14 19:00:00+00:00,0.0,0.29
2025-02-14 20:00:00+00:00,0.0,0.18
2025-02-14 21:00:00+00:00,0.0,-0.12
2025-02-14 22:00:00+00:00,0.0,0.0
2025-02-14 23:00:00+00:00,0.0,-0.29
2025-02-15 00:00:00+00:00,0.0,-0.47
2025-02-15 01:00:00+00:00,0.0,-0.14
2025-02-15 02:00:00+00:00,0.0,0.32
2025-02-15 03:00:00+00:00,0.0,0.56
2025-02-15 04:00:00+00:00,0.0,0.96
2025-02-15 05:00:00+00:00,0.0,1.31
2025-02-15 06:00:00+00:00,0.0,1.52
2025-02-15 07:00:00+00:00,5.93,1.79
2025-02-15 08:00:00+00:00,40.0,2.26
2025-02-15 09:00:00+00:00,76.78,2.81
2025-02-15 10:00:00+00:00,107.35,3.4
2025-02-15 11:00:00+00:00,128.32,3.95
2025-02-15 12:00:00+00:00,125.85,4.37
2025-02-15 13:00:00+00:00,132.35,4.47
2025-02-15 14:00:00+00:00,123.68,4.15
2025-02-15 15:00:00+00:00,100.3,3.46
2025-02-15 16:00:00+00:00,45.35,2.57
2025-02-15 17:00:00+00:00,0.0,1.84
2025-02-15 18:00:00+00:00,0.0,1.53
2025-02-15 19:00:00+00:00,0.0,1.31
2025-02-15 20:00:00+00:00,0.0,1.1
2025-02-15 21:00:00+00:00,0.0,0.97
2025-02-15 22:00:00+00:00,0.0,0.77
2025-02-15 23:00:00+00:00,0.0,0.57
2025-02-16 00:00:00+00:00,0.0,0.31
2025-02-16 01:00:00+00:00,0.0,0.11
2025-02-16 02:00:00+00:00,0.0,-0.11
2025-02-16 03:00:00+00:00,0.0,-0.25
2025-02-16 04:00:00+00:00,0.0,-0.36
2025-02-16 05:00:00+00:00,0.0,-0.35
2025-02-16 06:00:00+00:00,0.0,-0.34
2025-02-16 07:00:00+00:00,9.55,-0.01
2025-02-16 08:00:00+00:00,64.97,1.56
2025-02-16 09:00:00+00:00,138.02,2.84
2025-02-16 10:00:00+00:00,192.75,3.82
2025-02-16 11:00:00+00:00,210.93,4.65
2025-02-16 12:00:00+00:00,184.15,4.91
2025-02-16 13:00:00+00:00,221.75,4.78
2025-02-16 14:00:00+00:00,155.77,4.25
2025-02-16 15:00:00+00:00,103.22,3.36
2025-02-16 16:00:00+00:00,46.2,1.87
2025-02-16 17:00:00+00:00,0.0,0.51
2025-02-16 18:00:00+00:00,0.0,0.11
2025-02-16 19:00:00+00:00,0.0,-0.16
2025-02-16 20:00:00+00:00,0.0,-0.28
2025-02-16 21:00:00+00:00,0.0,-0.51
2025-02-16 22:00:00+00:00,0.0,-0.85
2025-02-16 23:00:00+00:00,0.0,-1.36
2025-02-17 00:00:00+00:00,0.0,-1.77
2025-02-17 01:00:00+00:00,0.0,-2.02
2025-02-17 02:00:00+00:00,0.0,-2.14
2025-02-17 03:00:00+00:00,0.0,-2.16
2025-02-17 04:00:00+00:00,0.0,-2.13
2025-02-17 05:00:00+00:00,0.0,-2.07
2025-02-17 06:00:00+00:00,0.0,-2.15
2025-02-17 07:00:00+00:00,12.77,-1.36
2025-02-17 08:00:00+00:00,103.88,0.77
2025-02-17 09:00:00+00:00,212.88,2.59
2025-02-17 10:00:00+00:00,296.27,3.84
2025-02-17 11:00:00+00:00,356.4,4.73
2025-02-17 12:00:00+00:00,370.9,5.27
2025-02-17 13:00:00+00:00,329.0,5.4
2025-02-17 14:00:00+00:00,260.38,5.01
2025-02-17 15:00:00+00:00,166.15,3.99
2025-02-17 16:00:00+00:00,65.47,1.59
2025-02-17 17:00:00+00:00,0.0,-0.55
2025-02-17 18:00:00+00:00,0.0,-1.01
2025-02-17 19:00:00+00:00,0.0,-1.38
2025-02-17 20:00:00+00:00,0.0,-1.47
2025-02-17 21:00:00+00:00,0.0,-1.59
2025-02-17 22:00:00+00:00,0.0,-1.78
2025-02-17 23:00:00+00:00,0.0,-1.73
2025-02-18 00:00:00+00:00,0.0,-1.58
2025-02-18 01:00:00+00:00,0.0,-1.32
2025-02-18 02:00:00+00:00,0.0,-1.06
2025-02-18 03:00:00+00:00,0.0,-0.78
2025-02-18 04:00:00+00:00,0.0,-1.13
2025-02-18 05:00:00+00:00,0.0,-1.83
2025-02-18 06:00:00+00:00,0.0,-2.02
2025-02-18 07:00:00+00:00,13.55,-0.98
2025-02-18 08:00:00+00:00,108.32,1.37
2025-02-18 09:00:00+00:00,222.5,3.28
2025-02-18 10:00:00+00:00,318.85,4.75
2025-02-18 11:00:00+00:00,379.65,5.69
2025-02-18 12:00:00+00:00,393.73,6.1
2025-02-18 13:00:00+00:00,351.0,6.04
2025-02-18 14:00:00+00:00,294.25,5.52
2025-02-18 15:00:00+00:00,189.27,4.57
2025-02-18 16:00:00+00:00,81.32,2.91
2025-02-18 17:00:00+00:00,0.0,1.54
2025-02-18 18:00:00+00:00,0.0,1.55
2025-02-18 19:00:00+00:00,0.0,1.66
2025-02-18 20:00:00+00:00,0.0,1.71
2025-02-18 21:00:00+00:00,0.0,1.67
2025-02-18 22:00:00+00:00,0.0,1.56
2025-02-18 23:00:00+00:00,0.0,1.36
2025-02-19 00:00:00+00:00,0.0,1.21
2025-02-19 01:00:00+00:00,0.0,1.1
2025-02-19 02:00:00+00:00,0.0,1.01
2025-02-19 03:00:00+00:00,0.0,0.84
2025-02-19 04:00:00+00:00,0.0,0.47
2025-02-19 05:00:00+00:00,0.0,0.43
2025-02-19 06:00:00+00:00,0.0,0.54
2025-02-19 07:00:00+00:00,10.93,0.93
2025-02-19 08:00:00+00:00,55.72,1.99
2025-02-19 09:00:00+00:00,107.72,3.15
2025-02-19 10:00:00+00:00,149.1,4.27
2025-02-19 11:00:00+00:00,175.55,5.31
2025-02-19 12:00:00+00:00,200.23,6.51
2025-02-19 13:00:00+00:00,220.35,7.6
2025-02-19 14:00:00+00:00,179.93,7.98
2025-02-19 15:00:00+00:00,124.5,7.73
2025-02-19 16:00:00+00:00,50.62,6.74
2025-02-19 17:00:00+00:00,3.3,5.99
2025-02-19 18:00:00+00:00,0.0,5.95
2025-02-19 19:00:00+00:00,0.0,6.04
2025-02-19 20:00:00+00:00,0.0,6.08
2025-02-19 21:00:00+00:00,0.0,6.07
2025-02-19 22:00:00+00:00,0.0,6.3
2025-02-19 23:00:00+00:00,0.0,6.51
2025-02-20 00:00:00+00:00,0.0,6.92
2025-02-20 01:00:00+00:00,0.0,7.19
2025-02-20 02:00:00+00:00,0.0,7.42
2025-02-20 03:00:00+00:00,0.0,7.75
2025-02-20 04:00:00+00:00,0.0,7.93
2025-02-20 05:00:00+00:00,0.0,8.04
2025-02-20 06:00:00+00:00,0.0,8.64
2025-02-20 07:00:00+00:00,9.93,9.38
2025-02-20 08:00:00+00:00,45.75,9.77
2025-02-20 09:00:00+00:00,78.72,9.95
2025-02-20 10:00:00+00:00,87.03,10.58
2025-02-20 11:00:00+00:00,97.45,11.79
2025-02-20 12:00:00+00:00,84.85,12.06
2025-02-20 13:00:00+00:00,83.5,11.61
2025-02-20 14:00:00+00:00,74.72,11.47
2025-02-20 15:00:00+00:00,52.6,11.51
2025-02-20 16:00:00+00:00,28.5,11.24
2025-02-20 17:00:00+00:00,2.83,10.81
2025-02-20 18:00:00+00:00,0.0,10.85
2025-02-20 19:00:00+00:00,0.0,10.85
2025-02-20 20:00:00+00:00,0.0,10.89
2025-02-20 21:00:00+00:00,0.0,10.69
2025-02-20 22:00:00+00:00,0.0,10.42
2025-02-20 23:00:00+00:00,0.0,10.0
2025-02-21 00:00:00+00:00,0.0,9.74
2025-02-21 01:00:00+00:00,0.0,9.6
2025-02-21 02:00:00+00:00,0.0,9.58
2025-02-21 03:00:00+00:00,0.0,9.59
2025-02-21 04:00:00+00:00,0.0,9.77
2025-02-21 05:00:00+00:00,0.0,9.97
2025-02-21 06:00:00+00:00,0.0,10.02
2025-02-21 07:00:00+00:00,12.7,9.91
2025-02-21 08:00:00+00:00,71.75,10.76
2025-02-21 09:00:00+00:00,136.55,12.14
2025-02-21 10:00:00+00:00,187.05,13.63
2025-02-21 11:00:00+00:00,221.35,14.56
2025-02-21 12:00:00+00:00,219.57,14.66
2025-02-21 13:00:00+00:00,143.6,14.22
2025-02-21 14:00:00+00:00,86.7,13.82
2025-02-21 15:00:00+00:00,61.7,13.29
2025-02-21 16:00:00+00:00,30.6,12.19
2025-02-21 17:00:00+00:00,2.58,11.52
2025-02-21 18:00:00+00:00,0.0,11.27
2025-02-21 19:00:00+00:00,0.0,11.08
2025-02-21 20:00:00+00:00,0.0,10.87
2025-02-21 21:00:00+00:00,0.0,10.63
2025-02-21 22:00:00+00:00,0.0,10.33
2025-02-21 23:00:00+00:00,0.0,10.1
2025-02-22 00:00:00+00:00,0.0,9.79
2025-02-22 01:00:00+00:00,0.0,9.5
2025-02-22 02:00:00+00:00,0.0,9.13
2025-02-22 03:00:00+00:00,0.0,8.65
2025-02-22 04:00:00+00:00,0.0,8.29
2025-02-22 05:00:00+00:00,0.0,7.81
2025-02-22 06:00:00+00:00,0.0,7.39
2025-02-22 07:00:00+00:00,18.9,7.78
2025-02-22 08:00:00+00:00,101.3,8.45
2025-02-22 09:00:00+00:00,181.4,9.05
2025-02-22 10:00:00+00:00,249.1,9.84
2025-02-22 11:00:00+00:00,294.6,10.5
2025-02-22 12:00:00+00:00,311.33,11.05
2025-02-22 13:00:00+00:00,359.12,11.47
2025-02-22 14:00:00+00:00,292.23,11.76
2025-02-22 15:00:00+00:00,192.4,11.63
2025-02-22 16:00:00+00:00,85.38,9.93
2025-02-22 17:00:00+00:00,7.07,7.74
2025-02-22 18:00:00+00:00,0.0,7.28
2025-02-22 19:00:00+00:00,0.0,6.79
2025-02-22 20:00:00+00:00,0.0,6.42
2025-02-22 21:00:00+00:00,0.0,6.47
2025-02-22 22:00:00+00:00,0.0,6.5
2025-02-22 23:00:00+00:00,0.0,6.57
2025-02-23 00:00:00+00:00,0.0,6.52
2025-02-23 01:00:00+00:00,0.0,6.46
2025-02-23 02:00:00+00:00,0.0,6.39
2025-02-23 03:00:00+00:00,0.0,6.29
2025-02-23 04:00:00+00:00,0.0,6.34
2025-02-23 05:00:00+00:00,0.0,6.4
2025-02-23 06:00:00+00:00,0.0,6.48
2025-02-23 07:00:00+00:00,19.23,6.89
2025-02-23 08:00:00+00:00,87.55,7.74
2025-02-23 09:00:00+00:00,139.38,8.79
2025-02-23 10:00:00+00:00,177.4,9.76
2025-02-23 11:00:00+00:00,238.23,9.74
2025-02-23 12:00:00+00:00,201.12,9.38
2025-02-23 13:00:00+00:00,178.18,9.5
2025-02-23 14:00:00+00:00,137.2,9.66
2025-02-23 15:00:00+00:00,95.75,9.68
2025-02-23 16:00:00+00:00,45.38,9.66
2025-02-23 17:00:00+00:00,4.62,9.71
2025-02-23 18:00:00+00:00,0.0,9.8
2025-02-23 19:00:00+00:00,0.0,9.88
2025-02-23 20:00:00+00:00,0.0,9.85
2025-02-23 21:00:00+00:00,0.0,9.73
2025-02-23 22:00:00+00:00,0.0,9.62
2025-02-23 23:00:00+00:00,0.0,9.6
2025-02-24 00:00:00+00:00,0.0,9.61
2025-02-24 01:00:00+00:00,0.0,9.69
2025-02-24 02:00:00+00:00,0.0,9.9
2025-02-24 03:00:00+00:00,0.0,10.05
2025-02-24 04:00:00+00:00,0.0,10.09
2025-02-24 05:00:00+00:00,0.0,10.03
2025-02-24 06:00:00+00:00,0.0,9.8
2025-02-24 07:00:00+00:00,15.68,9.49
2025-02-24 08:00:00+00:00,106.57,9.49
2025-02-24 09:00:00+00:00,200.12,10.05
2025-02-24 10:00:00+00:00,289.38,11.37
2025-02-24 11:00:00+00:00,338.67,12.36
2025-02-24 12:00:00+00:00,366.77,12.18
2025-02-24 13:00:00+00:00,366.05,11.96
2025-02-24 14:00:00+00:00,306.65,11.97
2025-02-24 15:00:00+00:00,214.4,11.61
2025-02-24 16:00:00+00:00,105.85,10.54
2025-02-24 17:00:00+00:00,10.65,9.08
2025-02-24 18:00:00+00:00,0.0,8.01
2025-02-24 19:00:00+00:00,0.0,7.22
2025-02-24 20:00:00+00:00,0.0,6.89
2025-02-24 21:00:00+00:00,0.0,6.81
2025-02-24 22:00:00+00:00,0.0,6.76
2025-02-24 23:00:00+00:00,0.0,6.75
2025-02-25 00:00:00+00:00,0.0,6.83
2025-02-25 01:00:00+00:00,0.0,6.8
2025-02-25 02:00:00+00:00,0.0,6.81
2025-02-25 03:00:00+00:00,0.0,6.8
2025-02-25 04:00:00+00:00,0.0,6.65
2025-02-25 05:00:00+00:00,0.0,6.38
2025-02-25 06:00:00+00:00,0.0,6.15
2025-02-25 07:00:00+00:00,22.83,6.13
2025-02-25 08:00:00+00:00,116.47,6.48
2025-02-25 09:00:00+00:00,230.82,7.39
2025-02-25 10:00:00+00:00,324.67,8.37
2025-02-25 11:00:00+00:00,382.48,9.16
2025-02-25 12:00:00+00:00,390.85,9.73
2025-02-25 13:00:00+00:00,377.73,10.14
2025-02-25 14:00:00+00:00,319.77,10.37
2025-02-25 15:00:00+00:00,221.62,10.11
2025-02-25 16:00:00+00:00,109.93,8.28
2025-02-25 17:00:00+00:00,11.75,5.85
2025-02-25 18:00:00+00:00,0.0,5.28
2025-02-25 19:00:00+00:00,0.0,4.8
2025-02-25 20:00:00+00:00,0.0,4.1
2025-02-25 21:00:00+00:00,0.0,3.4
2025-02-25 22:00:00+00:00,0.0,2.81
2025-02-25 23:00:00+00:00,0.0,2.8
2025-02-26 00:00:00+00:00,0.0,3.21
2025-02-26 01:00:00+00:00,0.0,3.29
2025-02-26 02:00:00+00:00,0.0,3.11
2025-02-26 03:00:00+00:00,0.0,2.86
2025-02-26 04:00:00+00:00,0.0,2.85
2025-02-26 05:00:00+00:00,0.0,2.99
2025-02-26 06:00:00+00:00,0.0,3.24
2025-02-26 07:00:00+00:00,11.32,3.78
2025-02-26 08:00:00+00:00,65.55,5.08
2025-02-26 09:00:00+00:00,116.6,6.93
2025-02-26 10:00:00+00:00,172.55,8.42
2025-02-26 11:00:00+00:00,208.12,8.02
2025-02-26 12:00:00+00:00,215.55,6.99
2025-02-26 13:00:00+00:00,221.4,6.8
2025-02-26 14:00:00+00:00,196.32,7.16
2025-02-26 15:00:00+00:00,140.52,7.63
2025-02-26 16:00:00+00:00,76.85,6.99
2025-02-26 17:00:00+00:00,10.85,5.06
2025-02-26 18:00:00+00:00,0.0,5.05
2025-02-26 19:00:00+00:00,0.0,4.46
2025-02-26 20:00:00+00:00,0.0,3.76
2025-02-26 21:00:00+00:00,0.0,3.51
2025-02-26 22:00:00+00:00,0.0,3.38
2025-02-26 23:00:00+00:00,0.0,3.16
2025-02-27 00:00:00+00:00,0.0,3.08
2025-02-27 01:00:00+00:00,0.0,3.1
2025-02-27 02:00:00+00:00,0.0,3.39
2025-02-27 03:00:00+00:00,0.0,4.05
2025-02-27 04:00:00+00:00,0.0,4.46
2025-02-27 05:00:00+00:00,0.0,4.39
2025-02-27 06:00:00+00:00,0.0,3.91
2025-02-27 07:00:00+00:00,42.15,3.65
2025-02-27 08:00:00+00:00,162.57,4.31
2025-02-27 09:00:00+00:00,289.8,5.39
2025-02-27 10:00:00+00:00,384.35,6.67
2025-02-27 11:00:00+00:00,445.45,7.89
2025-02-27 12:00:00+00:00,477.3,8.73
2025-02-27 13:00:00+00:00,440.27,9.11
2025-02-27 14:00:00+00:00,363.27,9.09
2025-02-27 15:00:00+00:00,260.73,8.64
2025-02-27 16:00:00+00:00,124.75,7.13
2025-02-27 17:00:00+00:00,15.07,4.41
2025-02-27 18:00:00+00:00,0.0,3.57
2025-02-27 19:00:00+00:00,0.0,2.95
2025-02-27 20:00:00+00:00,0.0,2.25
2025-02-27 21:00:00+00:00,0.0,1.52
2025-02-27 22:00:00+00:00,0.0,0.87
2025-02-27 23:00:00+00:00,0.0,0.3
2025-02-28 00:00:00+00:00,0.0,-0.2
2025-02-28 01:00:00+00:00,0.0,-0.55
2025-02-28 02:00:00+00:00,0.0,-0.51
2025-02-28 03:00:00+00:00,0.0,0.22
2025-02-28 04:00:00+00:00,0.0,0.88
2025-02-28 05:00:00+00:00,0.0,1.05
2025-02-28 06:00:00+00:00,0.0,1.0
2025-02-28 07:00:00+00:00,48.65,0.95
2025-02-28 08:00:00+00:00,176.5,1.41
2025-02-28 09:00:00+00:00,308.98,2.68
2025-02-28 10:00:00+00:00,407.42,5.72
2025-02-28 11:00:00+00:00,462.85,7.87
2025-02-28 12:00:00+00:00,476.8,8.82
2025-02-28 13:00:00+00:00,455.2,9.21
2025-02-28 14:00:00+00:00,386.2,9.18
2025-02-28 15:00:00+00:00,277.23,8.67
2025-02-28 16:00:00+00:00,135.68,6.8
2025-02-28 17:00:00+00:00,17.33,3.83
2025-02-28 18:00:00+00:00,0.0,2.83
2025-02-28 19:00:00+00:00,0.0,2.12
2025-02-28 20:00:00+00:00,0.0,1.45
2025-02-28 21:00:00+00:00,0.0,0.76
2025-02-28 22:00:00+00:00,0.0,0.17
2025-02-28 23:00:00+00:00,0.0,0.02
2025-03-01 00:00:00+00:00,0.0,0.5
2025-03-01 01:00:00+00:00,0.0,1.39
2025-03-01 02:00:00+00:00,0.0,1.73
2025-03-01 03:00:00+00:00,0.0,1.49
2025-03-01 04:00:00+00:00,0.0,1.03
2025-03-01 05:00:00+00:00,0.0,0.57
2025-03-01 06:00:00+00:00,0.0,0.21
2025-03-01 07:00:00+00:00,54.1,0.37
2025-03-01 08:00:00+00:00,193.73,1.25
2025-03-01 09:00:00+00:00,331.42,3.26
2025-03-01 10:00:00+00:00,441.6,6.09
2025-03-01 11:00:00+00:00,520.35,7.92
2025-03-01 12:00:00+00:00,532.47,8.79
2025-03-01 13:00:00+00:00,489.83,9.21
2025-03-01 14:00:00+00:00,393.83,9.18
2025-03-01 15:00:00+00:00,272.38,8.65
2025-03-01 16:00:00+00:00,131.55,6.7
2025-03-01 17:00:00+00:00,15.88,3.86
2025-03-01 18:00:00+00:00,0.0,3.04
2025-03-01 19:00:00+00:00,0.0,2.59
2025-03-01 20:00:00+00:00,0.0,2.18
2025-03-01 21:00:00+00:00,0.0,1.57
2025-03-01 22:00:00+00:00,0.0,0.64
2025-03-01 23:00:00+00:00,0.0,-0.25
2025-03-02 00:00:00+00:00,0.0,-0.27
2025-03-02 01:00:00+00:00,0.0,0.4
2025-03-02 02:00:00+00:00,0.0,0.95
2025-03-02 03:00:00+00:00,0.0,1.03
2025-03-02 04:00:00+00:00,0.0,0.95
2025-03-02 05:00:00+00:00,0.0,0.77
2025-03-02 06:00:00+00:00,0.0,0.53
2025-03-02 07:00:00+00:00,64.68,0.63
2025-03-02 08:00:00+00:00,214.5,1.31
2025-03-02 09:00:00+00:00,356.02,2.77
2025-03-02 10:00:00+00:00,465.67,5.49
2025-03-02 11:00:00+00:00,531.53,7.77
2025-03-02 12:00:00+00:00,536.33,9.01
2025-03-02 13:00:00+00:00,500.05,9.66
2025-03-02 14:00:00+00:00,415.8,9.81
2025-03-02 15:00:00+00:00,292.08,9.46
2025-03-02 16:00:00+00:00,145.82,8.06
2025-03-02 17:00:00+00:00,19.77,5.73
2025-03-02 18:00:00+00:00,0.0,4.06
2025-03-02 19:00:00+00:00,0.0,2.6
2025-03-02 20:00:00+00:00,0.0,1.63
2025-03-02 21:00:00+00:00,0.0,1.08
2025-03-02 22:00:00+00:00,0.0,0.57
2025-03-02 23:00:00+00:00,0.0,0.13
2025-03-03 00:00:00+00:00,0.0,-0.35
2025-03-03 01:00:00+00:00,0.0,-0.78
2025-03-03 02:00:00+00:00,0.0,-0.82
2025-03-03 03:00:00+00:00,0.0,-0.28
2025-03-03 04:00:00+00:00,0.0,-0.16
2025-03-03 05:00:00+00:00,0.0,-0.14
2025-03-03 06:00:00+00:00,0.0,-0.49
2025-03-03 07:00:00+00:00,62.4,-0.06
2025-03-03 08:00:00+00:00,200.45,1.21
2025-03-03 09:00:00+00:00,333.6,3.86
2025-03-03 10:00:00+00:00,450.8,7.29
2025-03-03 11:00:00+00:00,517.6,9.29
2025-03-03 12:00:00+00:00,551.9,10.3
2025-03-03 13:00:00+00:00,514.58,10.86
2025-03-03 14:00:00+00:00,428.77,10.98
2025-03-03 15:00:00+00:00,301.73,10.46
2025-03-03 16:00:00+00:00,152.95,8.26
2025-03-03 17:00:00+00:00,22.65,5.12
2025-03-03 18:00:00+00:00,0.0,3.77
2025-03-03 19:00:00+00:00,0.0,3.24
2025-03-03 20:00:00+00:00,0.0,3.01
2025-03-03 21:00:00+00:00,0.0,2.72
2025-03-03 22:00:00+00:00,0.0,2.5
2025-03-03 23:00:00+00:00,0.0,1.99
2025-03-04 00:00:00+00:00,0.0,1.52
2025-03-04 01:00:00+00:00,0.0,1.13
2025-03-04 02:00:00+00:00,0.0,0.79
2025-03-04 03:00:00+00:00,0.0,0.62
2025-03-04 04:00:00+00:00,0.0,0.75
2025-03-04 05:00:00+00:00,0.0,0.38
2025-03-04 06:00:00+00:00,0.0,-0.54
2025-03-04 07:00:00+00:00,78.07,0.56
2025-03-04 08:00:00+00:00,229.05,2.18
2025-03-04 09:00:00+00:00,369.38,4.08
2025-03-04 10:00:00+00:00,479.85,6.94
2025-03-04 11:00:00+00:00,545.85,8.94
2025-03-04 12:00:00+00:00,557.28,10.49
2025-03-04 13:00:00+00:00,522.47,11.33
2025-03-04 14:00:00+00:00,438.52,11.56
2025-03-04 15:00:00+00:00,314.02,11.04
2025-03-04 16:00:00+00:00,164.0,8.46
2025-03-04 17:00:00+00:00,26.5,5.03
2025-03-04 18:00:00+00:00,0.0,3.6
2025-03-04 19:00:00+00:00,0.0,3.04
2025-03-04 20:00:00+00:00,0.0,2.2
2025-03-04 21:00:00+00:00,0.0,1.38
2025-03-04 22:00:00+00:00,0.0,0.62
2025-03-04 23:00:00+00:00,0.0,0.12
2025-03-05 00:00:00+00:00,0.0,0.17
2025-03-05 01:00:00+00:00,0.0,-0.02
2025-03-05 02:00:00+00:00,0.0,-0.76
2025-03-05 03:00:00+00:00,0.0,-1.4
2025-03-05 04:00:00+00:00,0.0,-1.6
2025-03-05 05:00:00+00:00,0.0,-1.13
2025-03-05 06:00:00+00:00,0.0,0.29
2025-03-05 07:00:00+00:00,74.32,1.63
2025-03-05 08:00:00+00:00,215.45,2.65
2025-03-05 09:00:00+00:00,354.15,4.65
2025-03-05 10:00:00+00:00,458.1,7.25
2025-03-05 11:00:00+00:00,530.42,9.69
2025-03-05 12:00:00+00:00,537.65,11.38
2025-03-05 13:00:00+00:00,506.38,12.24
2025-03-05 14:00:00+00:00,420.67,12.41
2025-03-05 15:00:00+00:00,298.1,11.93
2025-03-05 16:00:00+00:00,153.85,9.64
2025-03-05 17:00:00+00:00,25.17,6.09
2025-03-05 18:00:00+00:00,0.0,4.8
2025-03-05 19:00:00+00:00,0.0,4.1
2025-03-05 20:00:00+00:00,0.0,3.45
2025-03-05 21:00:00+00:00,0.0,2.88
2025-03-05 22:00:00+00:00,0.0,2.34
2025-03-05 23:00:00+00:00,0.0,1.87
2025-03-06 00:00:00+00:00,0.0,1.49
2025-03-06 01:00:00+00:00,0.0,1.23
2025-03-06 02:00:00+00:00,0.0,1.1
2025-03-06 03:00:00+00:00,0.0,1.07
2025-03-06 04:00:00+00:00,0.0,1.11
2025-03-06 05:00:00+00:00,0.0,1.11
2025-03-06 06:00:00+00:00,0.0,1.5
2025-03-06 07:00:00+00:00,81.12,4.88
2025-03-06 08:00:00+00:00,220.55,7.62
2025-03-06 09:00:00+00:00,356.7,9.82
2025-03-06 10:00:00+00:00,460.58,12.72
2025-03-06 11:00:00+00:00,514.22,14.6
2025-03-06 12:00:00+00:00,515.62,15.37
2025-03-06 13:00:00+00:00,412.95,15.11
2025-03-06 14:00:00+00:00,338.83,14.3
2025-03-06 15:00:00+00:00,230.55,13.11
2025-03-06 16:00:00+00:00,123.1,11.15
2025-03-06 17:00:00+00:00,22.55,8.92
2025-03-06 18:00:00+00:00,0.0,8.71
2025-03-06 19:00:00+00:00,0.0,8.85
2025-03-06 20:00:00+00:00,0.0,8.84
2025-03-06 21:00:00+00:00,0.0,8.79
2025-03-06 22:00:00+00:00,0.0,8.78
2025-03-06 23:00:00+00:00,0.0,8.71
2025-03-07 00:00:00+00:00,0.0,8.06
2025-03-07 01:00:00+00:00,0.0,7.35
2025-03-07 02:00:00+00:00,0.0,7.12
2025-03-07 03:00:00+00:00,0.0,7.2
2025-03-07 04:00:00+00:00,0.0,7.37
2025-03-07 05:00:00+00:00,0.0,7.6
2025-03-07 06:00:00+00:00,0.0,8.21
2025-03-07 07:00:00+00:00,55.4,9.13
2025-03-07 08:00:00+00:00,154.15,10.08
2025-03-07 09:00:00+00:00,242.98,11.64
2025-03-07 10:00:00+00:00,328.45,13.32
2025-03-07 11:00:00+00:00,396.6,14.57
2025-03-07 12:00:00+00:00,304.65,15.32
2025-03-07 13:00:00+00:00,280.52,15.49
2025-03-07 14:00:00+00:00,216.38,15.18
2025-03-07 15:00:00+00:00,152.75,14.4
2025-03-07 16:00:00+00:00,85.4,12.83
2025-03-07 17:00:00+00:00,18.25,10.05
2025-03-07 18:00:00+00:00,0.0,9.06
2025-03-07 19:00:00+00:00,0.0,8.61
2025-03-07 20:00:00+00:00,0.0,8.15
2025-03-07 21:00:00+00:00,0.0,7.74
2025-03-07 22:00:00+00:00,0.0,7.5
2025-03-07 23:00:00+00:00,0.0,7.17
2025-03-08 00:00:00+00:00,0.0,6.76
2025-03-08 01:00:00+00:00,0.0,6.19
2025-03-08 02:00:00+00:00,0.0,5.35
2025-03-08 03:00:00+00:00,0.0,4.81
2025-03-08 04:00:00+00:00,0.0,4.41
2025-03-08 05:00:00+00:00,0.0,4.48
2025-03-08 06:00:00+00:00,0.0,5.17
2025-03-08 07:00:00+00:00,79.15,6.56
2025-03-08 08:00:00+00:00,201.43,8.46
2025-03-08 09:00:00+00:00,321.48,10.97
2025-03-08 10:00:00+00:00,413.33,12.97
2025-03-08 11:00:00+00:00,473.52,14.45
2025-03-08 12:00:00+00:00,492.95,15.28
2025-03-08 13:00:00+00:00,434.65,15.32
2025-03-08 14:00:00+00:00,362.65,14.88
2025-03-08 15:00:00+00:00,248.2,14.1
2025-03-08 16:00:00+00:00,131.75,12.55
2025-03-08 17:00:00+00:00,26.02,10.23
2025-03-08 18:00:00+00:00,0.0,9.36
2025-03-08 19:00:00+00:00,0.0,8.94
2025-03-08 20:00:00+00:00,0.0,8.44
2025-03-08 21:00:00+00:00,0.0,7.71
2025-03-08 22:00:00+00:00,0.0,7.14
2025-03-08 23:00:00+00:00,0.0,6.77
2025-03-09 00:00:00+00:00,0.0,6.44
2025-03-09 01:00:00+00:00,0.0,6.13
2025-03-09 02:00:00+00:00,0.0,5.85
2025-03-09 03:00:00+00:00,0.0,5.69
2025-03-09 04:00:00+00:00,0.0,5.46
2025-03-09 05:00:00+00:00,0.0,5.27
2025-03-09 06:00:00+00:00,3.53,5.3
2025-03-09 07:00:00+00:00,71.05,6.77
2025-03-09 08:00:00+00:00,194.75,8.26
2025-03-09 09:00:00+00:00,316.3,10.61
2025-03-09 10:00:00+00:00,410.5,13.12
2025-03-09 11:00:00+00:00,465.73,14.79
2025-03-09 12:00:00+00:00,514.58,15.65
2025-03-09 13:00:00+00:00,460.25,15.91
2025-03-09 14:00:00+00:00,377.65,15.71
2025-03-09 15:00:00+00:00,266.4,14.92
2025-03-09 16:00:00+00:00,137.95,13.07
2025-03-09 17:00:00+00:00,28.62,9.9
2025-03-09 18:00:00+00:00,0.0,8.45
2025-03-09 19:00:00+00:00,0.0,7.67
2025-03-09 20:00:00+00:00,0.0,6.87
2025-03-09 21:00:00+00:00,0.0,6.21
2025-03-09 22:00:00+00:00,0.0,5.9
2025-03-09 23:00:00+00:00,0.0,5.89
2025-03-10 00:00:00+00:00,0.0,6.06
2025-03-10 01:00:00+00:00,0.0,6.14
2025-03-10 02:00:00+00:00,0.0,6.2
2025-03-10 03:00:00+00:00,0.0,6.17
2025-03-10 04:00:00+00:00,0.0,5.97
2025-03-10 05:00:00+00:00,0.0,5.74
2025-03-10 06:00:00+00:00,3.2,5.54
2025-03-10 07:00:00+00:00,40.53,6.05
2025-03-10 08:00:00+00:00,112.65,7.05
2025-03-10 09:00:00+00:00,151.73,8.33
2025-03-10 10:00:00+00:00,191.5,9.74
2025-03-10 11:00:00+00:00,261.02,10.97
2025-03-10 12:00:00+00:00,312.62,11.95
2025-03-10 13:00:00+00:00,303.9,12.4
2025-03-10 14:00:00+00:00,231.73,12.37
2025-03-10 15:00:00+00:00,163.55,11.69
2025-03-10 16:00:00+00:00,91.82,10.38
2025-03-10 17:00:00+00:00,19.52,8.93
2025-03-10 18:00:00+00:00,0.0,8.03
2025-03-10 19:00:00+00:00,0.0,6.99
2025-03-10 20:00:00+00:00,0.0,6.08
2025-03-10 21:00:00+00:00,0.0,5.46
2025-03-10 22:00:00+00:00,0.0,5.13
2025-03-10 23:00:00+00:00,0.0,5.14
2025-03-11 00:00:00+00:00,0.0,5.26
2025-03-11 01:00:00+00:00,0.0,5.32
2025-03-11 02:00:00+00:00,0.0,5.22
2025-03-11 03:00:00+00:00,0.0,4.97
2025-03-11 04:00:00+00:00,0.0,4.68
2025-03-11 05:00:00+00:00,0.0,4.31
2025-03-11 06:00:00+00:00,4.22,3.82
2025-03-11 07:00:00+00:00,61.0,4.26
2025-03-11 08:00:00+00:00,148.2,5.37
2025-03-11 09:00:00+00:00,248.38,6.5
2025-03-11 10:00:00+00:00,327.5,7.47
2025-03-11 11:00:00+00:00,363.88,8.16
2025-03-11 12:00:00+00:00,379.7,8.27
2025-03-11 13:00:00+00:00,296.08,8.08
2025-03-11 14:00:00+00:00,256.88,8.06
2025-03-11 15:00:00+00:00,190.93,7.77
2025-03-11 16:00:00+00:00,107.7,7.05
2025-03-11 17:00:00+00:00,25.33,5.06
2025-03-11 18:00:00+00:00,0.0,3.86
2025-03-11 19:00:00+00:00,0.0,3.51
2025-03-11 20:00:00+00:00,0.0,2.55
2025-03-11 21:00:00+00:00,0.0,1.68
2025-03-11 22:00:00+00:00,0.0,1.1
2025-03-11 23:00:00+00:00,0.0,0.8
2025-03-12 00:00:00+00:00,0.0,0.5
2025-03-12 01:00:00+00:00,0.0,0.46
2025-03-12 02:00:00+00:00,0.0,0.32
2025-03-12 03:00:00+00:00,0.0,0.13
2025-03-12 04:00:00+00:00,0.0,-0.29
2025-03-12 05:00:00+00:00,0.0,-0.77
2025-03-12 06:00:00+00:00,5.47,-0.54
2025-03-12 07:00:00+00:00,64.0,1.18
2025-03-12 08:00:00+00:00,154.85,3.06
2025-03-12 09:00:00+00:00,238.32,5.32
2025-03-12 10:00:00+00:00,307.67,6.37
2025-03-12 11:00:00+00:00,349.3,6.71
2025-03-12 12:00:00+00:00,343.38,6.87
2025-03-12 13:00:00+00:00,305.65,6.83
2025-03-12 14:00:00+00:00,256.8,6.65
2025-03-12 15:00:00+00:00,186.43,6.25
2025-03-12 16:00:00+00:00,109.53,5.59
2025-03-12 17:00:00+00:00,28.17,3.97
2025-03-12 18:00:00+00:00,0.0,2.85
2025-03-12 19:00:00+00:00,0.0,2.43
2025-03-12 20:00:00+00:00,0.0,1.91
2025-03-12 21:00:00+00:00,0.0,1.35
2025-03-12 22:00:00+00:00,0.0,1.16
2025-03-12 23:00:00+00:00,0.0,1.12
2025-03-13 00:00:00+00:00,0.0,1.09
2025-03-13 01:00:00+00:00,0.0,0.61
2025-03-13 02:00:00+00:00,0.0,0.54
2025-03-13 03:00:00+00:00,0.0,0.6
2025-03-13 04:00:00+00:00,0.0,0.77
2025-03-13 05:00:00+00:00,0.0,1.26
2025-03-13 06:00:00+00:00,6.75,1.79
2025-03-13 07:00:00+00:00,64.05,2.35
2025-03-13 08:00:00+00:00,150.82,3.05
2025-03-13 09:00:00+00:00,240.6,3.92
2025-03-13 10:00:00+00:00,305.85,4.9
2025-03-13 11:00:00+00:00,278.9,5.84
2025-03-13 12:00:00+00:00,338.75,6.44
2025-03-13 13:00:00+00:00,287.38,6.73
2025-03-13 14:00:00+00:00,263.6,7.09
2025-03-13 15:00:00+00:00,197.62,6.93
2025-03-13 16:00:00+00:00,121.53,6.21
2025-03-13 17:00:00+00:00,35.62,4.31
2025-03-13 18:00:00+00:00,0.0,3.24
2025-03-13 19:00:00+00:00,0.0,2.76
2025-03-13 20:00:00+00:00,0.0,2.03
2025-03-13 21:00:00+00:00,0.0,1.25
2025-03-13 22:00:00+00:00,0.0,0.56
2025-03-13 23:00:00+00:00,0.0,0.1
2025-03-14 00:00:00+00:00,0.0,-0.25
2025-03-14 01:00:00+00:00,0.0,-0.61
2025-03-14 02:00:00+00:00,0.0,-0.91
2025-03-14 03:00:00+00:00,0.0,-1.15
2025-03-14 04:00:00+00:00,0.0,-1.37
2025-03-14 05:00:00+00:00,0.0,-1.16
2025-03-14 06:00:00+00:00,8.23,-0.18
2025-03-14 07:00:00+00:00,86.6,0.57
2025-03-14 08:00:00+00:00,200.48,1.46
2025-03-14 09:00:00+00:00,298.4,3.29
2025-03-14 10:00:00+00:00,419.6,5.76
2025-03-14 11:00:00+00:00,487.65,7.28
2025-03-14 12:00:00+00:00,357.75,8.11
2025-03-14 13:00:00+00:00,243.23,8.34
2025-03-14 14:00:00+00:00,224.77,8.29
2025-03-14 15:00:00+00:00,159.65,7.8
2025-03-14 16:00:00+00:00,93.78,6.96
2025-03-14 17:00:00+00:00,28.38,4.45
2025-03-14 18:00:00+00:00,0.0,2.82
2025-03-14 19:00:00+00:00,0.0,1.96
2025-03-14 20:00:00+00:00,0.0,1.0
2025-03-14 21:00:00+00:00,0.0,0.32
2025-03-14 22:00:00+00:00,0.0,-0.13
2025-03-14 23:00:00+00:00,0.0,-0.5
2025-03-15 00:00:00+00:00,0.0,-0.81
2025-03-15 01:00:00+00:00,0.0,-0.94
2025-03-15 02:00:00+00:00,0.0,-1.1
2025-03-15 03:00:00+00:00,0.0,-0.98
2025-03-15 04:00:00+00:00,0.0,-0.59
2025-03-15 05:00:00+00:00,0.0,-0.31
2025-03-15 06:00:00+00:00,11.55,0.08
2025-03-15 07:00:00+00:00,88.5,1.22
2025-03-15 08:00:00+00:00,181.77,3.09
2025-03-15 09:00:00+00:00,271.48,5.27
2025-03-15 10:00:00+00:00,333.12,6.48
2025-03-15 11:00:00+00:00,401.52,7.46
2025-03-15 12:00:00+00:00,451.77,8.03
2025-03-15 13:00:00+00:00,472.75,8.21
2025-03-15 14:00:00+00:00,408.02,7.98
2025-03-15 15:00:00+00:00,308.85,7.43
2025-03-15 16:00:00+00:00,184.52,6.37
2025-03-15 17:00:00+00:00,55.72,3.92
2025-03-15 18:00:00+00:00,0.0,1.62
2025-03-15 19:00:00+00:00,0.0,0.81
2025-03-15 20:00:00+00:00,0.0,0.1
2025-03-15 21:00:00+00:00,0.0,-0.52
2025-03-15 22:00:00+00:00,0.0,-1.09
2025-03-15 23:00:00+00:00,0.0,-1.56
2025-03-16 00:00:00+00:00,0.0,-1.91
2025-03-16 01:00:00+00:00,0.0,-2.03
2025-03-16 02:00:00+00:00,0.0,-2.07
2025-03-16 03:00:00+00:00,0.0,-2.13
2025-03-16 04:00:00+00:00,0.0,-2.08
2025-03-16 05:00:00+00:00,0.0,-2.0
2025-03-16 06:00:00+00:00,16.1,-1.27
2025-03-16 07:00:00+00:00,125.45,0.64
2025-03-16 08:00:00+00:00,252.43,3.21
2025-03-16 09:00:00+00:00,365.35,5.48
2025-03-16 10:00:00+00:00,451.12,6.89
2025-03-16 11:00:00+00:00,467.85,7.92
2025-03-16 12:00:00+00:00,428.85,8.6
2025-03-16 13:00:00+00:00,379.9,8.88
2025-03-16 14:00:00+00:00,305.15,8.71
2025-03-16 15:00:00+00:00,222.43,8.25
2025-03-16 16:00:00+00:00,128.6,7.32
2025-03-16 17:00:00+00:00,39.8,5.09
2025-03-16 18:00:00+00:00,0.0,3.0
2025-03-16 19:00:00+00:00,0.0,2.07
2025-03-16 20:00:00+00:00,0.0,1.63
2025-03-16 21:00:00+00:00,0.0,2.09
2025-03-16 22:00:00+00:00,0.0,2.57
2025-03-16 23:00:00+00:00,0.0,2.69
2025-03-17 00:00:00+00:00,0.0,2.51
2025-03-17 01:00:00+00:00,0.0,2.48
2025-03-17 02:00:00+00:00,0.0,2.9
2025-03-17 03:00:00+00:00,0.0,3.01
2025-03-17 04:00:00+00:00,0.0,2.82
2025-03-17 05:00:00+00:00,0.0,2.47
2025-03-17 06:00:00+00:00,11.12,2.25
2025-03-17 07:00:00+00:00,57.8,2.91
2025-03-17 08:00:00+00:00,128.35,4.75
2025-03-17 09:00:00+00:00,193.32,6.65
2025-03-17 10:00:00+00:00,246.48,8.13
2025-03-17 11:00:00+00:00,192.45,9.16
2025-03-17 12:00:00+00:00,244.18,9.71
2025-03-17 13:00:00+00:00,185.12,9.71
2025-03-17 14:00:00+00:00,194.48,9.22
2025-03-17 15:00:00+00:00,158.77,8.34
2025-03-17 16:00:00+00:00,104.47,7.15
2025-03-17 17:00:00+00:00,39.83,5.29
2025-03-17 18:00:00+00:00,0.0,3.57
2025-03-17 19:00:00+00:00,0.0,2.9
2025-03-17 20:00:00+00:00,0.0,2.52
2025-03-17 21:00:00+00:00,0.0,2.47
2025-03-17 22:00:00+00:00,0.0,2.32
2025-03-17 23:00:00+00:00,0.0,1.91
2025-03-18 00:00:00+00:00,0.0,1.73
2025-03-18 01:00:00+00:00,0.0,1.44
2025-03-18 02:00:00+00:00,0.0,0.94
2025-03-18 03:00:00+00:00,0.0,0.32
2025-03-18 04:00:00+00:00,0.0,-0.25
2025-03-18 05:00:00+00:00,0.0,-0.67
2025-03-18 06:00:00+00:00,20.05,0.3
2025-03-18 07:00:00+00:00,156.9,3.08
2025-03-18 08:00:00+00:00,319.75,5.5
2025-03-18 09:00:00+00:00,464.33,7.45
2025-03-18 10:00:00+00:00,573.47,8.64
2025-03-18 11:00:00+00:00,637.15,9.45
2025-03-18 12:00:00+00:00,648.78,9.96
2025-03-18 13:00:00+00:00,609.85,10.2
2025-03-18 14:00:00+00:00,523.0,10.08
2025-03-18 15:00:00+00:00,395.67,9.4
2025-03-18 16:00:00+00:00,238.98,8.03
2025-03-18 17:00:00+00:00,79.8,5.21
2025-03-18 18:00:00+00:00,0.0,3.0
2025-03-18 19:00:00+00:00,0.0,2.56
2025-03-18 20:00:00+00:00,0.0,2.05
2025-03-18 21:00:00+00:00,0.0,1.74
2025-03-18 22:00:00+00:00,0.0,1.47
2025-03-18 23:00:00+00:00,0.0,1.16
2025-03-19 00:00:00+00:00,0.0,0.82
2025-03-19 01:00:00+00:00,0.0,0.51
2025-03-19 02:00:00+00:00,0.0,0.21
2025-03-19 03:00:00+00:00,0.0,-0.08
2025-03-19 04:00:00+00:00,0.0,-0.31
2025-03-19 05:00:00+00:00,0.0,-0.44
2025-03-19 06:00:00+00:00,19.17,0.51
2025-03-19 07:00:00+00:00,138.25,4.32
2025-03-19 08:00:00+00:00,286.48,6.61
2025-03-19 09:00:00+00:00,423.75,9.57
2025-03-19 10:00:00+00:00,538.28,11.99
2025-03-19 11:00:00+00:00,553.47,13.68
2025-03-19 12:00:00+00:00,532.12,14.85
2025-03-19 13:00:00+00:00,504.12,15.48
2025-03-19 14:00:00+00:00,436.55,15.51
2025-03-19 15:00:00+00:00,303.83,14.92
2025-03-19 16:00:00+00:00,166.15,13.56
2025-03-19 17:00:00+00:00,53.33,10.49
2025-03-19 18:00:00+00:00,0.0,8.4
2025-03-19 19:00:00+00:00,0.0,7.68
2025-03-19 20:00:00+00:00,0.0,6.99
2025-03-19 21:00:00+00:00,0.0,6.48
2025-03-19 22:00:00+00:00,0.0,6.17
2025-03-19 23:00:00+00:00,0.0,6.28
2025-03-20 00:00:00+00:00,0.0,6.48
2025-03-20 01:00:00+00:00,0.0,6.7
2025-03-20 02:00:00+00:00,0.0,7.0
2025-03-20 03:00:00+00:00,0.0,7.23
2025-03-20 04:00:00+00:00,0.0,7.36
2025-03-20 05:00:00+00:00,0.0,6.9
2025-03-20 06:00:00+00:00,20.02,6.54
2025-03-20 07:00:00+00:00,137.3,8.85
2025-03-20 08:00:00+00:00,283.6,10.76
2025-03-20 09:00:00+00:00,418.58,14.02
2025-03-20 10:00:00+00:00,533.83,16.51
2025-03-20 11:00:00+00:00,611.88,17.55
2025-03-20 12:00:00+00:00,589.88,18.07
2025-03-20 13:00:00+00:00,507.8,18.26
2025-03-20 14:00:00+00:00,448.05,18.1
2025-03-20 15:00:00+00:00,328.88,17.49
2025-03-20 16:00:00+00:00,194.65,15.93
2025-03-20 17:00:00+00:00,67.43,12.47
2025-03-20 18:00:00+00:00,0.0,9.92
2025-03-20 19:00:00+00:00,0.0,9.19
2025-03-20 20:00:00+00:00,0.0,8.58
2025-03-20 21:00:00+00:00,0.0,8.12
2025-03-20 22:00:00+00:00,0.0,7.78
2025-03-20 23:00:00+00:00,0.0,7.46
2025-03-21 00:00:00+00:00,0.0,7.22
2025-03-21 01:00:00+00:00,0.0,7.26
2025-03-21 02:00:00+00:00,0.0,6.99
2025-03-21 03:00:00+00:00,0.0,6.47
2025-03-21 04:00:00+00:00,0.0,6.91
2025-03-21 05:00:00+00:00,0.0,7.12
2025-03-21 06:00:00+00:00,14.5,7.25
2025-03-21 07:00:00+00:00,71.22,8.31
2025-03-21 08:00:00+00:00,142.75,9.48
2025-03-21 09:00:00+00:00,228.5,11.79
2025-03-21 10:00:00+00:00,283.92,14.15
2025-03-21 11:00:00+00:00,352.73,15.15
2025-03-21 12:00:00+00:00,470.8,15.2
2025-03-21 13:00:00+00:00,336.7,14.53
2025-03-21 14:00:00+00:00,275.85,13.6
2025-03-21 15:00:00+00:00,195.9,12.94
2025-03-21 16:00:00+00:00,110.75,12.3
2025-03-21 17:00:00+00:00,42.67,11.47
2025-03-21 18:00:00+00:00,0.0,10.94
2025-03-21 19:00:00+00:00,0.0,11.06
2025-03-21 20:00:00+00:00,0.0,10.91
2025-03-21 21:00:00+00:00,0.0,10.9
2025-03-21 22:00:00+00:00,0.0,10.78
2025-03-21 23:00:00+00:00,0.0,10.75
2025-03-22 00:00:00+00:00,0.0,10.57
2025-03-22 01:00:00+00:00,0.0,10.08
2025-03-22 02:00:00+00:00,0.0,9.57
2025-03-22 03:00:00+00:00,0.0,9.28
2025-03-22 04:00:00+00:00,0.0,9.08
2025-03-22 05:00:00+00:00,0.0,8.9
2025-03-22 06:00:00+00:00,17.67,9.22
2025-03-22 07:00:00+00:00,89.35,10.08
2025-03-22 08:00:00+00:00,167.27,10.82
2025-03-22 09:00:00+00:00,242.52,12.0
2025-03-22 10:00:00+00:00,303.8,13.32
2025-03-22 11:00:00+00:00,356.73,14.33
2025-03-22 12:00:00+00:00,370.2,14.98
2025-03-22 13:00:00+00:00,295.65,15.26
2025-03-22 14:00:00+00:00,254.7,15.22
2025-03-22 15:00:00+00:00,192.02,14.8
2025-03-22 16:00:00+00:00,117.3,13.88
2025-03-22 17:00:00+00:00,43.5,12.05
2025-03-22 18:00:00+00:00,0.0,10.64
2025-03-22 19:00:00+00:00,0.0,10.3
2025-03-22 20:00:00+00:00,0.0,10.06
2025-03-22 21:00:00+00:00,0.0,9.82
2025-03-22 22:00:00+00:00,0.0,9.52
2025-03-22 23:00:00+00:00,0.0,9.1
2025-03-23 00:00:00+00:00,0.0,8.63
2025-03-23 01:00:00+00:00,0.0,8.2
2025-03-23 02:00:00+00:00,0.0,7.95
2025-03-23 03:00:00+00:00,0.0,7.88
2025-03-23 04:00:00+00:00,0.0,7.78
2025-03-23 05:00:00+00:00,0.0,7.52
2025-03-23 06:00:00+00:00,16.65,7.55
2025-03-23 07:00:00+00:00,75.45,8.42
2025-03-23 08:00:00+00:00,149.52,9.84
2025-03-23 09:00:00+00:00,204.0,11.14
2025-03-23 10:00:00+00:00,207.18,12.53
2025-03-23 11:00:00+00:00,189.05,13.71
2025-03-23 12:00:00+00:00,192.93,14.43
2025-03-23 13:00:00+00:00,171.02,14.76
2025-03-23 14:00:00+00:00,135.48,14.77
2025-03-23 15:00:00+00:00,106.05,14.42
2025-03-23 16:00:00+00:00,71.28,13.64
2025-03-23 17:00:00+00:00,34.22,12.37
2025-03-23 18:00:00+00:00,0.0,11.42
2025-03-23 19:00:00+00:00,0.0,10.77
2025-03-23 20:00:00+00:00,0.0,9.88
2025-03-23 21:00:00+00:00,0.0,8.9
2025-03-23 22:00:00+00:00,0.0,8.09
2025-03-23 23:00:00+00:00,0.0,7.65
2025-03-24 00:00:00+00:00,0.0,7.5
2025-03-24 01:00:00+00:00,0.0,7.37
2025-03-24 02:00:00+00:00,0.0,7.23
2025-03-24 03:00:00+00:00,0.0,7.07
2025-03-24 04:00:00+00:00,0.0,6.93
2025-03-24 05:00:00+00:00,0.0,6.76
2025-03-24 06:00:00+00:00,13.65,6.66
2025-03-24 07:00:00+00:00,54.4,6.78
2025-03-24 08:00:00+00:00,133.93,7.25
2025-03-24 09:00:00+00:00,192.12,8.08
2025-03-24 10:00:00+00:00,243.93,9.17
2025-03-24 11:00:00+00:00,368.85,10.39
2025-03-24 12:00:00+00:00,474.5,11.64
2025-03-24 13:00:00+00:00,516.2,12.64
2025-03-24 14:00:00+00:00,484.6,13.22
2025-03-24 15:00:00+00:00,341.45,13.2
2025-03-24 16:00:00+00:00,212.77,12.56
2025-03-24 17:00:00+00:00,86.28,10.5
2025-03-24 18:00:00+00:00,0.0,9.36
2025-03-24 19:00:00+00:00,0.0,9.1
2025-03-24 20:00:00+00:00,0.0,8.26
2025-03-24 21:00:00+00:00,0.0,6.76
2025-03-24 22:00:00+00:00,0.0,5.22
2025-03-24 23:00:00+00:00,0.0,4.24
2025-03-25 00:00:00+00:00,0.0,3.77
2025-03-25 01:00:00+00:00,0.0,3.48
2025-03-25 02:00:00+00:00,0.0,3.1
2025-03-25 03:00:00+00:00,0.0,2.79
2025-03-25 04:00:00+00:00,0.0,2.84
2025-03-25 05:00:00+00:00,0.0,3.87
2025-03-25 06:00:00+00:00,28.48,4.53
2025-03-25 07:00:00+00:00,113.43,5.48
2025-03-25 08:00:00+00:00,198.85,7.37
2025-03-25 09:00:00+00:00,276.7,9.76
2025-03-25 10:00:00+00:00,368.67,12.27
2025-03-25 11:00:00+00:00,416.5,13.78
2025-03-25 12:00:00+00:00,370.17,14.23
2025-03-25 13:00:00+00:00,354.98,14.02
2025-03-25 14:00:00+00:00,286.1,13.35
2025-03-25 15:00:00+00:00,219.55,12.91
2025-03-25 16:00:00+00:00,137.38,12.5
2025-03-25 17:00:00+00:00,52.95,11.6
2025-03-25 18:00:00+00:00,2.97,10.68
2025-03-25 19:00:00+00:00,0.0,10.52
2025-03-25 20:00:00+00:00,0.0,10.28
2025-03-25 21:00:00+00:00,0.0,10.01
2025-03-25 22:00:00+00:00,0.0,9.55
2025-03-25 23:00:00+00:00,0.0,9.25
2025-03-26 00:00:00+00:00,0.0,8.76
2025-03-26 01:00:00+00:00,0.0,7.81
2025-03-26 02:00:00+00:00,0.0,6.93
2025-03-26 03:00:00+00:00,0.0,6.39
2025-03-26 04:00:00+00:00,0.0,5.92
2025-03-26 05:00:00+00:00,0.0,5.36
2025-03-26 06:00:00+00:00,39.3,5.86
2025-03-26 07:00:00+00:00,168.23,6.92
2025-03-26 08:00:00+00:00,312.75,9.02
2025-03-26 09:00:00+00:00,443.7,11.57
2025-03-26 10:00:00+00:00,552.55,13.27
2025-03-26 11:00:00+00:00,559.6,14.53
2025-03-26 12:00:00+00:00,431.8,15.37
2025-03-26 13:00:00+00:00,475.85,15.92
2025-03-26 14:00:00+00:00,495.85,16.17
2025-03-26 15:00:00+00:00,364.17,16.0
2025-03-26 16:00:00+00:00,223.65,15.33
2025-03-26 17:00:00+00:00,84.18,12.98
2025-03-26 18:00:00+00:00,4.57,9.8
2025-03-26 19:00:00+00:00,0.0,8.37
2025-03-26 20:00:00+00:00,0.0,7.37
2025-03-26 21:00:00+00:00,0.0,6.53
2025-03-26 22:00:00+00:00,0.0,5.82
2025-03-26 23:00:00+00:00,0.0,5.3
2025-03-27 00:00:00+00:00,0.0,5.29
2025-03-27 01:00:00+00:00,0.0,5.34
2025-03-27 02:00:00+00:00,0.0,5.55
2025-03-27 03:00:00+00:00,0.0,5.94
2025-03-27 04:00:00+00:00,0.0,5.85
2025-03-27 05:00:00+00:00,0.0,5.65
2025-03-27 06:00:00+00:00,33.85,5.64
2025-03-27 07:00:00+00:00,112.28,6.08
2025-03-27 08:00:00+00:00,201.52,7.05
2025-03-27 09:00:00+00:00,251.82,8.84
2025-03-27 10:00:00+00:00,281.88,10.79
2025-03-27 11:00:00+00:00,343.35,12.64
2025-03-27 12:00:00+00:00,388.7,14.16
2025-03-27 13:00:00+00:00,377.02,14.99
2025-03-27 14:00:00+00:00,332.08,15.27
2025-03-27 15:00:00+00:00,256.02,14.99
2025-03-27 16:00:00+00:00,165.15,14.16
2025-03-27 17:00:00+00:00,63.0,11.95
2025-03-27 18:00:00+00:00,4.68,8.79
2025-03-27 19:00:00+00:00,0.0,7.88
2025-03-27 20:00:00+00:00,0.0,7.31
2025-03-27 21:00:00+00:00,0.0,7.23
2025-03-27 22:00:00+00:00,0.0,7.19
2025-03-27 23:00:00+00:00,0.0,7.18
2025-03-28 00:00:00+00:00,0.0,7.1
2025-03-28 01:00:00+00:00,0.0,7.09
2025-03-28 02:00:00+00:00,0.0,7.07
2025-03-28 03:00:00+00:00,0.0,7.28
2025-03-28 04:00:00+00:00,0.0,7.53
2025-03-28 05:00:00+00:00,0.0,7.78
2025-03-28 06:00:00+00:00,36.92,8.29
2025-03-28 07:00:00+00:00,153.0,9.25
2025-03-28 08:00:00+00:00,271.67,10.13
2025-03-28 09:00:00+00:00,406.3,10.82
2025-03-28 10:00:00+00:00,522.8,11.02
2025-03-28 11:00:00+00:00,598.28,11.14
2025-03-28 12:00:00+00:00,597.97,11.79
2025-03-28 13:00:00+00:00,495.1,12.77
2025-03-28 14:00:00+00:00,465.27,13.24
2025-03-28 15:00:00+00:00,359.7,12.73
2025-03-28 16:00:00+00:00,232.93,11.6
2025-03-28 17:00:00+00:00,102.3,9.71
2025-03-28 18:00:00+00:00,7.78,6.97
2025-03-28 19:00:00+00:00,0.0,5.89
2025-03-28 20:00:00+00:00,0.0,5.22
2025-03-28 21:00:00+00:00,0.0,4.79
2025-03-28 22:00:00+00:00,0.0,4.38
2025-03-28 23:00:00+00:00,0.0,3.94
2025-03-29 00:00:00+00:00,0.0,3.32
2025-03-29 01:00:00+00:00,0.0,2.66
2025-03-29 02:00:00+00:00,0.0,2.64
2025-03-29 03:00:00+00:00,0.0,2.9
2025-03-29 04:00:00+00:00,0.0,3.01
2025-03-29 05:00:00+00:00,0.0,2.31
2025-03-29 06:00:00+00:00,64.7,3.02
2025-03-29 07:00:00+00:00,214.85,4.54
2025-03-29 08:00:00+00:00,375.08,7.16
2025-03-29 09:00:00+00:00,512.58,9.82
2025-03-29 10:00:00+00:00,594.15,11.36
2025-03-29 11:00:00+00:00,689.2,12.47
2025-03-29 12:00:00+00:00,630.35,13.07
2025-03-29 13:00:00+00:00,563.1,13.09
2025-03-29 14:00:00+00:00,434.73,12.88
2025-03-29 15:00:00+00:00,331.58,12.19
2025-03-29 16:00:00+00:00,208.77,11.22
2025-03-29 17:00:00+00:00,87.2,9.8
2025-03-29 18:00:00+00:00,5.88,8.22
2025-03-29 19:00:00+00:00,0.0,7.56
2025-03-29 20:00:00+00:00,0.0,7.21
2025-03-29 21:00:00+00:00,0.0,7.19
2025-03-29 22:00:00+00:00,0.0,7.27
2025-03-29 23:00:00+00:00,0.0,7.34
2025-03-30 00:00:00+00:00,0.0,7.64
2025-03-30 01:00:00+00:00,0.0,8.2
2025-03-30 02:00:00+00:00,0.0,8.78
2025-03-30 03:00:00+00:00,0.0,9.07
2025-03-30 04:00:00+00:00,0.0,9.19
2025-03-30 05:00:00+00:00,0.0,8.54
2025-03-30 06:00:00+00:00,65.0,8.2
2025-03-30 07:00:00+00:00,217.6,9.26
2025-03-30 08:00:00+00:00,387.3,10.9
2025-03-30 09:00:00+00:00,540.03,12.24
2025-03-30 10:00:00+00:00,640.75,13.5
2025-03-30 11:00:00+00:00,701.35,14.56
2025-03-30 12:00:00+00:00,705.78,15.32
2025-03-30 13:00:00+00:00,664.4,15.7
2025-03-30 14:00:00+00:00,576.17,15.64
2025-03-30 15:00:00+00:00,447.2,15.16
2025-03-30 16:00:00+00:00,289.7,14.2
2025-03-30 17:00:00+00:00,124.43,12.1
2025-03-30 18:00:00+00:00,9.62,8.84
2025-03-30 19:00:00+00:00,0.0,7.76
2025-03-30 20:00:00+00:00,0.0,7.37
2025-03-30 21:00:00+00:00,0.0,7.51
2025-03-30 22:00:00+00:00,0.0,6.95
2025-03-30 23:00:00+00:00,0.0,5.38
2025-03-31 00:00:00+00:00,0.0,4.38
2025-03-31 01:00:00+00:00,0.0,3.82
2025-03-31 02:00:00+00:00,0.0,3.6
2025-03-31 03:00:00+00:00,0.0,3.28
2025-03-31 04:00:00+00:00,0.0,2.82
2025-03-31 05:00:00+00:00,0.0,2.69
2025-03-31 06:00:00+00:00,77.4,4.63
2025-03-31 07:00:00+00:00,232.6,7.2
2025-03-31 08:00:00+00:00,395.15,10.03
2025-03-31 09:00:00+00:00,535.03,12.22
2025-03-31 10:00:00+00:00,632.6,13.75
2025-03-31 11:00:00+00:00,686.83,14.69
2025-03-31 12:00:00+00:00,687.47,15.29
2025-03-31 13:00:00+00:00,633.97,15.58
2025-03-31 14:00:00+00:00,566.47,15.54
2025-03-31 15:00:00+00:00,431.6,15.13
2025-03-31 16:00:00+00:00,282.5,14.19
2025-03-31 17:00:00+00:00,124.38,11.93
2025-03-31 18:00:00+00:00,10.8,8.67
2025-03-31 19:00:00+00:00,0.0,7.46
2025-03-31 20:00:00+00:00,0.0,6.38
2025-03-31 21:00:00+00:00,0.0,5.4
2025-03-31 22:00:00+00:00,0.0,5.26
2025-03-31 23:00:00+00:00,0.0,5.38
2025-04-01 00:00:00+00:00,0.0,5.21
2025-04-01 01:00:00+00:00,0.0,4.77
2025-04-01 02:00:00+00:00,0.0,4.98
2025-04-01 03:00:00+00:00,0.0,4.78
2025-04-01 04:00:00+00:00,0.0,4.55
2025-04-01 05:00:00+00:00,0.0,4.51
2025-04-01 06:00:00+00:00,76.85,5.35
2025-04-01 07:00:00+00:00,231.48,7.33
2025-04-01 08:00:00+00:00,389.42,9.65
2025-04-01 09:00:00+00:00,538.6,11.18
2025-04-01 10:00:00+00:00,656.08,12.33
2025-04-01 11:00:00+00:00,721.22,13.08
2025-04-01 12:00:00+00:00,724.1,13.47
2025-04-01 13:00:00+00:00,682.28,13.53
2025-04-01 14:00:00+00:00,592.83,13.3
2025-04-01 15:00:00+00:00,463.77,12.73
2025-04-01 16:00:00+00:00,306.67,11.74
2025-04-01 17:00:00+00:00,139.3,10.21
2025-04-01 18:00:00+00:00,12.98,8.12
2025-04-01 19:00:00+00:00,0.0,7.03
2025-04-01 20:00:00+00:00,0.0,6.38
2025-04-01 21:00:00+00:00,0.0,5.92
2025-04-01 22:00:00+00:00,0.0,5.73
2025-04-01 23:00:00+00:00,0.0,5.63
2025-04-02 00:00:00+00:00,0.0,5.13
2025-04-02 01:00:00+00:00,0.0,4.95
2025-04-02 02:00:00+00:00,0.0,4.8
2025-04-02 03:00:00+00:00,0.0,4.71
2025-04-02 04:00:00+00:00,0.0,4.64
2025-04-02 05:00:00+00:00,0.0,4.72
2025-04-02 06:00:00+00:00,85.82,6.36
2025-04-02 07:00:00+00:00,239.48,8.67
2025-04-02 08:00:00+00:00,400.8,11.0
2025-04-02 09:00:00+00:00,540.9,12.5
2025-04-02 10:00:00+00:00,644.38,13.55
2025-04-02 11:00:00+00:00,702.35,14.31
2025-04-02 12:00:00+00:00,702.92,14.81
2025-04-02 13:00:00+00:00,663.72,14.95
2025-04-02 14:00:00+00:00,571.75,14.79
2025-04-02 15:00:00+00:00,446.05,14.32
2025-04-02 16:00:00+00:00,292.23,13.33
2025-04-02 17:00:00+00:00,129.93,11.59
2025-04-02 18:00:00+00:00,12.18,9.49
2025-04-02 19:00:00+00:00,0.0,8.29
2025-04-02 20:00:00+00:00,0.0,7.62
2025-04-02 21:00:00+00:00,0.0,7.05
2025-04-02 22:00:00+00:00,0.0,6.78
2025-04-02 23:00:00+00:00,0.0,6.71
2025-04-03 00:00:00+00:00,0.0,6.67
2025-04-03 01:00:00+00:00,0.0,6.55
2025-04-03 02:00:00+00:00,0.0,6.51
2025-04-03 03:00:00+00:00,0.0,6.55
2025-04-03 04:00:00+00:00,0.0,6.33
2025-04-03 05:00:00+00:00,0.0,6.46
2025-04-03 06:00:00+00:00,74.47,8.12
2025-04-03 07:00:00+00:00,210.85,10.03
2025-04-03 08:00:00+00:00,360.33,12.37
2025-04-03 09:00:00+00:00,496.1,14.19
2025-04-03 10:00:00+00:00,598.6,15.51
2025-04-03 11:00:00+00:00,656.6,16.4
2025-04-03 12:00:00+00:00,679.2,16.89
2025-04-03 13:00:00+00:00,631.2,16.69
2025-04-03 14:00:00+00:00,488.7,16.63
2025-04-03 15:00:00+00:00,339.6,16.44
2025-04-03 16:00:00+00:00,211.18,15.55
2025-04-03 17:00:00+00:00,94.93,13.74
2025-04-03 18:00:00+00:00,11.0,11.72
2025-04-03 19:00:00+00:00,0.0,10.55
2025-04-03 20:00:00+00:00,0.0,9.82
2025-04-03 21:00:00+00:00,0.0,9.49
2025-04-03 22:00:00+00:00,0.0,9.54
2025-04-03 23:00:00+00:00,0.0,9.6
2025-04-04 00:00:00+00:00,0.0,9.53
2025-04-04 01:00:00+00:00,0.0,9.45
2025-04-04 02:00:00+00:00,0.0,9.44
2025-04-04 03:00:00+00:00,0.0,9.47
2025-04-04 04:00:00+00:00,0.0,9.21
2025-04-04 05:00:00+00:00,0.0,8.68
2025-04-04 06:00:00+00:00,66.4,9.23
2025-04-04 07:00:00+00:00,165.07,10.49
2025-04-04 08:00:00+00:00,289.23,12.63
2025-04-04 09:00:00+00:00,403.42,15.27
2025-04-04 10:00:00+00:00,487.83,17.36
2025-04-04 11:00:00+00:00,571.03,18.71
2025-04-04 12:00:00+00:00,557.05,19.27
2025-04-04 13:00:00+00:00,528.12,19.28
2025-04-04 14:00:00+00:00,515.67,18.86
2025-04-04 15:00:00+00:00,399.02,17.9
2025-04-04 16:00:00+00:00,263.55,16.39
2025-04-04 17:00:00+00:00,123.05,14.14
2025-04-04 18:00:00+00:00,14.2,11.44
2025-04-04 19:00:00+00:00,0.0,9.95
2025-04-04 20:00:00+00:00,0.0,8.68
2025-04-04 21:00:00+00:00,0.0,7.6
2025-04-04 22:00:00+00:00,0.0,6.68
2025-04-04 23:00:00+00:00,0.0,6.05
2025-04-05 00:00:00+00:00,0.0,5.7
2025-04-05 01:00:00+00:00,0.0,5.37
2025-04-05 02:00:00+00:00,0.0,5.32
2025-04-05 03:00:00+00:00,0.0,5.17
2025-04-05 04:00:00+00:00,0.0,4.72
2025-04-05 05:00:00+00:00,5.05,4.88
2025-04-05 06:00:00+00:00,106.35,5.43
2025-04-05 07:00:00+00:00,273.38,7.17
2025-04-05 08:00:00+00:00,438.0,9.64
2025-04-05 09:00:00+00:00,579.0,12.13
2025-04-05 10:00:00+00:00,683.58,14.29
2025-04-05 11:00:00+00:00,742.65,15.56
2025-04-05 12:00:00+00:00,752.08,15.99
2025-04-05 13:00:00+00:00,710.03,15.83
2025-04-05 14:00:00+00:00,620.9,15.29
2025-04-05 15:00:00+00:00,491.65,14.36
2025-04-05 16:00:00+00:00,333.42,12.92
2025-04-05 17:00:00+00:00,162.32,10.8
2025-04-05 18:00:00+00:00,20.77,7.99
2025-04-05 19:00:00+00:00,0.0,6.43
2025-04-05 20:00:00+00:00,0.0,5.6
2025-04-05 21:00:00+00:00,0.0,5.07
2025-04-05 22:00:00+00:00,0.0,4.75
2025-04-05 23:00:00+00:00,0.0,4.47
2025-04-06 00:00:00+00:00,0.0,4.39
2025-04-06 01:00:00+00:00,0.0,4.24
2025-04-06 02:00:00+00:00,0.0,4.11
2025-04-06 03:00:00+00:00,0.0,3.93
2025-04-06 04:00:00+00:00,0.0,3.81
2025-04-06 05:00:00+00:00,6.15,3.69
2025-04-06 06:00:00+00:00,113.65,5.18
2025-04-06 07:00:00+00:00,281.9,7.45
2025-04-06 08:00:00+00:00,445.08,10.21
2025-04-06 09:00:00+00:00,584.0,12.2
2025-04-06 10:00:00+00:00,685.62,13.59
2025-04-06 11:00:00+00:00,742.0,14.44
2025-04-06 12:00:00+00:00,741.22,14.74
2025-04-06 13:00:00+00:00,699.05,14.57
2025-04-06 14:00:00+00:00,609.8,14.04
2025-04-06 15:00:00+00:00,481.27,13.2
2025-04-06 16:00:00+00:00,324.62,11.94
2025-04-06 17:00:00+00:00,156.9,10.09
2025-04-06 18:00:00+00:00,20.58,6.86
2025-04-06 19:00:00+00:00,0.0,5.61
2025-04-06 20:00:00+00:00,0.0,5.14
2025-04-06 21:00:00+00:00,0.0,4.65
2025-04-06 22:00:00+00:00,0.0,4.14
2025-04-06 23:00:00+00:00,0.0,3.69
2025-04-07 00:00:00+00:00,0.0,3.49
2025-04-07 01:00:00+00:00,0.0,3.48
2025-04-07 02:00:00+00:00,0.0,3.42
2025-04-07 03:00:00+00:00,0.0,3.43
2025-04-07 04:00:00+00:00,0.0,3.32
2025-04-07 05:00:00+00:00,7.22,3.66
2025-04-07 06:00:00+00:00,117.5,4.9
2025-04-07 07:00:00+00:00,284.9,6.89
2025-04-07 08:00:00+00:00,448.3,9.8
2025-04-07 09:00:00+00:00,588.15,11.73
2025-04-07 10:00:00+00:00,690.2,13.03
2025-04-07 11:00:00+00:00,746.12,13.92
2025-04-07 12:00:00+00:00,746.12,14.46
2025-04-07 13:00:00+00:00,702.45,14.63
2025-04-07 14:00:00+00:00,611.58,14.46
2025-04-07 15:00:00+00:00,371.71,13.95
2025-04-07 16:00:00+00:00,231.15,13.06
2025-04-07 17:00:00+00:00,114.83,11.17
2025-04-07 18:00:00+00:00,15.75,7.57
2025-04-07 19:00:00+00:00,0.0,5.94
2025-04-07 20:00:00+00:00,0.0,5.05
2025-04-07 21:00:00+00:00,0.0,4.25
2025-04-07 22:00:00+00:00,0.0,3.55
2025-04-07 23:00:00+00:00,0.0,2.98
2025-04-08 00:00:00+00:00,0.0,2.51
2025-04-08 01:00:00+00:00,0.0,2.46
2025-04-08 02:00:00+00:00,0.0,3.01
2025-04-08 03:00:00+00:00,0.0,3.66
2025-04-08 04:00:00+00:00,0.0,3.89
2025-04-08 05:00:00+00:00,8.02,3.84
2025-04-08 06:00:00+00:00,112.35,4.29
2025-04-08 07:00:00+00:00,259.65,6.14
2025-04-08 08:00:00+00:00,395.25,8.79
2025-04-08 09:00:00+00:00,541.22,11.96
2025-04-08 10:00:00+00:00,595.35,13.62
2025-04-08 11:00:00+00:00,684.15,14.5
2025-04-08 12:00:00+00:00,630.3,14.97
2025-04-08 13:00:00+00:00,609.42,14.98
2025-04-08 14:00:00+00:00,516.75,14.7
2025-04-08 15:00:00+00:00,405.0,14.22
2025-04-08 16:00:00+00:00,276.77,13.48
2025-04-08 17:00:00+00:00,137.68,11.71
2025-04-08 18:00:00+00:00,20.65,8.11
2025-04-08 19:00:00+00:00,0.0,6.35
2025-04-08 20:00:00+00:00,0.0,5.44
2025-04-08 21:00:00+00:00,0.0,4.69
2025-04-08 22:00:00+00:00,0.0,4.02
2025-04-08 23:00:00+00:00,0.0,3.48
2025-04-09 00:00:00+00:00,0.0,3.11
2025-04-09 01:00:00+00:00,0.0,2.94
2025-04-09 02:00:00+00:00,0.0,2.83
2025-04-09 03:00:00+00:00,0.0,2.84
2025-04-09 04:00:00+00:00,0.0,2.88
2025-04-09 05:00:00+00:00,9.18,2.98
2025-04-09 06:00:00+00:00,112.9,3.74
2025-04-09 07:00:00+00:00,260.9,5.68
2025-04-09 08:00:00+00:00,404.98,7.74
2025-04-09 09:00:00+00:00,530.45,9.43
2025-04-09 10:00:00+00:00,664.9,10.87
2025-04-09 11:00:00+00:00,741.97,12.05
2025-04-09 12:00:00+00:00,707.53,12.86
2025-04-09 13:00:00+00:00,701.95,13.33
2025-04-09 14:00:00+00:00,609.85,13.38
2025-04-09 15:00:00+00:00,479.1,13.1
2025-04-09 16:00:00+00:00,321.6,12.44
2025-04-09 17:00:00+00:00,156.2,11.0
2025-04-09 18:00:00+00:00,23.52,7.77
2025-04-09 19:00:00+00:00,0.0,6.13
2025-04-09 20:00:00+00:00,0.0,5.25
2025-04-09 21:00:00+00:00,0.0,4.35
2025-04-09 22:00:00+00:00,0.0,3.4
2025-04-09 23:00:00+00:00,0.0,2.61
2025-04-10 00:00:00+00:00,0.0,1.98
2025-04-10 01:00:00+00:00,0.0,1.62
2025-04-10 02:00:00+00:00,0.0,1.74
2025-04-10 03:00:00+00:00,0.0,2.2
2025-04-10 04:00:00+00:00,0.0,2.55
2025-04-10 05:00:00+00:00,9.02,3.24
2025-04-10 06:00:00+00:00,86.9,4.96
2025-04-10 07:00:00+00:00,203.9,6.6
2025-04-10 08:00:00+00:00,318.83,8.22
2025-04-10 09:00:00+00:00,422.67,9.76
2025-04-10 10:00:00+00:00,596.1,11.36
2025-04-10 11:00:00+00:00,679.65,12.81
2025-04-10 12:00:00+00:00,743.97,13.95
2025-04-10 13:00:00+00:00,704.03,14.68
2025-04-10 14:00:00+00:00,615.67,15.06
2025-04-10 15:00:00+00:00,486.7,15.13
2025-04-10 16:00:00+00:00,328.9,14.84
2025-04-10 17:00:00+00:00,162.98,13.93
2025-04-10 18:00:00+00:00,26.23,12.18
2025-04-10 19:00:00+00:00,0.0,10.42
2025-04-10 20:00:00+00:00,0.0,8.99
2025-04-10 21:00:00+00:00,0.0,7.78
2025-04-10 22:00:00+00:00,0.0,6.87
2025-04-10 23:00:00+00:00,0.0,6.16
2025-04-11 00:00:00+00:00,0.0,5.55
2025-04-11 01:00:00+00:00,0.0,4.99
2025-04-11 02:00:00+00:00,0.0,4.44
2025-04-11 03:00:00+00:00,0.0,3.86
2025-04-11 04:00:00+00:00,0.0,3.29
2025-04-11 05:00:00+00:00,11.95,3.05
2025-04-11 06:00:00+00:00,127.6,5.66
2025-04-11 07:00:00+00:00,286.58,7.72
2025-04-11 08:00:00+00:00,447.42,10.6
2025-04-11 09:00:00+00:00,592.08,14.01
2025-04-11 10:00:00+00:00,700.8,16.47
2025-04-11 11:00:00+00:00,756.58,17.87
2025-04-11 12:00:00+00:00,755.35,19.02
2025-04-11 13:00:00+00:00,711.92,19.87
2025-04-11 14:00:00+00:00,619.92,20.24
2025-04-11 15:00:00+00:00,488.38,20.05
2025-04-11 16:00:00+00:00,329.62,19.43
2025-04-11 17:00:00+00:00,163.35,17.22
2025-04-11 18:00:00+00:00,27.3,12.93
2025-04-11 19:00:00+00:00,0.0,10.73
2025-04-11 20:00:00+00:00,0.0,9.55
2025-04-11 21:00:00+00:00,0.0,8.45
2025-04-11 22:00:00+00:00,0.0,7.43
2025-04-11 23:00:00+00:00,0.0,6.51
2025-04-12 00:00:00+00:00,0.0,5.78
2025-04-12 01:00:00+00:00,0.0,5.23
2025-04-12 02:00:00+00:00,0.0,4.82
2025-04-12 03:00:00+00:00,0.0,4.83
2025-04-12 04:00:00+00:00,0.0,5.38
2025-04-12 05:00:00+00:00,12.77,6.36
2025-04-12 06:00:00+00:00,119.72,8.08
2025-04-12 07:00:00+00:00,260.12,9.62
2025-04-12 08:00:00+00:00,400.38,11.72
2025-04-12 09:00:00+00:00,538.88,14.4
2025-04-12 10:00:00+00:00,619.08,17.31
2025-04-12 11:00:00+00:00,676.6,19.05
2025-04-12 12:00:00+00:00,587.38,19.53
2025-04-12 13:00:00+00:00,578.53,19.42
2025-04-12 14:00:00+00:00,485.58,19.04
2025-04-12 15:00:00+00:00,334.17,18.38
2025-04-12 16:00:00+00:00,210.73,17.13
2025-04-12 17:00:00+00:00,103.95,15.23
2025-04-12 18:00:00+00:00,18.95,13.24
2025-04-12 19:00:00+00:00,0.0,12.16
2025-04-12 20:00:00+00:00,0.0,11.49
2025-04-12 21:00:00+00:00,0.0,10.9
2025-04-12 22:00:00+00:00,0.0,10.38
2025-04-12 23:00:00+00:00,0.0,10.09
2025-04-13 00:00:00+00:00,0.0,9.89
2025-04-13 01:00:00+00:00,0.0,9.34
2025-04-13 02:00:00+00:00,0.0,8.13
2025-04-13 03:00:00+00:00,0.0,6.99
2025-04-13 04:00:00+00:00,0.0,6.46
2025-04-13 05:00:00+00:00,12.57,6.54
2025-04-13 06:00:00+00:00,89.62,7.44
2025-04-13 07:00:00+00:00,181.15,9.1
2025-04-13 08:00:00+00:00,284.1,11.54
2025-04-13 09:00:00+00:00,377.08,13.42
2025-04-13 10:00:00+00:00,417.52,14.51
2025-04-13 11:00:00+00:00,404.77,14.51
2025-04-13 12:00:00+00:00,330.0,14.48
2025-04-13 13:00:00+00:00,366.6,14.52
2025-04-13 14:00:00+00:00,319.8,14.77
2025-04-13 15:00:00+00:00,231.5,14.65
2025-04-13 16:00:00+00:00,146.88,13.89
2025-04-13 17:00:00+00:00,75.7,12.34
2025-04-13 18:00:00+00:00,16.9,10.7
2025-04-13 19:00:00+00:00,0.0,9.59
2025-04-13 20:00:00+00:00,0.0,8.8
2025-04-13 21:00:00+00:00,0.0,7.71
2025-04-13 22:00:00+00:00,0.0,6.64
2025-04-13 23:00:00+00:00,0.0,5.91
2025-04-14 00:00:00+00:00,0.0,5.0
2025-04-14 01:00:00+00:00,0.0,4.33
2025-04-14 02:00:00+00:00,0.0,4.62
2025-04-14 03:00:00+00:00,0.0,5.24
2025-04-14 04:00:00+00:00,0.0,5.6
2025-04-14 05:00:00+00:00,17.08,5.97
2025-04-14 06:00:00+00:00,118.03,6.88
2025-04-14 07:00:00+00:00,240.6,8.77
2025-04-14 08:00:00+00:00,362.27,11.01
2025-04-14 09:00:00+00:00,468.2,12.58
2025-04-14 10:00:00+00:00,494.9,13.55
2025-04-14 11:00:00+00:00,446.2,13.96
2025-04-14 12:00:00+00:00,455.62,13.62
2025-04-14 13:00:00+00:00,372.77,13.58
2025-04-14 14:00:00+00:00,331.65,13.79
2025-04-14 15:00:00+00:00,247.45,13.78
2025-04-14 16:00:00+00:00,161.35,13.37
2025-04-14 17:00:00+00:00,80.35,12.44
2025-04-14 18:00:00+00:00,18.2,10.8
2025-04-14 19:00:00+00:00,0.0,9.62
2025-04-14 20:00:00+00:00,0.0,9.09
2025-04-14 21:00:00+00:00,0.0,8.92
2025-04-14 22:00:00+00:00,0.0,9.07
2025-04-14 23:00:00+00:00,0.0,9.24
2025-04-15 00:00:00+00:00,0.0,9.23
2025-04-15 01:00:00+00:00,0.0,9.22
2025-04-15 02:00:00+00:00,0.0,9.31
2025-04-15 03:00:00+00:00,0.0,9.26
2025-04-15 04:00:00+00:00,0.0,9.04
2025-04-15 05:00:00+00:00,5.93,8.83
2025-04-15 06:00:00+00:00,42.92,9.6
2025-04-15 07:00:00+00:00,92.68,10.24
2025-04-15 08:00:00+00:00,159.07,11.22
2025-04-15 09:00:00+00:00,223.93,12.19
2025-04-15 10:00:00+00:00,264.23,13.05
2025-04-15 11:00:00+00:00,246.1,14.04
2025-04-15 12:00:00+00:00,282.52,15.21
2025-04-15 13:00:00+00:00,280.7,16.11
2025-04-15 14:00:00+00:00,215.4,16.53
2025-04-15 15:00:00+00:00,144.1,16.39
2025-04-15 16:00:00+00:00,95.12,15.68
2025-04-15 17:00:00+00:00,47.72,14.44
2025-04-15 18:00:00+00:00,12.0,13.0
2025-04-15 19:00:00+00:00,0.0,11.91
2025-04-15 20:00:00+00:00,0.0,10.94
2025-04-15 21:00:00+00:00,0.0,9.59
2025-04-15 22:00:00+00:00,0.0,8.8
2025-04-15 23:00:00+00:00,0.0,8.3
2025-04-16 00:00:00+00:00,0.0,8.0
2025-04-16 01:00:00+00:00,0.0,7.6
2025-04-16 02:00:00+00:00,0.0,7.07
2025-04-16 03:00:00+00:00,0.0,6.83
2025-04-16 04:00:00+00:00,0.0,6.96
2025-04-16 05:00:00+00:00,16.77,7.25
2025-04-16 06:00:00+00:00,114.68,7.77
2025-04-16 07:00:00+00:00,243.73,8.92
2025-04-16 08:00:00+00:00,389.98,10.44
2025-04-16 09:00:00+00:00,520.92,11.73
2025-04-16 10:00:00+00:00,563.35,12.68
2025-04-16 11:00:00+00:00,659.08,13.22
2025-04-16 12:00:00+00:00,667.85,13.57
2025-04-16 13:00:00+00:00,674.55,13.76
2025-04-16 14:00:00+00:00,598.15,13.76
2025-04-16 15:00:00+00:00,456.42,13.49
2025-04-16 16:00:00+00:00,311.08,12.89
2025-04-16 17:00:00+00:00,170.68,11.86
2025-04-16 18:00:00+00:00,40.85,9.56
2025-04-16 19:00:00+00:00,0.0,7.47
2025-04-16 20:00:00+00:00,0.0,6.89
2025-04-16 21:00:00+00:00,0.0,6.27
2025-04-16 22:00:00+00:00,0.0,5.74
2025-04-16 23:00:00+00:00,0.0,5.52
2025-04-17 00:00:00+00:00,0.0,5.45
2025-04-17 01:00:00+00:00,0.0,5.5
2025-04-17 02:00:00+00:00,0.0,5.61
2025-04-17 03:00:00+00:00,0.0,5.39
2025-04-17 04:00:00+00:00,0.0,4.78
2025-04-17 05:00:00+00:00,26.88,4.61
2025-04-17 06:00:00+00:00,166.62,6.31
2025-04-17 07:00:00+00:00,335.95,8.59
2025-04-17 08:00:00+00:00,501.42,12.08
2025-04-17 09:00:00+00:00,636.8,13.71
2025-04-17 10:00:00+00:00,730.25,14.67
2025-04-17 11:00:00+00:00,619.72,15.41
2025-04-17 12:00:00+00:00,552.92,15.96
2025-04-17 13:00:00+00:00,436.7,16.33
2025-04-17 14:00:00+00:00,377.8,16.45
2025-04-17 15:00:00+00:00,300.7,16.27
2025-04-17 16:00:00+00:00,200.52,15.74
2025-04-17 17:00:00+00:00,115.32,14.43
2025-04-17 18:00:00+00:00,31.0,11.4
2025-04-17 19:00:00+00:00,0.0,9.37
2025-04-17 20:00:00+00:00,0.0,8.56
2025-04-17 21:00:00+00:00,0.0,7.61
2025-04-17 22:00:00+00:00,0.0,6.72
2025-04-17 23:00:00+00:00,0.0,6.09
2025-04-18 00:00:00+00:00,0.0,6.01
2025-04-18 01:00:00+00:00,0.0,5.68
2025-04-18 02:00:00+00:00,0.0,5.94
2025-04-18 03:00:00+00:00,0.0,6.39
2025-04-18 04:00:00+00:00,0.0,6.62
2025-04-18 05:00:00+00:00,14.35,7.31
2025-04-18 06:00:00+00:00,82.93,9.13
2025-04-18 07:00:00+00:00,177.4,11.16
2025-04-18 08:00:00+00:00,288.4,13.48
2025-04-18 09:00:00+00:00,351.85,14.88
2025-04-18 10:00:00+00:00,421.73,15.46
2025-04-18 11:00:00+00:00,436.33,15.63
2025-04-18 12:00:00+00:00,341.35,15.61
2025-04-18 13:00:00+00:00,363.62,15.7
2025-04-18 14:00:00+00:00,269.15,15.82
2025-04-18 15:00:00+00:00,173.75,15.53
2025-04-18 16:00:00+00:00,113.07,14.89
2025-04-18 17:00:00+00:00,61.78,13.7
2025-04-18 18:00:00+00:00,12.95,12.47
2025-04-18 19:00:00+00:00,0.0,11.75
2025-04-18 20:00:00+00:00,0.0,11.31
2025-04-18 21:00:00+00:00,0.0,10.9
2025-04-18 22:00:00+00:00,0.0,10.51
2025-04-18 23:00:00+00:00,0.0,10.3
2025-04-19 00:00:00+00:00,0.0,10.1
2025-04-19 01:00:00+00:00,0.0,9.81
2025-04-19 02:00:00+00:00,0.0,9.56
2025-04-19 03:00:00+00:00,0.0,9.33
2025-04-19 04:00:00+00:00,0.0,9.15
2025-04-19 05:00:00+00:00,8.25,9.1
2025-04-19 06:00:00+00:00,67.28,9.71
2025-04-19 07:00:00+00:00,107.97,10.82
2025-04-19 08:00:00+00:00,160.7,11.96
2025-04-19 09:00:00+00:00,307.98,12.63
2025-04-19 10:00:00+00:00,435.85,13.14
2025-04-19 11:00:00+00:00,534.83,13.64
2025-04-19 12:00:00+00:00,693.88,14.14
2025-04-19 13:00:00+00:00,637.33,14.41
2025-04-19 14:00:00+00:00,551.83,14.22
2025-04-19 15:00:00+00:00,391.08,13.62
2025-04-19 16:00:00+00:00,271.98,12.68
2025-04-19 17:00:00+00:00,150.55,11.38
2025-04-19 18:00:00+00:00,40.28,9.38
2025-04-19 19:00:00+00:00,0.0,7.59
2025-04-19 20:00:00+00:00,0.0,6.83
2025-04-19 21:00:00+00:00,0.0,6.14
2025-04-19 22:00:00+00:00,0.0,5.55
2025-04-19 23:00:00+00:00,0.0,5.16
2025-04-20 00:00:00+00:00,0.0,4.86
2025-04-20 01:00:00+00:00,0.0,4.67
2025-04-20 02:00:00+00:00,0.0,4.51
2025-04-20 03:00:00+00:00,0.0,4.19
2025-04-20 04:00:00+00:00,0.0,3.92
2025-04-20 05:00:00+00:00,23.02,4.19
2025-04-20 06:00:00+00:00,129.2,5.51
2025-04-20 07:00:00+00:00,258.2,7.85
2025-04-20 08:00:00+00:00,439.55,9.83
2025-04-20 09:00:00+00:00,598.42,11.28
2025-04-20 10:00:00+00:00,687.7,12.48
2025-04-20 11:00:00+00:00,705.6,13.27
2025-04-20 12:00:00+00:00,514.9,13.79
2025-04-20 13:00:00+00:00,566.62,13.99
2025-04-20 14:00:00+00:00,383.85,13.84
2025-04-20 15:00:00+00:00,191.52,13.08
2025-04-20 16:00:00+00:00,126.03,12.04
2025-04-20 17:00:00+00:00,68.75,10.77
2025-04-20 18:00:00+00:00,18.9,9.47
2025-04-20 19:00:00+00:00,0.0,8.51
2025-04-20 20:00:00+00:00,0.0,7.97
2025-04-20 21:00:00+00:00,0.0,7.61
2025-04-20 22:00:00+00:00,0.0,7.37
2025-04-20 23:00:00+00:00,0.0,7.28
2025-04-21 00:00:00+00:00,0.0,7.35
2025-04-21 01:00:00+00:00,0.0,7.35
2025-04-21 02:00:00+00:00,0.0,7.45
2025-04-21 03:00:00+00:00,0.0,7.42
2025-04-21 04:00:00+00:00,0.0,7.3
2025-04-21 05:00:00+00:00,12.62,7.67
2025-04-21 06:00:00+00:00,67.6,8.94
2025-04-21 07:00:00+00:00,135.82,10.36
2025-04-21 08:00:00+00:00,114.9,11.9
2025-04-21 09:00:00+00:00,176.05,13.21
2025-04-21 10:00:00+00:00,222.45,14.28
2025-04-21 11:00:00+00:00,247.48,14.92
2025-04-21 12:00:00+00:00,237.23,15.27
2025-04-21 13:00:00+00:00,372.98,15.48
2025-04-21 14:00:00+00:00,299.98,15.53
2025-04-21 15:00:00+00:00,305.23,14.71
2025-04-21 16:00:00+00:00,213.7,13.88
2025-04-21 17:00:00+00:00,126.6,12.94
2025-04-21 18:00:00+00:00,41.88,11.74
2025-04-21 19:00:00+00:00,0.0,10.24
2025-04-21 20:00:00+00:00,0.0,9.23
2025-04-21 21:00:00+00:00,0.0,8.44
2025-04-21 22:00:00+00:00,0.0,7.75
2025-04-21 23:00:00+00:00,0.0,7.09
2025-04-22 00:00:00+00:00,0.0,6.73
2025-04-22 01:00:00+00:00,0.0,6.5
2025-04-22 02:00:00+00:00,0.0,6.29
2025-04-22 03:00:00+00:00,0.0,6.13
2025-04-22 04:00:00+00:00,0.0,6.16
2025-04-22 05:00:00+00:00,26.88,6.37
2025-04-22 06:00:00+00:00,126.45,7.14
2025-04-22 07:00:00+00:00,255.25,8.78
2025-04-22 08:00:00+00:00,411.73,10.83
2025-04-22 09:00:00+00:00,532.45,12.69
2025-04-22 10:00:00+00:00,613.78,13.96
2025-04-22 11:00:00+00:00,559.35,14.79
2025-04-22 12:00:00+00:00,549.22,15.24
2025-04-22 13:00:00+00:00,478.75,15.44
2025-04-22 14:00:00+00:00,427.23,15.37
2025-04-22 15:00:00+00:00,338.95,15.01
2025-04-22 16:00:00+00:00,224.6,14.34
2025-04-22 17:00:00+00:00,131.5,13.23
2025-04-22 18:00:00+00:00,41.1,11.23
2025-04-22 19:00:00+00:00,0.0,9.14
2025-04-22 20:00:00+00:00,0.0,8.44
2025-04-22 21:00:00+00:00,0.0,7.76
2025-04-22 22:00:00+00:00,0.0,7.92
2025-04-22 23:00:00+00:00,0.0,8.24
2025-04-23 00:00:00+00:00,0.0,8.45
2025-04-23 01:00:00+00:00,0.0,8.6
2025-04-23 02:00:00+00:00,0.0,8.6
2025-04-23 03:00:00+00:00,0.0,8.48
2025-04-23 04:00:00+00:00,0.0,8.22
2025-04-23 05:00:00+00:00,15.05,7.98
2025-04-23 06:00:00+00:00,68.82,8.02
2025-04-23 07:00:00+00:00,123.55,8.45
2025-04-23 08:00:00+00:00,195.02,9.49
2025-04-23 09:00:00+00:00,250.05,10.69
2025-04-23 10:00:00+00:00,284.3,11.45
2025-04-23 11:00:00+00:00,352.45,12.27
2025-04-23 12:00:00+00:00,408.52,13.08
2025-04-23 13:00:00+00:00,361.3,13.66
2025-04-23 14:00:00+00:00,300.08,13.79
2025-04-23 15:00:00+00:00,232.4,13.61
2025-04-23 16:00:00+00:00,159.93,13.06
2025-04-23 17:00:00+00:00,91.25,12.32
2025-04-23 18:00:00+00:00,31.02,10.79
2025-04-23 19:00:00+00:00,0.0,8.76
2025-04-23 20:00:00+00:00,0.0,8.28
2025-04-23 21:00:00+00:00,0.0,8.13
2025-04-23 22:00:00+00:00,0.0,7.9
2025-04-23 23:00:00+00:00,0.0,7.6
2025-04-24 00:00:00+00:00,0.0,7.38
2025-04-24 01:00:00+00:00,0.0,7.31
2025-04-24 02:00:00+00:00,0.0,7.15
2025-04-24 03:00:00+00:00,0.0,6.88
2025-04-24 04:00:00+00:00,0.0,6.7
2025-04-24 05:00:00+00:00,16.88,6.72
2025-04-24 06:00:00+00:00,80.93,7.47
2025-04-24 07:00:00+00:00,148.82,9.16
2025-04-24 08:00:00+00:00,223.52,11.09
2025-04-24 09:00:00+00:00,331.75,12.62
2025-04-24 10:00:00+00:00,411.73,13.89
2025-04-24 11:00:00+00:00,522.45,14.92
2025-04-24 12:00:00+00:00,583.0,15.63
2025-04-24 13:00:00+00:00,610.9,16.0
2025-04-24 14:00:00+00:00,555.47,16.0
2025-04-24 15:00:00+00:00,475.45,15.71
2025-04-24 16:00:00+00:00,333.15,15.18
2025-04-24 17:00:00+00:00,195.2,14.16
2025-04-24 18:00:00+00:00,63.15,12.19
2025-04-24 19:00:00+00:00,0.0,9.96
2025-04-24 20:00:00+00:00,0.0,8.78
2025-04-24 21:00:00+00:00,0.0,7.6
2025-04-24 22:00:00+00:00,0.0,6.52
2025-04-24 23:00:00+00:00,0.0,5.72
2025-04-25 00:00:00+00:00,0.0,5.14
2025-04-25 01:00:00+00:00,0.0,4.73
2025-04-25 02:00:00+00:00,0.0,4.53
2025-04-25 03:00:00+00:00,0.0,4.48
2025-04-25 04:00:00+00:00,0.0,4.47
2025-04-25 05:00:00+00:00,35.67,5.18
2025-04-25 06:00:00+00:00,131.82,7.08
2025-04-25 07:00:00+00:00,228.9,9.18
2025-04-25 08:00:00+00:00,368.83,11.01
2025-04-25 09:00:00+00:00,426.4,12.5
2025-04-25 10:00:00+00:00,458.27,13.75
2025-04-25 11:00:00+00:00,492.88,14.73
2025-04-25 12:00:00+00:00,562.47,15.41
2025-04-25 13:00:00+00:00,453.3,15.8
2025-04-25 14:00:00+00:00,413.05,15.87
2025-04-25 15:00:00+00:00,291.3,15.58
2025-04-25 16:00:00+00:00,209.3,14.88
2025-04-25 17:00:00+00:00,120.9,13.77
2025-04-25 18:00:00+00:00,43.95,11.81
2025-04-25 19:00:00+00:00,0.0,9.48
2025-04-25 20:00:00+00:00,0.0,8.28
2025-04-25 21:00:00+00:00,0.0,7.65
2025-04-25 22:00:00+00:00,0.0,7.09
2025-04-25 23:00:00+00:00,0.0,6.8
2025-04-26 00:00:00+00:00,0.0,6.75
2025-04-26 01:00:00+00:00,0.0,6.81
2025-04-26 02:00:00+00:00,0.0,7.03
2025-04-26 03:00:00+00:00,0.0,7.2
2025-04-26 04:00:00+00:00,0.0,7.09
2025-04-26 05:00:00+00:00,20.52,7.67
2025-04-26 06:00:00+00:00,68.43,9.05
2025-04-26 07:00:00+00:00,138.9,10.38
2025-04-26 08:00:00+00:00,212.55,11.95
2025-04-26 09:00:00+00:00,340.35,13.64
2025-04-26 10:00:00+00:00,491.52,15.01
2025-04-26 11:00:00+00:00,603.12,15.91
2025-04-26 12:00:00+00:00,565.1,16.42
2025-04-26 13:00:00+00:00,483.35,16.68
2025-04-26 14:00:00+00:00,351.48,16.65
2025-04-26 15:00:00+00:00,220.23,16.3
2025-04-26 16:00:00+00:00,150.8,15.72
2025-04-26 17:00:00+00:00,83.78,14.7
2025-04-26 18:00:00+00:00,32.2,12.85
2025-04-26 19:00:00+00:00,0.0,11.06
2025-04-26 20:00:00+00:00,0.0,9.99
2025-04-26 21:00:00+00:00,0.0,8.93
2025-04-26 22:00:00+00:00,0.0,7.91
2025-04-26 23:00:00+00:00,0.0,7.21
2025-04-27 00:00:00+00:00,0.0,6.95
2025-04-27 01:00:00+00:00,0.0,6.96
2025-04-27 02:00:00+00:00,0.0,6.97
2025-04-27 03:00:00+00:00,0.0,6.87
2025-04-27 04:00:00+00:00,0.0,6.84
2025-04-27 05:00:00+00:00,52.42,7.2
2025-04-27 06:00:00+00:00,187.93,9.25
2025-04-27 07:00:00+00:00,329.73,11.49
2025-04-27 08:00:00+00:00,494.38,15.23
2025-04-27 09:00:00+00:00,655.78,17.09
2025-04-27 10:00:00+00:00,763.15,18.31
2025-04-27 11:00:00+00:00,732.1,19.17
2025-04-27 12:00:00+00:00,633.28,19.73
2025-04-27 13:00:00+00:00,499.05,20.03
2025-04-27 14:00:00+00:00,537.95,20.1
2025-04-27 15:00:00+00:00,431.05,19.88
2025-04-27 16:00:00+00:00,264.65,19.4
2025-04-27 17:00:00+00:00,162.57,18.53
2025-04-27 18:00:00+00:00,61.6,16.42
2025-04-27 19:00:00+00:00,0.0,13.81
2025-04-27 20:00:00+00:00,0.0,12.18
2025-04-27 21:00:00+00:00,0.0,11.16
2025-04-27 22:00:00+00:00,0.0,10.36
2025-04-27 23:00:00+00:00,0.0,9.6
2025-04-28 00:00:00+00:00,0.0,8.92
2025-04-28 01:00:00+00:00,0.0,8.34
2025-04-28 02:00:00+00:00,0.0,7.88
2025-04-28 03:00:00+00:00,0.0,7.55
2025-04-28 04:00:00+00:00,0.0,7.33
2025-04-28 05:00:00+00:00,59.08,8.45
2025-04-28 06:00:00+00:00,194.68,11.07
2025-04-28 07:00:00+00:00,349.2,12.98
2025-04-28 08:00:00+00:00,499.83,16.52
2025-04-28 09:00:00+00:00,638.97,18.65
2025-04-28 10:00:00+00:00,744.47,19.61
2025-04-28 11:00:00+00:00,786.97,20.33
2025-04-28 12:00:00+00:00,794.1,20.87
2025-04-28 13:00:00+00:00,751.88,21.17
2025-04-28 14:00:00+00:00,671.08,21.2
2025-04-28 15:00:00+00:00,541.97,20.95
2025-04-28 16:00:00+00:00,387.02,20.37
2025-04-28 17:00:00+00:00,223.5,19.1
2025-04-28 18:00:00+00:00,80.65,15.88
2025-04-28 19:00:00+00:00,0.0,12.64
2025-04-28 20:00:00+00:00,0.0,11.22
2025-04-28 21:00:00+00:00,0.0,10.04
2025-04-28 22:00:00+00:00,0.0,9.08
2025-04-28 23:00:00+00:00,0.0,8.32
2025-04-29 00:00:00+00:00,0.0,7.73
2025-04-29 01:00:00+00:00,0.0,7.26
2025-04-29 02:00:00+00:00,0.0,6.89
2025-04-29 03:00:00+00:00,0.0,6.59
2025-04-29 04:00:00+00:00,0.0,6.24
2025-04-29 05:00:00+00:00,67.05,7.61
2025-04-29 06:00:00+00:00,215.5,10.44
2025-04-29 07:00:00+00:00,384.17,12.6
2025-04-29 08:00:00+00:00,548.83,15.88
2025-04-29 09:00:00+00:00,684.2,18.48
2025-04-29 10:00:00+00:00,782.45,19.73
2025-04-29 11:00:00+00:00,835.15,20.52
2025-04-29 12:00:00+00:00,825.42,20.94
2025-04-29 13:00:00+00:00,783.1,20.98
2025-04-29 14:00:00+00:00,693.35,20.68
2025-04-29 15:00:00+00:00,565.62,20.08
2025-04-29 16:00:00+00:00,410.5,19.08
2025-04-29 17:00:00+00:00,243.27,17.42
2025-04-29 18:00:00+00:00,94.4,14.39
2025-04-29 19:00:00+00:00,0.0,11.17
2025-04-29 20:00:00+00:00,0.0,9.92
2025-04-29 21:00:00+00:00,0.0,9.01
2025-04-29 22:00:00+00:00,0.0,8.3
2025-04-29 23:00:00+00:00,0.0,7.79
2025-04-30 00:00:00+00:00,0.0,7.46
2025-04-30 01:00:00+00:00,0.0,7.17
2025-04-30 02:00:00+00:00,0.0,6.94
2025-04-30 03:00:00+00:00,0.0,6.65
2025-04-30 04:00:00+00:00,0.0,6.58
2025-04-30 05:00:00+00:00,80.7,8.26
2025-04-30 06:00:00+00:00,235.43,11.19
2025-04-30 07:00:00+00:00,405.73,13.11
2025-04-30 08:00:00+00:00,564.15,16.3
2025-04-30 09:00:00+00:00,698.22,20.27
2025-04-30 10:00:00+00:00,794.7,21.57
2025-04-30 11:00:00+00:00,845.45,22.36
2025-04-30 12:00:00+00:00,833.9,22.89
2025-04-30 13:00:00+00:00,584.3,23.14
2025-04-30 14:00:00+00:00,551.25,23.1
2025-04-30 15:00:00+00:00,443.91,22.76
2025-04-30 16:00:00+00:00,332.32,21.95
2025-04-30 17:00:00+00:00,173.54,20.32
2025-04-30 18:00:00+00:00,73.48,16.76
2025-04-30 19:00:00+00:00,3.66,13.35
2025-04-30 20:00:00+00:00,0.0,11.84
2025-04-30 21:00:00+00:00,0.0,10.63
2025-04-30 22:00:00+00:00,0.0,9.67
2025-04-30 23:00:00+00:00,0.0,8.98
2025-05-01 00:00:00+00:00,0.0,8.47
2025-05-01 01:00:00+00:00,0.0,8.14
2025-05-01 02:00:00+00:00,0.0,7.89
2025-05-01 03:00:00+00:00,0.0,7.71
2025-05-01 04:00:00+00:00,0.0,7.64
2025-05-01 05:00:00+00:00,71.88,9.44
2025-05-01 06:00:00+00:00,208.93,12.68
2025-05-01 07:00:00+00:00,367.08,14.62
2025-05-01 08:00:00+00:00,516.58,16.91
2025-05-01 09:00:00+00:00,651.5,20.21
2025-05-01 10:00:00+00:00,699.88,22.23
2025-05-01 11:00:00+00:00,722.1,23.25
2025-05-01 12:00:00+00:00,744.1,23.81
2025-05-01 13:00:00+00:00,645.05,23.78
2025-05-01 14:00:00+00:00,571.08,23.52
2025-05-01 15:00:00+00:00,422.58,22.95
2025-05-01 16:00:00+00:00,289.7,21.82
2025-05-01 17:00:00+00:00,162.25,19.92
2025-05-01 18:00:00+00:00,61.6,17.75
2025-05-01 19:00:00+00:00,3.47,15.92
2025-05-01 20:00:00+00:00,0.0,14.98
2025-05-01 21:00:00+00:00,0.0,14.24
2025-05-01 22:00:00+00:00,0.0,13.66
2025-05-01 23:00:00+00:00,0.0,13.22
2025-05-02 00:00:00+00:00,0.0,12.55
2025-05-02 01:00:00+00:00,0.0,11.65
2025-05-02 02:00:00+00:00,0.0,11.03
2025-05-02 03:00:00+00:00,0.0,10.54
2025-05-02 04:00:00+00:00,0.0,10.11
2025-05-02 05:00:00+00:00,55.53,11.43
2025-05-02 06:00:00+00:00,164.38,13.15
2025-05-02 07:00:00+00:00,295.62,15.33
2025-05-02 08:00:00+00:00,435.83,17.63
2025-05-02 09:00:00+00:00,556.67,19.43
2025-05-02 10:00:00+00:00,717.88,20.69
2025-05-02 11:00:00+00:00,772.3,21.61
2025-05-02 12:00:00+00:00,783.03,22.25
2025-05-02 13:00:00+00:00,622.67,22.61
2025-05-02 14:00:00+00:00,570.85,22.65
2025-05-02 15:00:00+00:00,431.67,22.31
2025-05-02 16:00:00+00:00,299.7,21.6
2025-05-02 17:00:00+00:00,178.95,20.17
2025-05-02 18:00:00+00:00,64.35,17.6
2025-05-02 19:00:00+00:00,3.92,14.84
2025-05-02 20:00:00+00:00,0.0,13.17
2025-05-02 21:00:00+00:00,0.0,11.97
2025-05-02 22:00:00+00:00,0.0,11.06
2025-05-02 23:00:00+00:00,0.0,10.62
2025-05-03 00:00:00+00:00,0.0,10.38
2025-05-03 01:00:00+00:00,0.0,10.11
2025-05-03 02:00:00+00:00,0.0,9.97
2025-05-03 03:00:00+00:00,0.0,9.76
2025-05-03 04:00:00+00:00,0.0,9.24
2025-05-03 05:00:00+00:00,60.72,10.1
2025-05-03 06:00:00+00:00,179.18,11.71
2025-05-03 07:00:00+00:00,317.8,13.59
2025-05-03 08:00:00+00:00,469.73,15.4
2025-05-03 09:00:00+00:00,623.42,17.02
2025-05-03 10:00:00+00:00,657.7,18.2
2025-05-03 11:00:00+00:00,733.8,18.87
2025-05-03 12:00:00+00:00,743.5,19.06
2025-05-03 13:00:00+00:00,611.38,18.88
2025-05-03 14:00:00+00:00,433.88,18.5
2025-05-03 15:00:00+00:00,310.95,17.69
2025-05-03 16:00:00+00:00,227.48,16.39
2025-05-03 17:00:00+00:00,137.98,14.77
2025-05-03 18:00:00+00:00,56.2,12.72
2025-05-03 19:00:00+00:00,4.35,10.38
2025-05-03 20:00:00+00:00,0.0,8.69
2025-05-03 21:00:00+00:00,0.0,7.43
2025-05-03 22:00:00+00:00,0.0,6.49
2025-05-03 23:00:00+00:00,0.0,5.83
2025-05-04 00:00:00+00:00,0.0,5.37
2025-05-04 01:00:00+00:00,0.0,5.07
2025-05-04 02:00:00+00:00,0.0,5.37
2025-05-04 03:00:00+00:00,0.0,5.78
2025-05-04 04:00:00+00:00,0.0,5.5
2025-05-04 05:00:00+00:00,68.6,6.21
2025-05-04 06:00:00+00:00,155.6,7.7
2025-05-04 07:00:00+00:00,255.93,9.59
2025-05-04 08:00:00+00:00,394.25,10.94
2025-05-04 09:00:00+00:00,546.7,11.84
2025-05-04 10:00:00+00:00,592.83,12.58
2025-05-04 11:00:00+00:00,602.78,13.23
2025-05-04 12:00:00+00:00,536.42,13.63
2025-05-04 13:00:00+00:00,438.6,13.65
2025-05-04 14:00:00+00:00,444.3,13.27
2025-05-04 15:00:00+00:00,325.8,12.66
2025-05-04 16:00:00+00:00,219.98,11.92
2025-05-04 17:00:00+00:00,136.52,10.96
2025-05-04 18:00:00+00:00,56.78,9.59
2025-05-04 19:00:00+00:00,4.15,7.62
2025-05-04 20:00:00+00:00,0.0,6.3
2025-05-04 21:00:00+00:00,0.0,5.39
2025-05-04 22:00:00+00:00,0.0,4.85
2025-05-04 23:00:00+00:00,0.0,4.58
2025-05-05 00:00:00+00:00,0.0,4.28
2025-05-05 01:00:00+00:00,0.0,3.84
2025-05-05 02:00:00+00:00,0.0,3.56
2025-05-05 03:00:00+00:00,0.0,3.25
2025-05-05 04:00:00+00:00,4.57,3.17
2025-05-05 05:00:00+00:00,75.55,3.93
2025-05-05 06:00:00+00:00,178.18,5.62
2025-05-05 07:00:00+00:00,272.58,7.66
2025-05-05 08:00:00+00:00,400.02,9.92
2025-05-05 09:00:00+00:00,410.45,11.39
2025-05-05 10:00:00+00:00,371.95,12.46
2025-05-05 11:00:00+00:00,378.55,13.52
2025-05-05 12:00:00+00:00,418.67,14.03
2025-05-05 13:00:00+00:00,339.88,14.12
2025-05-05 14:00:00+00:00,375.17,13.88
2025-05-05 15:00:00+00:00,332.45,13.6
2025-05-05 16:00:00+00:00,245.8,12.86
2025-05-05 17:00:00+00:00,164.0,11.65
2025-05-05 18:00:00+00:00,79.0,9.92
2025-05-05 19:00:00+00:00,7.35,7.59
2025-05-05 20:00:00+00:00,0.0,6.27
2025-05-05 21:00:00+00:00,0.0,5.65
2025-05-05 22:00:00+00:00,0.0,5.08
2025-05-05 23:00:00+00:00,0.0,4.55
2025-05-06 00:00:00+00:00,0.0,4.04
2025-05-06 01:00:00+00:00,0.0,3.68
2025-05-06 02:00:00+00:00,0.0,3.6
2025-05-06 03:00:00+00:00,0.0,3.57
2025-05-06 04:00:00+00:00,4.47,3.4
2025-05-06 05:00:00+00:00,66.8,4.43
2025-05-06 06:00:00+00:00,163.15,6.52
2025-05-06 07:00:00+00:00,232.7,9.11
2025-05-06 08:00:00+00:00,332.92,10.59
2025-05-06 09:00:00+00:00,383.85,11.78
2025-05-06 10:00:00+00:00,479.42,12.84
2025-05-06 11:00:00+00:00,636.12,13.8
2025-05-06 12:00:00+00:00,735.92,14.56
2025-05-06 13:00:00+00:00,758.55,15.07
2025-05-06 14:00:00+00:00,618.53,14.94
2025-05-06 15:00:00+00:00,443.42,14.13
2025-05-06 16:00:00+00:00,301.1,13.14
2025-05-06 17:00:00+00:00,185.8,12.28
2025-05-06 18:00:00+00:00,76.43,11.24
2025-05-06 19:00:00+00:00,6.22,9.85
2025-05-06 20:00:00+00:00,0.0,8.68
2025-05-06 21:00:00+00:00,0.0,7.57
2025-05-06 22:00:00+00:00,0.0,6.43
2025-05-06 23:00:00+00:00,0.0,5.63
2025-05-07 00:00:00+00:00,0.0,5.23
2025-05-07 01:00:00+00:00,0.0,5.32
2025-05-07 02:00:00+00:00,0.0,5.38
2025-05-07 03:00:00+00:00,0.0,5.33
2025-05-07 04:00:00+00:00,4.62,5.38
2025-05-07 05:00:00+00:00,71.72,6.2
2025-05-07 06:00:00+00:00,197.9,7.74
2025-05-07 07:00:00+00:00,334.6,9.6
2025-05-07 08:00:00+00:00,482.38,11.04
2025-05-07 09:00:00+00:00,605.22,12.43
2025-05-07 10:00:00+00:00,765.33,13.65
2025-05-07 11:00:00+00:00,786.58,14.45
2025-05-07 12:00:00+00:00,732.97,14.73
2025-05-07 13:00:00+00:00,612.53,14.72
2025-05-07 14:00:00+00:00,490.9,14.49
2025-05-07 15:00:00+00:00,346.23,13.94
2025-05-07 16:00:00+00:00,224.57,13.03
2025-05-07 17:00:00+00:00,131.62,11.86
2025-05-07 18:00:00+00:00,56.53,10.63
2025-05-07 19:00:00+00:00,5.72,9.35
2025-05-07 20:00:00+00:00,0.0,8.2
2025-05-07 21:00:00+00:00,0.0,7.31
2025-05-07 22:00:00+00:00,0.0,6.58
2025-05-07 23:00:00+00:00,0.0,5.95
2025-05-08 00:00:00+00:00,0.0,5.9
2025-05-08 01:00:00+00:00,0.0,5.97
2025-05-08 02:00:00+00:00,0.0,5.92
2025-05-08 03:00:00+00:00,0.0,5.72
2025-05-08 04:00:00+00:00,3.7,5.65
2025-05-08 05:00:00+00:00,50.95,6.07
2025-05-08 06:00:00+00:00,137.18,7.42
2025-05-08 07:00:00+00:00,247.5,9.55
2025-05-08 08:00:00+00:00,367.92,11.45
2025-05-08 09:00:00+00:00,476.27,13.0
2025-05-08 10:00:00+00:00,550.83,14.23
2025-05-08 11:00:00+00:00,607.17,15.13
2025-05-08 12:00:00+00:00,561.62,15.76
2025-05-08 13:00:00+00:00,517.72,16.15
2025-05-08 14:00:00+00:00,411.98,16.16
2025-05-08 15:00:00+00:00,355.5,15.95
2025-05-08 16:00:00+00:00,262.08,15.36
2025-05-08 17:00:00+00:00,172.75,14.36
2025-05-08 18:00:00+00:00,87.2,12.74
2025-05-08 19:00:00+00:00,9.1,9.83
2025-05-08 20:00:00+00:00,0.0,8.45
2025-05-08 21:00:00+00:00,0.0,7.45
2025-05-08 22:00:00+00:00,0.0,6.52
2025-05-08 23:00:00+00:00,0.0,5.81
2025-05-09 00:00:00+00:00,0.0,5.65
2025-05-09 01:00:00+00:00,0.0,5.91
2025-05-09 02:00:00+00:00,0.0,6.16
2025-05-09 03:00:00+00:00,0.0,6.33
2025-05-09 04:00:00+00:00,6.32,6.57
2025-05-09 05:00:00+00:00,86.9,7.12
2025-05-09 06:00:00+00:00,222.1,8.34
2025-05-09 07:00:00+00:00,361.15,10.69
2025-05-09 08:00:00+00:00,527.88,13.5
2025-05-09 09:00:00+00:00,672.62,15.6
2025-05-09 10:00:00+00:00,782.72,16.71
2025-05-09 11:00:00+00:00,721.62,17.17
2025-05-09 12:00:00+00:00,728.38,17.34
2025-05-09 13:00:00+00:00,677.8,17.29
2025-05-09 14:00:00+00:00,689.12,17.12
2025-05-09 15:00:00+00:00,569.15,16.8
2025-05-09 16:00:00+00:00,425.27,16.28
2025-05-09 17:00:00+00:00,266.05,15.42
2025-05-09 18:00:00+00:00,113.62,13.35
2025-05-09 19:00:00+00:00,10.73,10.33
2025-05-09 20:00:00+00:00,0.0,9.31
2025-05-09 21:00:00+00:00,0.0,8.65
2025-05-09 22:00:00+00:00,0.0,8.1
2025-05-09 23:00:00+00:00,0.0,7.62
2025-05-10 00:00:00+00:00,0.0,7.25
2025-05-10 01:00:00+00:00,0.0,6.94
2025-05-10 02:00:00+00:00,0.0,6.68
2025-05-10 03:00:00+00:00,0.0,6.5
2025-05-10 04:00:00+00:00,7.75,6.5
2025-05-10 05:00:00+00:00,102.55,8.86
2025-05-10 06:00:00+00:00,255.7,11.27
2025-05-10 07:00:00+00:00,419.27,13.59
2025-05-10 08:00:00+00:00,572.28,16.42
2025-05-10 09:00:00+00:00,701.2,18.28
2025-05-10 10:00:00+00:00,794.55,19.14
2025-05-10 11:00:00+00:00,817.3,19.58
2025-05-10 12:00:00+00:00,800.78,19.78
2025-05-10 13:00:00+00:00,775.05,19.78
2025-05-10 14:00:00+00:00,694.42,19.59
2025-05-10 15:00:00+00:00,570.88,19.17
2025-05-10 16:00:00+00:00,415.17,18.53
2025-05-10 17:00:00+00:00,257.8,17.42
2025-05-10 18:00:00+00:00,109.97,15.14
2025-05-10 19:00:00+00:00,10.95,12.17
2025-05-10 20:00:00+00:00,0.0,10.95
2025-05-10 21:00:00+00:00,0.0,10.08
2025-05-10 22:00:00+00:00,0.0,9.3
2025-05-10 23:00:00+00:00,0.0,8.84
2025-05-11 00:00:00+00:00,0.0,8.52
2025-05-11 01:00:00+00:00,0.0,8.26
2025-05-11 02:00:00+00:00,0.0,8.03
2025-05-11 03:00:00+00:00,0.0,7.76
2025-05-11 04:00:00+00:00,8.1,7.76
2025-05-11 05:00:00+00:00,95.03,10.2
2025-05-11 06:00:00+00:00,236.07,12.44
2025-05-11 07:00:00+00:00,398.0,14.83
2025-05-11 08:00:00+00:00,554.8,17.67
2025-05-11 09:00:00+00:00,677.3,19.56
2025-05-11 10:00:00+00:00,762.38,20.76
2025-05-11 11:00:00+00:00,788.85,21.44
2025-05-11 12:00:00+00:00,698.53,21.79
2025-05-11 13:00:00+00:00,638.38,21.93
2025-05-11 14:00:00+00:00,512.58,21.95
2025-05-11 15:00:00+00:00,457.12,21.75
2025-05-11 16:00:00+00:00,308.88,21.3
2025-05-11 17:00:00+00:00,182.95,20.41
2025-05-11 18:00:00+00:00,75.53,18.37
2025-05-11 19:00:00+00:00,8.88,15.49
2025-05-11 20:00:00+00:00,0.0,14.54
2025-05-11 21:00:00+00:00,0.0,14.04
2025-05-11 22:00:00+00:00,0.0,13.53
2025-05-11 23:00:00+00:00,0.0,12.84
2025-05-12 00:00:00+00:00,0.0,12.23
2025-05-12 01:00:00+00:00,0.0,11.85
2025-05-12 02:00:00+00:00,0.0,11.61
2025-05-12 03:00:00+00:00,0.0,11.21
2025-05-12 04:00:00+00:00,5.97,10.73
2025-05-12 05:00:00+00:00,61.97,12.38
2025-05-12 06:00:00+00:00,159.4,13.96
2025-05-12 07:00:00+00:00,266.12,15.96
2025-05-12 08:00:00+00:00,406.27,17.7
2025-05-12 09:00:00+00:00,543.22,19.14
2025-05-12 10:00:00+00:00,606.22,20.16
2025-05-12 11:00:00+00:00,647.67,20.9
2025-05-12 12:00:00+00:00,545.28,21.3
2025-05-12 13:00:00+00:00,528.3,21.34
2025-05-12 14:00:00+00:00,472.33,21.11
2025-05-12 15:00:00+00:00,439.42,20.68
2025-05-12 16:00:00+00:00,323.85,20.09
2025-05-12 17:00:00+00:00,199.12,19.18
2025-05-12 18:00:00+00:00,91.1,17.33
2025-05-12 19:00:00+00:00,10.85,14.45
2025-05-12 20:00:00+00:00,0.0,13.39
2025-05-12 21:00:00+00:00,0.0,13.36
2025-05-12 22:00:00+00:00,0.0,13.34
2025-05-12 23:00:00+00:00,0.0,12.35
2025-05-13 00:00:00+00:00,0.0,11.14
2025-05-13 01:00:00+00:00,0.0,10.18
2025-05-13 02:00:00+00:00,0.0,9.69
2025-05-13 03:00:00+00:00,0.0,9.37
2025-05-13 04:00:00+00:00,7.9,9.16
2025-05-13 05:00:00+00:00,83.62,10.92
2025-05-13 06:00:00+00:00,207.1,12.73
2025-05-13 07:00:00+00:00,344.42,15.2
2025-05-13 08:00:00+00:00,514.4,17.39
2025-05-13 09:00:00+00:00,665.6,19.26
2025-05-13 10:00:00+00:00,779.97,20.67
2025-05-13 11:00:00+00:00,785.9,21.5
2025-05-13 12:00:00+00:00,718.62,21.94
2025-05-13 13:00:00+00:00,638.9,21.99
2025-05-13 14:00:00+00:00,595.25,21.64
2025-05-13 15:00:00+00:00,482.02,20.96
2025-05-13 16:00:00+00:00,350.67,19.93
2025-05-13 17:00:00+00:00,223.27,18.47
2025-05-13 18:00:00+00:00,104.22,16.25
2025-05-13 19:00:00+00:00,14.2,12.97
2025-05-13 20:00:00+00:00,0.0,11.23
2025-05-13 21:00:00+00:00,0.0,10.2
2025-05-13 22:00:00+00:00,0.0,9.33
2025-05-13 23:00:00+00:00,0.0,8.62
2025-05-14 00:00:00+00:00,0.0,8.1
2025-05-14 01:00:00+00:00,0.0,8.17
2025-05-14 02:00:00+00:00,0.0,7.99
2025-05-14 03:00:00+00:00,0.0,7.67
2025-05-14 04:00:00+00:00,12.27,7.73
2025-05-14 05:00:00+00:00,120.22,8.45
2025-05-14 06:00:00+00:00,278.98,10.22
2025-05-14 07:00:00+00:00,446.45,12.95
2025-05-14 08:00:00+00:00,603.12,15.35
2025-05-14 09:00:00+00:00,734.65,17.36
2025-05-14 10:00:00+00:00,828.65,18.86
2025-05-14 11:00:00+00:00,877.35,19.78
2025-05-14 12:00:00+00:00,864.58,20.24
2025-05-14 13:00:00+00:00,816.4,20.36
2025-05-14 14:00:00+00:00,725.42,20.14
2025-05-14 15:00:00+00:00,589.17,19.62
2025-05-14 16:00:00+00:00,428.6,18.76
2025-05-14 17:00:00+00:00,269.48,17.4
2025-05-14 18:00:00+00:00,121.2,15.42
2025-05-14 19:00:00+00:00,15.88,12.85
2025-05-14 20:00:00+00:00,0.0,11.04
2025-05-14 21:00:00+00:00,0.0,9.69
2025-05-14 22:00:00+00:00,0.0,8.49
2025-05-14 23:00:00+00:00,0.0,7.51
2025-05-15 00:00:00+00:00,0.0,6.8
2025-05-15 01:00:00+00:00,0.0,6.78
2025-05-15 02:00:00+00:00,0.0,6.99
2025-05-15 03:00:00+00:00,0.0,6.93
2025-05-15 04:00:00+00:00,10.35,7.06
2025-05-15 05:00:00+00:00,68.5,7.8
2025-05-15 06:00:00+00:00,151.7,9.4
2025-05-15 07:00:00+00:00,239.82,11.15
2025-05-15 08:00:00+00:00,281.75,12.86
2025-05-15 09:00:00+00:00,367.2,14.16
2025-05-15 10:00:00+00:00,435.15,15.12
2025-05-15 11:00:00+00:00,490.95,16.0
2025-05-15 12:00:00+00:00,407.98,16.61
2025-05-15 13:00:00+00:00,319.35,16.89
2025-05-15 14:00:00+00:00,273.12,16.68
2025-05-15 15:00:00+00:00,229.07,16.13
2025-05-15 16:00:00+00:00,172.1,15.38
2025-05-15 17:00:00+00:00,105.18,14.33
2025-05-15 18:00:00+00:00,48.83,13.17
2025-05-15 19:00:00+00:00,7.25,11.75
2025-05-15 20:00:00+00:00,0.0,9.77
2025-05-15 21:00:00+00:00,0.0,8.65
2025-05-15 22:00:00+00:00,0.0,7.87
2025-05-15 23:00:00+00:00,0.0,7.11
2025-05-16 00:00:00+00:00,0.0,6.6
2025-05-16 01:00:00+00:00,0.0,6.75
2025-05-16 02:00:00+00:00,0.0,6.9
2025-05-16 03:00:00+00:00,0.0,7.09
2025-05-16 04:00:00+00:00,15.73,6.83
2025-05-16 05:00:00+00:00,132.55,7.19
2025-05-16 06:00:00+00:00,293.77,8.39
2025-05-16 07:00:00+00:00,460.05,10.45
2025-05-16 08:00:00+00:00,618.28,12.57
2025-05-16 09:00:00+00:00,748.72,14.39
2025-05-16 10:00:00+00:00,841.58,15.9
2025-05-16 11:00:00+00:00,886.83,17.07
2025-05-16 12:00:00+00:00,864.47,17.9
2025-05-16 13:00:00+00:00,823.85,18.33
2025-05-16 14:00:00+00:00,736.78,18.34
2025-05-16 15:00:00+00:00,606.72,17.93
2025-05-16 16:00:00+00:00,451.33,17.12
2025-05-16 17:00:00+00:00,285.6,15.89
2025-05-16 18:00:00+00:00,130.15,14.11
2025-05-16 19:00:00+00:00,18.27,11.47
2025-05-16 20:00:00+00:00,0.0,9.75
2025-05-16 21:00:00+00:00,0.0,8.92
2025-05-16 22:00:00+00:00,0.0,8.77
2025-05-16 23:00:00+00:00,0.0,8.85
2025-05-17 00:00:00+00:00,0.0,8.74
2025-05-17 01:00:00+00:00,0.0,8.39
2025-05-17 02:00:00+00:00,0.0,7.57
2025-05-17 03:00:00+00:00,0.0,6.62
2025-05-17 04:00:00+00:00,9.35,6.44
2025-05-17 05:00:00+00:00,69.07,7.73
2025-05-17 06:00:00+00:00,152.52,9.53
2025-05-17 07:00:00+00:00,249.05,11.42
2025-05-17 08:00:00+00:00,354.62,13.02
2025-05-17 09:00:00+00:00,529.12,14.38
2025-05-17 10:00:00+00:00,678.83,15.65
2025-05-17 11:00:00+00:00,752.12,16.73
2025-05-17 12:00:00+00:00,815.45,17.56
2025-05-17 13:00:00+00:00,744.35,18.13
2025-05-17 14:00:00+00:00,715.12,18.39
2025-05-17 15:00:00+00:00,594.65,18.38
2025-05-17 16:00:00+00:00,447.83,18.09
2025-05-17 17:00:00+00:00,288.75,17.41
2025-05-17 18:00:00+00:00,135.43,15.79
2025-05-17 19:00:00+00:00,20.7,12.6
2025-05-17 20:00:00+00:00,0.0,10.9
2025-05-17 21:00:00+00:00,0.0,10.0
2025-05-17 22:00:00+00:00,0.0,9.04
2025-05-17 23:00:00+00:00,0.0,8.08
2025-05-18 00:00:00+00:00,0.0,7.22
2025-05-18 01:00:00+00:00,0.0,6.49
2025-05-18 02:00:00+00:00,0.0,6.02
2025-05-18 03:00:00+00:00,0.0,6.27
2025-05-18 04:00:00+00:00,13.1,6.82
2025-05-18 05:00:00+00:00,86.62,7.75
2025-05-18 06:00:00+00:00,190.4,9.23
2025-05-18 07:00:00+00:00,299.23,10.96
2025-05-18 08:00:00+00:00,408.62,12.45
2025-05-18 09:00:00+00:00,602.95,13.65
2025-05-18 10:00:00+00:00,713.4,14.79
2025-05-18 11:00:00+00:00,774.3,15.78
2025-05-18 12:00:00+00:00,700.95,16.58
2025-05-18 13:00:00+00:00,707.0,17.14
2025-05-18 14:00:00+00:00,699.65,17.38
2025-05-18 15:00:00+00:00,562.03,17.37
2025-05-18 16:00:00+00:00,412.77,16.99
2025-05-18 17:00:00+00:00,258.17,16.24
2025-05-18 18:00:00+00:00,117.9,15.07
2025-05-18 19:00:00+00:00,18.58,13.23
2025-05-18 20:00:00+00:00,0.0,12.02
2025-05-18 21:00:00+00:00,0.0,10.8
2025-05-18 22:00:00+00:00,0.0,9.32
2025-05-18 23:00:00+00:00,0.0,8.39
2025-05-19 00:00:00+00:00,0.0,7.99
2025-05-19 01:00:00+00:00,0.0,8.21
2025-05-19 02:00:00+00:00,0.0,8.45
2025-05-19 03:00:00+00:00,0.0,8.49
2025-05-19 04:00:00+00:00,7.93,8.66
2025-05-19 05:00:00+00:00,57.88,9.4
2025-05-19 06:00:00+00:00,139.45,10.66
2025-05-19 07:00:00+00:00,230.7,12.06
2025-05-19 08:00:00+00:00,332.58,13.36
2025-05-19 09:00:00+00:00,432.98,14.57
2025-05-19 10:00:00+00:00,565.2,16.08
2025-05-19 11:00:00+00:00,619.2,17.29
2025-05-19 12:00:00+00:00,529.75,18.05
2025-05-19 13:00:00+00:00,541.12,18.57
2025-05-19 14:00:00+00:00,478.95,18.79
2025-05-19 15:00:00+00:00,407.15,18.59
2025-05-19 16:00:00+00:00,300.42,18.03
2025-05-19 17:00:00+00:00,202.7,17.01
2025-05-19 18:00:00+00:00,106.0,15.21
2025-05-19 19:00:00+00:00,20.12,12.06
2025-05-19 20:00:00+00:00,0.0,10.22
2025-05-19 21:00:00+00:00,0.0,9.44
2025-05-19 22:00:00+00:00,0.0,8.83
2025-05-19 23:00:00+00:00,0.0,8.41
2025-05-20 00:00:00+00:00,0.0,7.99
2025-05-20 01:00:00+00:00,0.0,7.76
2025-05-20 02:00:00+00:00,0.0,7.75
2025-05-20 03:00:00+00:00,0.0,7.71
2025-05-20 04:00:00+00:00,18.3,7.82
2025-05-20 05:00:00+00:00,121.7,8.59
2025-05-20 06:00:00+00:00,260.88,10.11
2025-05-20 07:00:00+00:00,405.98,12.89
2025-05-20 08:00:00+00:00,544.9,15.07
2025-05-20 09:00:00+00:00,682.3,17.01
2025-05-20 10:00:00+00:00,738.28,18.46
2025-05-20 11:00:00+00:00,844.2,19.36
2025-05-20 12:00:00+00:00,813.42,19.92
2025-05-20 13:00:00+00:00,767.8,20.26
2025-05-20 14:00:00+00:00,672.2,20.32
2025-05-20 15:00:00+00:00,494.4,20.01
2025-05-20 16:00:00+00:00,337.33,19.47
2025-05-20 17:00:00+00:00,209.32,18.73
2025-05-20 18:00:00+00:00,93.43,17.1
2025-05-20 19:00:00+00:00,16.27,15.06
2025-05-20 20:00:00+00:00,0.0,13.47
2025-05-20 21:00:00+00:00,0.0,12.31
2025-05-20 22:00:00+00:00,0.0,11.78
2025-05-20 23:00:00+00:00,0.0,11.54
2025-05-21 00:00:00+00:00,0.0,11.2
2025-05-21 01:00:00+00:00,0.0,10.91
2025-05-21 02:00:00+00:00,0.0,10.7
2025-05-21 03:00:00+00:00,0.0,10.51
2025-05-21 04:00:00+00:00,9.02,10.26
2025-05-21 05:00:00+00:00,55.62,11.16
2025-05-21 06:00:00+00:00,111.68,11.98
2025-05-21 07:00:00+00:00,176.12,12.74
2025-05-21 08:00:00+00:00,243.9,13.64
2025-05-21 09:00:00+00:00,399.42,14.4
2025-05-21 10:00:00+00:00,524.42,15.16
2025-05-21 11:00:00+00:00,583.42,15.84
2025-05-21 12:00:00+00:00,574.53,16.32
2025-05-21 13:00:00+00:00,533.72,16.7
2025-05-21 14:00:00+00:00,477.08,17.13
2025-05-21 15:00:00+00:00,406.55,17.38
2025-05-21 16:00:00+00:00,354.67,17.36
2025-05-21 17:00:00+00:00,233.75,16.76
2025-05-21 18:00:00+00:00,119.95,14.95
2025-05-21 19:00:00+00:00,24.45,11.6
2025-05-21 20:00:00+00:00,0.0,9.39
2025-05-21 21:00:00+00:00,0.0,8.08
2025-05-21 22:00:00+00:00,0.0,6.95
2025-05-21 23:00:00+00:00,0.0,6.07
2025-05-22 00:00:00+00:00,0.0,5.45
2025-05-22 01:00:00+00:00,0.0,5.09
2025-05-22 02:00:00+00:00,0.0,4.98
2025-05-22 03:00:00+00:00,0.0,4.66
2025-05-22 04:00:00+00:00,19.5,4.9
2025-05-22 05:00:00+00:00,112.8,7.29
2025-05-22 06:00:00+00:00,224.9,9.53
2025-05-22 07:00:00+00:00,345.45,11.32
2025-05-22 08:00:00+00:00,466.25,12.85
2025-05-22 09:00:00+00:00,534.5,13.99
2025-05-22 10:00:00+00:00,595.78,14.61
2025-05-22 11:00:00+00:00,530.88,15.12
2025-05-22 12:00:00+00:00,475.83,15.42
2025-05-22 13:00:00+00:00,476.45,15.14
2025-05-22 14:00:00+00:00,443.6,14.91
2025-05-22 15:00:00+00:00,438.67,14.43
2025-05-22 16:00:00+00:00,311.58,13.94
2025-05-22 17:00:00+00:00,194.73,13.4
2025-05-22 18:00:00+00:00,99.47,12.48
2025-05-22 19:00:00+00:00,21.25,10.01
2025-05-22 20:00:00+00:00,0.0,8.06
2025-05-22 21:00:00+00:00,0.0,7.06
2025-05-22 22:00:00+00:00,0.0,6.25
2025-05-22 23:00:00+00:00,0.0,5.85
2025-05-23 00:00:00+00:00,0.0,5.88
2025-05-23 01:00:00+00:00,0.0,6.04
2025-05-23 02:00:00+00:00,0.0,5.93
2025-05-23 03:00:00+00:00,0.0,5.77
2025-05-23 04:00:00+00:00,23.65,5.47
2025-05-23 05:00:00+00:00,143.32,7.11
2025-05-23 06:00:00+00:00,299.1,9.27
2025-05-23 07:00:00+00:00,457.3,12.07
2025-05-23 08:00:00+00:00,608.97,13.87
2025-05-23 09:00:00+00:00,682.62,15.41
2025-05-23 10:00:00+00:00,709.08,16.56
2025-05-23 11:00:00+00:00,747.55,17.45
2025-05-23 12:00:00+00:00,582.67,17.93
2025-05-23 13:00:00+00:00,585.47,17.85
2025-05-23 14:00:00+00:00,489.77,17.38
2025-05-23 15:00:00+00:00,369.1,16.75
2025-05-23 16:00:00+00:00,294.33,16.34
2025-05-23 17:00:00+00:00,178.88,15.65
2025-05-23 18:00:00+00:00,85.18,14.67
2025-05-23 19:00:00+00:00,18.5,13.71
2025-05-23 20:00:00+00:00,0.0,13.03
2025-05-23 21:00:00+00:00,0.0,12.56
2025-05-23 22:00:00+00:00,0.0,12.08
2025-05-23 23:00:00+00:00,0.0,11.86
2025-05-24 00:00:00+00:00,0.0,11.84
2025-05-24 01:00:00+00:00,0.0,11.72
2025-05-24 02:00:00+00:00,0.0,11.43
2025-05-24 03:00:00+00:00,0.0,11.19
2025-05-24 04:00:00+00:00,6.62,11.34
2025-05-24 05:00:00+00:00,42.53,11.9
2025-05-24 06:00:00+00:00,93.3,12.77
2025-05-24 07:00:00+00:00,154.0,14.28
2025-05-24 08:00:00+00:00,198.2,16.3
2025-05-24 09:00:00+00:00,316.6,17.5
2025-05-24 10:00:00+00:00,371.05,18.76
2025-05-24 11:00:00+00:00,427.08,19.99
2025-05-24 12:00:00+00:00,370.35,20.44
2025-05-24 13:00:00+00:00,293.85,20.53
2025-05-24 14:00:00+00:00,284.25,20.45
2025-05-24 15:00:00+00:00,184.88,20.09
2025-05-24 16:00:00+00:00,148.4,19.32
2025-05-24 17:00:00+00:00,95.4,18.07
2025-05-24 18:00:00+00:00,38.7,16.69
2025-05-24 19:00:00+00:00,9.73,15.5
2025-05-24 20:00:00+00:00,0.0,14.75
2025-05-24 21:00:00+00:00,0.0,14.15
2025-05-24 22:00:00+00:00,0.0,13.81
2025-05-24 23:00:00+00:00,0.0,13.61
2025-05-25 00:00:00+00:00,0.0,13.5
2025-05-25 01:00:00+00:00,0.0,13.44
2025-05-25 02:00:00+00:00,0.0,13.33
2025-05-25 03:00:00+00:00,0.0,13.49
2025-05-25 04:00:00+00:00,17.33,13.59
2025-05-25 05:00:00+00:00,92.88,14.04
2025-05-25 06:00:00+00:00,201.05,14.64
2025-05-25 07:00:00+00:00,319.27,15.65
2025-05-25 08:00:00+00:00,452.5,16.78
2025-05-25 09:00:00+00:00,609.88,17.6
2025-05-25 10:00:00+00:00,639.3,18.15
2025-05-25 11:00:00+00:00,746.72,18.62
2025-05-25 12:00:00+00:00,736.05,19.09
2025-05-25 13:00:00+00:00,686.05,19.32
2025-05-25 14:00:00+00:00,570.42,19.25
2025-05-25 15:00:00+00:00,482.1,18.77
2025-05-25 16:00:00+00:00,384.33,18.07
2025-05-25 17:00:00+00:00,231.9,17.13
2025-05-25 18:00:00+00:00,123.88,15.8
2025-05-25 19:00:00+00:00,30.65,14.21
2025-05-25 20:00:00+00:00,0.0,13.16
2025-05-25 21:00:00+00:00,0.0,12.25
2025-05-25 22:00:00+00:00,0.0,10.99
2025-05-25 23:00:00+00:00,0.0,10.21
2025-05-26 00:00:00+00:00,0.0,9.61
2025-05-26 01:00:00+00:00,0.0,9.18
2025-05-26 02:00:00+00:00,0.0,8.92
2025-05-26 03:00:00+00:00,0.0,8.62
2025-05-26 04:00:00+00:00,21.7,8.77
2025-05-26 05:00:00+00:00,102.22,10.18
2025-05-26 06:00:00+00:00,203.65,11.96
2025-05-26 07:00:00+00:00,308.4,13.72
2025-05-26 08:00:00+00:00,444.45,15.03
2025-05-26 09:00:00+00:00,424.98,15.9
2025-05-26 10:00:00+00:00,427.23,16.37
2025-05-26 11:00:00+00:00,429.88,15.87
2025-05-26 12:00:00+00:00,472.15,15.39
2025-05-26 13:00:00+00:00,438.98,15.81
2025-05-26 14:00:00+00:00,324.9,16.52
2025-05-26 15:00:00+00:00,211.02,16.69
2025-05-26 16:00:00+00:00,178.35,16.52
2025-05-26 17:00:00+00:00,113.22,16.03
2025-05-26 18:00:00+00:00,71.62,15.13
2025-05-26 19:00:00+00:00,15.73,13.95
2025-05-26 20:00:00+00:00,0.0,13.15
2025-05-26 21:00:00+00:00,0.0,12.79
2025-05-26 22:00:00+00:00,0.0,12.65
2025-05-26 23:00:00+00:00,0.0,12.67
2025-05-27 00:00:00+00:00,0.0,12.73
2025-05-27 01:00:00+00:00,0.0,12.84
2025-05-27 02:00:00+00:00,0.0,12.9
2025-05-27 03:00:00+00:00,0.0,12.86
2025-05-27 04:00:00+00:00,14.85,12.96
2025-05-27 05:00:00+00:00,65.53,13.49
2025-05-27 06:00:00+00:00,121.93,13.96
2025-05-27 07:00:00+00:00,200.85,14.27
2025-05-27 08:00:00+00:00,222.88,14.4
2025-05-27 09:00:00+00:00,215.0,14.96
2025-05-27 10:00:00+00:00,210.5,15.99
2025-05-27 11:00:00+00:00,269.2,16.18
2025-05-27 12:00:00+00:00,191.88,16.19
2025-05-27 13:00:00+00:00,194.82,16.62
2025-05-27 14:00:00+00:00,219.43,17.21
2025-05-27 15:00:00+00:00,183.95,17.26
2025-05-27 16:00:00+00:00,140.32,16.77
2025-05-27 17:00:00+00:00,77.38,16.07
2025-05-27 18:00:00+00:00,38.58,15.25
2025-05-27 19:00:00+00:00,9.55,14.69
2025-05-27 20:00:00+00:00,0.0,14.36
2025-05-27 21:00:00+00:00,0.0,14.22
2025-05-27 22:00:00+00:00,0.0,14.08
2025-05-27 23:00:00+00:00,0.0,14.01
2025-05-28 00:00:00+00:00,0.0,13.97
2025-05-28 01:00:00+00:00,0.0,13.81
2025-05-28 02:00:00+00:00,0.0,13.7
2025-05-28 03:00:00+00:00,0.0,13.51
2025-05-28 04:00:00+00:00,22.77,13.53
2025-05-28 05:00:00+00:00,109.88,13.99
2025-05-28 06:00:00+00:00,218.6,14.9
2025-05-28 07:00:00+00:00,365.23,15.87
2025-05-28 08:00:00+00:00,488.75,16.8
2025-05-28 09:00:00+00:00,486.83,17.7
2025-05-28 10:00:00+00:00,566.47,18.55
2025-05-28 11:00:00+00:00,624.3,19.29
2025-05-28 12:00:00+00:00,551.05,19.66
2025-05-28 13:00:00+00:00,556.97,19.92
2025-05-28 14:00:00+00:00,571.17,19.95
2025-05-28 15:00:00+00:00,458.6,19.46
2025-05-28 16:00:00+00:00,353.65,18.68
2025-05-28 17:00:00+00:00,229.62,18.36
2025-05-28 18:00:00+00:00,115.68,17.49
2025-05-28 19:00:00+00:00,29.02,15.29
2025-05-28 20:00:00+00:00,0.0,14.13
2025-05-28 21:00:00+00:00,0.0,13.59
2025-05-28 22:00:00+00:00,0.0,13.26
2025-05-28 23:00:00+00:00,0.0,12.98
2025-05-29 00:00:00+00:00,0.0,12.39
2025-05-29 01:00:00+00:00,0.0,11.95
2025-05-29 02:00:00+00:00,0.0,11.87
2025-05-29 03:00:00+00:00,0.0,11.98
2025-05-29 04:00:00+00:00,14.68,12.39
2025-05-29 05:00:00+00:00,70.2,12.96
2025-05-29 06:00:00+00:00,168.43,13.59
2025-05-29 07:00:00+00:00,271.73,14.96
2025-05-29 08:00:00+00:00,402.83,17.46
2025-05-29 09:00:00+00:00,505.12,19.92
2025-05-29 10:00:00+00:00,613.28,21.28
2025-05-29 11:00:00+00:00,607.35,22.06
2025-05-29 12:00:00+00:00,595.03,22.35
2025-05-29 13:00:00+00:00,630.05,22.11
2025-05-29 14:00:00+00:00,556.88,21.8
2025-05-29 15:00:00+00:00,437.12,21.79
2025-05-29 16:00:00+00:00,357.35,21.4
2025-05-29 17:00:00+00:00,237.07,20.61
2025-05-29 18:00:00+00:00,121.7,19.32
2025-05-29 19:00:00+00:00,32.62,17.51
2025-05-29 20:00:00+00:00,0.0,15.75
2025-05-29 21:00:00+00:00,0.0,14.67
2025-05-29 22:00:00+00:00,0.0,13.91
2025-05-29 23:00:00+00:00,0.0,13.34
2025-05-30 00:00:00+00:00,0.0,12.85
2025-05-30 01:00:00+00:00,0.0,12.42
2025-05-30 02:00:00+00:00,0.0,12.09
2025-05-30 03:00:00+00:00,0.0,11.79
2025-05-30 04:00:00+00:00,22.55,12.15
2025-05-30 05:00:00+00:00,113.57,13.53
2025-05-30 06:00:00+00:00,241.75,15.48
2025-05-30 07:00:00+00:00,383.17,17.43
2025-05-30 08:00:00+00:00,557.7,18.91
2025-05-30 09:00:00+00:00,655.47,20.27
2025-05-30 10:00:00+00:00,710.7,21.49
2025-05-30 11:00:00+00:00,630.0,22.39
2025-05-30 12:00:00+00:00,600.1,22.99
2025-05-30 13:00:00+00:00,616.47,23.34
2025-05-30 14:00:00+00:00,517.03,23.39
2025-05-30 15:00:00+00:00,411.12,23.12
2025-05-30 16:00:00+00:00,322.95,22.46
2025-05-30 17:00:00+00:00,189.02,21.36
2025-05-30 18:00:00+00:00,93.5,19.76
2025-05-30 19:00:00+00:00,25.98,17.89
2025-05-30 20:00:00+00:00,0.0,16.28
2025-05-30 21:00:00+00:00,0.0,15.7
2025-05-30 22:00:00+00:00,0.0,15.23
2025-05-30 23:00:00+00:00,0.0,14.75
2025-05-31 00:00:00+00:00,0.0,14.33
2025-05-31 01:00:00+00:00,0.0,13.95
2025-05-31 02:00:00+00:00,0.0,13.6
2025-05-31 03:00:00+00:00,0.0,13.26
2025-05-31 04:00:00+00:00,25.02,13.24
2025-05-31 05:00:00+00:00,119.15,14.15
2025-05-31 06:00:00+00:00,238.43,15.62
2025-05-31 07:00:00+00:00,387.17,18.29
2025-05-31 08:00:00+00:00,563.2,20.37
2025-05-31 09:00:00+00:00,692.8,21.58
2025-05-31 10:00:00+00:00,780.12,22.53
2025-05-31 11:00:00+00:00,617.88,23.33
2025-05-31 12:00:00+00:00,687.25,23.88
2025-05-31 13:00:00+00:00,621.97,24.21
2025-05-31 14:00:00+00:00,514.2,24.1
2025-05-31 15:00:00+00:00,433.02,23.49
2025-05-31 16:00:00+00:00,315.92,22.78
2025-05-31 17:00:00+00:00,196.45,21.74
2025-05-31 18:00:00+00:00,103.82,20.06
2025-05-31 19:00:00+00:00,29.3,17.88
2025-05-31 20:00:00+00:00,0.0,16.23
2025-05-31 21:00:00+00:00,0.0,15.16
2025-05-31 22:00:00+00:00,0.0,14.35
2025-05-31 23:00:00+00:00,0.0,13.59
2025-06-01 00:00:00+00:00,0.0,12.76
2025-06-01 01:00:00+00:00,0.0,12.16
2025-06-01 02:00:00+00:00,0.0,11.67
2025-06-01 03:00:00+00:00,0.0,11.2
2025-06-01 04:00:00+00:00,29.58,11.52
2025-06-01 05:00:00+00:00,130.85,12.49
2025-06-01 06:00:00+00:00,249.38,13.65
2025-06-01 07:00:00+00:00,387.48,14.68
2025-06-01 08:00:00+00:00,485.02,15.66
2025-06-01 09:00:00+00:00,519.2,16.73
2025-06-01 10:00:00+00:00,566.7,17.73
2025-06-01 11:00:00+00:00,693.3,18.74
2025-06-01 12:00:00+00:00,541.5,19.49
2025-06-01 13:00:00+00:00,596.75,19.98
2025-06-01 14:00:00+00:00,525.72,20.16
2025-06-01 15:00:00+00:00,448.5,19.79
2025-06-01 16:00:00+00:00,330.08,19.21
2025-06-01 17:00:00+00:00,196.43,18.51
2025-06-01 18:00:00+00:00,110.53,17.35
2025-06-01 19:00:00+00:00,31.5,15.67
2025-06-01 20:00:00+00:00,0.0,14.14
2025-06-01 21:00:00+00:00,0.0,13.33
2025-06-01 22:00:00+00:00,0.0,12.46
2025-06-01 23:00:00+00:00,0.0,11.78
2025-06-02 00:00:00+00:00,0.0,11.15
2025-06-02 01:00:00+00:00,0.0,10.74
2025-06-02 02:00:00+00:00,0.0,10.5
2025-06-02 03:00:00+00:00,0.0,10.18
2025-06-02 04:00:00+00:00,34.7,10.43
2025-06-02 05:00:00+00:00,158.93,11.35
2025-06-02 06:00:00+00:00,319.77,13.01
2025-06-02 07:00:00+00:00,494.55,14.57
2025-06-02 08:00:00+00:00,597.1,15.82
2025-06-02 09:00:00+00:00,627.47,16.78
2025-06-02 10:00:00+00:00,723.53,17.72
2025-06-02 11:00:00+00:00,749.65,18.59
2025-06-02 12:00:00+00:00,670.65,19.27
2025-06-02 13:00:00+00:00,738.75,19.75
2025-06-02 14:00:00+00:00,656.62,20.04
2025-06-02 15:00:00+00:00,562.8,20.04
2025-06-02 16:00:00+00:00,453.3,19.67
2025-06-02 17:00:00+00:00,286.98,18.88
2025-06-02 18:00:00+00:00,158.98,17.31
2025-06-02 19:00:00+00:00,44.6,14.8
2025-06-02 20:00:00+00:00,0.0,12.96
2025-06-02 21:00:00+00:00,0.0,11.89
2025-06-02 22:00:00+00:00,0.0,11.18
2025-06-02 23:00:00+00:00,0.0,10.75
2025-06-03 00:00:00+00:00,0.0,10.48
2025-06-03 01:00:00+00:00,0.0,10.43
2025-06-03 02:00:00+00:00,0.0,10.55
2025-06-03 03:00:00+00:00,0.0,10.58
2025-06-03 04:00:00+00:00,13.9,10.78
2025-06-03 05:00:00+00:00,63.97,11.74
2025-06-03 06:00:00+00:00,118.07,13.29
2025-06-03 07:00:00+00:00,199.82,14.69
2025-06-03 08:00:00+00:00,273.98,15.87
2025-06-03 09:00:00+00:00,355.08,16.26
2025-06-03 10:00:00+00:00,420.83,16.3
2025-06-03 11:00:00+00:00,449.77,16.41
2025-06-03 12:00:00+00:00,391.23,16.74
2025-06-03 13:00:00+00:00,600.65,16.85
2025-06-03 14:00:00+00:00,526.95,16.88
2025-06-03 15:00:00+00:00,465.5,17.12
2025-06-03 16:00:00+00:00,340.27,17.28
2025-06-03 17:00:00+00:00,212.8,17.06
2025-06-03 18:00:00+00:00,117.72,16.3
2025-06-03 19:00:00+00:00,33.3,14.55
2025-06-03 20:00:00+00:00,0.0,12.33
2025-06-03 21:00:00+00:00,0.0,11.38
2025-06-03 22:00:00+00:00,0.0,10.66
2025-06-03 23:00:00+00:00,0.0,9.96
2025-06-04 00:00:00+00:00,0.0,9.57
2025-06-04 01:00:00+00:00,0.0,9.11
2025-06-04 02:00:00+00:00,0.0,8.77
2025-06-04 03:00:00+00:00,0.0,8.38
2025-06-04 04:00:00+00:00,25.17,8.96
2025-06-04 05:00:00+00:00,100.07,10.53
2025-06-04 06:00:00+00:00,181.77,12.43
2025-06-04 07:00:00+00:00,285.2,14.09
2025-06-04 08:00:00+00:00,380.4,15.5
2025-06-04 09:00:00+00:00,490.83,16.62
2025-06-04 10:00:00+00:00,580.1,17.41
2025-06-04 11:00:00+00:00,595.55,18.08
2025-06-04 12:00:00+00:00,567.8,18.64
2025-06-04 13:00:00+00:00,518.4,18.69
2025-06-04 14:00:00+00:00,401.35,18.41
2025-06-04 15:00:00+00:00,362.95,18.07
2025-06-04 16:00:00+00:00,272.05,17.36
2025-06-04 17:00:00+00:00,165.02,16.61
2025-06-04 18:00:00+00:00,92.35,15.62
2025-06-04 19:00:00+00:00,26.95,13.93
2025-06-04 20:00:00+00:00,0.0,12.5
2025-06-04 21:00:00+00:00,0.0,12.03
2025-06-04 22:00:00+00:00,0.0,11.64
2025-06-04 23:00:00+00:00,0.0,11.51
2025-06-05 00:00:00+00:00,0.0,11.52
2025-06-05 01:00:00+00:00,0.0,11.5
2025-06-05 02:00:00+00:00,0.0,11.56
2025-06-05 03:00:00+00:00,0.0,11.58
2025-06-05 04:00:00+00:00,12.55,11.68
2025-06-05 05:00:00+00:00,63.0,11.97
2025-06-05 06:00:00+00:00,124.85,12.37
2025-06-05 07:00:00+00:00,218.98,12.96
2025-06-05 08:00:00+00:00,266.88,13.64
2025-06-05 09:00:00+00:00,262.92,14.89
2025-06-05 10:00:00+00:00,359.45,16.34
2025-06-05 11:00:00+00:00,290.2,17.3
2025-06-05 12:00:00+00:00,342.0,17.96
2025-06-05 13:00:00+00:00,311.7,17.83
2025-06-05 14:00:00+00:00,303.05,16.75
2025-06-05 15:00:00+00:00,269.55,15.74
2025-06-05 16:00:00+00:00,190.25,15.34
2025-06-05 17:00:00+00:00,104.35,15.14
2025-06-05 18:00:00+00:00,51.72,14.74
2025-06-05 19:00:00+00:00,15.5,14.14
2025-06-05 20:00:00+00:00,0.0,13.28
2025-06-05 21:00:00+00:00,0.0,12.51
2025-06-05 22:00:00+00:00,0.0,11.62
2025-06-05 23:00:00+00:00,0.0,10.96
2025-06-06 00:00:00+00:00,0.0,10.54
2025-06-06 01:00:00+00:00,0.0,10.23
2025-06-06 02:00:00+00:00,0.0,10.01
2025-06-06 03:00:00+00:00,0.0,9.85
2025-06-06 04:00:00+00:00,23.25,10.05
2025-06-06 05:00:00+00:00,103.2,11.12
2025-06-06 06:00:00+00:00,177.02,12.55
2025-06-06 07:00:00+00:00,269.98,13.69
2025-06-06 08:00:00+00:00,395.15,14.67
2025-06-06 09:00:00+00:00,537.55,15.87
2025-06-06 10:00:00+00:00,614.55,17.22
2025-06-06 11:00:00+00:00,599.58,18.29
2025-06-06 12:00:00+00:00,650.1,18.89
2025-06-06 13:00:00+00:00,663.9,19.19
2025-06-06 14:00:00+00:00,531.03,19.14
2025-06-06 15:00:00+00:00,428.1,18.76
2025-06-06 16:00:00+00:00,323.12,17.73
2025-06-06 17:00:00+00:00,191.55,16.29
2025-06-06 18:00:00+00:00,95.07,15.5
2025-06-06 19:00:00+00:00,26.83,13.9
2025-06-06 20:00:00+00:00,0.0,12.54
2025-06-06 21:00:00+00:00,0.0,12.08
2025-06-06 22:00:00+00:00,0.0,11.54
2025-06-06 23:00:00+00:00,0.0,11.06
2025-06-07 00:00:00+00:00,0.0,10.89
2025-06-07 01:00:00+00:00,0.0,10.64
2025-06-07 02:00:00+00:00,0.0,10.3
2025-06-07 03:00:00+00:00,0.0,9.95
2025-06-07 04:00:00+00:00,15.6,10.01
2025-06-07 05:00:00+00:00,73.18,10.96
2025-06-07 06:00:00+00:00,155.45,11.79
2025-06-07 07:00:00+00:00,243.7,12.89
2025-06-07 08:00:00+00:00,369.92,13.95
2025-06-07 09:00:00+00:00,431.77,14.69
2025-06-07 10:00:00+00:00,455.02,15.78
2025-06-07 11:00:00+00:00,494.27,17.04
2025-06-07 12:00:00+00:00,412.1,17.89
2025-06-07 13:00:00+00:00,402.2,18.05
2025-06-07 14:00:00+00:00,269.12,17.42
2025-06-07 15:00:00+00:00,110.93,16.55
2025-06-07 16:00:00+00:00,152.73,15.58
2025-06-07 17:00:00+00:00,114.03,14.72
2025-06-07 18:00:00+00:00,63.08,14.12
2025-06-07 19:00:00+00:00,21.92,13.49
2025-06-07 20:00:00+00:00,0.0,12.5
2025-06-07 21:00:00+00:00,0.0,11.39
2025-06-07 22:00:00+00:00,0.0,10.5
2025-06-07 23:00:00+00:00,0.0,9.85
2025-06-08 00:00:00+00:00,0.0,9.26
2025-06-08 01:00:00+00:00,0.0,8.79
2025-06-08 02:00:00+00:00,0.0,8.33
2025-06-08 03:00:00+00:00,0.0,7.86
2025-06-08 04:00:00+00:00,29.23,7.66
2025-06-08 05:00:00+00:00,131.65,8.34
2025-06-08 06:00:00+00:00,269.73,9.72
2025-06-08 07:00:00+00:00,427.52,11.45
2025-06-08 08:00:00+00:00,569.45,13.26
2025-06-08 09:00:00+00:00,669.97,14.83
2025-06-08 10:00:00+00:00,683.35,16.07
2025-06-08 11:00:00+00:00,665.7,17.05
2025-06-08 12:00:00+00:00,512.08,17.74
2025-06-08 13:00:00+00:00,485.38,18.13
2025-06-08 14:00:00+00:00,387.12,18.22
2025-06-08 15:00:00+00:00,271.02,18.0
2025-06-08 16:00:00+00:00,196.43,17.28
2025-06-08 17:00:00+00:00,121.0,16.36
2025-06-08 18:00:00+00:00,64.3,15.37
2025-06-08 19:00:00+00:00,22.38,13.56
2025-06-08 20:00:00+00:00,0.0,11.87
2025-06-08 21:00:00+00:00,0.0,11.31
2025-06-08 22:00:00+00:00,0.0,10.76
2025-06-08 23:00:00+00:00,0.0,10.16
2025-06-09 00:00:00+00:00,0.0,9.54
2025-06-09 01:00:00+00:00,0.0,8.94
2025-06-09 02:00:00+00:00,0.0,8.44
2025-06-09 03:00:00+00:00,0.0,8.13
2025-06-09 04:00:00+00:00,17.15,8.87
2025-06-09 05:00:00+00:00,69.1,10.72
2025-06-09 06:00:00+00:00,135.82,12.48
2025-06-09 07:00:00+00:00,222.88,14.39
2025-06-09 08:00:00+00:00,279.6,16.19
2025-06-09 09:00:00+00:00,351.1,17.59
2025-06-09 10:00:00+00:00,376.1,18.57
2025-06-09 11:00:00+00:00,422.27,19.32
2025-06-09 12:00:00+00:00,482.2,19.91
2025-06-09 13:00:00+00:00,495.67,20.21
2025-06-09 14:00:00+00:00,437.95,20.18
2025-06-09 15:00:00+00:00,384.27,19.45
2025-06-09 16:00:00+00:00,289.9,18.38
2025-06-09 17:00:00+00:00,181.3,17.87
2025-06-09 18:00:00+00:00,92.4,17.0
2025-06-09 19:00:00+00:00,29.62,15.63
2025-06-09 20:00:00+00:00,0.0,14.69
2025-06-09 21:00:00+00:00,0.0,14.02
2025-06-09 22:00:00+00:00,0.0,13.4
2025-06-09 23:00:00+00:00,0.0,13.01
2025-06-10 00:00:00+00:00,0.0,12.68
2025-06-10 01:00:00+00:00,0.0,12.35
2025-06-10 02:00:00+00:00,0.0,12.11
2025-06-10 03:00:00+00:00,0.0,12.08
2025-06-10 04:00:00+00:00,18.92,12.24
2025-06-10 05:00:00+00:00,79.3,13.04
2025-06-10 06:00:00+00:00,152.23,14.19
2025-06-10 07:00:00+00:00,228.43,15.75
2025-06-10 08:00:00+00:00,342.88,17.71
2025-06-10 09:00:00+00:00,426.23,19.18
2025-06-10 10:00:00+00:00,468.75,20.24
2025-06-10 11:00:00+00:00,437.5,20.69
2025-06-10 12:00:00+00:00,548.45,21.23
2025-06-10 13:00:00+00:00,446.58,21.35
2025-06-10 14:00:00+00:00,557.17,21.63
2025-06-10 15:00:00+00:00,491.27,21.75
2025-06-10 16:00:00+00:00,390.73,21.66
2025-06-10 17:00:00+00:00,238.48,21.02
2025-06-10 18:00:00+00:00,140.95,19.63
2025-06-10 19:00:00+00:00,46.78,16.6
2025-06-10 20:00:00+00:00,0.0,14.29
2025-06-10 21:00:00+00:00,0.0,13.34
2025-06-10 22:00:00+00:00,0.0,12.62
2025-06-10 23:00:00+00:00,0.0,12.06
2025-06-11 00:00:00+00:00,0.0,11.69
2025-06-11 01:00:00+00:00,0.0,11.36
2025-06-11 02:00:00+00:00,0.0,11.22
2025-06-11 03:00:00+00:00,0.0,11.33
2025-06-11 04:00:00+00:00,25.65,12.2
2025-06-11 05:00:00+00:00,93.05,13.55
2025-06-11 06:00:00+00:00,163.65,15.34
2025-06-11 07:00:00+00:00,237.25,17.14
2025-06-11 08:00:00+00:00,321.8,18.63
2025-06-11 09:00:00+00:00,391.4,19.89
2025-06-11 10:00:00+00:00,454.6,20.95
2025-06-11 11:00:00+00:00,459.02,21.67
2025-06-11 12:00:00+00:00,707.55,22.08
2025-06-11 13:00:00+00:00,664.85,22.21
2025-06-11 14:00:00+00:00,634.88,22.1
2025-06-11 15:00:00+00:00,538.65,21.79
2025-06-11 16:00:00+00:00,401.15,21.18
2025-06-11 17:00:00+00:00,261.75,20.09
2025-06-11 18:00:00+00:00,157.25,18.25
2025-06-11 19:00:00+00:00,53.7,15.86
2025-06-11 20:00:00+00:00,0.0,13.96
2025-06-11 21:00:00+00:00,0.0,13.16
2025-06-11 22:00:00+00:00,0.0,12.75
2025-06-11 23:00:00+00:00,0.0,12.59
2025-06-12 00:00:00+00:00,0.0,12.62
2025-06-12 01:00:00+00:00,0.0,12.67
2025-06-12 02:00:00+00:00,0.0,12.74
2025-06-12 03:00:00+00:00,0.0,12.69
2025-06-12 04:00:00+00:00,27.17,12.95
2025-06-12 05:00:00+00:00,90.95,14.09
2025-06-12 06:00:00+00:00,167.82,15.73
2025-06-12 07:00:00+00:00,259.42,17.7
2025-06-12 08:00:00+00:00,348.98,19.38
2025-06-12 09:00:00+00:00,295.05,20.82
2025-06-12 10:00:00+00:00,346.67,21.68
2025-06-12 11:00:00+00:00,292.17,22.23
2025-06-12 12:00:00+00:00,450.85,23.24
2025-06-12 13:00:00+00:00,551.47,24.12
2025-06-12 14:00:00+00:00,538.08,24.46
2025-06-12 15:00:00+00:00,409.6,24.32
2025-06-12 16:00:00+00:00,374.62,23.74
2025-06-12 17:00:00+00:00,239.6,22.75
2025-06-12 18:00:00+00:00,141.45,21.35
2025-06-12 19:00:00+00:00,48.97,18.73
2025-06-12 20:00:00+00:00,0.0,16.76
2025-06-12 21:00:00+00:00,0.0,16.66
2025-06-12 22:00:00+00:00,0.0,15.81
2025-06-12 23:00:00+00:00,0.0,15.1
2025-06-13 00:00:00+00:00,0.0,14.65
2025-06-13 01:00:00+00:00,0.0,14.2
2025-06-13 02:00:00+00:00,0.0,13.76
2025-06-13 03:00:00+00:00,0.0,13.17
2025-06-13 04:00:00+00:00,32.15,13.85
2025-06-13 05:00:00+00:00,130.38,15.84
2025-06-13 06:00:00+00:00,246.07,17.59
2025-06-13 07:00:00+00:00,390.45,19.79
2025-06-13 08:00:00+00:00,512.1,21.16
2025-06-13 09:00:00+00:00,677.6,22.5
2025-06-13 10:00:00+00:00,784.4,23.77
2025-06-13 11:00:00+00:00,830.1,24.76
2025-06-13 12:00:00+00:00,846.97,25.56
2025-06-13 13:00:00+00:00,774.2,26.13
2025-06-13 14:00:00+00:00,659.47,26.34
2025-06-13 15:00:00+00:00,550.22,26.21
2025-06-13 16:00:00+00:00,345.77,25.77
2025-06-13 17:00:00+00:00,228.02,24.87
2025-06-13 18:00:00+00:00,116.82,22.87
2025-06-13 19:00:00+00:00,36.88,20.46
2025-06-13 20:00:00+00:00,0.0,18.37
2025-06-13 21:00:00+00:00,0.0,17.34
2025-06-13 22:00:00+00:00,0.0,16.33
2025-06-13 23:00:00+00:00,0.0,15.79
2025-06-14 00:00:00+00:00,0.0,15.31
2025-06-14 01:00:00+00:00,0.0,15.04
2025-06-14 02:00:00+00:00,0.0,15.11
2025-06-14 03:00:00+00:00,0.0,15.37
2025-06-14 04:00:00+00:00,18.5,15.81
2025-06-14 05:00:00+00:00,74.32,16.88
2025-06-14 06:00:00+00:00,157.38,17.74
2025-06-14 07:00:00+00:00,227.27,18.52
2025-06-14 08:00:00+00:00,377.92,20.11
2025-06-14 09:00:00+00:00,546.88,21.44
2025-06-14 10:00:00+00:00,693.47,22.01
2025-06-14 11:00:00+00:00,726.97,22.46
2025-06-14 12:00:00+00:00,790.83,22.57
2025-06-14 13:00:00+00:00,643.75,22.1
2025-06-14 14:00:00+00:00,587.88,21.2
2025-06-14 15:00:00+00:00,459.5,20.74
2025-06-14 16:00:00+00:00,349.58,20.58
2025-06-14 17:00:00+00:00,218.45,19.82
2025-06-14 18:00:00+00:00,125.4,18.62
2025-06-14 19:00:00+00:00,42.92,16.81
2025-06-14 20:00:00+00:00,0.0,15.02
2025-06-14 21:00:00+00:00,0.0,14.22
2025-06-14 22:00:00+00:00,0.0,13.31
2025-06-14 23:00:00+00:00,0.0,12.49
2025-06-15 00:00:00+00:00,0.0,12.02
2025-06-15 01:00:00+00:00,0.0,11.62
2025-06-15 02:00:00+00:00,0.0,11.1
2025-06-15 03:00:00+00:00,0.0,10.8
2025-06-15 04:00:00+00:00,31.27,11.62
2025-06-15 05:00:00+00:00,123.03,13.18
2025-06-15 06:00:00+00:00,228.9,15.0
2025-06-15 07:00:00+00:00,366.85,16.61
2025-06-15 08:00:00+00:00,485.12,18.19
2025-06-15 09:00:00+00:00,571.78,19.52
2025-06-15 10:00:00+00:00,654.55,20.6
2025-06-15 11:00:00+00:00,652.1,21.41
2025-06-15 12:00:00+00:00,726.25,21.88
2025-06-15 13:00:00+00:00,668.72,21.9
2025-06-15 14:00:00+00:00,673.25,22.04
2025-06-15 15:00:00+00:00,561.0,22.02
2025-06-15 16:00:00+00:00,420.92,21.69
2025-06-15 17:00:00+00:00,274.45,21.19
2025-06-15 18:00:00+00:00,156.62,20.07
2025-06-15 19:00:00+00:00,53.22,17.68
2025-06-15 20:00:00+00:00,0.0,15.64
2025-06-15 21:00:00+00:00,0.0,14.92
2025-06-15 22:00:00+00:00,0.0,14.22
2025-06-15 23:00:00+00:00,0.0,13.52
2025-06-16 00:00:00+00:00,0.0,12.87
2025-06-16 01:00:00+00:00,0.0,12.24
2025-06-16 02:00:00+00:00,0.0,11.71
2025-06-16 03:00:00+00:00,0.0,11.23
2025-06-16 04:00:00+00:00,29.65,12.09
2025-06-16 05:00:00+00:00,119.45,14.28
2025-06-16 06:00:00+00:00,232.75,16.52
2025-06-16 07:00:00+00:00,375.17,18.31
2025-06-16 08:00:00+00:00,500.33,19.57
2025-06-16 09:00:00+00:00,543.83,20.73
2025-06-16 10:00:00+00:00,635.92,21.84
2025-06-16 11:00:00+00:00,555.55,22.92
2025-06-16 12:00:00+00:00,714.55,23.75
2025-06-16 13:00:00+00:00,625.55,24.33
2025-06-16 14:00:00+00:00,651.38,24.63
2025-06-16 15:00:00+00:00,582.22,24.61
2025-06-16 16:00:00+00:00,457.95,24.26
2025-06-16 17:00:00+00:00,312.2,23.56
2025-06-16 18:00:00+00:00,174.98,22.16
2025-06-16 19:00:00+00:00,60.05,19.15
2025-06-16 20:00:00+00:00,0.0,16.85
2025-06-16 21:00:00+00:00,0.0,15.88
2025-06-16 22:00:00+00:00,0.0,15.04
2025-06-16 23:00:00+00:00,0.0,14.28
2025-06-17 00:00:00+00:00,0.0,13.55
2025-06-17 01:00:00+00:00,0.0,12.76
2025-06-17 02:00:00+00:00,0.0,12.02
2025-06-17 03:00:00+00:00,0.0,11.37
2025-06-17 04:00:00+00:00,36.05,12.0
2025-06-17 05:00:00+00:00,142.68,13.73
2025-06-17 06:00:00+00:00,267.83,15.93
2025-06-17 07:00:00+00:00,400.48,18.73
2025-06-17 08:00:00+00:00,534.45,20.33
2025-06-17 09:00:00+00:00,644.33,21.66
2025-06-17 10:00:00+00:00,687.3,22.9
2025-06-17 11:00:00+00:00,762.25,23.88
2025-06-17 12:00:00+00:00,832.5,24.53
2025-06-17 13:00:00+00:00,749.7,24.82
2025-06-17 14:00:00+00:00,685.58,24.89
2025-06-17 15:00:00+00:00,580.1,24.62
2025-06-17 16:00:00+00:00,452.48,24.12
2025-06-17 17:00:00+00:00,299.95,23.58
2025-06-17 18:00:00+00:00,170.23,22.11
2025-06-17 19:00:00+00:00,59.28,19.42
2025-06-17 20:00:00+00:00,0.0,17.43
2025-06-17 21:00:00+00:00,0.0,16.57
2025-06-17 22:00:00+00:00,0.0,15.69
2025-06-17 23:00:00+00:00,0.0,14.72
2025-06-18 00:00:00+00:00,0.0,13.83
2025-06-18 01:00:00+00:00,0.0,13.19
2025-06-18 02:00:00+00:00,0.0,12.65
2025-06-18 03:00:00+00:00,0.0,12.15
2025-06-18 04:00:00+00:00,35.4,12.91
2025-06-18 05:00:00+00:00,143.7,14.53
2025-06-18 06:00:00+00:00,280.77,16.98
2025-06-18 07:00:00+00:00,430.88,19.25
2025-06-18 08:00:00+00:00,575.62,20.83
2025-06-18 09:00:00+00:00,655.2,22.27
2025-06-18 10:00:00+00:00,810.65,23.55
2025-06-18 11:00:00+00:00,877.72,24.64
2025-06-18 12:00:00+00:00,890.88,25.52
2025-06-18 13:00:00+00:00,855.58,26.16
2025-06-18 14:00:00+00:00,772.53,26.55
2025-06-18 15:00:00+00:00,654.33,26.7
2025-06-18 16:00:00+00:00,510.1,26.57
2025-06-18 17:00:00+00:00,350.2,26.23
2025-06-18 18:00:00+00:00,194.4,25.24
2025-06-18 19:00:00+00:00,67.6,22.6
2025-06-18 20:00:00+00:00,0.0,20.33
2025-06-18 21:00:00+00:00,0.0,18.86
2025-06-18 22:00:00+00:00,0.0,17.77
2025-06-18 23:00:00+00:00,0.0,16.98
2025-06-19 00:00:00+00:00,0.0,16.42
2025-06-19 01:00:00+00:00,0.0,15.99
2025-06-19 02:00:00+00:00,0.0,15.6
2025-06-19 03:00:00+00:00,0.0,15.01
2025-06-19 04:00:00+00:00,36.75,15.09
2025-06-19 05:00:00+00:00,152.45,16.97
2025-06-19 06:00:00+00:00,299.75,18.43
2025-06-19 07:00:00+00:00,457.05,21.32
2025-06-19 08:00:00+00:00,605.42,23.43
2025-06-19 09:00:00+00:00,731.1,25.11
2025-06-19 10:00:00+00:00,823.2,26.41
2025-06-19 11:00:00+00:00,874.28,27.26
2025-06-19 12:00:00+00:00,873.7,27.89
2025-06-19 13:00:00+00:00,833.15,28.23
2025-06-19 14:00:00+00:00,753.38,28.26
2025-06-19 15:00:00+00:00,633.65,27.97
2025-06-19 16:00:00+00:00,482.1,27.31
2025-06-19 17:00:00+00:00,322.23,26.02
2025-06-19 18:00:00+00:00,175.23,23.71
2025-06-19 19:00:00+00:00,58.85,20.74
2025-06-19 20:00:00+00:00,0.0,18.49
2025-06-19 21:00:00+00:00,0.0,17.22
2025-06-19 22:00:00+00:00,0.0,16.39
2025-06-19 23:00:00+00:00,0.0,15.9
2025-06-20 00:00:00+00:00,0.0,15.58
2025-06-20 01:00:00+00:00,0.0,15.23
2025-06-20 02:00:00+00:00,0.0,14.85
2025-06-20 03:00:00+00:00,0.0,14.78
2025-06-20 04:00:00+00:00,32.5,15.63
2025-06-20 05:00:00+00:00,119.9,16.59
2025-06-20 06:00:00+00:00,221.68,17.74
2025-06-20 07:00:00+00:00,347.33,19.82
2025-06-20 08:00:00+00:00,476.02,22.53
2025-06-20 09:00:00+00:00,522.08,23.92
2025-06-20 10:00:00+00:00,628.88,24.19
2025-06-20 11:00:00+00:00,687.88,23.99
2025-06-20 12:00:00+00:00,539.58,23.68
2025-06-20 13:00:00+00:00,603.8,23.37
2025-06-20 14:00:00+00:00,573.0,23.1
2025-06-20 15:00:00+00:00,526.0,22.97
2025-06-20 16:00:00+00:00,441.52,22.81
2025-06-20 17:00:00+00:00,303.85,22.27
2025-06-20 18:00:00+00:00,173.1,21.02
2025-06-20 19:00:00+00:00,61.17,18.83
2025-06-20 20:00:00+00:00,0.0,16.73
2025-06-20 21:00:00+00:00,0.0,16.03
2025-06-20 22:00:00+00:00,0.0,15.48
2025-06-20 23:00:00+00:00,0.0,15.06
2025-06-21 00:00:00+00:00,0.0,14.72
2025-06-21 01:00:00+00:00,0.0,14.34
2025-06-21 02:00:00+00:00,0.0,13.95
2025-06-21 03:00:00+00:00,0.0,13.52
2025-06-21 04:00:00+00:00,28.6,14.38
2025-06-21 05:00:00+00:00,110.4,16.47
2025-06-21 06:00:00+00:00,202.8,18.34
2025-06-21 07:00:00+00:00,323.58,20.94
2025-06-21 08:00:00+00:00,466.27,24.57
2025-06-21 09:00:00+00:00,507.55,26.79
2025-06-21 10:00:00+00:00,537.6,28.06
2025-06-21 11:00:00+00:00,468.6,28.92
2025-06-21 12:00:00+00:00,316.73,29.29
2025-06-21 13:00:00+00:00,299.17,29.24
2025-06-21 14:00:00+00:00,438.2,28.77
2025-06-21 15:00:00+00:00,449.0,27.81
2025-06-21 16:00:00+00:00,366.65,26.75
2025-06-21 17:00:00+00:00,247.62,25.62
2025-06-21 18:00:00+00:00,138.77,24.1
2025-06-21 19:00:00+00:00,49.1,22.19
2025-06-21 20:00:00+00:00,0.0,21.04
2025-06-21 21:00:00+00:00,0.0,20.7
2025-06-21 22:00:00+00:00,0.0,20.36
2025-06-21 23:00:00+00:00,0.0,20.09
2025-06-22 00:00:00+00:00,0.0,19.82
2025-06-22 01:00:00+00:00,0.0,19.5
2025-06-22 02:00:00+00:00,0.0,19.14
2025-06-22 03:00:00+00:00,0.0,18.42
2025-06-22 04:00:00+00:00,30.48,17.57
2025-06-22 05:00:00+00:00,128.55,17.45
2025-06-22 06:00:00+00:00,260.58,18.46
2025-06-22 07:00:00+00:00,428.23,19.99
2025-06-22 08:00:00+00:00,515.4,21.38
2025-06-22 09:00:00+00:00,629.17,22.71
2025-06-22 10:00:00+00:00,689.55,23.93
2025-06-22 11:00:00+00:00,590.25,24.66
2025-06-22 12:00:00+00:00,405.95,24.6
2025-06-22 13:00:00+00:00,432.2,23.64
2025-06-22 14:00:00+00:00,382.77,23.02
2025-06-22 15:00:00+00:00,360.92,22.98
2025-06-22 16:00:00+00:00,287.67,22.67
2025-06-22 17:00:00+00:00,178.88,22.09
2025-06-22 18:00:00+00:00,88.55,21.14
2025-06-22 19:00:00+00:00,33.95,19.73
2025-06-22 20:00:00+00:00,0.0,18.44
2025-06-22 21:00:00+00:00,0.0,17.62
2025-06-22 22:00:00+00:00,0.0,17.11
2025-06-22 23:00:00+00:00,0.0,16.72
2025-06-23 00:00:00+00:00,0.0,16.37
2025-06-23 01:00:00+00:00,0.0,15.95
2025-06-23 02:00:00+00:00,0.0,15.61
2025-06-23 03:00:00+00:00,0.0,15.39
2025-06-23 04:00:00+00:00,35.4,15.3
2025-06-23 05:00:00+00:00,137.98,15.52
2025-06-23 06:00:00+00:00,263.08,15.87
2025-06-23 07:00:00+00:00,412.75,16.67
2025-06-23 08:00:00+00:00,539.62,17.73
2025-06-23 09:00:00+00:00,569.33,18.63
2025-06-23 10:00:00+00:00,602.75,19.3
2025-06-23 11:00:00+00:00,685.72,20.07
2025-06-23 12:00:00+00:00,619.58,21.02
2025-06-23 13:00:00+00:00,694.78,21.78
2025-06-23 14:00:00+00:00,641.33,22.23
2025-06-23 15:00:00+00:00,566.92,22.26
2025-06-23 16:00:00+00:00,480.52,21.84
2025-06-23 17:00:00+00:00,320.55,20.96
2025-06-23 18:00:00+00:00,180.55,19.53
2025-06-23 19:00:00+00:00,65.18,17.38
2025-06-23 20:00:00+00:00,0.0,15.06
2025-06-23 21:00:00+00:00,0.0,14.31
2025-06-23 22:00:00+00:00,0.0,13.58
2025-06-23 23:00:00+00:00,0.0,13.02
2025-06-24 00:00:00+00:00,0.0,12.5
2025-06-24 01:00:00+00:00,0.0,12.1
2025-06-24 02:00:00+00:00,0.0,11.87
2025-06-24 03:00:00+00:00,0.0,11.97
2025-06-24 04:00:00+00:00,14.25,12.53
2025-06-24 05:00:00+00:00,56.0,13.88
2025-06-24 06:00:00+00:00,117.2,15.43
2025-06-24 07:00:00+00:00,163.9,16.89
2025-06-24 08:00:00+00:00,218.32,18.49
2025-06-24 09:00:00+00:00,302.77,20.35
2025-06-24 10:00:00+00:00,536.4,22.24
2025-06-24 11:00:00+00:00,732.6,23.74
2025-06-24 12:00:00+00:00,687.15,24.84
2025-06-24 13:00:00+00:00,576.4,25.42
2025-06-24 14:00:00+00:00,510.5,25.67
2025-06-24 15:00:00+00:00,550.45,25.4
2025-06-24 16:00:00+00:00,409.1,24.8
2025-06-24 17:00:00+00:00,297.83,24.02
2025-06-24 18:00:00+00:00,177.88,22.88
2025-06-24 19:00:00+00:00,68.85,21.14
2025-06-24 20:00:00+00:00,0.0,19.32
2025-06-24 21:00:00+00:00,0.0,18.21
2025-06-24 22:00:00+00:00,0.0,17.25
2025-06-24 23:00:00+00:00,0.0,16.47
2025-06-25 00:00:00+00:00,0.0,15.79
2025-06-25 01:00:00+00:00,0.0,15.14
2025-06-25 02:00:00+00:00,0.0,14.51
2025-06-25 03:00:00+00:00,0.0,13.86
2025-06-25 04:00:00+00:00,28.85,14.53
2025-06-25 05:00:00+00:00,101.53,16.06
2025-06-25 06:00:00+00:00,168.73,18.05
2025-06-25 07:00:00+00:00,253.27,19.84
2025-06-25 08:00:00+00:00,339.75,21.39
2025-06-25 09:00:00+00:00,433.58,22.86
2025-06-25 10:00:00+00:00,456.23,24.2
2025-06-25 11:00:00+00:00,579.45,25.33
2025-06-25 12:00:00+00:00,621.45,26.13
2025-06-25 13:00:00+00:00,592.17,26.26
2025-06-25 14:00:00+00:00,497.9,25.7
2025-06-25 15:00:00+00:00,416.88,25.59
2025-06-25 16:00:00+00:00,311.67,25.85
2025-06-25 17:00:00+00:00,208.8,25.38
2025-06-25 18:00:00+00:00,121.2,24.02
2025-06-25 19:00:00+00:00,47.47,21.36
2025-06-25 20:00:00+00:00,0.0,19.53
2025-06-25 21:00:00+00:00,0.0,18.94
2025-06-25 22:00:00+00:00,0.0,18.77
2025-06-25 23:00:00+00:00,0.0,18.58
2025-06-26 00:00:00+00:00,0.0,17.93
2025-06-26 01:00:00+00:00,0.0,17.43
2025-06-26 02:00:00+00:00,0.0,17.13
2025-06-26 03:00:00+00:00,0.0,16.75
2025-06-26 04:00:00+00:00,16.7,16.7
2025-06-26 05:00:00+00:00,79.15,17.45
2025-06-26 06:00:00+00:00,145.23,18.31
2025-06-26 07:00:00+00:00,229.18,19.22
2025-06-26 08:00:00+00:00,319.17,20.27
2025-06-26 09:00:00+00:00,357.67,22.24
2025-06-26 10:00:00+00:00,500.9,23.88
2025-06-26 11:00:00+00:00,644.67,24.75
2025-06-26 12:00:00+00:00,757.53,25.3
2025-06-26 13:00:00+00:00,718.45,25.53
2025-06-26 14:00:00+00:00,689.9,25.29
2025-06-26 15:00:00+00:00,533.15,24.57
2025-06-26 16:00:00+00:00,423.08,23.49
2025-06-26 17:00:00+00:00,285.52,22.1
2025-06-26 18:00:00+00:00,150.95,20.54
2025-06-26 19:00:00+00:00,51.22,18.75
2025-06-26 20:00:00+00:00,0.0,16.97
2025-06-26 21:00:00+00:00,0.0,16.22
2025-06-26 22:00:00+00:00,0.0,15.67
2025-06-26 23:00:00+00:00,0.0,14.98
2025-06-27 00:00:00+00:00,0.0,14.5
2025-06-27 01:00:00+00:00,0.0,14.28
2025-06-27 02:00:00+00:00,0.0,13.92
2025-06-27 03:00:00+00:00,0.0,13.62
2025-06-27 04:00:00+00:00,24.98,13.62
2025-06-27 05:00:00+00:00,108.9,14.42
2025-06-27 06:00:00+00:00,229.27,15.87
2025-06-27 07:00:00+00:00,376.27,17.73
2025-06-27 08:00:00+00:00,482.77,19.52
2025-06-27 09:00:00+00:00,548.65,21.13
2025-06-27 10:00:00+00:00,696.55,22.32
2025-06-27 11:00:00+00:00,821.67,24.07
2025-06-27 12:00:00+00:00,766.22,25.19
2025-06-27 13:00:00+00:00,738.95,25.24
2025-06-27 14:00:00+00:00,709.25,25.15
2025-06-27 15:00:00+00:00,592.83,24.99
2025-06-27 16:00:00+00:00,460.42,24.67
2025-06-27 17:00:00+00:00,308.9,23.98
2025-06-27 18:00:00+00:00,168.62,22.58
2025-06-27 19:00:00+00:00,59.35,20.58
2025-06-27 20:00:00+00:00,0.0,18.69
2025-06-27 21:00:00+00:00,0.0,17.73
2025-06-27 22:00:00+00:00,0.0,17.2
2025-06-27 23:00:00+00:00,0.0,16.79
2025-06-28 00:00:00+00:00,0.0,16.6
2025-06-28 01:00:00+00:00,0.0,16.53
2025-06-28 02:00:00+00:00,0.0,16.5
2025-06-28 03:00:00+00:00,0.0,16.45
2025-06-28 04:00:00+00:00,17.98,16.83
2025-06-28 05:00:00+00:00,75.43,18.05
2025-06-28 06:00:00+00:00,172.52,19.96
2025-06-28 07:00:00+00:00,279.52,22.04
2025-06-28 08:00:00+00:00,414.42,23.86
2025-06-28 09:00:00+00:00,505.35,25.4
2025-06-28 10:00:00+00:00,580.53,26.58
2025-06-28 11:00:00+00:00,734.28,27.57
2025-06-28 12:00:00+00:00,740.38,28.2
2025-06-28 13:00:00+00:00,810.17,28.59
2025-06-28 14:00:00+00:00,750.58,28.66
2025-06-28 15:00:00+00:00,641.03,28.51
2025-06-28 16:00:00+00:00,492.1,28.12
2025-06-28 17:00:00+00:00,337.75,27.37
2025-06-28 18:00:00+00:00,188.05,25.99
2025-06-28 19:00:00+00:00,66.97,23.67
2025-06-28 20:00:00+00:00,0.0,21.41
2025-06-28 21:00:00+00:00,0.0,20.32
2025-06-28 22:00:00+00:00,0.0,19.34
2025-06-28 23:00:00+00:00,0.0,18.32
2025-06-29 00:00:00+00:00,0.0,17.4
2025-06-29 01:00:00+00:00,0.0,16.59
2025-06-29 02:00:00+00:00,0.0,15.95
2025-06-29 03:00:00+00:00,0.0,15.41
2025-06-29 04:00:00+00:00,18.27,16.15
2025-06-29 05:00:00+00:00,69.62,17.93
2025-06-29 06:00:00+00:00,142.8,19.67
2025-06-29 07:00:00+00:00,238.12,21.26
2025-06-29 08:00:00+00:00,319.08,22.82
2025-06-29 09:00:00+00:00,413.27,24.28
2025-06-29 10:00:00+00:00,514.1,25.63
2025-06-29 11:00:00+00:00,616.62,26.86
2025-06-29 12:00:00+00:00,677.17,27.85
2025-06-29 13:00:00+00:00,636.62,28.54
2025-06-29 14:00:00+00:00,632.03,28.92
2025-06-29 15:00:00+00:00,546.15,28.95
2025-06-29 16:00:00+00:00,419.5,28.63
2025-06-29 17:00:00+00:00,279.15,27.79
2025-06-29 18:00:00+00:00,158.88,26.04
2025-06-29 19:00:00+00:00,59.1,23.04
2025-06-29 20:00:00+00:00,0.0,20.43
2025-06-29 21:00:00+00:00,0.0,19.1
2025-06-29 22:00:00+00:00,0.0,18.05
2025-06-29 23:00:00+00:00,0.0,17.06
2025-06-30 00:00:00+00:00,0.0,16.19
2025-06-30 01:00:00+00:00,0.0,15.52
2025-06-30 02:00:00+00:00,0.0,15.01
2025-06-30 03:00:00+00:00,0.0,14.66
2025-06-30 04:00:00+00:00,30.12,15.58
2025-06-30 05:00:00+00:00,135.48,17.31
2025-06-30 06:00:00+00:00,268.33,19.66
2025-06-30 07:00:00+00:00,410.6,22.49
2025-06-30 08:00:00+00:00,566.25,24.82
2025-06-30 09:00:00+00:00,695.4,26.84
2025-06-30 10:00:00+00:00,812.75,28.23
2025-06-30 11:00:00+00:00,865.6,29.27
2025-06-30 12:00:00+00:00,858.38,29.95
2025-06-30 13:00:00+00:00,826.2,30.33
2025-06-30 14:00:00+00:00,756.75,30.42
2025-06-30 15:00:00+00:00,641.55,30.23
2025-06-30 16:00:00+00:00,498.85,29.75
2025-06-30 17:00:00+00:00,340.83,28.86
2025-06-30 18:00:00+00:00,187.25,27.23
2025-06-30 19:00:00+00:00,64.28,24.18
2025-06-30 20:00:00+00:00,0.0,21.72
2025-06-30 21:00:00+00:00,0.0,20.68
2025-06-30 22:00:00+00:00,0.0,20.04
2025-06-30 23:00:00+00:00,0.0,19.51
2025-07-01 00:00:00+00:00,0.0,19.0
2025-07-01 01:00:00+00:00,0.0,18.56
2025-07-01 02:00:00+00:00,0.0,18.11
2025-07-01 03:00:00+00:00,0.0,18.02
2025-07-01 04:00:00+00:00,24.5,18.64
2025-07-01 05:00:00+00:00,106.68,20.5
2025-07-01 06:00:00+00:00,217.5,22.66
2025-07-01 07:00:00+00:00,347.17,25.46
2025-07-01 08:00:00+00:00,483.5,27.74
2025-07-01 09:00:00+00:00,581.7,29.31
2025-07-01 10:00:00+00:00,667.78,30.12
2025-07-01 11:00:00+00:00,729.6,30.59
2025-07-01 12:00:00+00:00,680.08,31.18
2025-07-01 13:00:00+00:00,574.53,31.89
2025-07-01 14:00:00+00:00,503.35,32.36
2025-07-01 15:00:00+00:00,444.65,32.11
2025-07-01 16:00:00+00:00,356.88,31.36
2025-07-01 17:00:00+00:00,242.32,30.24
2025-07-01 18:00:00+00:00,136.62,28.44
2025-07-01 19:00:00+00:00,47.5,25.31
2025-07-01 20:00:00+00:00,0.0,22.9
2025-07-01 21:00:00+00:00,0.0,21.83
2025-07-01 22:00:00+00:00,0.0,20.83
2025-07-01 23:00:00+00:00,0.0,19.78
2025-07-02 00:00:00+00:00,0.0,19.08
2025-07-02 01:00:00+00:00,0.0,18.46
2025-07-02 02:00:00+00:00,0.0,17.83
2025-07-02 03:00:00+00:00,0.0,17.35
2025-07-02 04:00:00+00:00,11.27,17.27
2025-07-02 05:00:00+00:00,44.78,17.7
2025-07-02 06:00:00+00:00,86.53,18.37
2025-07-02 07:00:00+00:00,117.75,19.1
2025-07-02 08:00:00+00:00,128.52,20.04
2025-07-02 09:00:00+00:00,158.27,20.96
2025-07-02 10:00:00+00:00,384.35,21.06
2025-07-02 11:00:00+00:00,482.73,20.64
2025-07-02 12:00:00+00:00,691.62,20.64
2025-07-02 13:00:00+00:00,676.62,20.8
2025-07-02 14:00:00+00:00,743.6,21.0
2025-07-02 15:00:00+00:00,663.62,21.32
2025-07-02 16:00:00+00:00,520.05,21.39
2025-07-02 17:00:00+00:00,365.45,21.31
2025-07-02 18:00:00+00:00,210.05,20.18
2025-07-02 19:00:00+00:00,76.22,17.78
2025-07-02 20:00:00+00:00,0.0,15.26
2025-07-02 21:00:00+00:00,0.0,14.01
2025-07-02 22:00:00+00:00,0.0,12.92
2025-07-02 23:00:00+00:00,0.0,12.11
2025-07-03 00:00:00+00:00,0.0,11.36
2025-07-03 01:00:00+00:00,0.0,10.6
2025-07-03 02:00:00+00:00,0.0,9.92
2025-07-03 03:00:00+00:00,0.0,9.37
2025-07-03 04:00:00+00:00,34.0,10.09
2025-07-03 05:00:00+00:00,159.15,11.94
2025-07-03 06:00:00+00:00,314.5,14.67
2025-07-03 07:00:00+00:00,475.83,17.24
2025-07-03 08:00:00+00:00,626.0,18.95
2025-07-03 09:00:00+00:00,756.38,20.46
2025-07-03 10:00:00+00:00,796.6,21.75
2025-07-03 11:00:00+00:00,772.6,22.82
2025-07-03 12:00:00+00:00,632.88,23.61
2025-07-03 13:00:00+00:00,651.97,24.17
2025-07-03 14:00:00+00:00,580.08,24.43
2025-07-03 15:00:00+00:00,443.77,24.38
2025-07-03 16:00:00+00:00,330.98,23.89
2025-07-03 17:00:00+00:00,228.48,22.88
2025-07-03 18:00:00+00:00,143.25,21.55
2025-07-03 19:00:00+00:00,58.05,19.22
2025-07-03 20:00:00+00:00,0.0,17.0
2025-07-03 21:00:00+00:00,0.0,15.83
2025-07-03 22:00:00+00:00,0.0,14.94
2025-07-03 23:00:00+00:00,0.0,14.28
2025-07-04 00:00:00+00:00,0.0,13.49
2025-07-04 01:00:00+00:00,0.0,12.54
2025-07-04 02:00:00+00:00,0.0,11.73
2025-07-04 03:00:00+00:00,0.0,11.11
2025-07-04 04:00:00+00:00,24.65,11.91
2025-07-04 05:00:00+00:00,114.07,13.62
2025-07-04 06:00:00+00:00,245.95,15.74
2025-07-04 07:00:00+00:00,391.95,18.05
2025-07-04 08:00:00+00:00,527.62,19.14
2025-07-04 09:00:00+00:00,591.3,20.28
2025-07-04 10:00:00+00:00,635.15,21.28
2025-07-04 11:00:00+00:00,813.9,22.89
2025-07-04 12:00:00+00:00,866.92,24.53
2025-07-04 13:00:00+00:00,809.97,25.45
2025-07-04 14:00:00+00:00,731.55,25.86
2025-07-04 15:00:00+00:00,606.88,25.88
2025-07-04 16:00:00+00:00,429.27,25.48
2025-07-04 17:00:00+00:00,290.5,24.3
2025-07-04 18:00:00+00:00,154.05,22.31
2025-07-04 19:00:00+00:00,51.5,20.32
2025-07-04 20:00:00+00:00,0.0,18.97
2025-07-04 21:00:00+00:00,0.0,18.16
2025-07-04 22:00:00+00:00,0.0,17.32
2025-07-04 23:00:00+00:00,0.0,16.49
2025-07-05 00:00:00+00:00,0.0,15.65
2025-07-05 01:00:00+00:00,0.0,15.08
2025-07-05 02:00:00+00:00,0.0,14.81
2025-07-05 03:00:00+00:00,0.0,14.64
2025-07-05 04:00:00+00:00,10.07,14.92
2025-07-05 05:00:00+00:00,45.22,15.79
2025-07-05 06:00:00+00:00,93.38,17.0
2025-07-05 07:00:00+00:00,154.82,18.12
2025-07-05 08:00:00+00:00,226.05,19.34
2025-07-05 09:00:00+00:00,219.75,20.36
2025-07-05 10:00:00+00:00,172.6,20.73
2025-07-05 11:00:00+00:00,202.02,20.78
2025-07-05 12:00:00+00:00,253.45,20.55
2025-07-05 13:00:00+00:00,302.35,20.35
2025-07-05 14:00:00+00:00,295.5,20.81
2025-07-05 15:00:00+00:00,296.8,22.1
2025-07-05 16:00:00+00:00,285.12,22.51
2025-07-05 17:00:00+00:00,188.77,22.13
2025-07-05 18:00:00+00:00,106.45,21.16
2025-07-05 19:00:00+00:00,39.62,19.75
2025-07-05 20:00:00+00:00,0.0,18.62
2025-07-05 21:00:00+00:00,0.0,17.8
2025-07-05 22:00:00+00:00,0.0,17.28
2025-07-05 23:00:00+00:00,0.0,16.7
2025-07-06 00:00:00+00:00,0.0,16.04
2025-07-06 01:00:00+00:00,0.0,15.62
2025-07-06 02:00:00+00:00,0.0,15.52
2025-07-06 03:00:00+00:00,0.0,15.5
2025-07-06 04:00:00+00:00,8.93,15.8
2025-07-06 05:00:00+00:00,45.0,16.53
2025-07-06 06:00:00+00:00,85.45,17.45
2025-07-06 07:00:00+00:00,145.07,18.61
2025-07-06 08:00:00+00:00,211.27,19.98
2025-07-06 09:00:00+00:00,231.65,21.15
2025-07-06 10:00:00+00:00,302.62,21.76
2025-07-06 11:00:00+00:00,451.85,22.3
2025-07-06 12:00:00+00:00,457.45,22.93
2025-07-06 13:00:00+00:00,472.52,22.82
2025-07-06 14:00:00+00:00,402.55,22.41
2025-07-06 15:00:00+00:00,324.5,21.84
2025-07-06 16:00:00+00:00,260.58,21.32
2025-07-06 17:00:00+00:00,157.25,20.65
2025-07-06 18:00:00+00:00,82.8,19.51
2025-07-06 19:00:00+00:00,27.83,17.76
2025-07-06 20:00:00+00:00,0.0,15.96
2025-07-06 21:00:00+00:00,0.0,15.01
2025-07-06 22:00:00+00:00,0.0,14.47
2025-07-06 23:00:00+00:00,0.0,14.28
2025-07-07 00:00:00+00:00,0.0,14.15
2025-07-07 01:00:00+00:00,0.0,14.05
2025-07-07 02:00:00+00:00,0.0,13.91
2025-07-07 03:00:00+00:00,0.0,13.71
2025-07-07 04:00:00+00:00,12.57,13.54
2025-07-07 05:00:00+00:00,81.57,13.54
2025-07-07 06:00:00+00:00,171.43,13.74
2025-07-07 07:00:00+00:00,278.25,14.59
2025-07-07 08:00:00+00:00,400.27,16.27
2025-07-07 09:00:00+00:00,651.22,18.04
2025-07-07 10:00:00+00:00,754.5,19.33
2025-07-07 11:00:00+00:00,601.53,20.16
2025-07-07 12:00:00+00:00,598.12,20.67
2025-07-07 13:00:00+00:00,597.97,20.95
2025-07-07 14:00:00+00:00,572.75,21.03
2025-07-07 15:00:00+00:00,488.33,21.08
2025-07-07 16:00:00+00:00,384.27,20.76
2025-07-07 17:00:00+00:00,267.83,20.06
2025-07-07 18:00:00+00:00,156.9,19.05
2025-07-07 19:00:00+00:00,56.65,16.98
2025-07-07 20:00:00+00:00,0.0,14.81
2025-07-07 21:00:00+00:00,0.0,13.79
2025-07-07 22:00:00+00:00,0.0,12.95
2025-07-07 23:00:00+00:00,0.0,12.35
2025-07-08 00:00:00+00:00,0.0,12.16
2025-07-08 01:00:00+00:00,0.0,12.29
2025-07-08 02:00:00+00:00,0.0,11.88
2025-07-08 03:00:00+00:00,0.0,11.12
2025-07-08 04:00:00+00:00,24.85,10.9
2025-07-08 05:00:00+00:00,139.75,11.72
2025-07-08 06:00:00+00:00,295.42,13.44
2025-07-08 07:00:00+00:00,461.02,15.65
2025-07-08 08:00:00+00:00,615.97,17.41
2025-07-08 09:00:00+00:00,731.7,18.82
2025-07-08 10:00:00+00:00,843.83,20.13
2025-07-08 11:00:00+00:00,896.47,21.33
2025-07-08 12:00:00+00:00,888.42,22.28
2025-07-08 13:00:00+00:00,853.7,22.99
2025-07-08 14:00:00+00:00,774.4,23.38
2025-07-08 15:00:00+00:00,659.0,23.45
2025-07-08 16:00:00+00:00,513.8,23.25
2025-07-08 17:00:00+00:00,350.62,22.63
2025-07-08 18:00:00+00:00,191.35,21.28
2025-07-08 19:00:00+00:00,62.17,18.56
2025-07-08 20:00:00+00:00,0.0,16.73
2025-07-08 21:00:00+00:00,0.0,16.28
2025-07-08 22:00:00+00:00,0.0,15.64
2025-07-08 23:00:00+00:00,0.0,14.59
2025-07-09 00:00:00+00:00,0.0,13.32
2025-07-09 01:00:00+00:00,0.0,12.19
2025-07-09 02:00:00+00:00,0.0,11.42
2025-07-09 03:00:00+00:00,0.0,10.78
2025-07-09 04:00:00+00:00,22.3,11.29
2025-07-09 05:00:00+00:00,114.82,13.03
2025-07-09 06:00:00+00:00,227.32,15.25
2025-07-09 07:00:00+00:00,346.33,18.42
2025-07-09 08:00:00+00:00,495.2,20.53
2025-07-09 09:00:00+00:00,619.3,22.32
2025-07-09 10:00:00+00:00,703.8,23.86
2025-07-09 11:00:00+00:00,741.15,25.12
2025-07-09 12:00:00+00:00,674.83,26.07
2025-07-09 13:00:00+00:00,528.83,26.67
2025-07-09 14:00:00+00:00,505.83,26.92
2025-07-09 15:00:00+00:00,453.3,26.79
2025-07-09 16:00:00+00:00,380.08,26.23
2025-07-09 17:00:00+00:00,237.7,25.61
2025-07-09 18:00:00+00:00,129.77,24.59
2025-07-09 19:00:00+00:00,42.62,22.97
2025-07-09 20:00:00+00:00,0.0,21.54
2025-07-09 21:00:00+00:00,0.0,20.92
2025-07-09 22:00:00+00:00,0.0,20.23
2025-07-09 23:00:00+00:00,0.0,19.28
2025-07-10 00:00:00+00:00,0.0,18.26
2025-07-10 01:00:00+00:00,0.0,17.2
2025-07-10 02:00:00+00:00,0.0,16.45
2025-07-10 03:00:00+00:00,0.0,15.73
2025-07-10 04:00:00+00:00,21.67,15.89
2025-07-10 05:00:00+00:00,128.7,17.34
2025-07-10 06:00:00+00:00,275.1,19.22
2025-07-10 07:00:00+00:00,430.1,22.44
2025-07-10 08:00:00+00:00,576.9,24.21
2025-07-10 09:00:00+00:00,712.45,25.61
2025-07-10 10:00:00+00:00,805.88,26.85
2025-07-10 11:00:00+00:00,859.03,27.84
2025-07-10 12:00:00+00:00,830.53,28.6
2025-07-10 13:00:00+00:00,780.5,29.08
2025-07-10 14:00:00+00:00,747.8,29.28
2025-07-10 15:00:00+00:00,623.0,29.14
2025-07-10 16:00:00+00:00,460.23,28.62
2025-07-10 17:00:00+00:00,312.45,27.49
2025-07-10 18:00:00+00:00,169.15,25.22
2025-07-10 19:00:00+00:00,52.08,22.5
2025-07-10 20:00:00+00:00,0.0,20.33
2025-07-10 21:00:00+00:00,0.0,18.99
2025-07-10 22:00:00+00:00,0.0,18.02
2025-07-10 23:00:00+00:00,0.0,17.44
2025-07-11 00:00:00+00:00,0.0,16.97
2025-07-11 01:00:00+00:00,0.0,16.46
2025-07-11 02:00:00+00:00,0.0,15.83
2025-07-11 03:00:00+00:00,0.0,15.19
2025-07-11 04:00:00+00:00,19.73,15.58
2025-07-11 05:00:00+00:00,123.05,17.68
2025-07-11 06:00:00+00:00,264.85,19.88
2025-07-11 07:00:00+00:00,418.88,22.45
2025-07-11 08:00:00+00:00,565.53,24.87
2025-07-11 09:00:00+00:00,693.22,26.67
2025-07-11 10:00:00+00:00,787.8,27.89
2025-07-11 11:00:00+00:00,842.05,28.83
2025-07-11 12:00:00+00:00,854.38,29.5
2025-07-11 13:00:00+00:00,780.38,29.93
2025-07-11 14:00:00+00:00,731.7,30.02
2025-07-11 15:00:00+00:00,619.65,29.85
2025-07-11 16:00:00+00:00,478.55,29.34
2025-07-11 17:00:00+00:00,321.42,28.34
2025-07-11 18:00:00+00:00,170.75,26.28
2025-07-11 19:00:00+00:00,50.88,22.74
2025-07-11 20:00:00+00:00,0.0,20.13
2025-07-11 21:00:00+00:00,0.0,18.8
2025-07-11 22:00:00+00:00,0.0,17.77
2025-07-11 23:00:00+00:00,0.0,16.99
2025-07-12 00:00:00+00:00,0.0,16.37
2025-07-12 01:00:00+00:00,0.0,15.87
2025-07-12 02:00:00+00:00,0.0,15.4
2025-07-12 03:00:00+00:00,0.0,14.92
2025-07-12 04:00:00+00:00,20.0,15.28
2025-07-12 05:00:00+00:00,129.93,17.47
2025-07-12 06:00:00+00:00,280.85,19.72
2025-07-12 07:00:00+00:00,442.48,22.12
2025-07-12 08:00:00+00:00,594.72,23.79
2025-07-12 09:00:00+00:00,723.92,25.17
2025-07-12 10:00:00+00:00,819.65,26.34
2025-07-12 11:00:00+00:00,874.5,27.25
2025-07-12 12:00:00+00:00,869.0,27.79
2025-07-12 13:00:00+00:00,831.72,27.85
2025-07-12 14:00:00+00:00,752.12,27.54
2025-07-12 15:00:00+00:00,618.3,26.96
2025-07-12 16:00:00+00:00,453.17,26.13
2025-07-12 17:00:00+00:00,306.33,24.94
2025-07-12 18:00:00+00:00,165.75,23.24
2025-07-12 19:00:00+00:00,50.95,20.25
2025-07-12 20:00:00+00:00,0.0,17.67
2025-07-12 21:00:00+00:00,0.0,16.43
2025-07-12 22:00:00+00:00,0.0,15.4
2025-07-12 23:00:00+00:00,0.0,14.46
2025-07-13 00:00:00+00:00,0.0,13.67
2025-07-13 01:00:00+00:00,0.0,13.13
2025-07-13 02:00:00+00:00,0.0,12.82
2025-07-13 03:00:00+00:00,0.0,12.59
2025-07-13 04:00:00+00:00,18.5,13.36
2025-07-13 05:00:00+00:00,113.68,15.45
2025-07-13 06:00:00+00:00,226.57,17.4
2025-07-13 07:00:00+00:00,349.48,19.45
2025-07-13 08:00:00+00:00,469.77,21.27
2025-07-13 09:00:00+00:00,682.22,23.07
2025-07-13 10:00:00+00:00,788.05,24.71
2025-07-13 11:00:00+00:00,797.35,25.98
2025-07-13 12:00:00+00:00,761.5,26.91
2025-07-13 13:00:00+00:00,728.53,27.37
2025-07-13 14:00:00+00:00,625.67,27.44
2025-07-13 15:00:00+00:00,541.5,27.35
2025-07-13 16:00:00+00:00,428.62,26.76
2025-07-13 17:00:00+00:00,267.42,26.06
2025-07-13 18:00:00+00:00,136.5,24.7
2025-07-13 19:00:00+00:00,39.22,22.06
2025-07-13 20:00:00+00:00,0.0,19.95
2025-07-13 21:00:00+00:00,0.0,18.81
2025-07-13 22:00:00+00:00,0.0,17.91
2025-07-13 23:00:00+00:00,0.0,17.64
2025-07-14 00:00:00+00:00,0.0,17.29
2025-07-14 01:00:00+00:00,0.0,16.82
2025-07-14 02:00:00+00:00,0.0,16.19
2025-07-14 03:00:00+00:00,0.0,16.35
2025-07-14 04:00:00+00:00,11.05,16.85
2025-07-14 05:00:00+00:00,74.35,17.95
2025-07-14 06:00:00+00:00,178.8,19.73
2025-07-14 07:00:00+00:00,308.05,21.6
2025-07-14 08:00:00+00:00,457.9,22.88
2025-07-14 09:00:00+00:00,598.2,23.86
2025-07-14 10:00:00+00:00,647.97,24.77
2025-07-14 11:00:00+00:00,602.8,25.36
2025-07-14 12:00:00+00:00,549.55,25.21
2025-07-14 13:00:00+00:00,556.4,24.9
2025-07-14 14:00:00+00:00,546.0,24.59
2025-07-14 15:00:00+00:00,427.27,24.08
2025-07-14 16:00:00+00:00,337.48,23.3
2025-07-14 17:00:00+00:00,236.75,22.36
2025-07-14 18:00:00+00:00,135.77,21.07
2025-07-14 19:00:00+00:00,45.1,19.27
2025-07-14 20:00:00+00:00,0.0,17.32
2025-07-14 21:00:00+00:00,0.0,16.13
2025-07-14 22:00:00+00:00,0.0,15.17
2025-07-14 23:00:00+00:00,0.0,14.43
2025-07-15 00:00:00+00:00,0.0,13.84
2025-07-15 01:00:00+00:00,0.0,13.24
2025-07-15 02:00:00+00:00,0.0,12.82
2025-07-15 03:00:00+00:00,0.0,12.65
2025-07-15 04:00:00+00:00,14.43,13.19
2025-07-15 05:00:00+00:00,83.45,14.89
2025-07-15 06:00:00+00:00,164.85,16.89
2025-07-15 07:00:00+00:00,263.75,18.2
2025-07-15 08:00:00+00:00,373.88,19.43
2025-07-15 09:00:00+00:00,426.85,20.64
2025-07-15 10:00:00+00:00,439.67,21.66
2025-07-15 11:00:00+00:00,482.02,22.21
2025-07-15 12:00:00+00:00,453.05,22.64
2025-07-15 13:00:00+00:00,384.33,22.69
2025-07-15 14:00:00+00:00,337.2,22.35
2025-07-15 15:00:00+00:00,290.6,21.92
2025-07-15 16:00:00+00:00,184.57,21.1
2025-07-15 17:00:00+00:00,123.18,20.25
2025-07-15 18:00:00+00:00,72.8,19.42
2025-07-15 19:00:00+00:00,21.67,18.2
2025-07-15 20:00:00+00:00,0.0,17.08
2025-07-15 21:00:00+00:00,0.0,16.42
2025-07-15 22:00:00+00:00,0.0,15.87
2025-07-15 23:00:00+00:00,0.0,15.34
2025-07-16 00:00:00+00:00,0.0,14.92
2025-07-16 01:00:00+00:00,0.0,14.46
2025-07-16 02:00:00+00:00,0.0,14.03
2025-07-16 03:00:00+00:00,0.0,13.69
2025-07-16 04:00:00+00:00,15.2,13.75
2025-07-16 05:00:00+00:00,107.55,14.78
2025-07-16 06:00:00+00:00,238.65,16.66
2025-07-16 07:00:00+00:00,378.3,18.63
2025-07-16 08:00:00+00:00,511.67,20.29
2025-07-16 09:00:00+00:00,636.6,21.84
2025-07-16 10:00:00+00:00,640.7,23.24
2025-07-16 11:00:00+00:00,738.42,24.33
2025-07-16 12:00:00+00:00,649.25,25.14
2025-07-16 13:00:00+00:00,634.1,25.72
2025-07-16 14:00:00+00:00,554.42,25.76
2025-07-16 15:00:00+00:00,405.3,25.34
2025-07-16 16:00:00+00:00,202.2,24.74
2025-07-16 17:00:00+00:00,139.35,24.04
2025-07-16 18:00:00+00:00,79.18,22.66
2025-07-16 19:00:00+00:00,26.45,20.06
2025-07-16 20:00:00+00:00,0.0,18.3
2025-07-16 21:00:00+00:00,0.0,17.59
2025-07-16 22:00:00+00:00,0.0,16.76
2025-07-16 23:00:00+00:00,0.0,16.24
2025-07-17 00:00:00+00:00,0.0,16.06
2025-07-17 01:00:00+00:00,0.0,16.12
2025-07-17 02:00:00+00:00,0.0,16.12
2025-07-17 03:00:00+00:00,0.0,16.01
2025-07-17 04:00:00+00:00,8.38,16.32
2025-07-17 05:00:00+00:00,43.88,17.49
2025-07-17 06:00:00+00:00,126.07,18.78
2025-07-17 07:00:00+00:00,207.98,21.09
2025-07-17 08:00:00+00:00,295.9,23.23
2025-07-17 09:00:00+00:00,338.25,24.79
2025-07-17 10:00:00+00:00,356.33,26.05
2025-07-17 11:00:00+00:00,419.0,26.82
2025-07-17 12:00:00+00:00,416.7,27.45
2025-07-17 13:00:00+00:00,354.23,27.49
2025-07-17 14:00:00+00:00,333.65,27.04
2025-07-17 15:00:00+00:00,283.08,26.46
2025-07-17 16:00:00+00:00,231.27,26.13
2025-07-17 17:00:00+00:00,146.73,25.65
2025-07-17 18:00:00+00:00,74.4,24.66
2025-07-17 19:00:00+00:00,23.0,22.68
2025-07-17 20:00:00+00:00,0.0,20.95
2025-07-17 21:00:00+00:00,0.0,20.0
2025-07-17 22:00:00+00:00,0.0,19.37
2025-07-17 23:00:00+00:00,0.0,18.82
2025-07-18 00:00:00+00:00,0.0,18.37
2025-07-18 01:00:00+00:00,0.0,17.99
2025-07-18 02:00:00+00:00,0.0,17.61
2025-07-18 03:00:00+00:00,0.0,17.14
2025-07-18 04:00:00+00:00,11.98,16.82
2025-07-18 05:00:00+00:00,79.2,17.57
2025-07-18 06:00:00+00:00,179.52,19.31
2025-07-18 07:00:00+00:00,302.35,21.51
2025-07-18 08:00:00+00:00,432.6,23.61
2025-07-18 09:00:00+00:00,614.2,25.49
2025-07-18 10:00:00+00:00,713.97,26.96
2025-07-18 11:00:00+00:00,778.33,28.1
2025-07-18 12:00:00+00:00,708.65,28.86
2025-07-18 13:00:00+00:00,659.58,29.19
2025-07-18 14:00:00+00:00,521.2,29.17
2025-07-18 15:00:00+00:00,442.85,28.92
2025-07-18 16:00:00+00:00,351.58,28.37
2025-07-18 17:00:00+00:00,224.27,27.09
2025-07-18 18:00:00+00:00,112.15,24.98
2025-07-18 19:00:00+00:00,31.0,22.98
2025-07-18 20:00:00+00:00,0.0,21.6
2025-07-18 21:00:00+00:00,0.0,20.68
2025-07-18 22:00:00+00:00,0.0,20.01
2025-07-18 23:00:00+00:00,0.0,19.44
2025-07-19 00:00:00+00:00,0.0,19.18
2025-07-19 01:00:00+00:00,0.0,19.1
2025-07-19 02:00:00+00:00,0.0,18.89
2025-07-19 03:00:00+00:00,0.0,18.5
2025-07-19 04:00:00+00:00,3.25,18.12
2025-07-19 05:00:00+00:00,21.0,17.82
2025-07-19 06:00:00+00:00,54.03,18.07
2025-07-19 07:00:00+00:00,86.07,18.62
2025-07-19 08:00:00+00:00,112.88,19.11
2025-07-19 09:00:00+00:00,166.2,19.77
2025-07-19 10:00:00+00:00,219.25,20.55
2025-07-19 11:00:00+00:00,325.52,21.24
2025-07-19 12:00:00+00:00,401.85,21.8
2025-07-19 13:00:00+00:00,439.55,21.9
2025-07-19 14:00:00+00:00,383.92,21.68
2025-07-19 15:00:00+00:00,276.58,21.45
2025-07-19 16:00:00+00:00,215.35,21.56
2025-07-19 17:00:00+00:00,136.8,21.74
2025-07-19 18:00:00+00:00,71.3,20.9
2025-07-19 19:00:00+00:00,20.38,19.02
2025-07-19 20:00:00+00:00,0.0,17.85
2025-07-19 21:00:00+00:00,0.0,17.28
2025-07-19 22:00:00+00:00,0.0,16.71
2025-07-19 23:00:00+00:00,0.0,16.22
2025-07-20 00:00:00+00:00,0.0,15.96
2025-07-20 01:00:00+00:00,0.0,15.97
2025-07-20 02:00:00+00:00,0.0,16.12
2025-07-20 03:00:00+00:00,0.0,16.25
2025-07-20 04:00:00+00:00,4.65,16.23
2025-07-20 05:00:00+00:00,10.27,16.65
2025-07-20 06:00:00+00:00,76.6,17.13
2025-07-20 07:00:00+00:00,138.45,17.42
2025-07-20 08:00:00+00:00,153.0,17.96
2025-07-20 09:00:00+00:00,175.23,18.79
2025-07-20 10:00:00+00:00,256.92,19.27
2025-07-20 11:00:00+00:00,374.02,19.72
2025-07-20 12:00:00+00:00,434.98,20.38
2025-07-20 13:00:00+00:00,577.47,21.32
2025-07-20 14:00:00+00:00,556.33,22.08
2025-07-20 15:00:00+00:00,500.45,21.94
2025-07-20 16:00:00+00:00,414.92,21.27
2025-07-20 17:00:00+00:00,273.48,20.27
2025-07-20 18:00:00+00:00,142.48,18.99
2025-07-20 19:00:00+00:00,35.85,16.89
2025-07-20 20:00:00+00:00,0.0,15.31
2025-07-20 21:00:00+00:00,0.0,14.93
2025-07-20 22:00:00+00:00,0.0,14.94
2025-07-20 23:00:00+00:00,0.0,14.68
2025-07-21 00:00:00+00:00,0.0,14.39
2025-07-21 01:00:00+00:00,0.0,13.96
2025-07-21 02:00:00+00:00,0.0,13.64
2025-07-21 03:00:00+00:00,0.0,13.6
2025-07-21 04:00:00+00:00,10.82,13.94
2025-07-21 05:00:00+00:00,93.82,15.17
2025-07-21 06:00:00+00:00,218.48,16.04
2025-07-21 07:00:00+00:00,356.98,16.63
2025-07-21 08:00:00+00:00,512.95,17.27
2025-07-21 09:00:00+00:00,646.45,18.2
2025-07-21 10:00:00+00:00,662.38,19.15
2025-07-21 11:00:00+00:00,609.83,19.92
2025-07-21 12:00:00+00:00,541.83,20.65
2025-07-21 13:00:00+00:00,531.25,21.37
2025-07-21 14:00:00+00:00,492.45,21.88
2025-07-21 15:00:00+00:00,375.6,21.92
2025-07-21 16:00:00+00:00,281.8,21.53
2025-07-21 17:00:00+00:00,188.95,20.89
2025-07-21 18:00:00+00:00,104.4,19.82
2025-07-21 19:00:00+00:00,28.12,18.07
2025-07-21 20:00:00+00:00,0.0,16.7
2025-07-21 21:00:00+00:00,0.0,15.92
2025-07-21 22:00:00+00:00,0.0,15.21
2025-07-21 23:00:00+00:00,0.0,14.57
2025-07-22 00:00:00+00:00,0.0,14.04
2025-07-22 01:00:00+00:00,0.0,13.77
2025-07-22 02:00:00+00:00,0.0,13.64
2025-07-22 03:00:00+00:00,0.0,13.51
2025-07-22 04:00:00+00:00,9.4,13.85
2025-07-22 05:00:00+00:00,69.7,15.29
2025-07-22 06:00:00+00:00,144.12,17.04
2025-07-22 07:00:00+00:00,228.05,19.04
2025-07-22 08:00:00+00:00,314.62,20.57
2025-07-22 09:00:00+00:00,360.92,21.79
2025-07-22 10:00:00+00:00,297.62,22.7
2025-07-22 11:00:00+00:00,333.67,23.29
2025-07-22 12:00:00+00:00,358.9,23.1
2025-07-22 13:00:00+00:00,351.67,22.82
2025-07-22 14:00:00+00:00,320.48,22.98
2025-07-22 15:00:00+00:00,278.17,22.83
2025-07-22 16:00:00+00:00,160.6,22.27
2025-07-22 17:00:00+00:00,103.2,21.45
2025-07-22 18:00:00+00:00,50.15,20.33
2025-07-22 19:00:00+00:00,13.95,18.8
2025-07-22 20:00:00+00:00,0.0,17.76
2025-07-22 21:00:00+00:00,0.0,17.12
2025-07-22 22:00:00+00:00,0.0,16.51
2025-07-22 23:00:00+00:00,0.0,15.92
2025-07-23 00:00:00+00:00,0.0,15.43
2025-07-23 01:00:00+00:00,0.0,15.04
2025-07-23 02:00:00+00:00,0.0,14.75
2025-07-23 03:00:00+00:00,0.0,14.46
2025-07-23 04:00:00+00:00,6.03,14.37
2025-07-23 05:00:00+00:00,48.67,15.06
2025-07-23 06:00:00+00:00,136.98,16.06
2025-07-23 07:00:00+00:00,230.85,17.47
2025-07-23 08:00:00+00:00,323.4,19.16
2025-07-23 09:00:00+00:00,441.73,20.65
2025-07-23 10:00:00+00:00,487.77,21.69
2025-07-23 11:00:00+00:00,422.3,22.34
2025-07-23 12:00:00+00:00,392.25,22.48
2025-07-23 13:00:00+00:00,349.75,22.39
2025-07-23 14:00:00+00:00,310.67,22.18
2025-07-23 15:00:00+00:00,283.62,21.76
2025-07-23 16:00:00+00:00,206.98,21.17
2025-07-23 17:00:00+00:00,129.2,20.62
2025-07-23 18:00:00+00:00,66.8,19.63
2025-07-23 19:00:00+00:00,17.27,17.86
2025-07-23 20:00:00+00:00,0.0,16.87
2025-07-23 21:00:00+00:00,0.0,16.49
2025-07-23 22:00:00+00:00,0.0,16.17
2025-07-23 23:00:00+00:00,0.0,15.86
2025-07-24 00:00:00+00:00,0.0,15.6
2025-07-24 01:00:00+00:00,0.0,15.41
2025-07-24 02:00:00+00:00,0.0,15.26
2025-07-24 03:00:00+00:00,0.0,15.01
2025-07-24 04:00:00+00:00,6.35,14.88
2025-07-24 05:00:00+00:00,63.3,15.72
2025-07-24 06:00:00+00:00,151.8,16.97
2025-07-24 07:00:00+00:00,268.35,18.56
2025-07-24 08:00:00+00:00,389.65,20.06
2025-07-24 09:00:00+00:00,428.2,21.07
2025-07-24 10:00:00+00:00,383.52,21.8
2025-07-24 11:00:00+00:00,324.67,22.33
2025-07-24 12:00:00+00:00,286.4,22.45
2025-07-24 13:00:00+00:00,220.02,22.19
2025-07-24 14:00:00+00:00,177.82,21.63
2025-07-24 15:00:00+00:00,167.7,21.03
2025-07-24 16:00:00+00:00,117.07,20.4
2025-07-24 17:00:00+00:00,126.68,19.84
2025-07-24 18:00:00+00:00,70.4,18.99
2025-07-24 19:00:00+00:00,17.77,17.79
2025-07-24 20:00:00+00:00,0.0,16.78
2025-07-24 21:00:00+00:00,0.0,16.08
2025-07-24 22:00:00+00:00,0.0,15.61
2025-07-24 23:00:00+00:00,0.0,15.21
2025-07-25 00:00:00+00:00,0.0,14.93
2025-07-25 01:00:00+00:00,0.0,14.48
2025-07-25 02:00:00+00:00,0.0,14.21
2025-07-25 03:00:00+00:00,0.0,13.97
2025-07-25 04:00:00+00:00,6.07,14.02
2025-07-25 05:00:00+00:00,74.7,15.3
2025-07-25 06:00:00+00:00,198.6,16.52
2025-07-25 07:00:00+00:00,350.77,18.47
2025-07-25 08:00:00+00:00,527.75,20.8
2025-07-25 09:00:00+00:00,637.28,22.71
2025-07-25 10:00:00+00:00,637.08,24.15
2025-07-25 11:00:00+00:00,628.75,25.34
2025-07-25 12:00:00+00:00,446.92,26.17
2025-07-25 13:00:00+00:00,567.83,26.68
2025-07-25 14:00:00+00:00,547.83,26.84
2025-07-25 15:00:00+00:00,475.38,26.41
2025-07-25 16:00:00+00:00,368.55,25.9
2025-07-25 17:00:00+00:00,233.6,24.82
2025-07-25 18:00:00+00:00,125.55,23.22
2025-07-25 19:00:00+00:00,27.92,20.77
2025-07-25 20:00:00+00:00,0.0,19.35
2025-07-25 21:00:00+00:00,0.0,18.45
2025-07-25 22:00:00+00:00,0.0,17.49
2025-07-25 23:00:00+00:00,0.0,16.61
2025-07-26 00:00:00+00:00,0.0,15.63
2025-07-26 01:00:00+00:00,0.0,14.89
2025-07-26 02:00:00+00:00,0.0,14.31
2025-07-26 03:00:00+00:00,0.0,13.79
2025-07-26 04:00:00+00:00,6.65,13.79
2025-07-26 05:00:00+00:00,57.92,15.92
2025-07-26 06:00:00+00:00,113.85,18.14
2025-07-26 07:00:00+00:00,175.0,20.34
2025-07-26 08:00:00+00:00,233.18,21.83
2025-07-26 09:00:00+00:00,326.62,22.92
2025-07-26 10:00:00+00:00,328.85,23.49
2025-07-26 11:00:00+00:00,334.77,24.11
2025-07-26 12:00:00+00:00,227.6,23.9
2025-07-26 13:00:00+00:00,445.1,23.64
2025-07-26 14:00:00+00:00,453.33,23.31
2025-07-26 15:00:00+00:00,427.05,23.33
2025-07-26 16:00:00+00:00,347.27,23.26
2025-07-26 17:00:00+00:00,215.07,22.36
2025-07-26 18:00:00+00:00,107.4,21.02
2025-07-26 19:00:00+00:00,22.05,19.18
2025-07-26 20:00:00+00:00,0.0,17.92
2025-07-26 21:00:00+00:00,0.0,17.07
2025-07-26 22:00:00+00:00,0.0,16.28
2025-07-26 23:00:00+00:00,0.0,15.7
2025-07-27 00:00:00+00:00,0.0,15.03
2025-07-27 01:00:00+00:00,0.0,14.14
2025-07-27 02:00:00+00:00,0.0,13.37
2025-07-27 03:00:00+00:00,0.0,12.94
2025-07-27 04:00:00+00:00,2.78,12.75
2025-07-27 05:00:00+00:00,38.92,13.47
2025-07-27 06:00:00+00:00,101.65,15.53
2025-07-27 07:00:00+00:00,184.7,17.81
2025-07-27 08:00:00+00:00,285.38,19.47
2025-07-27 09:00:00+00:00,367.02,20.67
2025-07-27 10:00:00+00:00,397.58,21.58
2025-07-27 11:00:00+00:00,361.27,22.41
2025-07-27 12:00:00+00:00,358.48,22.93
2025-07-27 13:00:00+00:00,388.9,22.99
2025-07-27 14:00:00+00:00,310.08,22.66
2025-07-27 15:00:00+00:00,275.62,22.11
2025-07-27 16:00:00+00:00,148.5,21.38
2025-07-27 17:00:00+00:00,108.55,20.48
2025-07-27 18:00:00+00:00,59.2,19.24
2025-07-27 19:00:00+00:00,12.95,17.4
2025-07-27 20:00:00+00:00,0.0,16.17
2025-07-27 21:00:00+00:00,0.0,15.08
2025-07-27 22:00:00+00:00,0.0,14.31
2025-07-27 23:00:00+00:00,0.0,13.69
2025-07-28 00:00:00+00:00,0.0,13.15
2025-07-28 01:00:00+00:00,0.0,12.67
2025-07-28 02:00:00+00:00,0.0,12.2
2025-07-28 03:00:00+00:00,0.0,11.67
2025-07-28 04:00:00+00:00,5.62,11.56
2025-07-28 05:00:00+00:00,65.38,13.23
2025-07-28 06:00:00+00:00,160.57,15.28
2025-07-28 07:00:00+00:00,246.5,17.77
2025-07-28 08:00:00+00:00,324.55,19.43
2025-07-28 09:00:00+00:00,501.35,21.02
2025-07-28 10:00:00+00:00,668.4,22.3
2025-07-28 11:00:00+00:00,595.6,23.25
2025-07-28 12:00:00+00:00,535.4,23.83
2025-07-28 13:00:00+00:00,447.33,24.04
2025-07-28 14:00:00+00:00,406.9,23.92
2025-07-28 15:00:00+00:00,326.33,23.44
2025-07-28 16:00:00+00:00,287.7,22.86
2025-07-28 17:00:00+00:00,173.23,22.36
2025-07-28 18:00:00+00:00,90.0,21.13
2025-07-28 19:00:00+00:00,19.33,19.22
2025-07-28 20:00:00+00:00,0.0,18.07
2025-07-28 21:00:00+00:00,0.0,17.19
2025-07-28 22:00:00+00:00,0.0,16.08
2025-07-28 23:00:00+00:00,0.0,15.14
2025-07-29 00:00:00+00:00,0.0,14.25
2025-07-29 01:00:00+00:00,0.0,13.27
2025-07-29 02:00:00+00:00,0.0,12.3
2025-07-29 03:00:00+00:00,0.0,11.55
2025-07-29 04:00:00+00:00,4.38,11.58
2025-07-29 05:00:00+00:00,46.12,12.97
2025-07-29 06:00:00+00:00,111.88,14.85
2025-07-29 07:00:00+00:00,166.75,16.58
2025-07-29 08:00:00+00:00,238.52,17.77
2025-07-29 09:00:00+00:00,338.23,18.78
2025-07-29 10:00:00+00:00,309.33,19.9
2025-07-29 11:00:00+00:00,377.58,21.19
2025-07-29 12:00:00+00:00,286.9,21.35
2025-07-29 13:00:00+00:00,310.5,21.27
2025-07-29 14:00:00+00:00,244.82,21.39
2025-07-29 15:00:00+00:00,274.58,21.44
2025-07-29 16:00:00+00:00,202.07,21.01
2025-07-29 17:00:00+00:00,118.75,20.33
2025-07-29 18:00:00+00:00,53.88,19.35
2025-07-29 19:00:00+00:00,8.52,18.12
2025-07-29 20:00:00+00:00,0.0,17.37
2025-07-29 21:00:00+00:00,0.0,16.97
2025-07-29 22:00:00+00:00,0.0,16.7
2025-07-29 23:00:00+00:00,0.0,16.35
2025-07-30 00:00:00+00:00,0.0,15.83
2025-07-30 01:00:00+00:00,0.0,15.2
2025-07-30 02:00:00+00:00,0.0,14.73
2025-07-30 03:00:00+00:00,0.0,14.21
2025-07-30 04:00:00+00:00,4.3,14.11
2025-07-30 05:00:00+00:00,46.03,15.54
2025-07-30 06:00:00+00:00,122.88,16.73
2025-07-30 07:00:00+00:00,208.1,18.13
2025-07-30 08:00:00+00:00,299.77,19.65
2025-07-30 09:00:00+00:00,408.92,21.31
2025-07-30 10:00:00+00:00,462.67,22.43
2025-07-30 11:00:00+00:00,540.35,23.2
2025-07-30 12:00:00+00:00,444.65,24.11
2025-07-30 13:00:00+00:00,501.02,24.79
2025-07-30 14:00:00+00:00,429.33,25.19
2025-07-30 15:00:00+00:00,372.4,25.37
2025-07-30 16:00:00+00:00,320.42,25.16
2025-07-30 17:00:00+00:00,177.05,24.5
2025-07-30 18:00:00+00:00,90.28,22.67
2025-07-30 19:00:00+00:00,17.3,19.87
2025-07-30 20:00:00+00:00,0.0,18.64
2025-07-30 21:00:00+00:00,0.0,18.07
2025-07-30 22:00:00+00:00,0.0,17.38
2025-07-30 23:00:00+00:00,0.0,16.41
2025-07-31 00:00:00+00:00,0.0,15.81
2025-07-31 01:00:00+00:00,0.0,15.65
2025-07-31 02:00:00+00:00,0.0,15.2
2025-07-31 03:00:00+00:00,0.0,15.08
2025-07-31 04:00:00+00:00,3.15,15.0
2025-07-31 05:00:00+00:00,29.17,15.98
2025-07-31 06:00:00+00:00,90.25,17.1
2025-07-31 07:00:00+00:00,157.65,18.72
2025-07-31 08:00:00+00:00,172.3,19.65
2025-07-31 09:00:00+00:00,291.17,20.15
2025-07-31 10:00:00+00:00,383.52,21.14
2025-07-31 11:00:00+00:00,440.3,22.69
2025-07-31 12:00:00+00:00,397.45,24.05
2025-07-31 13:00:00+00:00,389.62,24.47
2025-07-31 14:00:00+00:00,410.3,24.33
2025-07-31 15:00:00+00:00,349.88,23.6
2025-07-31 16:00:00+00:00,277.15,22.92
2025-07-31 17:00:00+00:00,186.12,22.22
2025-07-31 18:00:00+00:00,101.78,20.83
2025-07-31 19:00:00+00:00,18.7,18.49
2025-07-31 20:00:00+00:00,0.0,17.28
2025-07-31 21:00:00+00:00,0.0,16.53
2025-07-31 22:00:00+00:00,0.0,15.46
2025-07-31 23:00:00+00:00,0.0,14.41
2025-08-01 00:00:00+00:00,0.0,13.63
2025-08-01 01:00:00+00:00,0.0,13.05
2025-08-01 02:00:00+00:00,0.0,12.59
2025-08-01 03:00:00+00:00,0.0,12.15
2025-08-01 04:00:00+00:00,3.75,11.82
2025-08-01 05:00:00+00:00,64.9,12.49
2025-08-01 06:00:00+00:00,173.68,14.16
2025-08-01 07:00:00+00:00,291.9,16.32
2025-08-01 08:00:00+00:00,411.25,17.85
2025-08-01 09:00:00+00:00,479.23,19.28
2025-08-01 10:00:00+00:00,508.27,20.37
2025-08-01 11:00:00+00:00,509.65,20.66
2025-08-01 12:00:00+00:00,518.28,20.59
2025-08-01 13:00:00+00:00,475.58,20.11
2025-08-01 14:00:00+00:00,429.55,19.53
2025-08-01 15:00:00+00:00,346.3,19.02
2025-08-01 16:00:00+00:00,225.1,18.53
2025-08-01 17:00:00+00:00,146.85,17.87
2025-08-01 18:00:00+00:00,72.68,16.82
2025-08-01 19:00:00+00:00,12.43,15.07
2025-08-01 20:00:00+00:00,0.0,13.85
2025-08-01 21:00:00+00:00,0.0,12.96
2025-08-01 22:00:00+00:00,0.0,12.21
2025-08-01 23:00:00+00:00,0.0,11.69
2025-08-02 00:00:00+00:00,0.0,11.35
2025-08-02 01:00:00+00:00,0.0,11.06
2025-08-02 02:00:00+00:00,0.0,10.71
2025-08-02 03:00:00+00:00,0.0,10.31
2025-08-02 04:00:00+00:00,0.0,10.16
2025-08-02 05:00:00+00:00,59.35,11.57
2025-08-02 06:00:00+00:00,156.95,13.38
2025-08-02 07:00:00+00:00,268.77,16.01
2025-08-02 08:00:00+00:00,380.95,17.98
2025-08-02 09:00:00+00:00,506.05,19.36
2025-08-02 10:00:00+00:00,563.3,20.22
2025-08-02 11:00:00+00:00,453.62,20.78
2025-08-02 12:00:00+00:00,549.65,20.35
2025-08-02 13:00:00+00:00,479.65,20.16
2025-08-02 14:00:00+00:00,537.05,21.0
2025-08-02 15:00:00+00:00,475.0,21.64
2025-08-02 16:00:00+00:00,373.65,21.63
2025-08-02 17:00:00+00:00,238.3,21.12
2025-08-02 18:00:00+00:00,113.05,19.52
2025-08-02 19:00:00+00:00,16.58,17.21
2025-08-02 20:00:00+00:00,0.0,15.79
2025-08-02 21:00:00+00:00,0.0,14.69
2025-08-02 22:00:00+00:00,0.0,13.72
2025-08-02 23:00:00+00:00,0.0,12.88
2025-08-03 00:00:00+00:00,0.0,12.23
2025-08-03 01:00:00+00:00,0.0,11.69
2025-08-03 02:00:00+00:00,0.0,11.25
2025-08-03 03:00:00+00:00,0.0,10.85
2025-08-03 04:00:00+00:00,0.0,10.94
2025-08-03 05:00:00+00:00,54.6,12.56
2025-08-03 06:00:00+00:00,136.18,14.26
2025-08-03 07:00:00+00:00,219.95,16.52
2025-08-03 08:00:00+00:00,309.7,18.36
2025-08-03 09:00:00+00:00,358.27,20.51
2025-08-03 10:00:00+00:00,321.42,22.56
2025-08-03 11:00:00+00:00,324.77,23.8
2025-08-03 12:00:00+00:00,269.1,24.6
2025-08-03 13:00:00+00:00,274.52,24.65
2025-08-03 14:00:00+00:00,379.6,24.51
2025-08-03 15:00:00+00:00,366.5,23.93
2025-08-03 16:00:00+00:00,271.45,23.38
2025-08-03 17:00:00+00:00,160.88,23.02
2025-08-03 18:00:00+00:00,65.0,22.21
2025-08-03 19:00:00+00:00,8.57,20.13
2025-08-03 20:00:00+00:00,0.0,18.75
2025-08-03 21:00:00+00:00,0.0,18.01
2025-08-03 22:00:00+00:00,0.0,17.32
2025-08-03 23:00:00+00:00,0.0,16.59
2025-08-04 00:00:00+00:00,0.0,15.78
2025-08-04 01:00:00+00:00,0.0,15.29
2025-08-04 02:00:00+00:00,0.0,15.05
2025-08-04 03:00:00+00:00,0.0,14.82
2025-08-04 04:00:00+00:00,0.0,14.33
2025-08-04 05:00:00+00:00,16.98,15.94
2025-08-04 06:00:00+00:00,56.3,17.06
2025-08-04 07:00:00+00:00,127.75,18.66
2025-08-04 08:00:00+00:00,191.12,21.23
2025-08-04 09:00:00+00:00,186.38,23.38
2025-08-04 10:00:00+00:00,209.8,24.23
2025-08-04 11:00:00+00:00,272.48,24.05
2025-08-04 12:00:00+00:00,225.02,24.14
2025-08-04 13:00:00+00:00,240.6,24.46
2025-08-04 14:00:00+00:00,250.02,23.97
2025-08-04 15:00:00+00:00,304.12,23.39
2025-08-04 16:00:00+00:00,296.88,23.13
2025-08-04 17:00:00+00:00,198.1,22.93
2025-08-04 18:00:00+00:00,100.35,21.61
2025-08-04 19:00:00+00:00,16.27,18.16
2025-08-04 20:00:00+00:00,0.0,16.2
2025-08-04 21:00:00+00:00,0.0,14.83
2025-08-04 22:00:00+00:00,0.0,14.04
2025-08-04 23:00:00+00:00,0.0,13.46
2025-08-05 00:00:00+00:00,0.0,13.05
2025-08-05 01:00:00+00:00,0.0,12.41
2025-08-05 02:00:00+00:00,0.0,11.82
2025-08-05 03:00:00+00:00,0.0,11.47
2025-08-05 04:00:00+00:00,0.0,11.27
2025-08-05 05:00:00+00:00,80.5,12.33
2025-08-05 06:00:00+00:00,211.88,14.52
2025-08-05 07:00:00+00:00,350.55,16.63
2025-08-05 08:00:00+00:00,477.05,18.18
2025-08-05 09:00:00+00:00,553.83,19.35
2025-08-05 10:00:00+00:00,583.58,20.37
2025-08-05 11:00:00+00:00,662.05,21.31
2025-08-05 12:00:00+00:00,561.67,22.06
2025-08-05 13:00:00+00:00,624.22,22.49
2025-08-05 14:00:00+00:00,563.97,22.65
2025-08-05 15:00:00+00:00,451.9,22.45
2025-08-05 16:00:00+00:00,303.2,21.93
2025-08-05 17:00:00+00:00,208.75,20.96
2025-08-05 18:00:00+00:00,101.55,19.04
2025-08-05 19:00:00+00:00,13.73,15.98
2025-08-05 20:00:00+00:00,0.0,14.73
2025-08-05 21:00:00+00:00,0.0,13.96
2025-08-05 22:00:00+00:00,0.0,13.24
2025-08-05 23:00:00+00:00,0.0,12.54
2025-08-06 00:00:00+00:00,0.0,11.82
2025-08-06 01:00:00+00:00,0.0,11.15
2025-08-06 02:00:00+00:00,0.0,10.63
2025-08-06 03:00:00+00:00,0.0,10.12
2025-08-06 04:00:00+00:00,0.0,9.8
2025-08-06 05:00:00+00:00,57.9,11.24
2025-08-06 06:00:00+00:00,179.32,13.0
2025-08-06 07:00:00+00:00,331.75,15.46
2025-08-06 08:00:00+00:00,500.92,18.35
2025-08-06 09:00:00+00:00,634.3,19.96
2025-08-06 10:00:00+00:00,734.47,21.28
2025-08-06 11:00:00+00:00,793.03,22.38
2025-08-06 12:00:00+00:00,768.33,23.11
2025-08-06 13:00:00+00:00,608.25,23.3
2025-08-06 14:00:00+00:00,524.42,22.87
2025-08-06 15:00:00+00:00,423.15,22.25
2025-08-06 16:00:00+00:00,303.33,22.23
2025-08-06 17:00:00+00:00,185.48,21.29
2025-08-06 18:00:00+00:00,78.43,18.82
2025-08-06 19:00:00+00:00,8.93,15.92
2025-08-06 20:00:00+00:00,0.0,15.26
2025-08-06 21:00:00+00:00,0.0,14.93
2025-08-06 22:00:00+00:00,0.0,14.13
2025-08-06 23:00:00+00:00,0.0,13.85
2025-08-07 00:00:00+00:00,0.0,13.33
2025-08-07 01:00:00+00:00,0.0,12.89
2025-08-07 02:00:00+00:00,0.0,12.93
2025-08-07 03:00:00+00:00,0.0,12.08
2025-08-07 04:00:00+00:00,0.0,11.8
2025-08-07 05:00:00+00:00,40.33,13.56
2025-08-07 06:00:00+00:00,130.18,15.42
2025-08-07 07:00:00+00:00,218.73,16.97
2025-08-07 08:00:00+00:00,324.58,17.86
2025-08-07 09:00:00+00:00,395.75,18.55
2025-08-07 10:00:00+00:00,480.25,19.83
2025-08-07 11:00:00+00:00,519.72,21.46
2025-08-07 12:00:00+00:00,522.6,22.54
2025-08-07 13:00:00+00:00,512.75,23.18
2025-08-07 14:00:00+00:00,414.12,23.16
2025-08-07 15:00:00+00:00,307.15,22.61
2025-08-07 16:00:00+00:00,210.43,21.66
2025-08-07 17:00:00+00:00,126.3,20.94
2025-08-07 18:00:00+00:00,55.03,19.83
2025-08-07 19:00:00+00:00,7.22,18.49
2025-08-07 20:00:00+00:00,0.0,17.81
2025-08-07 21:00:00+00:00,0.0,17.39
2025-08-07 22:00:00+00:00,0.0,17.18
2025-08-07 23:00:00+00:00,0.0,17.09
2025-08-08 00:00:00+00:00,0.0,16.74
2025-08-08 01:00:00+00:00,0.0,15.76
2025-08-08 02:00:00+00:00,0.0,14.64
2025-08-08 03:00:00+00:00,0.0,14.0
2025-08-08 04:00:00+00:00,0.0,13.54
2025-08-08 05:00:00+00:00,52.78,14.27
2025-08-08 06:00:00+00:00,166.95,15.52
2025-08-08 07:00:00+00:00,305.67,17.85
2025-08-08 08:00:00+00:00,463.65,20.26
2025-08-08 09:00:00+00:00,506.65,21.63
2025-08-08 10:00:00+00:00,579.33,22.43
2025-08-08 11:00:00+00:00,712.58,23.36
2025-08-08 12:00:00+00:00,786.8,24.16
2025-08-08 13:00:00+00:00,764.42,24.72
2025-08-08 14:00:00+00:00,704.1,25.18
2025-08-08 15:00:00+00:00,579.0,25.33
2025-08-08 16:00:00+00:00,429.0,24.95
2025-08-08 17:00:00+00:00,266.65,23.93
2025-08-08 18:00:00+00:00,112.57,21.16
2025-08-08 19:00:00+00:00,10.38,17.9
2025-08-08 20:00:00+00:00,0.0,16.77
2025-08-08 21:00:00+00:00,0.0,15.95
2025-08-08 22:00:00+00:00,0.0,15.02
2025-08-08 23:00:00+00:00,0.0,14.32
2025-08-09 00:00:00+00:00,0.0,14.03
2025-08-09 01:00:00+00:00,0.0,13.34
2025-08-09 02:00:00+00:00,0.0,12.5
2025-08-09 03:00:00+00:00,0.0,11.59
2025-08-09 04:00:00+00:00,0.0,11.25
2025-08-09 05:00:00+00:00,46.92,13.02
2025-08-09 06:00:00+00:00,149.18,14.99
2025-08-09 07:00:00+00:00,265.08,17.66
2025-08-09 08:00:00+00:00,404.23,19.59
2025-08-09 09:00:00+00:00,507.33,21.1
2025-08-09 10:00:00+00:00,592.47,21.96
2025-08-09 11:00:00+00:00,647.62,23.06
2025-08-09 12:00:00+00:00,655.22,24.5
2025-08-09 13:00:00+00:00,701.75,25.4
2025-08-09 14:00:00+00:00,670.1,25.83
2025-08-09 15:00:00+00:00,551.88,25.75
2025-08-09 16:00:00+00:00,405.92,25.11
2025-08-09 17:00:00+00:00,248.93,23.8
2025-08-09 18:00:00+00:00,103.62,21.19
2025-08-09 19:00:00+00:00,8.85,18.07
2025-08-09 20:00:00+00:00,0.0,16.93
2025-08-09 21:00:00+00:00,0.0,16.15
2025-08-09 22:00:00+00:00,0.0,15.35
2025-08-09 23:00:00+00:00,0.0,14.52
2025-08-10 00:00:00+00:00,0.0,13.73
2025-08-10 01:00:00+00:00,0.0,13.01
2025-08-10 02:00:00+00:00,0.0,12.38
2025-08-10 03:00:00+00:00,0.0,11.85
2025-08-10 04:00:00+00:00,0.0,11.42
2025-08-10 05:00:00+00:00,62.22,13.02
2025-08-10 06:00:00+00:00,205.88,14.9
2025-08-10 07:00:00+00:00,367.85,18.17
2025-08-10 08:00:00+00:00,523.03,20.95
2025-08-10 09:00:00+00:00,656.65,22.81
2025-08-10 10:00:00+00:00,730.35,24.17
2025-08-10 11:00:00+00:00,721.15,25.24
2025-08-10 12:00:00+00:00,710.3,26.07
2025-08-10 13:00:00+00:00,746.08,26.62
2025-08-10 14:00:00+00:00,674.88,26.84
2025-08-10 15:00:00+00:00,553.78,26.71
2025-08-10 16:00:00+00:00,402.17,26.22
2025-08-10 17:00:00+00:00,242.5,25.1
2025-08-10 18:00:00+00:00,95.75,22.31
2025-08-10 19:00:00+00:00,7.47,19.16
2025-08-10 20:00:00+00:00,0.0,17.84
2025-08-10 21:00:00+00:00,0.0,16.92
2025-08-10 22:00:00+00:00,0.0,16.08
2025-08-10 23:00:00+00:00,0.0,15.34
2025-08-11 00:00:00+00:00,0.0,14.74
2025-08-11 01:00:00+00:00,0.0,14.3
2025-08-11 02:00:00+00:00,0.0,14.0
2025-08-11 03:00:00+00:00,0.0,13.68
2025-08-11 04:00:00+00:00,0.0,13.43
2025-08-11 05:00:00+00:00,49.83,15.0
2025-08-11 06:00:00+00:00,174.52,17.32
2025-08-11 07:00:00+00:00,308.15,20.05
2025-08-11 08:00:00+00:00,444.23,23.55
2025-08-11 09:00:00+00:00,599.67,25.13
2025-08-11 10:00:00+00:00,677.2,26.15
2025-08-11 11:00:00+00:00,725.38,26.95
2025-08-11 12:00:00+00:00,714.7,27.65
2025-08-11 13:00:00+00:00,599.7,28.2
2025-08-11 14:00:00+00:00,532.75,28.15
2025-08-11 15:00:00+00:00,364.67,27.8
2025-08-11 16:00:00+00:00,239.48,27.46
2025-08-11 17:00:00+00:00,158.05,25.85
2025-08-11 18:00:00+00:00,59.33,22.95
2025-08-11 19:00:00+00:00,3.47,20.5
2025-08-11 20:00:00+00:00,0.0,19.4
2025-08-11 21:00:00+00:00,0.0,18.83
2025-08-11 22:00:00+00:00,0.0,18.29
2025-08-11 23:00:00+00:00,0.0,17.43
2025-08-12 00:00:00+00:00,0.0,17.12
2025-08-12 01:00:00+00:00,0.0,17.34
2025-08-12 02:00:00+00:00,0.0,17.51
2025-08-12 03:00:00+00:00,0.0,16.87
2025-08-12 04:00:00+00:00,0.0,16.09
2025-08-12 05:00:00+00:00,34.33,17.1
2025-08-12 06:00:00+00:00,132.4,19.06
2025-08-12 07:00:00+00:00,250.8,21.22
2025-08-12 08:00:00+00:00,390.27,23.85
2025-08-12 09:00:00+00:00,532.0,25.93
2025-08-12 10:00:00+00:00,621.5,27.75
2025-08-12 11:00:00+00:00,717.28,29.16
2025-08-12 12:00:00+00:00,740.1,30.04
2025-08-12 13:00:00+00:00,733.22,30.7
2025-08-12 14:00:00+00:00,648.75,30.9
2025-08-12 15:00:00+00:00,526.7,30.51
2025-08-12 16:00:00+00:00,378.42,29.71
2025-08-12 17:00:00+00:00,221.45,28.24
2025-08-12 18:00:00+00:00,82.82,24.76
2025-08-12 19:00:00+00:00,5.5,21.65
2025-08-12 20:00:00+00:00,0.0,20.35
2025-08-12 21:00:00+00:00,0.0,19.47
2025-08-12 22:00:00+00:00,0.0,18.81
2025-08-12 23:00:00+00:00,0.0,18.29
2025-08-13 00:00:00+00:00,0.0,17.86
2025-08-13 01:00:00+00:00,0.0,17.78
2025-08-13 02:00:00+00:00,0.0,17.92
2025-08-13 03:00:00+00:00,0.0,17.33
2025-08-13 04:00:00+00:00,0.0,15.9
2025-08-13 05:00:00+00:00,29.88,16.44
2025-08-13 06:00:00+00:00,104.93,17.88
2025-08-13 07:00:00+00:00,206.23,18.97
2025-08-13 08:00:00+00:00,309.38,19.77
2025-08-13 09:00:00+00:00,394.3,20.55
2025-08-13 10:00:00+00:00,489.2,21.73
2025-08-13 11:00:00+00:00,460.52,22.98
2025-08-13 12:00:00+00:00,593.88,23.55
2025-08-13 13:00:00+00:00,548.83,23.9
2025-08-13 14:00:00+00:00,414.5,23.94
2025-08-13 15:00:00+00:00,310.12,23.48
2025-08-13 16:00:00+00:00,219.0,22.69
2025-08-13 17:00:00+00:00,121.68,21.51
2025-08-13 18:00:00+00:00,46.85,20.13
2025-08-13 19:00:00+00:00,3.4,18.95
2025-08-13 20:00:00+00:00,0.0,18.21
2025-08-13 21:00:00+00:00,0.0,17.7
2025-08-13 22:00:00+00:00,0.0,17.35
2025-08-13 23:00:00+00:00,0.0,16.98
2025-08-14 00:00:00+00:00,0.0,16.19
2025-08-14 01:00:00+00:00,0.0,15.35
2025-08-14 02:00:00+00:00,0.0,14.85
2025-08-14 03:00:00+00:00,0.0,14.51
2025-08-14 04:00:00+00:00,0.0,14.25
2025-08-14 05:00:00+00:00,32.9,15.55
2025-08-14 06:00:00+00:00,120.62,17.63
2025-08-14 07:00:00+00:00,217.8,20.12
2025-08-14 08:00:00+00:00,323.25,22.24
2025-08-14 09:00:00+00:00,394.65,24.1
2025-08-14 10:00:00+00:00,487.88,25.62
2025-08-14 11:00:00+00:00,514.15,26.73
2025-08-14 12:00:00+00:00,518.78,27.22
2025-08-14 13:00:00+00:00,478.8,27.28
2025-08-14 14:00:00+00:00,461.75,27.29
2025-08-14 15:00:00+00:00,383.42,27.37
2025-08-14 16:00:00+00:00,280.75,27.05
2025-08-14 17:00:00+00:00,180.65,26.09
2025-08-14 18:00:00+00:00,70.55,23.8
2025-08-14 19:00:00+00:00,3.97,21.32
2025-08-14 20:00:00+00:00,0.0,20.17
2025-08-14 21:00:00+00:00,0.0,19.31
2025-08-14 22:00:00+00:00,0.0,18.63
2025-08-14 23:00:00+00:00,0.0,17.95
2025-08-15 00:00:00+00:00,0.0,17.26
2025-08-15 01:00:00+00:00,0.0,16.71
2025-08-15 02:00:00+00:00,0.0,16.29
2025-08-15 03:00:00+00:00,0.0,15.79
2025-08-15 04:00:00+00:00,0.0,15.22
2025-08-15 05:00:00+00:00,36.53,16.24
2025-08-15 06:00:00+00:00,159.45,18.06
2025-08-15 07:00:00+00:00,310.02,20.75
2025-08-15 08:00:00+00:00,463.7,23.24
2025-08-15 09:00:00+00:00,598.03,25.22
2025-08-15 10:00:00+00:00,700.65,26.73
2025-08-15 11:00:00+00:00,757.38,27.97
2025-08-15 12:00:00+00:00,743.92,28.92
2025-08-15 13:00:00+00:00,708.58,29.51
2025-08-15 14:00:00+00:00,598.78,29.69
2025-08-15 15:00:00+00:00,423.52,29.41
2025-08-15 16:00:00+00:00,263.9,28.66
2025-08-15 17:00:00+00:00,168.27,27.2
2025-08-15 18:00:00+00:00,63.03,24.35
2025-08-15 19:00:00+00:00,3.1,21.66
2025-08-15 20:00:00+00:00,0.0,20.18
2025-08-15 21:00:00+00:00,0.0,18.87
2025-08-15 22:00:00+00:00,0.0,17.95
2025-08-15 23:00:00+00:00,0.0,17.21
2025-08-16 00:00:00+00:00,0.0,16.59
2025-08-16 01:00:00+00:00,0.0,15.99
2025-08-16 02:00:00+00:00,0.0,15.49
2025-08-16 03:00:00+00:00,0.0,15.04
2025-08-16 04:00:00+00:00,0.0,14.63
2025-08-16 05:00:00+00:00,21.02,15.23
2025-08-16 06:00:00+00:00,59.62,16.87
2025-08-16 07:00:00+00:00,117.18,18.82
2025-08-16 08:00:00+00:00,152.88,20.6
2025-08-16 09:00:00+00:00,212.57,22.07
2025-08-16 10:00:00+00:00,320.27,23.21
2025-08-16 11:00:00+00:00,357.98,24.05
2025-08-16 12:00:00+00:00,326.75,24.61
2025-08-16 13:00:00+00:00,363.33,24.73
2025-08-16 14:00:00+00:00,411.12,24.49
2025-08-16 15:00:00+00:00,254.82,23.91
2025-08-16 16:00:00+00:00,206.05,23.03
2025-08-16 17:00:00+00:00,137.25,21.74
2025-08-16 18:00:00+00:00,59.22,19.88
2025-08-16 19:00:00+00:00,0.0,17.52
2025-08-16 20:00:00+00:00,0.0,16.13
2025-08-16 21:00:00+00:00,0.0,15.0
2025-08-16 22:00:00+00:00,0.0,14.13
2025-08-16 23:00:00+00:00,0.0,13.46
2025-08-17 00:00:00+00:00,0.0,12.9
2025-08-17 01:00:00+00:00,0.0,12.46
2025-08-17 02:00:00+00:00,0.0,12.13
2025-08-17 03:00:00+00:00,0.0,11.87
2025-08-17 04:00:00+00:00,0.0,11.62
2025-08-17 05:00:00+00:00,38.95,12.86
2025-08-17 06:00:00+00:00,176.73,15.12
2025-08-17 07:00:00+00:00,337.5,17.52
2025-08-17 08:00:00+00:00,494.58,19.37
2025-08-17 09:00:00+00:00,629.38,21.19
2025-08-17 10:00:00+00:00,726.67,22.78
2025-08-17 11:00:00+00:00,780.78,24.05
2025-08-17 12:00:00+00:00,771.9,24.92
2025-08-17 13:00:00+00:00,726.78,25.51
2025-08-17 14:00:00+00:00,640.35,25.67
2025-08-17 15:00:00+00:00,504.77,25.32
2025-08-17 16:00:00+00:00,355.58,24.47
2025-08-17 17:00:00+00:00,205.27,23.05
2025-08-17 18:00:00+00:00,72.68,20.9
2025-08-17 19:00:00+00:00,0.0,18.46
2025-08-17 20:00:00+00:00,0.0,17.22
2025-08-17 21:00:00+00:00,0.0,16.39
2025-08-17 22:00:00+00:00,0.0,15.97
2025-08-17 23:00:00+00:00,0.0,15.72
2025-08-18 00:00:00+00:00,0.0,15.67
2025-08-18 01:00:00+00:00,0.0,15.63
2025-08-18 02:00:00+00:00,0.0,15.54
2025-08-18 03:00:00+00:00,0.0,15.32
2025-08-18 04:00:00+00:00,0.0,15.01
2025-08-18 05:00:00+00:00,20.3,15.32
2025-08-18 06:00:00+00:00,77.22,16.44
2025-08-18 07:00:00+00:00,124.03,18.0
2025-08-18 08:00:00+00:00,146.6,19.78
2025-08-18 09:00:00+00:00,200.12,21.42
2025-08-18 10:00:00+00:00,241.57,22.74
2025-08-18 11:00:00+00:00,242.6,23.77
2025-08-18 12:00:00+00:00,313.98,24.41
2025-08-18 13:00:00+00:00,349.67,24.67
2025-08-18 14:00:00+00:00,317.15,24.48
2025-08-18 15:00:00+00:00,265.05,23.94
2025-08-18 16:00:00+00:00,173.05,22.99
2025-08-18 17:00:00+00:00,92.7,21.57
2025-08-18 18:00:00+00:00,37.45,19.64
2025-08-18 19:00:00+00:00,0.0,17.32
2025-08-18 20:00:00+00:00,0.0,16.33
2025-08-18 21:00:00+00:00,0.0,15.63
2025-08-18 22:00:00+00:00,0.0,15.3
2025-08-18 23:00:00+00:00,0.0,15.18
2025-08-19 00:00:00+00:00,0.0,15.14
2025-08-19 01:00:00+00:00,0.0,14.97
2025-08-19 02:00:00+00:00,0.0,14.75
2025-08-19 03:00:00+00:00,0.0,14.69
2025-08-19 04:00:00+00:00,0.0,14.66
2025-08-19 05:00:00+00:00,14.48,14.95
2025-08-19 06:00:00+00:00,59.78,15.82
2025-08-19 07:00:00+00:00,117.53,17.15
2025-08-19 08:00:00+00:00,203.68,19.03
2025-08-19 09:00:00+00:00,305.3,21.01
2025-08-19 10:00:00+00:00,451.85,23.06
2025-08-19 11:00:00+00:00,560.4,24.68
2025-08-19 12:00:00+00:00,555.72,25.52
2025-08-19 13:00:00+00:00,520.08,25.87
2025-08-19 14:00:00+00:00,407.83,25.52
2025-08-19 15:00:00+00:00,266.45,24.96
2025-08-19 16:00:00+00:00,189.2,24.16
2025-08-19 17:00:00+00:00,100.32,22.78
2025-08-19 18:00:00+00:00,37.35,20.72
2025-08-19 19:00:00+00:00,0.0,18.53
2025-08-19 20:00:00+00:00,0.0,16.94
2025-08-19 21:00:00+00:00,0.0,15.83
2025-08-19 22:00:00+00:00,0.0,15.06
2025-08-19 23:00:00+00:00,0.0,14.5
2025-08-20 00:00:00+00:00,0.0,14.13
2025-08-20 01:00:00+00:00,0.0,14.11
2025-08-20 02:00:00+00:00,0.0,14.14
2025-08-20 03:00:00+00:00,0.0,14.13
2025-08-20 04:00:00+00:00,0.0,14.18
2025-08-20 05:00:00+00:00,12.02,14.45
2025-08-20 06:00:00+00:00,59.7,15.23
2025-08-20 07:00:00+00:00,138.65,16.6
2025-08-20 08:00:00+00:00,205.23,18.26
2025-08-20 09:00:00+00:00,258.35,19.66
2025-08-20 10:00:00+00:00,306.75,20.68
2025-08-20 11:00:00+00:00,305.8,21.59
2025-08-20 12:00:00+00:00,299.55,22.25
2025-08-20 13:00:00+00:00,303.45,22.6
2025-08-20 14:00:00+00:00,323.15,22.4
2025-08-20 15:00:00+00:00,307.02,21.76
2025-08-20 16:00:00+00:00,215.18,20.72
2025-08-20 17:00:00+00:00,130.12,19.29
2025-08-20 18:00:00+00:00,47.8,17.47
2025-08-20 19:00:00+00:00,0.0,15.75
2025-08-20 20:00:00+00:00,0.0,15.2
2025-08-20 21:00:00+00:00,0.0,14.69
2025-08-20 22:00:00+00:00,0.0,14.25
2025-08-20 23:00:00+00:00,0.0,14.16
2025-08-21 00:00:00+00:00,0.0,14.12
2025-08-21 01:00:00+00:00,0.0,14.12
2025-08-21 02:00:00+00:00,0.0,14.06
2025-08-21 03:00:00+00:00,0.0,13.9
2025-08-21 04:00:00+00:00,0.0,13.61
2025-08-21 05:00:00+00:00,17.02,13.72
2025-08-21 06:00:00+00:00,93.72,14.91
2025-08-21 07:00:00+00:00,199.9,16.66
2025-08-21 08:00:00+00:00,320.8,18.47
2025-08-21 09:00:00+00:00,438.17,19.93
2025-08-21 10:00:00+00:00,463.88,20.96
2025-08-21 11:00:00+00:00,418.67,21.81
2025-08-21 12:00:00+00:00,369.3,22.34
2025-08-21 13:00:00+00:00,381.52,22.5
2025-08-21 14:00:00+00:00,385.12,22.31
2025-08-21 15:00:00+00:00,336.25,21.77
2025-08-21 16:00:00+00:00,211.45,20.81
2025-08-21 17:00:00+00:00,131.57,19.38
2025-08-21 18:00:00+00:00,45.38,17.29
2025-08-21 19:00:00+00:00,0.0,15.11
2025-08-21 20:00:00+00:00,0.0,14.19
2025-08-21 21:00:00+00:00,0.0,13.32
2025-08-21 22:00:00+00:00,0.0,12.42
2025-08-21 23:00:00+00:00,0.0,11.49
2025-08-22 00:00:00+00:00,0.0,10.73
2025-08-22 01:00:00+00:00,0.0,10.16
2025-08-22 02:00:00+00:00,0.0,9.7
2025-08-22 03:00:00+00:00,0.0,9.35
2025-08-22 04:00:00+00:00,0.0,9.09
2025-08-22 05:00:00+00:00,22.08,9.84
2025-08-22 06:00:00+00:00,108.15,12.3
2025-08-22 07:00:00+00:00,189.0,15.36
2025-08-22 08:00:00+00:00,334.83,17.49
2025-08-22 09:00:00+00:00,456.48,18.95
2025-08-22 10:00:00+00:00,542.33,20.15
2025-08-22 11:00:00+00:00,587.45,21.19
2025-08-22 12:00:00+00:00,566.75,21.61
2025-08-22 13:00:00+00:00,568.2,21.76
2025-08-22 14:00:00+00:00,591.7,22.45
2025-08-22 15:00:00+00:00,451.4,22.62
2025-08-22 16:00:00+00:00,283.48,22.35
2025-08-22 17:00:00+00:00,149.15,21.5
2025-08-22 18:00:00+00:00,37.88,19.45
2025-08-22 19:00:00+00:00,0.0,18.13
2025-08-22 20:00:00+00:00,0.0,17.54
2025-08-22 21:00:00+00:00,0.0,16.72
2025-08-22 22:00:00+00:00,0.0,15.7
2025-08-22 23:00:00+00:00,0.0,14.98
2025-08-23 00:00:00+00:00,0.0,14.39
2025-08-23 01:00:00+00:00,0.0,14.23
2025-08-23 02:00:00+00:00,0.0,14.0
2025-08-23 03:00:00+00:00,0.0,13.52
2025-08-23 04:00:00+00:00,0.0,12.89
2025-08-23 05:00:00+00:00,17.62,13.23
2025-08-23 06:00:00+00:00,109.43,14.48
2025-08-23 07:00:00+00:00,228.4,16.36
2025-08-23 08:00:00+00:00,352.88,17.96
2025-08-23 09:00:00+00:00,476.5,19.16
2025-08-23 10:00:00+00:00,494.73,20.31
2025-08-23 11:00:00+00:00,474.02,21.41
2025-08-23 12:00:00+00:00,395.45,22.3
2025-08-23 13:00:00+00:00,300.33,22.86
2025-08-23 14:00:00+00:00,235.45,23.4
2025-08-23 15:00:00+00:00,191.8,23.29
2025-08-23 16:00:00+00:00,135.4,22.58
2025-08-23 17:00:00+00:00,73.55,21.39
2025-08-23 18:00:00+00:00,19.17,19.02
2025-08-23 19:00:00+00:00,0.0,16.65
2025-08-23 20:00:00+00:00,0.0,15.51
2025-08-23 21:00:00+00:00,0.0,14.45
2025-08-23 22:00:00+00:00,0.0,13.69
2025-08-23 23:00:00+00:00,0.0,13.11
2025-08-24 00:00:00+00:00,0.0,12.65
2025-08-24 01:00:00+00:00,0.0,12.28
2025-08-24 02:00:00+00:00,0.0,12.03
2025-08-24 03:00:00+00:00,0.0,11.9
2025-08-24 04:00:00+00:00,0.0,11.68
2025-08-24 05:00:00+00:00,14.38,12.34
2025-08-24 06:00:00+00:00,98.88,15.09
2025-08-24 07:00:00+00:00,209.88,17.62
2025-08-24 08:00:00+00:00,350.3,19.78
2025-08-24 09:00:00+00:00,486.0,21.81
2025-08-24 10:00:00+00:00,588.75,23.29
2025-08-24 11:00:00+00:00,539.65,24.23
2025-08-24 12:00:00+00:00,563.62,24.92
2025-08-24 13:00:00+00:00,421.77,25.25
2025-08-24 14:00:00+00:00,412.12,25.08
2025-08-24 15:00:00+00:00,321.67,24.56
2025-08-24 16:00:00+00:00,219.75,23.57
2025-08-24 17:00:00+00:00,119.75,22.19
2025-08-24 18:00:00+00:00,35.22,19.73
2025-08-24 19:00:00+00:00,0.0,17.56
2025-08-24 20:00:00+00:00,0.0,16.47
2025-08-24 21:00:00+00:00,0.0,15.5
2025-08-24 22:00:00+00:00,0.0,14.81
2025-08-24 23:00:00+00:00,0.0,14.29
2025-08-25 00:00:00+00:00,0.0,13.92
2025-08-25 01:00:00+00:00,0.0,13.73
2025-08-25 02:00:00+00:00,0.0,13.49
2025-08-25 03:00:00+00:00,0.0,13.19
2025-08-25 04:00:00+00:00,0.0,12.66
2025-08-25 05:00:00+00:00,20.7,13.13
2025-08-25 06:00:00+00:00,143.73,15.84
2025-08-25 07:00:00+00:00,300.75,18.46
2025-08-25 08:00:00+00:00,454.88,21.55
2025-08-25 09:00:00+00:00,584.55,23.57
2025-08-25 10:00:00+00:00,681.97,25.02
2025-08-25 11:00:00+00:00,725.92,26.07
2025-08-25 12:00:00+00:00,727.08,26.79
2025-08-25 13:00:00+00:00,683.22,27.09
2025-08-25 14:00:00+00:00,594.08,26.91
2025-08-25 15:00:00+00:00,483.2,26.4
2025-08-25 16:00:00+00:00,329.05,25.48
2025-08-25 17:00:00+00:00,173.45,23.93
2025-08-25 18:00:00+00:00,40.8,20.4
2025-08-25 19:00:00+00:00,0.0,17.85
2025-08-25 20:00:00+00:00,0.0,16.91
2025-08-25 21:00:00+00:00,0.0,16.18
2025-08-25 22:00:00+00:00,0.0,15.89
2025-08-25 23:00:00+00:00,0.0,15.99
2025-08-26 00:00:00+00:00,0.0,16.54
2025-08-26 01:00:00+00:00,0.0,16.68
2025-08-26 02:00:00+00:00,0.0,16.5
2025-08-26 03:00:00+00:00,0.0,16.18
2025-08-26 04:00:00+00:00,0.0,16.1
2025-08-26 05:00:00+00:00,12.55,16.47
2025-08-26 06:00:00+00:00,79.55,17.42
2025-08-26 07:00:00+00:00,153.93,18.73
2025-08-26 08:00:00+00:00,239.12,20.49
2025-08-26 09:00:00+00:00,321.4,22.41
2025-08-26 10:00:00+00:00,444.02,23.82
2025-08-26 11:00:00+00:00,520.75,24.95
2025-08-26 12:00:00+00:00,571.62,25.65
2025-08-26 13:00:00+00:00,547.25,25.6
2025-08-26 14:00:00+00:00,460.35,25.07
2025-08-26 15:00:00+00:00,322.35,24.47
2025-08-26 16:00:00+00:00,209.38,23.32
2025-08-26 17:00:00+00:00,103.1,21.94
2025-08-26 18:00:00+00:00,24.23,20.26
2025-08-26 19:00:00+00:00,0.0,18.98
2025-08-26 20:00:00+00:00,0.0,18.28
2025-08-26 21:00:00+00:00,0.0,17.74
2025-08-26 22:00:00+00:00,0.0,17.2
2025-08-26 23:00:00+00:00,0.0,16.51
2025-08-27 00:00:00+00:00,0.0,15.86
2025-08-27 01:00:00+00:00,0.0,15.39
2025-08-27 02:00:00+00:00,0.0,15.16
2025-08-27 03:00:00+00:00,0.0,14.76
2025-08-27 04:00:00+00:00,0.0,13.98
2025-08-27 05:00:00+00:00,13.1,14.27
2025-08-27 06:00:00+00:00,81.22,16.26
2025-08-27 07:00:00+00:00,169.4,18.24
2025-08-27 08:00:00+00:00,273.83,19.74
2025-08-27 09:00:00+00:00,369.67,20.43
2025-08-27 10:00:00+00:00,399.38,20.84
2025-08-27 11:00:00+00:00,361.77,21.27
2025-08-27 12:00:00+00:00,388.33,21.26
2025-08-27 13:00:00+00:00,358.58,21.51
2025-08-27 14:00:00+00:00,349.33,21.52
2025-08-27 15:00:00+00:00,227.38,21.23
2025-08-27 16:00:00+00:00,145.25,20.8
2025-08-27 17:00:00+00:00,80.88,20.05
2025-08-27 18:00:00+00:00,21.75,18.63
2025-08-27 19:00:00+00:00,0.0,17.08
2025-08-27 20:00:00+00:00,0.0,16.37
2025-08-27 21:00:00+00:00,0.0,15.72
2025-08-27 22:00:00+00:00,0.0,15.06
2025-08-27 23:00:00+00:00,0.0,14.44
2025-08-28 00:00:00+00:00,0.0,13.8
2025-08-28 01:00:00+00:00,0.0,13.06
2025-08-28 02:00:00+00:00,0.0,12.34
2025-08-28 03:00:00+00:00,0.0,11.62
2025-08-28 04:00:00+00:00,0.0,10.77
2025-08-28 05:00:00+00:00,17.3,10.74
2025-08-28 06:00:00+00:00,124.05,13.03
2025-08-28 07:00:00+00:00,253.77,15.24
2025-08-28 08:00:00+00:00,376.1,18.4
2025-08-28 09:00:00+00:00,503.17,20.23
2025-08-28 10:00:00+00:00,504.67,21.57
2025-08-28 11:00:00+00:00,534.88,22.36
2025-08-28 12:00:00+00:00,500.48,22.33
2025-08-28 13:00:00+00:00,430.25,21.39
2025-08-28 14:00:00+00:00,391.52,20.21
2025-08-28 15:00:00+00:00,267.95,19.17
2025-08-28 16:00:00+00:00,158.95,18.9
2025-08-28 17:00:00+00:00,79.43,18.57
2025-08-28 18:00:00+00:00,17.48,17.54
2025-08-28 19:00:00+00:00,0.0,16.27
2025-08-28 20:00:00+00:00,0.0,15.21
2025-08-28 21:00:00+00:00,0.0,14.44
2025-08-28 22:00:00+00:00,0.0,13.98
2025-08-28 23:00:00+00:00,0.0,13.77
2025-08-29 00:00:00+00:00,0.0,13.96
2025-08-29 01:00:00+00:00,0.0,14.26
2025-08-29 02:00:00+00:00,0.0,14.54
2025-08-29 03:00:00+00:00,0.0,14.4
2025-08-29 04:00:00+00:00,0.0,14.05
2025-08-29 05:00:00+00:00,6.15,13.79
2025-08-29 06:00:00+00:00,57.92,14.35
2025-08-29 07:00:00+00:00,134.55,15.44
2025-08-29 08:00:00+00:00,216.75,16.25
2025-08-29 09:00:00+00:00,301.38,16.96
2025-08-29 10:00:00+00:00,389.33,17.5
2025-08-29 11:00:00+00:00,404.35,18.32
2025-08-29 12:00:00+00:00,466.85,19.39
2025-08-29 13:00:00+00:00,412.42,20.09
2025-08-29 14:00:00+00:00,385.73,20.25
2025-08-29 15:00:00+00:00,304.52,20.09
2025-08-29 16:00:00+00:00,209.07,20.01
2025-08-29 17:00:00+00:00,116.9,19.22
2025-08-29 18:00:00+00:00,26.7,17.02
2025-08-29 19:00:00+00:00,0.0,16.05
2025-08-29 20:00:00+00:00,0.0,15.53
2025-08-29 21:00:00+00:00,0.0,14.68
2025-08-29 22:00:00+00:00,0.0,13.9
2025-08-29 23:00:00+00:00,0.0,13.28
2025-08-30 00:00:00+00:00,0.0,12.8
2025-08-30 01:00:00+00:00,0.0,12.41
2025-08-30 02:00:00+00:00,0.0,12.04
2025-08-30 03:00:00+00:00,0.0,11.76
2025-08-30 04:00:00+00:00,0.0,11.6
2025-08-30 05:00:00+00:00,14.2,12.12
2025-08-30 06:00:00+00:00,110.5,13.68
2025-08-30 07:00:00+00:00,225.2,14.94
2025-08-30 08:00:00+00:00,337.2,16.58
2025-08-30 09:00:00+00:00,431.25,18.1
2025-08-30 10:00:00+00:00,426.48,18.98
2025-08-30 11:00:00+00:00,461.9,19.44
2025-08-30 12:00:00+00:00,321.98,20.01
2025-08-30 13:00:00+00:00,283.67,20.34
2025-08-30 14:00:00+00:00,207.45,20.73
2025-08-30 15:00:00+00:00,131.3,21.08
2025-08-30 16:00:00+00:00,85.47,20.58
2025-08-30 17:00:00+00:00,46.03,19.5
2025-08-30 18:00:00+00:00,8.57,18.3
2025-08-30 19:00:00+00:00,0.0,18.07
2025-08-30 20:00:00+00:00,0.0,18.26
2025-08-30 21:00:00+00:00,0.0,18.24
2025-08-30 22:00:00+00:00,0.0,17.55
2025-08-30 23:00:00+00:00,0.0,15.97
2025-08-31 00:00:00+00:00,0.0,14.43
2025-08-31 01:00:00+00:00,0.0,13.57
2025-08-31 02:00:00+00:00,0.0,13.43
2025-08-31 03:00:00+00:00,0.0,13.13
2025-08-31 04:00:00+00:00,0.0,12.45
2025-08-31 05:00:00+00:00,12.48,12.25
2025-08-31 06:00:00+00:00,110.78,14.28
2025-08-31 07:00:00+00:00,231.38,16.64
2025-08-31 08:00:00+00:00,338.77,18.34
2025-08-31 09:00:00+00:00,473.75,19.47
2025-08-31 10:00:00+00:00,514.85,20.79
2025-08-31 11:00:00+00:00,571.65,21.61
2025-08-31 12:00:00+00:00,494.58,21.98
2025-08-31 13:00:00+00:00,465.35,22.15
2025-08-31 14:00:00+00:00,358.75,22.08
2025-08-31 15:00:00+00:00,308.58,21.62
2025-08-31 16:00:00+00:00,202.27,20.73
2025-08-31 17:00:00+00:00,104.32,19.22
2025-08-31 18:00:00+00:00,19.15,17.51
2025-08-31 19:00:00+00:00,0.0,15.75
2025-08-31 20:00:00+00:00,0.0,14.97
2025-08-31 21:00:00+00:00,0.0,14.46
2025-08-31 22:00:00+00:00,0.0,13.95
2025-08-31 23:00:00+00:00,0.0,13.88
2025-09-01 00:00:00+00:00,0.0,13.73
2025-09-01 01:00:00+00:00,0.0,13.47
2025-09-01 02:00:00+00:00,0.0,13.29
2025-09-01 03:00:00+00:00,0.0,13.21
2025-09-01 04:00:00+00:00,0.0,13.31
2025-09-01 05:00:00+00:00,10.18,13.71
2025-09-01 06:00:00+00:00,95.65,15.12
2025-09-01 07:00:00+00:00,206.7,16.56
2025-09-01 08:00:00+00:00,324.58,17.84
2025-09-01 09:00:00+00:00,427.1,18.89
2025-09-01 10:00:00+00:00,477.98,19.64
2025-09-01 11:00:00+00:00,472.17,20.26
2025-09-01 12:00:00+00:00,478.83,20.69
2025-09-01 13:00:00+00:00,413.65,20.76
2025-09-01 14:00:00+00:00,386.17,20.67
2025-09-01 15:00:00+00:00,329.45,20.33
2025-09-01 16:00:00+00:00,221.88,19.64
2025-09-01 17:00:00+00:00,107.93,18.54
2025-09-01 18:00:00+00:00,18.38,16.79
2025-09-01 19:00:00+00:00,0.0,15.73
2025-09-01 20:00:00+00:00,0.0,15.17
2025-09-01 21:00:00+00:00,0.0,14.68
2025-09-01 22:00:00+00:00,0.0,14.24
2025-09-01 23:00:00+00:00,0.0,13.78
2025-09-02 00:00:00+00:00,0.0,13.37
2025-09-02 01:00:00+00:00,0.0,13.0
2025-09-02 02:00:00+00:00,0.0,12.69
2025-09-02 03:00:00+00:00,0.0,12.37
2025-09-02 04:00:00+00:00,0.0,12.1
2025-09-02 05:00:00+00:00,9.75,12.23
2025-09-02 06:00:00+00:00,76.28,14.28
2025-09-02 07:00:00+00:00,133.52,16.13
2025-09-02 08:00:00+00:00,184.07,17.59
2025-09-02 09:00:00+00:00,219.75,18.34
2025-09-02 10:00:00+00:00,284.25,18.79
2025-09-02 11:00:00+00:00,312.77,19.34
2025-09-02 12:00:00+00:00,351.27,19.54
2025-09-02 13:00:00+00:00,280.05,19.28
2025-09-02 14:00:00+00:00,270.0,18.98
2025-09-02 15:00:00+00:00,216.27,19.13
2025-09-02 16:00:00+00:00,154.38,19.14
2025-09-02 17:00:00+00:00,74.88,18.56
2025-09-02 18:00:00+00:00,13.4,17.43
2025-09-02 19:00:00+00:00,0.0,16.81
2025-09-02 20:00:00+00:00,0.0,16.53
2025-09-02 21:00:00+00:00,0.0,16.32
2025-09-02 22:00:00+00:00,0.0,16.16
2025-09-02 23:00:00+00:00,0.0,16.03
2025-09-03 00:00:00+00:00,0.0,15.86
2025-09-03 01:00:00+00:00,0.0,15.69
2025-09-03 02:00:00+00:00,0.0,15.89
2025-09-03 03:00:00+00:00,0.0,16.18
2025-09-03 04:00:00+00:00,0.0,16.52
2025-09-03 05:00:00+00:00,5.82,17.13
2025-09-03 06:00:00+00:00,68.25,18.15
2025-09-03 07:00:00+00:00,170.75,18.99
2025-09-03 08:00:00+00:00,280.73,19.77
2025-09-03 09:00:00+00:00,386.65,21.19
2025-09-03 10:00:00+00:00,429.58,22.33
2025-09-03 11:00:00+00:00,267.17,22.07
2025-09-03 12:00:00+00:00,255.07,22.41
2025-09-03 13:00:00+00:00,406.17,22.68
2025-09-03 14:00:00+00:00,391.85,22.02
2025-09-03 15:00:00+00:00,319.75,21.5
2025-09-03 16:00:00+00:00,215.0,20.85
2025-09-03 17:00:00+00:00,107.65,19.73
2025-09-03 18:00:00+00:00,16.2,18.06
2025-09-03 19:00:00+00:00,0.0,16.69
2025-09-03 20:00:00+00:00,0.0,15.87
2025-09-03 21:00:00+00:00,0.0,15.38
2025-09-03 22:00:00+00:00,0.0,14.97
2025-09-03 23:00:00+00:00,0.0,14.51
2025-09-04 00:00:00+00:00,0.0,14.03
2025-09-04 01:00:00+00:00,0.0,13.73
2025-09-04 02:00:00+00:00,0.0,13.81
2025-09-04 03:00:00+00:00,0.0,13.86
2025-09-04 04:00:00+00:00,0.0,13.85
2025-09-04 05:00:00+00:00,5.65,13.88
2025-09-04 06:00:00+00:00,63.88,14.66
2025-09-04 07:00:00+00:00,157.5,15.99
2025-09-04 08:00:00+00:00,267.7,17.49
2025-09-04 09:00:00+00:00,389.4,18.55
2025-09-04 10:00:00+00:00,486.15,18.81
2025-09-04 11:00:00+00:00,522.7,19.06
2025-09-04 12:00:00+00:00,561.2,19.43
2025-09-04 13:00:00+00:00,437.27,19.75
2025-09-04 14:00:00+00:00,436.85,19.92
2025-09-04 15:00:00+00:00,325.73,19.82
2025-09-04 16:00:00+00:00,221.68,19.26
2025-09-04 17:00:00+00:00,107.72,18.27
2025-09-04 18:00:00+00:00,13.7,16.55
2025-09-04 19:00:00+00:00,0.0,14.54
2025-09-04 20:00:00+00:00,0.0,13.47
2025-09-04 21:00:00+00:00,0.0,12.79
2025-09-04 22:00:00+00:00,0.0,12.33
2025-09-04 23:00:00+00:00,0.0,11.96
2025-09-05 00:00:00+00:00,0.0,11.65
2025-09-05 01:00:00+00:00,0.0,11.35
2025-09-05 02:00:00+00:00,0.0,11.07
2025-09-05 03:00:00+00:00,0.0,10.7
2025-09-05 04:00:00+00:00,0.0,10.28
2025-09-05 05:00:00+00:00,7.68,10.16
2025-09-05 06:00:00+00:00,109.78,12.03
2025-09-05 07:00:00+00:00,265.08,13.86
2025-09-05 08:00:00+00:00,421.45,16.61
2025-09-05 09:00:00+00:00,554.72,18.79
2025-09-05 10:00:00+00:00,633.92,20.38
2025-09-05 11:00:00+00:00,630.72,21.55
2025-09-05 12:00:00+00:00,498.23,22.41
2025-09-05 13:00:00+00:00,502.33,22.9
2025-09-05 14:00:00+00:00,444.3,22.97
2025-09-05 15:00:00+00:00,334.17,22.64
2025-09-05 16:00:00+00:00,204.48,21.72
2025-09-05 17:00:00+00:00,83.22,19.71
2025-09-05 18:00:00+00:00,9.45,16.91
2025-09-05 19:00:00+00:00,0.0,15.76
2025-09-05 20:00:00+00:00,0.0,15.19
2025-09-05 21:00:00+00:00,0.0,14.63
2025-09-05 22:00:00+00:00,0.0,14.1
2025-09-05 23:00:00+00:00,0.0,13.42
2025-09-06 00:00:00+00:00,0.0,12.56
2025-09-06 01:00:00+00:00,0.0,12.01
2025-09-06 02:00:00+00:00,0.0,11.24
2025-09-06 03:00:00+00:00,0.0,11.03
2025-09-06 04:00:00+00:00,0.0,11.36
2025-09-06 05:00:00+00:00,5.4,11.97
2025-09-06 06:00:00+00:00,68.05,13.82
2025-09-06 07:00:00+00:00,165.15,15.46
2025-09-06 08:00:00+00:00,271.48,17.65
2025-09-06 09:00:00+00:00,384.27,20.03
2025-09-06 10:00:00+00:00,548.17,21.74
2025-09-06 11:00:00+00:00,582.03,22.62
2025-09-06 12:00:00+00:00,571.25,23.09
2025-09-06 13:00:00+00:00,506.3,23.22
2025-09-06 14:00:00+00:00,443.9,23.16
2025-09-06 15:00:00+00:00,358.17,22.8
2025-09-06 16:00:00+00:00,234.0,22.07
2025-09-06 17:00:00+00:00,104.45,20.77
2025-09-06 18:00:00+00:00,10.93,18.7
2025-09-06 19:00:00+00:00,0.0,17.67
2025-09-06 20:00:00+00:00,0.0,17.1
2025-09-06 21:00:00+00:00,0.0,16.45
2025-09-06 22:00:00+00:00,0.0,16.18
2025-09-06 23:00:00+00:00,0.0,16.0
2025-09-07 00:00:00+00:00,0.0,15.83
2025-09-07 01:00:00+00:00,0.0,15.65
2025-09-07 02:00:00+00:00,0.0,15.44
2025-09-07 03:00:00+00:00,0.0,15.07
2025-09-07 04:00:00+00:00,0.0,14.62
2025-09-07 05:00:00+00:00,4.28,14.42
2025-09-07 06:00:00+00:00,60.33,15.65
2025-09-07 07:00:00+00:00,153.32,18.04
2025-09-07 08:00:00+00:00,239.12,20.9
2025-09-07 09:00:00+00:00,329.5,23.06
2025-09-07 10:00:00+00:00,361.12,23.28
2025-09-07 11:00:00+00:00,361.7,22.89
2025-09-07 12:00:00+00:00,379.12,23.54
2025-09-07 13:00:00+00:00,303.38,24.52
2025-09-07 14:00:00+00:00,287.92,25.04
2025-09-07 15:00:00+00:00,220.48,24.49
2025-09-07 16:00:00+00:00,154.68,22.94
2025-09-07 17:00:00+00:00,76.38,21.55
2025-09-07 18:00:00+00:00,8.45,19.92
2025-09-07 19:00:00+00:00,0.0,18.68
2025-09-07 20:00:00+00:00,0.0,17.61
2025-09-07 21:00:00+00:00,0.0,16.54
2025-09-07 22:00:00+00:00,0.0,15.46
2025-09-07 23:00:00+00:00,0.0,14.58
2025-09-08 00:00:00+00:00,0.0,13.89
2025-09-08 01:00:00+00:00,0.0,13.27
2025-09-08 02:00:00+00:00,0.0,12.73
2025-09-08 03:00:00+00:00,0.0,12.24
2025-09-08 04:00:00+00:00,0.0,11.74
2025-09-08 05:00:00+00:00,5.82,11.44
2025-09-08 06:00:00+00:00,107.68,13.27
2025-09-08 07:00:00+00:00,267.17,15.02
2025-09-08 08:00:00+00:00,423.65,17.08
2025-09-08 09:00:00+00:00,551.85,18.93
2025-09-08 10:00:00+00:00,567.65,20.15
2025-09-08 11:00:00+00:00,622.35,21.03
2025-09-08 12:00:00+00:00,613.58,21.56
2025-09-08 13:00:00+00:00,568.8,21.8
2025-09-08 14:00:00+00:00,483.98,21.71
2025-09-08 15:00:00+00:00,349.5,21.06
2025-09-08 16:00:00+00:00,235.52,20.06
2025-09-08 17:00:00+00:00,106.2,18.42
2025-09-08 18:00:00+00:00,8.88,15.92
2025-09-08 19:00:00+00:00,0.0,14.78
2025-09-08 20:00:00+00:00,0.0,14.04
2025-09-08 21:00:00+00:00,0.0,13.14
2025-09-08 22:00:00+00:00,0.0,12.17
2025-09-08 23:00:00+00:00,0.0,11.39
2025-09-09 00:00:00+00:00,0.0,10.73
2025-09-09 01:00:00+00:00,0.0,10.14
2025-09-09 02:00:00+00:00,0.0,9.66
2025-09-09 03:00:00+00:00,0.0,9.31
2025-09-09 04:00:00+00:00,0.0,9.41
2025-09-09 05:00:00+00:00,5.0,9.84
2025-09-09 06:00:00+00:00,97.95,11.76
2025-09-09 07:00:00+00:00,245.88,14.49
2025-09-09 08:00:00+00:00,385.77,16.97
2025-09-09 09:00:00+00:00,503.55,18.71
2025-09-09 10:00:00+00:00,568.35,20.03
2025-09-09 11:00:00+00:00,585.53,20.97
2025-09-09 12:00:00+00:00,523.25,21.52
2025-09-09 13:00:00+00:00,458.92,21.59
2025-09-09 14:00:00+00:00,373.1,21.07
2025-09-09 15:00:00+00:00,256.6,20.35
2025-09-09 16:00:00+00:00,151.82,19.47
2025-09-09 17:00:00+00:00,60.35,18.03
2025-09-09 18:00:00+00:00,4.07,15.33
2025-09-09 19:00:00+00:00,0.0,14.3
2025-09-09 20:00:00+00:00,0.0,13.75
2025-09-09 21:00:00+00:00,0.0,13.44
2025-09-09 22:00:00+00:00,0.0,13.24
2025-09-09 23:00:00+00:00,0.0,12.95
2025-09-10 00:00:00+00:00,0.0,12.81
2025-09-10 01:00:00+00:00,0.0,12.85
2025-09-10 02:00:00+00:00,0.0,12.8
2025-09-10 03:00:00+00:00,0.0,12.68
2025-09-10 04:00:00+00:00,0.0,12.45
2025-09-10 05:00:00+00:00,2.95,12.56
2025-09-10 06:00:00+00:00,49.08,13.78
2025-09-10 07:00:00+00:00,138.6,14.97
2025-09-10 08:00:00+00:00,211.35,16.31
2025-09-10 09:00:00+00:00,289.65,17.5
2025-09-10 10:00:00+00:00,369.42,18.38
2025-09-10 11:00:00+00:00,400.6,19.05
2025-09-10 12:00:00+00:00,310.9,19.57
2025-09-10 13:00:00+00:00,275.77,19.96
2025-09-10 14:00:00+00:00,202.98,19.29
2025-09-10 15:00:00+00:00,170.6,18.12
2025-09-10 16:00:00+00:00,116.9,17.26
2025-09-10 17:00:00+00:00,54.1,16.47
2025-09-10 18:00:00+00:00,4.88,15.55
2025-09-10 19:00:00+00:00,0.0,15.29
2025-09-10 20:00:00+00:00,0.0,15.14
2025-09-10 21:00:00+00:00,0.0,14.72
2025-09-10 22:00:00+00:00,0.0,14.13
2025-09-10 23:00:00+00:00,0.0,13.48
2025-09-11 00:00:00+00:00,0.0,12.67
2025-09-11 01:00:00+00:00,0.0,11.86
2025-09-11 02:00:00+00:00,0.0,11.32
2025-09-11 03:00:00+00:00,0.0,10.97
2025-09-11 04:00:00+00:00,0.0,10.91
2025-09-11 05:00:00+00:00,0.0,11.35
2025-09-11 06:00:00+00:00,79.2,12.2
2025-09-11 07:00:00+00:00,209.6,13.5
2025-09-11 08:00:00+00:00,349.65,14.99
2025-09-11 09:00:00+00:00,498.67,16.17
2025-09-11 10:00:00+00:00,529.75,17.3
2025-09-11 11:00:00+00:00,477.12,18.33
2025-09-11 12:00:00+00:00,437.02,18.77
2025-09-11 13:00:00+00:00,396.08,18.66
2025-09-11 14:00:00+00:00,414.48,18.46
2025-09-11 15:00:00+00:00,308.9,18.14
2025-09-11 16:00:00+00:00,191.15,17.46
2025-09-11 17:00:00+00:00,73.25,16.2
2025-09-11 18:00:00+00:00,4.5,14.65
2025-09-11 19:00:00+00:00,0.0,13.79
2025-09-11 20:00:00+00:00,0.0,13.17
2025-09-11 21:00:00+00:00,0.0,12.48
2025-09-11 22:00:00+00:00,0.0,11.9
2025-09-11 23:00:00+00:00,0.0,11.55
2025-09-12 00:00:00+00:00,0.0,11.31
2025-09-12 01:00:00+00:00,0.0,11.04
2025-09-12 02:00:00+00:00,0.0,10.75
2025-09-12 03:00:00+00:00,0.0,10.47
2025-09-12 04:00:00+00:00,0.0,10.17
2025-09-12 05:00:00+00:00,0.0,9.95
2025-09-12 06:00:00+00:00,93.15,10.89
2025-09-12 07:00:00+00:00,226.95,12.71
2025-09-12 08:00:00+00:00,358.02,14.82
2025-09-12 09:00:00+00:00,482.33,16.56
2025-09-12 10:00:00+00:00,509.58,17.68
2025-09-12 11:00:00+00:00,504.0,18.42
2025-09-12 12:00:00+00:00,486.2,18.84
2025-09-12 13:00:00+00:00,389.7,18.96
2025-09-12 14:00:00+00:00,357.02,18.83
2025-09-12 15:00:00+00:00,258.27,18.33
2025-09-12 16:00:00+00:00,149.82,17.38
2025-09-12 17:00:00+00:00,51.5,16.11
2025-09-12 18:00:00+00:00,2.95,14.51
2025-09-12 19:00:00+00:00,0.0,13.86
2025-09-12 20:00:00+00:00,0.0,13.36
2025-09-12 21:00:00+00:00,0.0,12.91
2025-09-12 22:00:00+00:00,0.0,12.42
2025-09-12 23:00:00+00:00,0.0,11.9
2025-09-13 00:00:00+00:00,0.0,12.22
2025-09-13 01:00:00+00:00,0.0,12.29
2025-09-13 02:00:00+00:00,0.0,11.92
2025-09-13 03:00:00+00:00,0.0,11.61
2025-09-13 04:00:00+00:00,0.0,11.47
2025-09-13 05:00:00+00:00,0.0,11.56
2025-09-13 06:00:00+00:00,76.0,12.21
2025-09-13 07:00:00+00:00,212.75,13.1
2025-09-13 08:00:00+00:00,351.8,13.98
2025-09-13 09:00:00+00:00,480.67,14.77
2025-09-13 10:00:00+00:00,529.12,15.59
2025-09-13 11:00:00+00:00,488.95,16.52
2025-09-13 12:00:00+00:00,440.6,17.16
2025-09-13 13:00:00+00:00,493.08,17.97
2025-09-13 14:00:00+00:00,435.05,18.52
2025-09-13 15:00:00+00:00,329.9,18.36
2025-09-13 16:00:00+00:00,207.98,17.69
2025-09-13 17:00:00+00:00,89.1,15.76
2025-09-13 18:00:00+00:00,0.0,12.73
2025-09-13 19:00:00+00:00,0.0,12.08
2025-09-13 20:00:00+00:00,0.0,11.78
2025-09-13 21:00:00+00:00,0.0,11.48
2025-09-13 22:00:00+00:00,0.0,11.05
2025-09-13 23:00:00+00:00,0.0,10.54
2025-09-14 00:00:00+00:00,0.0,9.95
2025-09-14 01:00:00+00:00,0.0,9.19
2025-09-14 02:00:00+00:00,0.0,8.48
2025-09-14 03:00:00+00:00,0.0,8.1
2025-09-14 04:00:00+00:00,0.0,8.0
2025-09-14 05:00:00+00:00,0.0,8.04
2025-09-14 06:00:00+00:00,47.8,9.3
2025-09-14 07:00:00+00:00,125.93,10.7
2025-09-14 08:00:00+00:00,209.98,12.66
2025-09-14 09:00:00+00:00,195.75,14.71
2025-09-14 10:00:00+00:00,182.15,16.1
2025-09-14 11:00:00+00:00,299.08,16.45
2025-09-14 12:00:00+00:00,217.15,16.48
2025-09-14 13:00:00+00:00,74.53,17.26
2025-09-14 14:00:00+00:00,84.07,17.05
2025-09-14 15:00:00+00:00,62.42,16.94
2025-09-14 16:00:00+00:00,61.53,17.29
2025-09-14 17:00:00+00:00,28.17,17.87
2025-09-14 18:00:00+00:00,0.0,17.79
2025-09-14 19:00:00+00:00,0.0,17.46
2025-09-14 20:00:00+00:00,0.0,17.26
2025-09-14 21:00:00+00:00,0.0,16.58
2025-09-14 22:00:00+00:00,0.0,15.39
2025-09-14 23:00:00+00:00,0.0,14.57
2025-09-15 00:00:00+00:00,0.0,14.26
2025-09-15 01:00:00+00:00,0.0,13.94
2025-09-15 02:00:00+00:00,0.0,13.51
2025-09-15 03:00:00+00:00,0.0,13.25
2025-09-15 04:00:00+00:00,0.0,13.22
2025-09-15 05:00:00+00:00,0.0,13.17
2025-09-15 06:00:00+00:00,70.3,13.57
2025-09-15 07:00:00+00:00,188.02,14.84
2025-09-15 08:00:00+00:00,297.67,16.33
2025-09-15 09:00:00+00:00,418.75,17.48
2025-09-15 10:00:00+00:00,483.42,18.27
2025-09-15 11:00:00+00:00,538.33,18.79
2025-09-15 12:00:00+00:00,491.48,19.02
2025-09-15 13:00:00+00:00,478.83,19.03
2025-09-15 14:00:00+00:00,415.23,18.89
2025-09-15 15:00:00+00:00,301.5,18.48
2025-09-15 16:00:00+00:00,175.0,17.72
2025-09-15 17:00:00+00:00,61.17,16.58
2025-09-15 18:00:00+00:00,0.0,15.31
2025-09-15 19:00:00+00:00,0.0,14.44
2025-09-15 20:00:00+00:00,0.0,13.82
2025-09-15 21:00:00+00:00,0.0,13.38
2025-09-15 22:00:00+00:00,0.0,12.99
2025-09-15 23:00:00+00:00,0.0,12.63
2025-09-16 00:00:00+00:00,0.0,12.32
2025-09-16 01:00:00+00:00,0.0,11.97
2025-09-16 02:00:00+00:00,0.0,11.62
2025-09-16 03:00:00+00:00,0.0,11.35
2025-09-16 04:00:00+00:00,0.0,11.24
2025-09-16 05:00:00+00:00,0.0,11.3
2025-09-16 06:00:00+00:00,75.38,11.77
2025-09-16 07:00:00+00:00,212.35,13.04
2025-09-16 08:00:00+00:00,341.73,14.81
2025-09-16 09:00:00+00:00,448.75,16.57
2025-09-16 10:00:00+00:00,473.77,17.87
2025-09-16 11:00:00+00:00,485.77,18.86
2025-09-16 12:00:00+00:00,487.4,19.59
2025-09-16 13:00:00+00:00,471.15,19.93
2025-09-16 14:00:00+00:00,407.4,19.66
2025-09-16 15:00:00+00:00,273.45,18.99
2025-09-16 16:00:00+00:00,158.52,17.98
2025-09-16 17:00:00+00:00,53.08,16.43
2025-09-16 18:00:00+00:00,0.0,14.31
2025-09-16 19:00:00+00:00,0.0,13.13
2025-09-16 20:00:00+00:00,0.0,12.16
2025-09-16 21:00:00+00:00,0.0,11.65
2025-09-16 22:00:00+00:00,0.0,11.92
2025-09-16 23:00:00+00:00,0.0,12.0
2025-09-17 00:00:00+00:00,0.0,11.97
2025-09-17 01:00:00+00:00,0.0,12.03
2025-09-17 02:00:00+00:00,0.0,11.97
2025-09-17 03:00:00+00:00,0.0,11.96
2025-09-17 04:00:00+00:00,0.0,12.31
2025-09-17 05:00:00+00:00,0.0,12.98
2025-09-17 06:00:00+00:00,19.27,13.99
2025-09-17 07:00:00+00:00,79.05,15.22
2025-09-17 08:00:00+00:00,155.52,16.54
2025-09-17 09:00:00+00:00,238.32,17.8
2025-09-17 10:00:00+00:00,220.9,19.06
2025-09-17 11:00:00+00:00,192.62,20.05
2025-09-17 12:00:00+00:00,174.02,20.77
2025-09-17 13:00:00+00:00,143.6,20.99
2025-09-17 14:00:00+00:00,106.3,20.71
2025-09-17 15:00:00+00:00,83.93,20.31
2025-09-17 16:00:00+00:00,58.78,19.67
2025-09-17 17:00:00+00:00,22.42,18.64
2025-09-17 18:00:00+00:00,0.0,17.49
2025-09-17 19:00:00+00:00,0.0,16.82
2025-09-17 20:00:00+00:00,0.0,16.51
2025-09-17 21:00:00+00:00,0.0,16.46
2025-09-17 22:00:00+00:00,0.0,16.53
2025-09-17 23:00:00+00:00,0.0,16.64
2025-09-18 00:00:00+00:00,0.0,16.69
2025-09-18 01:00:00+00:00,0.0,16.65
2025-09-18 02:00:00+00:00,0.0,16.58
2025-09-18 03:00:00+00:00,0.0,16.36
2025-09-18 04:00:00+00:00,0.0,16.2
2025-09-18 05:00:00+00:00,0.0,16.12
2025-09-18 06:00:00+00:00,38.47,16.58
2025-09-18 07:00:00+00:00,126.97,17.81
2025-09-18 08:00:00+00:00,230.12,19.51
2025-09-18 09:00:00+00:00,306.58,21.14
2025-09-18 10:00:00+00:00,226.18,22.34
2025-09-18 11:00:00+00:00,193.4,23.18
2025-09-18 12:00:00+00:00,204.18,23.7
2025-09-18 13:00:00+00:00,240.05,23.81
2025-09-18 14:00:00+00:00,264.17,23.51
2025-09-18 15:00:00+00:00,189.48,22.78
2025-09-18 16:00:00+00:00,114.9,21.58
2025-09-18 17:00:00+00:00,37.85,19.72
2025-09-18 18:00:00+00:00,0.0,17.61
2025-09-18 19:00:00+00:00,0.0,16.48
2025-09-18 20:00:00+00:00,0.0,15.69
2025-09-18 21:00:00+00:00,0.0,15.14
2025-09-18 22:00:00+00:00,0.0,14.83
2025-09-18 23:00:00+00:00,0.0,14.52
2025-09-19 00:00:00+00:00,0.0,14.22
2025-09-19 01:00:00+00:00,0.0,14.08
2025-09-19 02:00:00+00:00,0.0,13.84
2025-09-19 03:00:00+00:00,0.0,13.81
2025-09-19 04:00:00+00:00,0.0,13.72
2025-09-19 05:00:00+00:00,0.0,13.58
2025-09-19 06:00:00+00:00,47.1,15.0
2025-09-19 07:00:00+00:00,165.55,17.03
2025-09-19 08:00:00+00:00,277.77,18.86
2025-09-19 09:00:00+00:00,422.2,21.15
2025-09-19 10:00:00+00:00,530.1,23.3
2025-09-19 11:00:00+00:00,606.17,25.07
2025-09-19 12:00:00+00:00,596.83,26.33
2025-09-19 13:00:00+00:00,562.22,26.73
2025-09-19 14:00:00+00:00,456.33,26.49
2025-09-19 15:00:00+00:00,330.17,25.65
2025-09-19 16:00:00+00:00,189.38,24.04
2025-09-19 17:00:00+00:00,50.53,21.0
2025-09-19 18:00:00+00:00,0.0,18.15
2025-09-19 19:00:00+00:00,0.0,17.06
2025-09-19 20:00:00+00:00,0.0,16.0
2025-09-19 21:00:00+00:00,0.0,15.23
2025-09-19 22:00:00+00:00,0.0,14.76
2025-09-19 23:00:00+00:00,0.0,13.9
2025-09-20 00:00:00+00:00,0.0,13.17
2025-09-20 01:00:00+00:00,0.0,12.93
2025-09-20 02:00:00+00:00,0.0,13.13
2025-09-20 03:00:00+00:00,0.0,12.97
2025-09-20 04:00:00+00:00,0.0,12.99
2025-09-20 05:00:00+00:00,0.0,13.27
2025-09-20 06:00:00+00:00,27.55,13.79
2025-09-20 07:00:00+00:00,86.2,15.11
2025-09-20 08:00:00+00:00,144.1,16.71
2025-09-20 09:00:00+00:00,188.57,18.63
2025-09-20 10:00:00+00:00,223.8,20.22
2025-09-20 11:00:00+00:00,334.92,20.24
2025-09-20 12:00:00+00:00,287.8,20.06
2025-09-20 13:00:00+00:00,185.82,20.08
2025-09-20 14:00:00+00:00,188.52,20.89
2025-09-20 15:00:00+00:00,129.65,21.33
2025-09-20 16:00:00+00:00,100.53,20.54
2025-09-20 17:00:00+00:00,32.83,18.14
2025-09-20 18:00:00+00:00,0.0,15.74
2025-09-20 19:00:00+00:00,0.0,14.81
2025-09-20 20:00:00+00:00,0.0,13.7
2025-09-20 21:00:00+00:00,0.0,12.5
2025-09-20 22:00:00+00:00,0.0,11.67
2025-09-20 23:00:00+00:00,0.0,11.17
2025-09-21 00:00:00+00:00,0.0,10.64
2025-09-21 01:00:00+00:00,0.0,10.11
2025-09-21 02:00:00+00:00,0.0,9.68
2025-09-21 03:00:00+00:00,0.0,9.37
2025-09-21 04:00:00+00:00,0.0,8.84
2025-09-21 05:00:00+00:00,0.0,8.01
2025-09-21 06:00:00+00:00,48.1,7.85
2025-09-21 07:00:00+00:00,171.5,9.49
2025-09-21 08:00:00+00:00,294.45,11.69
2025-09-21 09:00:00+00:00,417.88,13.5
2025-09-21 10:00:00+00:00,477.42,14.91
2025-09-21 11:00:00+00:00,504.15,15.96
2025-09-21 12:00:00+00:00,439.8,16.6
2025-09-21 13:00:00+00:00,464.75,16.83
2025-09-21 14:00:00+00:00,367.05,16.61
2025-09-21 15:00:00+00:00,277.8,16.06
2025-09-21 16:00:00+00:00,164.45,15.11
2025-09-21 17:00:00+00:00,44.47,13.39
2025-09-21 18:00:00+00:00,0.0,11.24
2025-09-21 19:00:00+00:00,0.0,10.44
2025-09-21 20:00:00+00:00,0.0,9.75
2025-09-21 21:00:00+00:00,0.0,9.16
2025-09-21 22:00:00+00:00,0.0,8.6
2025-09-21 23:00:00+00:00,0.0,8.1
2025-09-22 00:00:00+00:00,0.0,7.68
2025-09-22 01:00:00+00:00,0.0,7.3
2025-09-22 02:00:00+00:00,0.0,6.91
2025-09-22 03:00:00+00:00,0.0,6.58
2025-09-22 04:00:00+00:00,0.0,6.45
2025-09-22 05:00:00+00:00,0.0,6.4
2025-09-22 06:00:00+00:00,58.97,6.91
2025-09-22 07:00:00+00:00,215.3,8.73
2025-09-22 08:00:00+00:00,371.6,11.77
2025-09-22 09:00:00+00:00,503.4,14.1
2025-09-22 10:00:00+00:00,598.05,15.4
2025-09-22 11:00:00+00:00,608.33,16.25
2025-09-22 12:00:00+00:00,535.33,16.72
2025-09-22 13:00:00+00:00,525.38,16.89
2025-09-22 14:00:00+00:00,447.8,16.72
2025-09-22 15:00:00+00:00,325.8,16.15
2025-09-22 16:00:00+00:00,183.2,15.12
2025-09-22 17:00:00+00:00,45.35,12.84
2025-09-22 18:00:00+00:00,0.0,9.98
2025-09-22 19:00:00+00:00,0.0,9.03
2025-09-22 20:00:00+00:00,0.0,8.1
2025-09-22 21:00:00+00:00,0.0,7.24
2025-09-22 22:00:00+00:00,0.0,6.5
2025-09-22 23:00:00+00:00,0.0,5.96
2025-09-23 00:00:00+00:00,0.0,5.55
2025-09-23 01:00:00+00:00,0.0,5.4
2025-09-23 02:00:00+00:00,0.0,5.52
2025-09-23 03:00:00+00:00,0.0,5.61
2025-09-23 04:00:00+00:00,0.0,5.58
2025-09-23 05:00:00+00:00,0.0,5.48
2025-09-23 06:00:00+00:00,48.67,6.02
2025-09-23 07:00:00+00:00,178.35,7.88
2025-09-23 08:00:00+00:00,299.48,10.73
2025-09-23 09:00:00+00:00,393.98,13.45
2025-09-23 10:00:00+00:00,460.38,15.11
2025-09-23 11:00:00+00:00,563.45,16.07
2025-09-23 12:00:00+00:00,535.72,16.83
2025-09-23 13:00:00+00:00,342.2,17.31
2025-09-23 14:00:00+00:00,291.12,17.22
2025-09-23 15:00:00+00:00,215.7,16.62
2025-09-23 16:00:00+00:00,125.7,15.7
2025-09-23 17:00:00+00:00,29.45,14.2
2025-09-23 18:00:00+00:00,0.0,12.56
2025-09-23 19:00:00+00:00,0.0,11.57
2025-09-23 20:00:00+00:00,0.0,10.77
2025-09-23 21:00:00+00:00,0.0,10.29
2025-09-23 22:00:00+00:00,0.0,9.95
2025-09-23 23:00:00+00:00,0.0,9.67
2025-09-24 00:00:00+00:00,0.0,9.41
2025-09-24 01:00:00+00:00,0.0,9.14
2025-09-24 02:00:00+00:00,0.0,9.17
2025-09-24 03:00:00+00:00,0.0,9.5
2025-09-24 04:00:00+00:00,0.0,9.51
2025-09-24 05:00:00+00:00,0.0,9.53
2025-09-24 06:00:00+00:00,34.7,9.87
2025-09-24 07:00:00+00:00,135.9,10.96
2025-09-24 08:00:00+00:00,245.7,12.84
2025-09-24 09:00:00+00:00,343.67,15.25
2025-09-24 10:00:00+00:00,423.9,16.91
2025-09-24 11:00:00+00:00,483.85,17.88
2025-09-24 12:00:00+00:00,414.52,18.3
2025-09-24 13:00:00+00:00,397.33,18.2
2025-09-24 14:00:00+00:00,355.5,17.66
2025-09-24 15:00:00+00:00,256.83,16.76
2025-09-24 16:00:00+00:00,139.3,15.6
2025-09-24 17:00:00+00:00,29.17,13.44
2025-09-24 18:00:00+00:00,0.0,10.84
2025-09-24 19:00:00+00:00,0.0,10.27
2025-09-24 20:00:00+00:00,0.0,9.87
2025-09-24 21:00:00+00:00,0.0,9.59
2025-09-24 22:00:00+00:00,0.0,9.54
2025-09-24 23:00:00+00:00,0.0,10.0
2025-09-25 00:00:00+00:00,0.0,10.19
2025-09-25 01:00:00+00:00,0.0,10.27
2025-09-25 02:00:00+00:00,0.0,10.18
2025-09-25 03:00:00+00:00,0.0,10.06
2025-09-25 04:00:00+00:00,0.0,9.47
2025-09-25 05:00:00+00:00,0.0,9.02
2025-09-25 06:00:00+00:00,41.3,9.23
2025-09-25 07:00:00+00:00,178.7,11.0
2025-09-25 08:00:00+00:00,322.9,13.85
2025-09-25 09:00:00+00:00,444.98,16.24
2025-09-25 10:00:00+00:00,548.78,17.51
2025-09-25 11:00:00+00:00,599.2,18.32
2025-09-25 12:00:00+00:00,593.42,18.59
2025-09-25 13:00:00+00:00,543.65,18.43
2025-09-25 14:00:00+00:00,454.33,17.88
2025-09-25 15:00:00+00:00,326.75,16.97
2025-09-25 16:00:00+00:00,175.77,15.68
2025-09-25 17:00:00+00:00,33.33,13.88
2025-09-25 18:00:00+00:00,0.0,11.9
2025-09-25 19:00:00+00:00,0.0,10.9
2025-09-25 20:00:00+00:00,0.0,9.97
2025-09-25 21:00:00+00:00,0.0,9.28
2025-09-25 22:00:00+00:00,0.0,8.73
2025-09-25 23:00:00+00:00,0.0,8.23
2025-09-26 00:00:00+00:00,0.0,7.83
2025-09-26 01:00:00+00:00,0.0,7.55
2025-09-26 02:00:00+00:00,0.0,7.56
2025-09-26 03:00:00+00:00,0.0,8.14
2025-09-26 04:00:00+00:00,0.0,8.61
2025-09-26 05:00:00+00:00,0.0,8.98
2025-09-26 06:00:00+00:00,32.55,9.81
2025-09-26 07:00:00+00:00,123.35,11.44
2025-09-26 08:00:00+00:00,197.55,13.14
2025-09-26 09:00:00+00:00,255.07,14.97
2025-09-26 10:00:00+00:00,285.3,15.9
2025-09-26 11:00:00+00:00,265.77,16.64
2025-09-26 12:00:00+00:00,156.7,17.06
2025-09-26 13:00:00+00:00,161.3,17.19
2025-09-26 14:00:00+00:00,132.25,16.77
2025-09-26 15:00:00+00:00,98.95,16.05
2025-09-26 16:00:00+00:00,58.2,15.01
2025-09-26 17:00:00+00:00,9.98,13.33
2025-09-26 18:00:00+00:00,0.0,11.72
2025-09-26 19:00:00+00:00,0.0,10.42
2025-09-26 20:00:00+00:00,0.0,9.48
2025-09-26 21:00:00+00:00,0.0,8.8
2025-09-26 22:00:00+00:00,0.0,8.33
2025-09-26 23:00:00+00:00,0.0,8.03
2025-09-27 00:00:00+00:00,0.0,7.97
2025-09-27 01:00:00+00:00,0.0,7.95
2025-09-27 02:00:00+00:00,0.0,7.91
2025-09-27 03:00:00+00:00,0.0,7.68
2025-09-27 04:00:00+00:00,0.0,7.35
2025-09-27 05:00:00+00:00,0.0,7.15
2025-09-27 06:00:00+00:00,14.73,7.82
2025-09-27 07:00:00+00:00,73.18,11.26
2025-09-27 08:00:00+00:00,133.38,13.79
2025-09-27 09:00:00+00:00,187.23,15.86
2025-09-27 10:00:00+00:00,245.68,16.99
2025-09-27 11:00:00+00:00,257.0,17.88
2025-09-27 12:00:00+00:00,234.25,18.41
2025-09-27 13:00:00+00:00,223.75,18.48
2025-09-27 14:00:00+00:00,172.4,18.26
2025-09-27 15:00:00+00:00,131.65,17.54
2025-09-27 16:00:00+00:00,81.18,16.37
2025-09-27 17:00:00+00:00,15.7,13.86
2025-09-27 18:00:00+00:00,0.0,11.61
2025-09-27 19:00:00+00:00,0.0,10.95
2025-09-27 20:00:00+00:00,0.0,10.35
2025-09-27 21:00:00+00:00,0.0,10.09
2025-09-27 22:00:00+00:00,0.0,10.25
2025-09-27 23:00:00+00:00,0.0,10.39
2025-09-28 00:00:00+00:00,0.0,10.44
2025-09-28 01:00:00+00:00,0.0,10.44
2025-09-28 02:00:00+00:00,0.0,10.24
2025-09-28 03:00:00+00:00,0.0,9.79
2025-09-28 04:00:00+00:00,0.0,9.47
2025-09-28 05:00:00+00:00,0.0,9.45
2025-09-28 06:00:00+00:00,17.1,10.08
2025-09-28 07:00:00+00:00,84.6,12.83
2025-09-28 08:00:00+00:00,161.68,14.53
2025-09-28 09:00:00+00:00,229.85,15.96
2025-09-28 10:00:00+00:00,282.08,16.84
2025-09-28 11:00:00+00:00,348.52,17.71
2025-09-28 12:00:00+00:00,288.5,18.46
2025-09-28 13:00:00+00:00,291.48,18.92
2025-09-28 14:00:00+00:00,258.67,18.78
2025-09-28 15:00:00+00:00,193.75,18.4
2025-09-28 16:00:00+00:00,108.5,17.31
2025-09-28 17:00:00+00:00,19.33,15.42
2025-09-28 18:00:00+00:00,0.0,14.05
2025-09-28 19:00:00+00:00,0.0,13.06
2025-09-28 20:00:00+00:00,0.0,12.07
2025-09-28 21:00:00+00:00,0.0,11.13
2025-09-28 22:00:00+00:00,0.0,10.44
2025-09-28 23:00:00+00:00,0.0,9.68
2025-09-29 00:00:00+00:00,0.0,8.99
2025-09-29 01:00:00+00:00,0.0,8.45
2025-09-29 02:00:00+00:00,0.0,8.0
2025-09-29 03:00:00+00:00,0.0,7.56
2025-09-29 04:00:00+00:00,0.0,7.14
2025-09-29 05:00:00+00:00,0.0,6.8
2025-09-29 06:00:00+00:00,30.55,7.19
2025-09-29 07:00:00+00:00,160.38,8.88
2025-09-29 08:00:00+00:00,299.88,10.65
2025-09-29 09:00:00+00:00,423.5,13.68
2025-09-29 10:00:00+00:00,523.97,16.54
2025-09-29 11:00:00+00:00,508.23,17.84
2025-09-29 12:00:00+00:00,487.38,18.55
2025-09-29 13:00:00+00:00,384.45,18.82
2025-09-29 14:00:00+00:00,321.15,18.84
2025-09-29 15:00:00+00:00,213.55,18.25
2025-09-29 16:00:00+00:00,102.97,16.58
2025-09-29 17:00:00+00:00,12.32,14.47
2025-09-29 18:00:00+00:00,0.0,13.44
2025-09-29 19:00:00+00:00,0.0,12.82
2025-09-29 20:00:00+00:00,0.0,11.99
2025-09-29 21:00:00+00:00,0.0,11.39
2025-09-29 22:00:00+00:00,0.0,11.03
2025-09-29 23:00:00+00:00,0.0,10.79
2025-09-30 00:00:00+00:00,0.0,10.6
2025-09-30 01:00:00+00:00,0.0,10.6
2025-09-30 02:00:00+00:00,0.0,10.81
2025-09-30 03:00:00+00:00,0.0,10.58
2025-09-30 04:00:00+00:00,0.0,10.16
2025-09-30 05:00:00+00:00,0.0,9.63
2025-09-30 06:00:00+00:00,24.95,9.2
2025-09-30 07:00:00+00:00,151.2,10.5
2025-09-30 08:00:00+00:00,297.33,12.22
2025-09-30 09:00:00+00:00,427.33,15.89
2025-09-30 10:00:00+00:00,524.38,17.76
2025-09-30 11:00:00+00:00,554.88,18.85
2025-09-30 12:00:00+00:00,527.55,19.67
2025-09-30 13:00:00+00:00,478.9,20.16
2025-09-30 14:00:00+00:00,379.0,20.26
2025-09-30 15:00:00+00:00,259.95,19.88
2025-09-30 16:00:00+00:00,125.05,18.79
2025-09-30 17:00:00+00:00,15.48,15.96
2025-09-30 18:00:00+00:00,0.0,13.64
2025-09-30 19:00:00+00:00,0.0,12.31
2025-09-30 20:00:00+00:00,0.0,11.49
2025-09-30 21:00:00+00:00,0.0,11.09
2025-09-30 22:00:00+00:00,0.0,10.91
2025-09-30 23:00:00+00:00,0.0,10.7
2025-10-01 00:00:00+00:00,0.0,10.56
2025-10-01 01:00:00+00:00,0.0,10.37
2025-10-01 02:00:00+00:00,0.0,10.15
2025-10-01 03:00:00+00:00,0.0,9.72
2025-10-01 04:00:00+00:00,0.0,9.41
2025-10-01 05:00:00+00:00,0.0,9.28
2025-10-01 06:00:00+00:00,14.43,9.41
2025-10-01 07:00:00+00:00,78.43,11.58
2025-10-01 08:00:00+00:00,141.3,12.73
2025-10-01 09:00:00+00:00,211.0,13.47
2025-10-01 10:00:00+00:00,261.2,14.47
2025-10-01 11:00:00+00:00,284.17,15.58
2025-10-01 12:00:00+00:00,369.05,16.71
2025-10-01 13:00:00+00:00,332.0,17.89
2025-10-01 14:00:00+00:00,264.15,18.53
2025-10-01 15:00:00+00:00,176.25,18.45
2025-10-01 16:00:00+00:00,84.47,17.33
2025-10-01 17:00:00+00:00,11.45,14.34
2025-10-01 18:00:00+00:00,0.0,12.8
2025-10-01 19:00:00+00:00,0.0,12.22
2025-10-01 20:00:00+00:00,0.0,11.53
2025-10-01 21:00:00+00:00,0.0,10.71
2025-10-01 22:00:00+00:00,0.0,10.04
2025-10-01 23:00:00+00:00,0.0,9.84
2025-10-02 00:00:00+00:00,0.0,9.72
2025-10-02 01:00:00+00:00,0.0,9.78
2025-10-02 02:00:00+00:00,0.0,9.95
2025-10-02 03:00:00+00:00,0.0,9.97
2025-10-02 04:00:00+00:00,0.0,9.82
2025-10-02 05:00:00+00:00,0.0,9.87
2025-10-02 06:00:00+00:00,14.57,10.2
2025-10-02 07:00:00+00:00,77.68,12.14
2025-10-02 08:00:00+00:00,152.35,13.88
2025-10-02 09:00:00+00:00,223.73,14.58
2025-10-02 10:00:00+00:00,226.15,15.3
2025-10-02 11:00:00+00:00,301.95,16.19
2025-10-02 12:00:00+00:00,273.62,17.78
2025-10-02 13:00:00+00:00,266.98,19.25
2025-10-02 14:00:00+00:00,206.48,19.52
2025-10-02 15:00:00+00:00,160.38,19.05
2025-10-02 16:00:00+00:00,70.57,17.77
2025-10-02 17:00:00+00:00,8.4,15.75
2025-10-02 18:00:00+00:00,0.0,14.48
2025-10-02 19:00:00+00:00,0.0,14.3
2025-10-02 20:00:00+00:00,0.0,14.45
2025-10-02 21:00:00+00:00,0.0,14.4
2025-10-02 22:00:00+00:00,0.0,14.33
2025-10-02 23:00:00+00:00,0.0,14.35
2025-10-03 00:00:00+00:00,0.0,14.33
2025-10-03 01:00:00+00:00,0.0,14.4
2025-10-03 02:00:00+00:00,0.0,14.27
2025-10-03 03:00:00+00:00,0.0,14.06
2025-10-03 04:00:00+00:00,0.0,13.87
2025-10-03 05:00:00+00:00,0.0,13.81
2025-10-03 06:00:00+00:00,7.18,13.74
2025-10-03 07:00:00+00:00,40.62,13.73
2025-10-03 08:00:00+00:00,74.97,14.06
2025-10-03 09:00:00+00:00,101.6,14.7
2025-10-03 10:00:00+00:00,129.07,15.3
2025-10-03 11:00:00+00:00,115.9,15.9
2025-10-03 12:00:00+00:00,95.8,16.64
2025-10-03 13:00:00+00:00,83.18,17.54
2025-10-03 14:00:00+00:00,34.22,17.82
2025-10-03 15:00:00+00:00,77.38,17.34
2025-10-03 16:00:00+00:00,37.12,16.65
2025-10-03 17:00:00+00:00,4.95,16.32
2025-10-03 18:00:00+00:00,0.0,16.44
2025-10-03 19:00:00+00:00,0.0,16.94
2025-10-03 20:00:00+00:00,0.0,17.26
2025-10-03 21:00:00+00:00,0.0,17.33
2025-10-03 22:00:00+00:00,0.0,17.25
2025-10-03 23:00:00+00:00,0.0,17.13
2025-10-04 00:00:00+00:00,0.0,16.57
2025-10-04 01:00:00+00:00,0.0,14.75
2025-10-04 02:00:00+00:00,0.0,13.32
2025-10-04 03:00:00+00:00,0.0,12.62
2025-10-04 04:00:00+00:00,0.0,11.79
2025-10-04 05:00:00+00:00,0.0,11.14
2025-10-04 06:00:00+00:00,22.25,10.95
2025-10-04 07:00:00+00:00,144.75,11.47
2025-10-04 08:00:00+00:00,276.15,12.17
2025-10-04 09:00:00+00:00,385.12,13.01
2025-10-04 10:00:00+00:00,465.08,13.88
2025-10-04 11:00:00+00:00,401.23,14.31
2025-10-04 12:00:00+00:00,312.12,13.87
2025-10-04 13:00:00+00:00,307.2,13.92
2025-10-04 14:00:00+00:00,243.45,13.93
2025-10-04 15:00:00+00:00,169.32,13.86
2025-10-04 16:00:00+00:00,85.9,13.54
2025-10-04 17:00:00+00:00,9.07,12.67
2025-10-04 18:00:00+00:00,0.0,11.85
2025-10-04 19:00:00+00:00,0.0,11.57
2025-10-04 20:00:00+00:00,0.0,11.31
2025-10-04 21:00:00+00:00,0.0,11.02
2025-10-04 22:00:00+00:00,0.0,10.7
2025-10-04 23:00:00+00:00,0.0,10.42
2025-10-05 00:00:00+00:00,0.0,10.22
2025-10-05 01:00:00+00:00,0.0,10.08
2025-10-05 02:00:00+00:00,0.0,10.18
2025-10-05 03:00:00+00:00,0.0,10.25
2025-10-05 04:00:00+00:00,0.0,10.09
2025-10-05 05:00:00+00:00,0.0,9.68
2025-10-05 06:00:00+00:00,18.38,9.44
2025-10-05 07:00:00+00:00,121.38,10.51
2025-10-05 08:00:00+00:00,230.55,12.32
2025-10-05 09:00:00+00:00,323.98,14.03
2025-10-05 10:00:00+00:00,389.08,15.3
2025-10-05 11:00:00+00:00,412.9,16.06
2025-10-05 12:00:00+00:00,400.27,16.66
2025-10-05 13:00:00+00:00,303.62,16.89
2025-10-05 14:00:00+00:00,248.75,16.77
2025-10-05 15:00:00+00:00,168.82,16.23
2025-10-05 16:00:00+00:00,81.72,15.11
2025-10-05 17:00:00+00:00,7.03,13.79
2025-10-05 18:00:00+00:00,0.0,12.02
2025-10-05 19:00:00+00:00,0.0,10.89
2025-10-05 20:00:00+00:00,0.0,10.27
2025-10-05 21:00:00+00:00,0.0,9.9
2025-10-05 22:00:00+00:00,0.0,9.59
2025-10-05 23:00:00+00:00,0.0,9.59
2025-10-06 00:00:00+00:00,0.0,9.44
2025-10-06 01:00:00+00:00,0.0,9.25
2025-10-06 02:00:00+00:00,0.0,9.53
2025-10-06 03:00:00+00:00,0.0,9.78
2025-10-06 04:00:00+00:00,0.0,9.64
2025-10-06 05:00:00+00:00,0.0,9.2
2025-10-06 06:00:00+00:00,14.38,9.15
2025-10-06 07:00:00+00:00,122.7,10.58
2025-10-06 08:00:00+00:00,255.6,12.87
2025-10-06 09:00:00+00:00,379.25,15.29
2025-10-06 10:00:00+00:00,471.33,17.05
2025-10-06 11:00:00+00:00,511.35,18.5
2025-10-06 12:00:00+00:00,511.52,19.7
2025-10-06 13:00:00+00:00,462.1,20.56
2025-10-06 14:00:00+00:00,359.7,20.89
2025-10-06 15:00:00+00:00,237.93,20.64
2025-10-06 16:00:00+00:00,97.68,19.24
2025-10-06 17:00:00+00:00,6.28,16.12
2025-10-06 18:00:00+00:00,0.0,15.38
2025-10-06 19:00:00+00:00,0.0,14.99
2025-10-06 20:00:00+00:00,0.0,14.45
2025-10-06 21:00:00+00:00,0.0,13.72
2025-10-06 22:00:00+00:00,0.0,12.72
2025-10-06 23:00:00+00:00,0.0,11.79
2025-10-07 00:00:00+00:00,0.0,11.07
2025-10-07 01:00:00+00:00,0.0,10.79
2025-10-07 02:00:00+00:00,0.0,10.78
2025-10-07 03:00:00+00:00,0.0,10.59
2025-10-07 04:00:00+00:00,0.0,10.24
2025-10-07 05:00:00+00:00,0.0,9.83
2025-10-07 06:00:00+00:00,10.35,9.95
2025-10-07 07:00:00+00:00,71.35,11.87
2025-10-07 08:00:00+00:00,137.88,13.75
2025-10-07 09:00:00+00:00,198.62,15.21
2025-10-07 10:00:00+00:00,242.3,16.26
2025-10-07 11:00:00+00:00,300.77,17.26
2025-10-07 12:00:00+00:00,289.35,17.99
2025-10-07 13:00:00+00:00,266.98,18.27
2025-10-07 14:00:00+00:00,209.32,17.8
2025-10-07 15:00:00+00:00,134.12,17.16
2025-10-07 16:00:00+00:00,56.62,15.83
2025-10-07 17:00:00+00:00,3.95,12.99
2025-10-07 18:00:00+00:00,0.0,11.78
2025-10-07 19:00:00+00:00,0.0,11.21
2025-10-07 20:00:00+00:00,0.0,10.75
2025-10-07 21:00:00+00:00,0.0,10.26
2025-10-07 22:00:00+00:00,0.0,9.73
2025-10-07 23:00:00+00:00,0.0,9.43
2025-10-08 00:00:00+00:00,0.0,9.31
2025-10-08 01:00:00+00:00,0.0,9.46
2025-10-08 02:00:00+00:00,0.0,9.74
2025-10-08 03:00:00+00:00,0.0,9.92
2025-10-08 04:00:00+00:00,0.0,10.02
2025-10-08 05:00:00+00:00,0.0,10.23
2025-10-08 06:00:00+00:00,10.5,10.48
2025-10-08 07:00:00+00:00,81.65,11.83
2025-10-08 08:00:00+00:00,149.43,13.28
2025-10-08 09:00:00+00:00,198.52,14.87
2025-10-08 10:00:00+00:00,227.85,15.95
2025-10-08 11:00:00+00:00,229.55,16.87
2025-10-08 12:00:00+00:00,220.55,17.59
2025-10-08 13:00:00+00:00,209.62,17.94
2025-10-08 14:00:00+00:00,177.12,17.88
2025-10-08 15:00:00+00:00,127.25,17.46
2025-10-08 16:00:00+00:00,58.5,16.41
2025-10-08 17:00:00+00:00,3.55,14.5
2025-10-08 18:00:00+00:00,0.0,13.34
2025-10-08 19:00:00+00:00,0.0,12.06
2025-10-08 20:00:00+00:00,0.0,10.46
2025-10-08 21:00:00+00:00,0.0,9.48
2025-10-08 22:00:00+00:00,0.0,8.75
2025-10-08 23:00:00+00:00,0.0,8.14
2025-10-09 00:00:00+00:00,0.0,7.65
2025-10-09 01:00:00+00:00,0.0,7.24
2025-10-09 02:00:00+00:00,0.0,6.86
2025-10-09 03:00:00+00:00,0.0,6.49
2025-10-09 04:00:00+00:00,0.0,6.2
2025-10-09 05:00:00+00:00,0.0,5.99
2025-10-09 06:00:00+00:00,9.65,5.95
2025-10-09 07:00:00+00:00,80.12,8.23
2025-10-09 08:00:00+00:00,166.35,10.25
2025-10-09 09:00:00+00:00,213.25,13.3
2025-10-09 10:00:00+00:00,247.18,14.85
2025-10-09 11:00:00+00:00,263.27,15.79
2025-10-09 12:00:00+00:00,257.7,16.37
2025-10-09 13:00:00+00:00,273.7,16.68
2025-10-09 14:00:00+00:00,206.27,16.65
2025-10-09 15:00:00+00:00,134.05,16.18
2025-10-09 16:00:00+00:00,57.9,14.97
2025-10-09 17:00:00+00:00,0.0,12.21
2025-10-09 18:00:00+00:00,0.0,11.47
2025-10-09 19:00:00+00:00,0.0,11.54
2025-10-09 20:00:00+00:00,0.0,11.61
2025-10-09 21:00:00+00:00,0.0,11.32
2025-10-09 22:00:00+00:00,0.0,10.86
2025-10-09 23:00:00+00:00,0.0,10.45
2025-10-10 00:00:00+00:00,0.0,10.2
2025-10-10 01:00:00+00:00,0.0,10.02
2025-10-10 02:00:00+00:00,0.0,9.91
2025-10-10 03:00:00+00:00,0.0,9.8
2025-10-10 04:00:00+00:00,0.0,9.74
2025-10-10 05:00:00+00:00,0.0,9.68
2025-10-10 06:00:00+00:00,7.0,9.8
2025-10-10 07:00:00+00:00,41.28,10.89
2025-10-10 08:00:00+00:00,80.85,12.11
2025-10-10 09:00:00+00:00,133.38,14.23
2025-10-10 10:00:00+00:00,159.68,15.13
2025-10-10 11:00:00+00:00,157.32,15.79
2025-10-10 12:00:00+00:00,183.12,16.36
2025-10-10 13:00:00+00:00,124.0,17.12
2025-10-10 14:00:00+00:00,156.85,17.47
2025-10-10 15:00:00+00:00,105.15,17.3
2025-10-10 16:00:00+00:00,44.33,16.18
2025-10-10 17:00:00+00:00,0.0,14.17
2025-10-10 18:00:00+00:00,0.0,13.09
2025-10-10 19:00:00+00:00,0.0,12.3
2025-10-10 20:00:00+00:00,0.0,11.82
2025-10-10 21:00:00+00:00,0.0,11.74
2025-10-10 22:00:00+00:00,0.0,11.54
2025-10-10 23:00:00+00:00,0.0,11.25
2025-10-11 00:00:00+00:00,0.0,11.03
2025-10-11 01:00:00+00:00,0.0,10.92
2025-10-11 02:00:00+00:00,0.0,10.76
2025-10-11 03:00:00+00:00,0.0,10.57
2025-10-11 04:00:00+00:00,0.0,10.34
2025-10-11 05:00:00+00:00,0.0,10.13
2025-10-11 06:00:00+00:00,6.07,9.99
2025-10-11 07:00:00+00:00,52.8,10.42
2025-10-11 08:00:00+00:00,129.85,11.15
2025-10-11 09:00:00+00:00,196.77,12.76
2025-10-11 10:00:00+00:00,236.65,13.96
2025-10-11 11:00:00+00:00,249.85,14.79
2025-10-11 12:00:00+00:00,257.6,15.45
2025-10-11 13:00:00+00:00,270.88,15.8
2025-10-11 14:00:00+00:00,201.45,15.84
2025-10-11 15:00:00+00:00,139.62,15.43
2025-10-11 16:00:00+00:00,60.03,14.46
2025-10-11 17:00:00+00:00,0.0,12.71
2025-10-11 18:00:00+00:00,0.0,11.75
2025-10-11 19:00:00+00:00,0.0,10.92
2025-10-11 20:00:00+00:00,0.0,9.88
2025-10-11 21:00:00+00:00,0.0,9.0
2025-10-11 22:00:00+00:00,0.0,8.36
2025-10-11 23:00:00+00:00,0.0,7.93
2025-10-12 00:00:00+00:00,0.0,7.63
2025-10-12 01:00:00+00:00,0.0,7.41
2025-10-12 02:00:00+00:00,0.0,7.26
2025-10-12 03:00:00+00:00,0.0,7.06
2025-10-12 04:00:00+00:00,0.0,6.75
2025-10-12 05:00:00+00:00,0.0,6.34
2025-10-12 06:00:00+00:00,4.95,6.19
2025-10-12 07:00:00+00:00,40.12,8.0
2025-10-12 08:00:00+00:00,96.78,9.31
2025-10-12 09:00:00+00:00,150.48,11.24
2025-10-12 10:00:00+00:00,179.6,13.05
2025-10-12 11:00:00+00:00,190.55,14.46
2025-10-12 12:00:00+00:00,322.02,15.46
2025-10-12 13:00:00+00:00,289.55,16.06
2025-10-12 14:00:00+00:00,237.07,16.19
2025-10-12 15:00:00+00:00,169.02,15.78
2025-10-12 16:00:00+00:00,64.32,14.25
2025-10-12 17:00:00+00:00,0.0,11.17
2025-10-12 18:00:00+00:00,0.0,10.31
2025-10-12 19:00:00+00:00,0.0,10.0
2025-10-12 20:00:00+00:00,0.0,9.98
2025-10-12 21:00:00+00:00,0.0,10.17
2025-10-12 22:00:00+00:00,0.0,10.59
2025-10-12 23:00:00+00:00,0.0,10.95
2025-10-13 00:00:00+00:00,0.0,11.0
2025-10-13 01:00:00+00:00,0.0,10.95
2025-10-13 02:00:00+00:00,0.0,10.87
2025-10-13 03:00:00+00:00,0.0,10.77
2025-10-13 04:00:00+00:00,0.0,10.68
2025-10-13 05:00:00+00:00,0.0,10.69
2025-10-13 06:00:00+00:00,6.5,10.84
2025-10-13 07:00:00+00:00,72.93,11.83
2025-10-13 08:00:00+00:00,128.6,13.14
2025-10-13 09:00:00+00:00,148.43,14.73
2025-10-13 10:00:00+00:00,156.73,15.85
2025-10-13 11:00:00+00:00,146.5,16.72
2025-10-13 12:00:00+00:00,112.55,17.41
2025-10-13 13:00:00+00:00,128.15,17.3
2025-10-13 14:00:00+00:00,125.3,17.0
2025-10-13 15:00:00+00:00,92.82,16.53
2025-10-13 16:00:00+00:00,43.58,15.55
2025-10-13 17:00:00+00:00,0.0,13.93
2025-10-13 18:00:00+00:00,0.0,13.36
2025-10-13 19:00:00+00:00,0.0,12.67
2025-10-13 20:00:00+00:00,0.0,12.33
2025-10-13 21:00:00+00:00,0.0,12.3
2025-10-13 22:00:00+00:00,0.0,12.24
2025-10-13 23:00:00+00:00,0.0,11.96
2025-10-14 00:00:00+00:00,0.0,11.6
2025-10-14 01:00:00+00:00,0.0,11.3
2025-10-14 02:00:00+00:00,0.0,11.17
2025-10-14 03:00:00+00:00,0.0,11.14
2025-10-14 04:00:00+00:00,0.0,11.05
2025-10-14 05:00:00+00:00,0.0,10.92
2025-10-14 06:00:00+00:00,5.28,10.81
2025-10-14 07:00:00+00:00,62.45,11.0
2025-10-14 08:00:00+00:00,115.57,11.74
2025-10-14 09:00:00+00:00,136.4,12.87
2025-10-14 10:00:00+00:00,146.5,13.94
2025-10-14 11:00:00+00:00,131.27,14.55
2025-10-14 12:00:00+00:00,97.18,14.91
2025-10-14 13:00:00+00:00,60.78,15.15
2025-10-14 14:00:00+00:00,59.72,15.24
2025-10-14 15:00:00+00:00,42.25,14.72
2025-10-14 16:00:00+00:00,15.3,13.72
2025-10-14 17:00:00+00:00,0.0,12.35
2025-10-14 18:00:00+00:00,0.0,11.6
2025-10-14 19:00:00+00:00,0.0,10.89
2025-10-14 20:00:00+00:00,0.0,10.34
2025-10-14 21:00:00+00:00,0.0,9.99
2025-10-14 22:00:00+00:00,0.0,9.75
2025-10-14 23:00:00+00:00,0.0,9.62
2025-10-15 00:00:00+00:00,0.0,9.73
2025-10-15 01:00:00+00:00,0.0,9.81
2025-10-15 02:00:00+00:00,0.0,9.7
2025-10-15 03:00:00+00:00,0.0,9.46
2025-10-15 04:00:00+00:00,0.0,9.24
2025-10-15 05:00:00+00:00,0.0,9.2
2025-10-15 06:00:00+00:00,4.8,9.22
2025-10-15 07:00:00+00:00,66.18,9.69
2025-10-15 08:00:00+00:00,125.28,10.7
2025-10-15 09:00:00+00:00,149.3,11.94
2025-10-15 10:00:00+00:00,160.73,13.03
2025-10-15 11:00:00+00:00,144.8,13.75
2025-10-15 12:00:00+00:00,136.38,14.12
2025-10-15 13:00:00+00:00,102.1,14.33
2025-10-15 14:00:00+00:00,110.53,14.42
2025-10-15 15:00:00+00:00,88.1,14.1
2025-10-15 16:00:00+00:00,37.55,13.11
2025-10-15 17:00:00+00:00,0.0,11.3
2025-10-15 18:00:00+00:00,0.0,10.72
2025-10-15 19:00:00+00:00,0.0,10.3
2025-10-15 20:00:00+00:00,0.0,9.77
2025-10-15 21:00:00+00:00,0.0,9.23
2025-10-15 22:00:00+00:00,0.0,8.92
2025-10-15 23:00:00+00:00,0.0,8.69
2025-10-16 00:00:00+00:00,0.0,8.69
2025-10-16 01:00:00+00:00,0.0,8.6
2025-10-16 02:00:00+00:00,0.0,8.52
2025-10-16 03:00:00+00:00,0.0,8.38
2025-10-16 04:00:00+00:00,0.0,8.1
2025-10-16 05:00:00+00:00,0.0,7.87
2025-10-16 06:00:00+00:00,4.62,7.73
2025-10-16 07:00:00+00:00,78.6,9.12
2025-10-16 08:00:00+00:00,171.4,10.88
2025-10-16 09:00:00+00:00,238.5,12.88
2025-10-16 10:00:00+00:00,284.38,14.74
2025-10-16 11:00:00+00:00,306.98,15.94
2025-10-16 12:00:00+00:00,245.38,16.48
2025-10-16 13:00:00+00:00,212.07,16.67
2025-10-16 14:00:00+00:00,163.68,16.65
2025-10-16 15:00:00+00:00,94.72,16.06
2025-10-16 16:00:00+00:00,24.05,14.18
2025-10-16 17:00:00+00:00,0.0,11.66
2025-10-16 18:00:00+00:00,0.0,11.08
2025-10-16 19:00:00+00:00,0.0,10.58
2025-10-16 20:00:00+00:00,0.0,10.06
2025-10-16 21:00:00+00:00,0.0,9.58
2025-10-16 22:00:00+00:00,0.0,9.18
2025-10-16 23:00:00+00:00,0.0,8.96
2025-10-17 00:00:00+00:00,0.0,8.82
2025-10-17 01:00:00+00:00,0.0,8.58
2025-10-17 02:00:00+00:00,0.0,8.45
2025-10-17 03:00:00+00:00,0.0,8.23
2025-10-17 04:00:00+00:00,0.0,7.93
2025-10-17 05:00:00+00:00,0.0,7.64
2025-10-17 06:00:00+00:00,0.0,7.41
2025-10-17 07:00:00+00:00,66.78,8.85
2025-10-17 08:00:00+00:00,144.07,10.74
2025-10-17 09:00:00+00:00,180.5,12.86
2025-10-17 10:00:00+00:00,206.23,14.54
2025-10-17 11:00:00+00:00,220.43,15.57
2025-10-17 12:00:00+00:00,189.18,16.06
2025-10-17 13:00:00+00:00,170.32,16.32
2025-10-17 14:00:00+00:00,127.53,16.17
2025-10-17 15:00:00+00:00,73.03,15.54
2025-10-17 16:00:00+00:00,16.3,13.48
2025-10-17 17:00:00+00:00,0.0,11.14
2025-10-17 18:00:00+00:00,0.0,10.63
2025-10-17 19:00:00+00:00,0.0,10.23
2025-10-17 20:00:00+00:00,0.0,9.82
2025-10-17 21:00:00+00:00,0.0,9.36
2025-10-17 22:00:00+00:00,0.0,8.8
2025-10-17 23:00:00+00:00,0.0,8.26
2025-10-18 00:00:00+00:00,0.0,7.76
2025-10-18 01:00:00+00:00,0.0,7.54
2025-10-18 02:00:00+00:00,0.0,7.67
2025-10-18 03:00:00+00:00,0.0,8.09
2025-10-18 04:00:00+00:00,0.0,8.36
2025-10-18 05:00:00+00:00,0.0,8.47
2025-10-18 06:00:00+00:00,0.0,8.71
2025-10-18 07:00:00+00:00,34.08,10.01
2025-10-18 08:00:00+00:00,71.22,11.56
2025-10-18 09:00:00+00:00,133.88,12.74
2025-10-18 10:00:00+00:00,177.45,13.9
2025-10-18 11:00:00+00:00,194.45,14.45
2025-10-18 12:00:00+00:00,154.02,14.45
2025-10-18 13:00:00+00:00,142.1,14.38
2025-10-18 14:00:00+00:00,111.47,14.01
2025-10-18 15:00:00+00:00,67.82,13.15
2025-10-18 16:00:00+00:00,18.92,11.87
2025-10-18 17:00:00+00:00,0.0,11.07
2025-10-18 18:00:00+00:00,0.0,10.87
2025-10-18 19:00:00+00:00,0.0,10.74
2025-10-18 20:00:00+00:00,0.0,10.72
2025-10-18 21:00:00+00:00,0.0,10.72
2025-10-18 22:00:00+00:00,0.0,10.68
2025-10-18 23:00:00+00:00,0.0,10.6
2025-10-19 00:00:00+00:00,0.0,10.06
2025-10-19 01:00:00+00:00,0.0,9.38
2025-10-19 02:00:00+00:00,0.0,9.1
2025-10-19 03:00:00+00:00,0.0,9.03
2025-10-19 04:00:00+00:00,0.0,9.23
2025-10-19 05:00:00+00:00,0.0,9.65
2025-10-19 06:00:00+00:00,0.0,9.97
2025-10-19 07:00:00+00:00,24.42,10.76
2025-10-19 08:00:00+00:00,60.75,12.23
2025-10-19 09:00:00+00:00,95.32,14.39
2025-10-19 10:00:00+00:00,116.72,16.37
2025-10-19 11:00:00+00:00,120.6,16.55
2025-10-19 12:00:00+00:00,61.15,15.6
2025-10-19 13:00:00+00:00,60.15,14.84
2025-10-19 14:00:00+00:00,20.55,14.3
2025-10-19 15:00:00+00:00,21.02,13.92
2025-10-19 16:00:00+00:00,5.95,13.82
2025-10-19 17:00:00+00:00,0.0,14.02
2025-10-19 18:00:00+00:00,0.0,14.44
2025-10-19 19:00:00+00:00,0.0,14.75
2025-10-19 20:00:00+00:00,0.0,14.66
2025-10-19 21:00:00+00:00,0.0,13.96
2025-10-19 22:00:00+00:00,0.0,13.05
2025-10-19 23:00:00+00:00,0.0,12.25
2025-10-20 00:00:00+00:00,0.0,11.77
2025-10-20 01:00:00+00:00,0.0,11.7
2025-10-20 02:00:00+00:00,0.0,11.92
2025-10-20 03:00:00+00:00,0.0,12.15
2025-10-20 04:00:00+00:00,0.0,12.39
2025-10-20 05:00:00+00:00,0.0,12.62
2025-10-20 06:00:00+00:00,0.0,12.91
2025-10-20 07:00:00+00:00,33.88,13.03
2025-10-20 08:00:00+00:00,94.53,13.25
2025-10-20 09:00:00+00:00,153.55,13.38
2025-10-20 10:00:00+00:00,200.38,13.77
2025-10-20 11:00:00+00:00,217.7,14.49
2025-10-20 12:00:00+00:00,221.23,15.15
2025-10-20 13:00:00+00:00,200.75,15.1
2025-10-20 14:00:00+00:00,148.38,14.87
2025-10-20 15:00:00+00:00,91.43,14.63
2025-10-20 16:00:00+00:00,24.02,14.18
2025-10-20 17:00:00+00:00,0.0,13.18
2025-10-20 18:00:00+00:00,0.0,12.24
2025-10-20 19:00:00+00:00,0.0,11.76
2025-10-20 20:00:00+00:00,0.0,11.68
2025-10-20 21:00:00+00:00,0.0,11.5
2025-10-20 22:00:00+00:00,0.0,11.22
2025-10-20 23:00:00+00:00,0.0,10.89
2025-10-21 00:00:00+00:00,0.0,10.68
2025-10-21 01:00:00+00:00,0.0,10.59
2025-10-21 02:00:00+00:00,0.0,10.56
2025-10-21 03:00:00+00:00,0.0,10.51
2025-10-21 04:00:00+00:00,0.0,10.58
2025-10-21 05:00:00+00:00,0.0,10.59
2025-10-21 06:00:00+00:00,0.0,10.4
2025-10-21 07:00:00+00:00,67.85,10.48
2025-10-21 08:00:00+00:00,155.6,11.52
2025-10-21 09:00:00+00:00,207.2,13.02
2025-10-21 10:00:00+00:00,246.07,14.25
2025-10-21 11:00:00+00:00,254.55,15.09
2025-10-21 12:00:00+00:00,232.0,15.66
2025-10-21 13:00:00+00:00,199.6,15.81
2025-10-21 14:00:00+00:00,153.32,15.69
2025-10-21 15:00:00+00:00,93.35,15.07
2025-10-21 16:00:00+00:00,22.5,13.72
2025-10-21 17:00:00+00:00,0.0,12.22
2025-10-21 18:00:00+00:00,0.0,11.35
2025-10-21 19:00:00+00:00,0.0,10.64
2025-10-21 20:00:00+00:00,0.0,10.07
2025-10-21 21:00:00+00:00,0.0,9.64
2025-10-21 22:00:00+00:00,0.0,9.16
2025-10-21 23:00:00+00:00,0.0,8.65
2025-10-22 00:00:00+00:00,0.0,8.14
2025-10-22 01:00:00+00:00,0.0,7.87
2025-10-22 02:00:00+00:00,0.0,7.83
2025-10-22 03:00:00+00:00,0.0,7.34
2025-10-22 04:00:00+00:00,0.0,7.09
2025-10-22 05:00:00+00:00,0.0,6.63
2025-10-22 06:00:00+00:00,0.0,6.39
2025-10-22 07:00:00+00:00,49.2,7.47
2025-10-22 08:00:00+00:00,149.65,9.13
2025-10-22 09:00:00+00:00,237.6,11.12
2025-10-22 10:00:00+00:00,316.92,13.16
2025-10-22 11:00:00+00:00,366.6,14.37
2025-10-22 12:00:00+00:00,320.83,15.16
2025-10-22 13:00:00+00:00,271.08,15.48
2025-10-22 14:00:00+00:00,181.9,15.26
2025-10-22 15:00:00+00:00,103.65,14.34
2025-10-22 16:00:00+00:00,15.35,11.98
2025-10-22 17:00:00+00:00,0.0,10.81
2025-10-22 18:00:00+00:00,0.0,10.36
2025-10-22 19:00:00+00:00,0.0,10.28
2025-10-22 20:00:00+00:00,0.0,10.43
2025-10-22 21:00:00+00:00,0.0,10.75
2025-10-22 22:00:00+00:00,0.0,11.16
2025-10-22 23:00:00+00:00,0.0,11.33
2025-10-23 00:00:00+00:00,0.0,11.27
2025-10-23 01:00:00+00:00,0.0,10.99
2025-10-23 02:00:00+00:00,0.0,10.57
2025-10-23 03:00:00+00:00,0.0,10.06
2025-10-23 04:00:00+00:00,0.0,9.61
2025-10-23 05:00:00+00:00,0.0,9.31
2025-10-23 06:00:00+00:00,0.0,9.07
2025-10-23 07:00:00+00:00,32.7,8.81
2025-10-23 08:00:00+00:00,105.88,8.78
2025-10-23 09:00:00+00:00,169.4,9.33
2025-10-23 10:00:00+00:00,216.35,10.36
2025-10-23 11:00:00+00:00,240.93,11.34
2025-10-23 12:00:00+00:00,229.93,12.21
2025-10-23 13:00:00+00:00,191.9,12.97
2025-10-23 14:00:00+00:00,132.82,12.95
2025-10-23 15:00:00+00:00,70.38,12.07
2025-10-23 16:00:00+00:00,12.32,10.45
2025-10-23 17:00:00+00:00,0.0,8.89
2025-10-23 18:00:00+00:00,0.0,8.0
2025-10-23 19:00:00+00:00,0.0,7.55
2025-10-23 20:00:00+00:00,0.0,7.34
2025-10-23 21:00:00+00:00,0.0,7.15
2025-10-23 22:00:00+00:00,0.0,6.96
2025-10-23 23:00:00+00:00,0.0,6.79
2025-10-24 00:00:00+00:00,0.0,6.43
2025-10-24 01:00:00+00:00,0.0,5.81
2025-10-24 02:00:00+00:00,0.0,5.35
2025-10-24 03:00:00+00:00,0.0,5.09
2025-10-24 04:00:00+00:00,0.0,5.0
2025-10-24 05:00:00+00:00,0.0,4.87
2025-10-24 06:00:00+00:00,0.0,4.95
2025-10-24 07:00:00+00:00,62.95,5.34
2025-10-24 08:00:00+00:00,177.02,6.9
2025-10-24 09:00:00+00:00,264.6,9.14
2025-10-24 10:00:00+00:00,326.9,10.93
2025-10-24 11:00:00+00:00,350.62,11.83
2025-10-24 12:00:00+00:00,334.15,12.21
2025-10-24 13:00:00+00:00,283.67,12.28
2025-10-24 14:00:00+00:00,203.45,12.07
2025-10-24 15:00:00+00:00,109.1,11.57
2025-10-24 16:00:00+00:00,18.92,10.6
2025-10-24 17:00:00+00:00,0.0,9.51
2025-10-24 18:00:00+00:00,0.0,8.8
2025-10-24 19:00:00+00:00,0.0,8.32
2025-10-24 20:00:00+00:00,0.0,8.02
2025-10-24 21:00:00+00:00,0.0,8.49
2025-10-24 22:00:00+00:00,0.0,8.98
2025-10-24 23:00:00+00:00,0.0,9.17
2025-10-25 00:00:00+00:00,0.0,8.93
2025-10-25 01:00:00+00:00,0.0,8.36
2025-10-25 02:00:00+00:00,0.0,7.69
2025-10-25 03:00:00+00:00,0.0,7.47
2025-10-25 04:00:00+00:00,0.0,7.64
2025-10-25 05:00:00+00:00,0.0,7.65
2025-10-25 06:00:00+00:00,0.0,7.25
2025-10-25 07:00:00+00:00,41.65,7.29
2025-10-25 08:00:00+00:00,130.02,8.34
2025-10-25 09:00:00+00:00,213.1,9.88
2025-10-25 10:00:00+00:00,273.3,11.43
2025-10-25 11:00:00+00:00,297.3,12.31
2025-10-25 12:00:00+00:00,282.92,12.59
2025-10-25 13:00:00+00:00,271.85,12.44
2025-10-25 14:00:00+00:00,216.62,11.72
2025-10-25 15:00:00+00:00,124.72,10.68
2025-10-25 16:00:00+00:00,24.15,9.19
2025-10-25 17:00:00+00:00,0.0,7.57
2025-10-25 18:00:00+00:00,0.0,6.68
2025-10-25 19:00:00+00:00,0.0,5.67
2025-10-25 20:00:00+00:00,0.0,5.24
2025-10-25 21:00:00+00:00,0.0,5.72
2025-10-25 22:00:00+00:00,0.0,5.94
2025-10-25 23:00:00+00:00,0.0,6.19
2025-10-26 00:00:00+00:00,0.0,5.92
2025-10-26 01:00:00+00:00,0.0,5.52
2025-10-26 02:00:00+00:00,0.0,4.92
2025-10-26 03:00:00+00:00,0.0,3.86
2025-10-26 04:00:00+00:00,0.0,3.42
2025-10-26 05:00:00+00:00,0.0,2.98
2025-10-26 06:00:00+00:00,0.0,3.12
2025-10-26 07:00:00+00:00,47.83,3.33
2025-10-26 08:00:00+00:00,125.43,4.66
2025-10-26 09:00:00+00:00,163.98,6.72
2025-10-26 10:00:00+00:00,183.6,8.57
2025-10-26 11:00:00+00:00,173.23,9.54
2025-10-26 12:00:00+00:00,158.3,9.7
2025-10-26 13:00:00+00:00,98.82,9.61
2025-10-26 14:00:00+00:00,103.28,9.03
2025-10-26 15:00:00+00:00,54.03,8.26
2025-10-26 16:00:00+00:00,11.0,7.6
2025-10-26 17:00:00+00:00,0.0,7.25
2025-10-26 18:00:00+00:00,0.0,7.7
2025-10-26 19:00:00+00:00,0.0,8.46
2025-10-26 20:00:00+00:00,0.0,9.29
2025-10-26 21:00:00+00:00,0.0,9.9
2025-10-26 22:00:00+00:00,0.0,10.22
2025-10-26 23:00:00+00:00,0.0,10.29
2025-10-27 00:00:00+00:00,0.0,10.12
2025-10-27 01:00:00+00:00,0.0,9.6
2025-10-27 02:00:00+00:00,0.0,8.97
2025-10-27 03:00:00+00:00,0.0,8.59
2025-10-27 04:00:00+00:00,0.0,8.33
2025-10-27 05:00:00+00:00,0.0,8.09
2025-10-27 06:00:00+00:00,0.0,7.97
2025-10-27 07:00:00+00:00,46.05,8.16
2025-10-27 08:00:00+00:00,136.8,9.18
2025-10-27 09:00:00+00:00,197.38,10.59
2025-10-27 10:00:00+00:00,230.85,11.97
2025-10-27 11:00:00+00:00,244.93,13.06
2025-10-27 12:00:00+00:00,246.27,13.76
2025-10-27 13:00:00+00:00,226.25,14.04
2025-10-27 14:00:00+00:00,162.38,13.97
2025-10-27 15:00:00+00:00,81.3,13.35
2025-10-27 16:00:00+00:00,11.68,11.56
2025-10-27 17:00:00+00:00,0.0,9.45
2025-10-27 18:00:00+00:00,0.0,9.12
2025-10-27 19:00:00+00:00,0.0,8.99
2025-10-27 20:00:00+00:00,0.0,8.85
2025-10-27 21:00:00+00:00,0.0,8.99
2025-10-27 22:00:00+00:00,0.0,9.52
2025-10-27 23:00:00+00:00,0.0,10.05
2025-10-28 00:00:00+00:00,0.0,10.3
2025-10-28 01:00:00+00:00,0.0,10.39
2025-10-28 02:00:00+00:00,0.0,10.49
2025-10-28 03:00:00+00:00,0.0,10.63
2025-10-28 04:00:00+00:00,0.0,10.64
2025-10-28 05:00:00+00:00,0.0,10.53
2025-10-28 06:00:00+00:00,0.0,10.46
2025-10-28 07:00:00+00:00,32.72,10.59
2025-10-28 08:00:00+00:00,112.47,11.22
2025-10-28 09:00:00+00:00,177.88,11.98
2025-10-28 10:00:00+00:00,235.27,12.69
2025-10-28 11:00:00+00:00,261.75,13.59
2025-10-28 12:00:00+00:00,260.17,14.34
2025-10-28 13:00:00+00:00,212.52,14.61
2025-10-28 14:00:00+00:00,157.73,14.49
2025-10-28 15:00:00+00:00,79.22,13.71
2025-10-28 16:00:00+00:00,13.0,11.94
2025-10-28 17:00:00+00:00,0.0,10.45
2025-10-28 18:00:00+00:00,0.0,9.86
2025-10-28 19:00:00+00:00,0.0,9.42
2025-10-28 20:00:00+00:00,0.0,9.34
2025-10-28 21:00:00+00:00,0.0,9.53
2025-10-28 22:00:00+00:00,0.0,9.64
2025-10-28 23:00:00+00:00,0.0,9.9
2025-10-29 00:00:00+00:00,0.0,10.25
2025-10-29 01:00:00+00:00,0.0,10.58
2025-10-29 02:00:00+00:00,0.0,10.76
2025-10-29 03:00:00+00:00,0.0,10.72
2025-10-29 04:00:00+00:00,0.0,10.71
2025-10-29 05:00:00+00:00,0.0,10.71
2025-10-29 06:00:00+00:00,0.0,10.72
2025-10-29 07:00:00+00:00,12.0,10.79
2025-10-29 08:00:00+00:00,45.8,11.18
2025-10-29 09:00:00+00:00,73.53,11.7
2025-10-29 10:00:00+00:00,88.07,12.17
2025-10-29 11:00:00+00:00,90.62,12.33
2025-10-29 12:00:00+00:00,76.7,12.3
2025-10-29 13:00:00+00:00,158.4,12.21
2025-10-29 14:00:00+00:00,123.8,11.99
2025-10-29 15:00:00+00:00,64.2,11.41
2025-10-29 16:00:00+00:00,8.85,10.64
2025-10-29 17:00:00+00:00,0.0,10.2
2025-10-29 18:00:00+00:00,0.0,9.24
2025-10-29 19:00:00+00:00,0.0,7.79
2025-10-29 20:00:00+00:00,0.0,6.54
2025-10-29 21:00:00+00:00,0.0,6.16
2025-10-29 22:00:00+00:00,0.0,5.64
2025-10-29 23:00:00+00:00,0.0,5.39
2025-10-30 00:00:00+00:00,0.0,5.31
2025-10-30 01:00:00+00:00,0.0,5.45
2025-10-30 02:00:00+00:00,0.0,5.64
2025-10-30 03:00:00+00:00,0.0,5.98
2025-10-30 04:00:00+00:00,0.0,6.08
2025-10-30 05:00:00+00:00,0.0,6.15
2025-10-30 06:00:00+00:00,0.0,6.14
2025-10-30 07:00:00+00:00,29.2,6.31
2025-10-30 08:00:00+00:00,102.7,7.04
2025-10-30 09:00:00+00:00,156.55,8.47
2025-10-30 10:00:00+00:00,213.12,9.91
2025-10-30 11:00:00+00:00,231.07,11.01
2025-10-30 12:00:00+00:00,215.5,11.97
2025-10-30 13:00:00+00:00,140.95,12.48
2025-10-30 14:00:00+00:00,101.2,12.34
2025-10-30 15:00:00+00:00,50.55,11.46
2025-10-30 16:00:00+00:00,6.9,10.08
2025-10-30 17:00:00+00:00,0.0,8.88
2025-10-30 18:00:00+00:00,0.0,8.98
2025-10-30 19:00:00+00:00,0.0,9.49
2025-10-30 20:00:00+00:00,0.0,9.92
2025-10-30 21:00:00+00:00,0.0,10.43
2025-10-30 22:00:00+00:00,0.0,11.15
2025-10-30 23:00:00+00:00,0.0,11.71
2025-10-31 00:00:00+00:00,0.0,11.85
2025-10-31 01:00:00+00:00,0.0,12.19
2025-10-31 02:00:00+00:00,0.0,12.55
2025-10-31 03:00:00+00:00,0.0,12.57
2025-10-31 04:00:00+00:00,0.0,12.48
2025-10-31 05:00:00+00:00,0.0,12.56
2025-10-31 06:00:00+00:00,0.0,12.7
2025-10-31 07:00:00+00:00,15.4,12.83
2025-10-31 08:00:00+00:00,46.47,13.31
2025-10-31 09:00:00+00:00,72.35,13.91
2025-10-31 10:00:00+00:00,99.2,14.71
2025-10-31 11:00:00+00:00,87.82,15.29
2025-10-31 12:00:00+00:00,146.48,14.9
2025-10-31 13:00:00+00:00,132.65,14.49
2025-10-31 14:00:00+00:00,96.65,14.94
2025-10-31 15:00:00+00:00,47.72,15.22
2025-10-31 16:00:00+00:00,6.75,14.74
2025-10-31 17:00:00+00:00,0.0,14.47
2025-10-31 18:00:00+00:00,0.0,14.53
2025-10-31 19:00:00+00:00,0.0,14.58
2025-10-31 20:00:00+00:00,0.0,14.54
2025-10-31 21:00:00+00:00,0.0,14.21
2025-10-31 22:00:00+00:00,0.0,13.92
2025-10-31 23:00:00+00:00,0.0,13.62
2025-11-01 00:00:00+00:00,0.0,13.47
2025-11-01 01:00:00+00:00,0.0,13.7
2025-11-01 02:00:00+00:00,0.0,13.77
2025-11-01 03:00:00+00:00,0.0,13.73
2025-11-01 04:00:00+00:00,0.0,13.55
2025-11-01 05:00:00+00:00,0.0,12.94
2025-11-01 06:00:00+00:00,0.0,11.99
2025-11-01 07:00:00+00:00,26.4,11.58
2025-11-01 08:00:00+00:00,129.2,12.01
2025-11-01 09:00:00+00:00,232.6,13.04
2025-11-01 10:00:00+00:00,320.05,13.95
2025-11-01 11:00:00+00:00,358.05,14.73
2025-11-01 12:00:00+00:00,329.8,15.16
2025-11-01 13:00:00+00:00,257.02,15.03
2025-11-01 14:00:00+00:00,172.75,14.37
2025-11-01 15:00:00+00:00,82.47,13.34
2025-11-01 16:00:00+00:00,7.15,12.05
2025-11-01 17:00:00+00:00,0.0,11.36
2025-11-01 18:00:00+00:00,0.0,11.04
2025-11-01 19:00:00+00:00,0.0,10.41
2025-11-01 20:00:00+00:00,0.0,9.56
2025-11-01 21:00:00+00:00,0.0,8.88
2025-11-01 22:00:00+00:00,0.0,8.3
2025-11-01 23:00:00+00:00,0.0,7.91
2025-11-02 00:00:00+00:00,0.0,7.67
2025-11-02 01:00:00+00:00,0.0,7.49
2025-11-02 02:00:00+00:00,0.0,7.39
2025-11-02 03:00:00+00:00,0.0,7.51
2025-11-02 04:00:00+00:00,0.0,7.89
2025-11-02 05:00:00+00:00,0.0,8.49
2025-11-02 06:00:00+00:00,0.0,8.93
2025-11-02 07:00:00+00:00,21.9,9.4
2025-11-02 08:00:00+00:00,123.5,9.79
2025-11-02 09:00:00+00:00,233.48,9.96
2025-11-02 10:00:00+00:00,328.15,10.22
2025-11-02 11:00:00+00:00,361.27,11.04
2025-11-02 12:00:00+00:00,349.42,12.01
2025-11-02 13:00:00+00:00,298.75,12.45
2025-11-02 14:00:00+00:00,209.88,12.34
2025-11-02 15:00:00+00:00,99.97,11.5
2025-11-02 16:00:00+00:00,9.27,8.62
2025-11-02 17:00:00+00:00,0.0,7.25
2025-11-02 18:00:00+00:00,0.0,6.97
2025-11-02 19:00:00+00:00,0.0,6.63
2025-11-02 20:00:00+00:00,0.0,6.08
2025-11-02 21:00:00+00:00,0.0,5.51
2025-11-02 22:00:00+00:00,0.0,5.14
2025-11-02 23:00:00+00:00,0.0,5.16
2025-11-03 00:00:00+00:00,0.0,5.67
2025-11-03 01:00:00+00:00,0.0,7.01
2025-11-03 02:00:00+00:00,0.0,8.26
2025-11-03 03:00:00+00:00,0.0,9.15
2025-11-03 04:00:00+00:00,0.0,9.8
2025-11-03 05:00:00+00:00,0.0,10.46
2025-11-03 06:00:00+00:00,0.0,11.08
2025-11-03 07:00:00+00:00,8.98,11.54
2025-11-03 08:00:00+00:00,53.75,12.47
2025-11-03 09:00:00+00:00,100.18,13.63
2025-11-03 10:00:00+00:00,140.48,14.8
2025-11-03 11:00:00+00:00,169.62,15.59
2025-11-03 12:00:00+00:00,147.82,16.06
2025-11-03 13:00:00+00:00,137.18,16.21
2025-11-03 14:00:00+00:00,90.57,15.81
2025-11-03 15:00:00+00:00,41.15,15.05
2025-11-03 16:00:00+00:00,3.97,14.09
2025-11-03 17:00:00+00:00,0.0,13.54
2025-11-03 18:00:00+00:00,0.0,13.52
2025-11-03 19:00:00+00:00,0.0,13.58
2025-11-03 20:00:00+00:00,0.0,13.73
2025-11-03 21:00:00+00:00,0.0,13.86
2025-11-03 22:00:00+00:00,0.0,13.79
2025-11-03 23:00:00+00:00,0.0,13.49
2025-11-04 00:00:00+00:00,0.0,13.19
2025-11-04 01:00:00+00:00,0.0,12.92
2025-11-04 02:00:00+00:00,0.0,12.74
2025-11-04 03:00:00+00:00,0.0,12.64
2025-11-04 04:00:00+00:00,0.0,12.51
2025-11-04 05:00:00+00:00,0.0,12.4
2025-11-04 06:00:00+00:00,0.0,12.31
2025-11-04 07:00:00+00:00,15.32,12.24
2025-11-04 08:00:00+00:00,76.43,12.61
2025-11-04 09:00:00+00:00,143.32,13.33
2025-11-04 10:00:00+00:00,190.8,14.17
2025-11-04 11:00:00+00:00,208.93,15.04
2025-11-04 12:00:00+00:00,194.7,15.72
2025-11-04 13:00:00+00:00,160.1,15.7
2025-11-04 14:00:00+00:00,98.35,15.21
2025-11-04 15:00:00+00:00,42.4,14.38
2025-11-04 16:00:00+00:00,3.6,13.29
2025-11-04 17:00:00+00:00,0.0,12.86
2025-11-04 18:00:00+00:00,0.0,13.23
2025-11-04 19:00:00+00:00,0.0,13.48
2025-11-04 20:00:00+00:00,0.0,13.32
2025-11-04 21:00:00+00:00,0.0,13.2
2025-11-04 22:00:00+00:00,0.0,13.07
2025-11-04 23:00:00+00:00,0.0,13.31
2025-11-05 00:00:00+00:00,0.0,13.61
2025-11-05 01:00:00+00:00,0.0,13.43
2025-11-05 02:00:00+00:00,0.0,13.25
2025-11-05 03:00:00+00:00,0.0,13.15
2025-11-05 04:00:00+00:00,0.0,13.03
2025-11-05 05:00:00+00:00,0.0,12.86
2025-11-05 06:00:00+00:00,0.0,12.53
2025-11-05 07:00:00+00:00,9.35,12.43
2025-11-05 08:00:00+00:00,48.78,13.29
2025-11-05 09:00:00+00:00,89.45,14.5
2025-11-05 10:00:00+00:00,123.2,15.8
2025-11-05 11:00:00+00:00,142.48,16.78
2025-11-05 12:00:00+00:00,131.52,17.39
2025-11-05 13:00:00+00:00,86.4,17.45
2025-11-05 14:00:00+00:00,61.78,17.01
2025-11-05 15:00:00+00:00,26.73,16.0
2025-11-05 16:00:00+00:00,2.12,14.23
2025-11-05 17:00:00+00:00,0.0,13.11
2025-11-05 18:00:00+00:00,0.0,12.66
2025-11-05 19:00:00+00:00,0.0,12.5
2025-11-05 20:00:00+00:00,0.0,12.59
2025-11-05 21:00:00+00:00,0.0,12.71
2025-11-05 22:00:00+00:00,0.0,12.54
2025-11-05 23:00:00+00:00,0.0,12.29
2025-11-06 00:00:00+00:00,0.0,12.38
2025-11-06 01:00:00+00:00,0.0,12.21
2025-11-06 02:00:00+00:00,0.0,12.53
2025-11-06 03:00:00+00:00,0.0,13.23
2025-11-06 04:00:00+00:00,0.0,13.86
2025-11-06 05:00:00+00:00,0.0,13.76
2025-11-06 06:00:00+00:00,0.0,13.79
2025-11-06 07:00:00+00:00,11.95,13.74
2025-11-06 08:00:00+00:00,59.7,13.94
2025-11-06 09:00:00+00:00,112.28,14.72
2025-11-06 10:00:00+00:00,144.75,16.01
2025-11-06 11:00:00+00:00,153.3,17.01
2025-11-06 12:00:00+00:00,116.25,17.14
2025-11-06 13:00:00+00:00,79.1,16.34
2025-11-06 14:00:00+00:00,67.6,15.41
2025-11-06 15:00:00+00:00,31.33,14.52
2025-11-06 16:00:00+00:00,2.3,13.34
2025-11-06 17:00:00+00:00,0.0,12.82
2025-11-06 18:00:00+00:00,0.0,12.61
2025-11-06 19:00:00+00:00,0.0,12.35
2025-11-06 20:00:00+00:00,0.0,11.84
2025-11-06 21:00:00+00:00,0.0,11.29
2025-11-06 22:00:00+00:00,0.0,10.81
2025-11-06 23:00:00+00:00,0.0,10.42
2025-11-07 00:00:00+00:00,0.0,10.15
2025-11-07 01:00:00+00:00,0.0,9.98
2025-11-07 02:00:00+00:00,0.0,9.9
2025-11-07 03:00:00+00:00,0.0,10.0
2025-11-07 04:00:00+00:00,0.0,10.17
2025-11-07 05:00:00+00:00,0.0,10.18
2025-11-07 06:00:00+00:00,0.0,10.03
2025-11-07 07:00:00+00:00,12.07,10.25
2025-11-07 08:00:00+00:00,60.72,12.52
2025-11-07 09:00:00+00:00,113.53,13.93
2025-11-07 10:00:00+00:00,149.77,14.93
2025-11-07 11:00:00+00:00,156.75,15.6
2025-11-07 12:00:00+00:00,161.0,16.0
2025-11-07 13:00:00+00:00,143.05,15.97
2025-11-07 14:00:00+00:00,97.3,15.47
2025-11-07 15:00:00+00:00,44.55,14.47
2025-11-07 16:00:00+00:00,0.0,12.82
2025-11-07 17:00:00+00:00,0.0,12.39
2025-11-07 18:00:00+00:00,0.0,12.52
2025-11-07 19:00:00+00:00,0.0,12.18
2025-11-07 20:00:00+00:00,0.0,11.52
2025-11-07 21:00:00+00:00,0.0,10.87
2025-11-07 22:00:00+00:00,0.0,10.75
2025-11-07 23:00:00+00:00,0.0,10.75
2025-11-08 00:00:00+00:00,0.0,11.13
2025-11-08 01:00:00+00:00,0.0,11.47
2025-11-08 02:00:00+00:00,0.0,11.12
2025-11-08 03:00:00+00:00,0.0,10.68
2025-11-08 04:00:00+00:00,0.0,10.71
2025-11-08 05:00:00+00:00,0.0,10.9
2025-11-08 06:00:00+00:00,0.0,10.81
2025-11-08 07:00:00+00:00,14.85,10.53
2025-11-08 08:00:00+00:00,96.82,10.84
2025-11-08 09:00:00+00:00,183.73,11.71
2025-11-08 10:00:00+00:00,253.02,12.36
2025-11-08 11:00:00+00:00,284.52,13.0
2025-11-08 12:00:00+00:00,278.75,13.72
2025-11-08 13:00:00+00:00,244.38,14.24
2025-11-08 14:00:00+00:00,169.32,14.19
2025-11-08 15:00:00+00:00,82.03,13.04
2025-11-08 16:00:00+00:00,0.0,10.21
2025-11-08 17:00:00+00:00,0.0,9.01
2025-11-08 18:00:00+00:00,0.0,8.19
2025-11-08 19:00:00+00:00,0.0,7.46
2025-11-08 20:00:00+00:00,0.0,6.87
2025-11-08 21:00:00+00:00,0.0,6.44
2025-11-08 22:00:00+00:00,0.0,6.09
2025-11-08 23:00:00+00:00,0.0,5.75
2025-11-09 00:00:00+00:00,0.0,5.62
2025-11-09 01:00:00+00:00,0.0,5.65
2025-11-09 02:00:00+00:00,0.0,5.77
2025-11-09 03:00:00+00:00,0.0,5.97
2025-11-09 04:00:00+00:00,0.0,6.39
2025-11-09 05:00:00+00:00,0.0,6.54
2025-11-09 06:00:00+00:00,0.0,6.64
2025-11-09 07:00:00+00:00,12.15,6.84
2025-11-09 08:00:00+00:00,72.65,8.59
2025-11-09 09:00:00+00:00,124.62,10.71
2025-11-09 10:00:00+00:00,156.32,12.87
2025-11-09 11:00:00+00:00,165.23,14.23
2025-11-09 12:00:00+00:00,158.77,14.72
2025-11-09 13:00:00+00:00,120.4,14.56
2025-11-09 14:00:00+00:00,81.18,13.89
2025-11-09 15:00:00+00:00,36.55,12.69
2025-11-09 16:00:00+00:00,0.0,11.11
2025-11-09 17:00:00+00:00,0.0,10.91
2025-11-09 18:00:00+00:00,0.0,11.12
2025-11-09 19:00:00+00:00,0.0,11.48
2025-11-09 20:00:00+00:00,0.0,11.78
2025-11-09 21:00:00+00:00,0.0,11.64
2025-11-09 22:00:00+00:00,0.0,11.55
2025-11-09 23:00:00+00:00,0.0,11.54
2025-11-10 00:00:00+00:00,0.0,11.69
2025-11-10 01:00:00+00:00,0.0,11.75
2025-11-10 02:00:00+00:00,0.0,11.81
2025-11-10 03:00:00+00:00,0.0,11.85
2025-11-10 04:00:00+00:00,0.0,11.91
2025-11-10 05:00:00+00:00,0.0,11.93
2025-11-10 06:00:00+00:00,0.0,11.98
2025-11-10 07:00:00+00:00,6.38,11.89
2025-11-10 08:00:00+00:00,33.7,12.01
2025-11-10 09:00:00+00:00,67.7,12.39
2025-11-10 10:00:00+00:00,90.65,12.58
2025-11-10 11:00:00+00:00,101.18,12.65
2025-11-10 12:00:00+00:00,70.22,12.83
2025-11-10 13:00:00+00:00,66.45,13.04
2025-11-10 14:00:00+00:00,70.82,13.13
2025-11-10 15:00:00+00:00,28.83,12.56
2025-11-10 16:00:00+00:00,0.0,11.88
2025-11-10 17:00:00+00:00,0.0,11.68
2025-11-10 18:00:00+00:00,0.0,10.46
2025-11-10 19:00:00+00:00,0.0,8.92
2025-11-10 20:00:00+00:00,0.0,8.13
2025-11-10 21:00:00+00:00,0.0,7.98
2025-11-10 22:00:00+00:00,0.0,7.98
2025-11-10 23:00:00+00:00,0.0,8.32
2025-11-11 00:00:00+00:00,0.0,8.68
2025-11-11 01:00:00+00:00,0.0,8.42
2025-11-11 02:00:00+00:00,0.0,8.44
2025-11-11 03:00:00+00:00,0.0,8.9
2025-11-11 04:00:00+00:00,0.0,9.12
2025-11-11 05:00:00+00:00,0.0,9.55
2025-11-11 06:00:00+00:00,0.0,9.7
2025-11-11 07:00:00+00:00,5.62,10.2
2025-11-11 08:00:00+00:00,33.67,11.24
2025-11-11 09:00:00+00:00,77.28,12.01
2025-11-11 10:00:00+00:00,104.43,12.53
2025-11-11 11:00:00+00:00,124.1,13.32
2025-11-11 12:00:00+00:00,109.03,14.22
2025-11-11 13:00:00+00:00,77.9,14.5
2025-11-11 14:00:00+00:00,57.5,14.26
2025-11-11 15:00:00+00:00,23.73,13.86
2025-11-11 16:00:00+00:00,0.0,13.12
2025-11-11 17:00:00+00:00,0.0,13.1
2025-11-11 18:00:00+00:00,0.0,13.42
2025-11-11 19:00:00+00:00,0.0,13.61
2025-11-11 20:00:00+00:00,0.0,13.45
2025-11-11 21:00:00+00:00,0.0,13.33
2025-11-11 22:00:00+00:00,0.0,13.23
2025-11-11 23:00:00+00:00,0.0,13.07
2025-11-12 00:00:00+00:00,0.0,13.0
2025-11-12 01:00:00+00:00,0.0,12.99
2025-11-12 02:00:00+00:00,0.0,13.09
2025-11-12 03:00:00+00:00,0.0,13.01
2025-11-12 04:00:00+00:00,0.0,12.88
2025-11-12 05:00:00+00:00,0.0,12.42
2025-11-12 06:00:00+00:00,0.0,12.06
2025-11-12 07:00:00+00:00,5.65,12.2
2025-11-12 08:00:00+00:00,49.92,12.78
2025-11-12 09:00:00+00:00,103.72,13.56
2025-11-12 10:00:00+00:00,144.68,14.75
2025-11-12 11:00:00+00:00,153.6,16.03
2025-11-12 12:00:00+00:00,147.73,16.67
2025-11-12 13:00:00+00:00,110.55,16.65
2025-11-12 14:00:00+00:00,84.68,15.78
2025-11-12 15:00:00+00:00,35.2,14.43
2025-11-12 16:00:00+00:00,0.0,12.81
2025-11-12 17:00:00+00:00,0.0,11.67
2025-11-12 18:00:00+00:00,0.0,11.14
2025-11-12 19:00:00+00:00,0.0,11.01
2025-11-12 20:00:00+00:00,0.0,10.86
2025-11-12 21:00:00+00:00,0.0,10.88
2025-11-12 22:00:00+00:00,0.0,11.16
2025-11-12 23:00:00+00:00,0.0,11.37
2025-11-13 00:00:00+00:00,0.0,11.67
2025-11-13 01:00:00+00:00,0.0,11.83
2025-11-13 02:00:00+00:00,0.0,12.15
2025-11-13 03:00:00+00:00,0.0,12.62
2025-11-13 04:00:00+00:00,0.0,12.79
2025-11-13 05:00:00+00:00,0.0,12.8
2025-11-13 06:00:00+00:00,0.0,12.61
2025-11-13 07:00:00+00:00,7.28,12.47
2025-11-13 08:00:00+00:00,69.22,12.92
2025-11-13 09:00:00+00:00,154.25,13.72
2025-11-13 10:00:00+00:00,225.07,14.89
2025-11-13 11:00:00+00:00,258.9,15.99
2025-11-13 12:00:00+00:00,250.23,16.6
2025-11-13 13:00:00+00:00,196.0,16.35
2025-11-13 14:00:00+00:00,120.07,14.8
2025-11-13 15:00:00+00:00,42.1,13.63
2025-11-13 16:00:00+00:00,0.0,12.7
2025-11-13 17:00:00+00:00,0.0,12.31
2025-11-13 18:00:00+00:00,0.0,12.13
2025-11-13 19:00:00+00:00,0.0,12.22
2025-11-13 20:00:00+00:00,0.0,12.44
2025-11-13 21:00:00+00:00,0.0,12.62
2025-11-13 22:00:00+00:00,0.0,12.5
2025-11-13 23:00:00+00:00,0.0,12.35
2025-11-14 00:00:00+00:00,0.0,12.52
2025-11-14 01:00:00+00:00,0.0,12.67
2025-11-14 02:00:00+00:00,0.0,12.87
2025-11-14 03:00:00+00:00,0.0,13.09
2025-11-14 04:00:00+00:00,0.0,13.18
2025-11-14 05:00:00+00:00,0.0,13.05
2025-11-14 06:00:00+00:00,0.0,12.89
2025-11-14 07:00:00+00:00,4.12,12.79
2025-11-14 08:00:00+00:00,30.6,12.87
2025-11-14 09:00:00+00:00,54.38,13.1
2025-11-14 10:00:00+00:00,63.2,13.28
2025-11-14 11:00:00+00:00,55.7,13.49
2025-11-14 12:00:00+00:00,21.58,13.65
2025-11-14 13:00:00+00:00,64.78,13.7
2025-11-14 14:00:00+00:00,35.47,13.67
2025-11-14 15:00:00+00:00,12.98,13.58
2025-11-14 16:00:00+00:00,0.0,13.16
2025-11-14 17:00:00+00:00,0.0,13.01
2025-11-14 18:00:00+00:00,0.0,12.89
2025-11-14 19:00:00+00:00,0.0,12.85
2025-11-14 20:00:00+00:00,0.0,12.92
2025-11-14 21:00:00+00:00,0.0,12.82
2025-11-14 22:00:00+00:00,0.0,12.43
2025-11-14 23:00:00+00:00,0.0,11.86
2025-11-15 00:00:00+00:00,0.0,11.41
2025-11-15 01:00:00+00:00,0.0,11.19
2025-11-15 02:00:00+00:00,0.0,10.98
2025-11-15 03:00:00+00:00,0.0,10.72
2025-11-15 04:00:00+00:00,0.0,10.66
2025-11-15 05:00:00+00:00,0.0,10.46
2025-11-15 06:00:00+00:00,0.0,10.22
2025-11-15 07:00:00+00:00,5.15,9.98
2025-11-15 08:00:00+00:00,48.1,10.93
2025-11-15 09:00:00+00:00,98.15,11.94
2025-11-15 10:00:00+00:00,132.68,12.76
2025-11-15 11:00:00+00:00,137.1,13.34
2025-11-15 12:00:00+00:00,118.1,13.65
2025-11-15 13:00:00+00:00,86.22,13.69
2025-11-15 14:00:00+00:00,57.5,13.25
2025-11-15 15:00:00+00:00,19.9,12.29
2025-11-15 16:00:00+00:00,0.0,11.18
2025-11-15 17:00:00+00:00,0.0,10.73
2025-11-15 18:00:00+00:00,0.0,10.41
2025-11-15 19:00:00+00:00,0.0,10.16
2025-11-15 20:00:00+00:00,0.0,9.99
2025-11-15 21:00:00+00:00,0.0,9.82
2025-11-15 22:00:00+00:00,0.0,9.7
2025-11-15 23:00:00+00:00,0.0,9.6
2025-11-16 00:00:00+00:00,0.0,9.51
2025-11-16 01:00:00+00:00,0.0,9.4
2025-11-16 02:00:00+00:00,0.0,9.26
2025-11-16 03:00:00+00:00,0.0,9.11
2025-11-16 04:00:00+00:00,0.0,9.0
2025-11-16 05:00:00+00:00,0.0,8.93
2025-11-16 06:00:00+00:00,0.0,8.81
2025-11-16 07:00:00+00:00,3.45,8.66
2025-11-16 08:00:00+00:00,43.22,8.77
2025-11-16 09:00:00+00:00,98.0,9.05
2025-11-16 10:00:00+00:00,139.2,9.41
2025-11-16 11:00:00+00:00,151.7,9.73
2025-11-16 12:00:00+00:00,147.98,9.9
2025-11-16 13:00:00+00:00,118.28,9.84
2025-11-16 14:00:00+00:00,76.28,9.54
2025-11-16 15:00:00+00:00,24.38,8.74
2025-11-16 16:00:00+00:00,0.0,6.87
2025-11-16 17:00:00+00:00,0.0,5.72
2025-11-16 18:00:00+00:00,0.0,4.87
2025-11-16 19:00:00+00:00,0.0,4.09
2025-11-16 20:00:00+00:00,0.0,3.39
2025-11-16 21:00:00+00:00,0.0,3.16
2025-11-16 22:00:00+00:00,0.0,3.38
2025-11-16 23:00:00+00:00,0.0,3.48
2025-11-17 00:00:00+00:00,0.0,3.75
2025-11-17 01:00:00+00:00,0.0,3.94
2025-11-17 02:00:00+00:00,0.0,4.08
2025-11-17 03:00:00+00:00,0.0,4.04
2025-11-17 04:00:00+00:00,0.0,3.81
2025-11-17 05:00:00+00:00,0.0,3.19
2025-11-17 06:00:00+00:00,0.0,2.91
2025-11-17 07:00:00+00:00,6.53,2.82
2025-11-17 08:00:00+00:00,91.6,3.27
2025-11-17 09:00:00+00:00,197.18,4.29
2025-11-17 10:00:00+00:00,275.77,5.84
2025-11-17 11:00:00+00:00,319.02,7.08
2025-11-17 12:00:00+00:00,308.17,7.77
2025-11-17 13:00:00+00:00,261.73,8.06
2025-11-17 14:00:00+00:00,169.77,7.85
2025-11-17 15:00:00+00:00,57.58,6.31
2025-11-17 16:00:00+00:00,0.0,3.41
2025-11-17 17:00:00+00:00,0.0,2.65
2025-11-17 18:00:00+00:00,0.0,2.13
2025-11-17 19:00:00+00:00,0.0,1.53
2025-11-17 20:00:00+00:00,0.0,0.88
2025-11-17 21:00:00+00:00,0.0,0.25
2025-11-17 22:00:00+00:00,0.0,-0.39
2025-11-17 23:00:00+00:00,0.0,-0.76
2025-11-18 00:00:00+00:00,0.0,-0.65
2025-11-18 01:00:00+00:00,0.0,-0.01
2025-11-18 02:00:00+00:00,0.0,0.42
2025-11-18 03:00:00+00:00,0.0,0.54
2025-11-18 04:00:00+00:00,0.0,0.48
2025-11-18 05:00:00+00:00,0.0,0.34
2025-11-18 06:00:00+00:00,0.0,0.04
2025-11-18 07:00:00+00:00,3.15,-0.28
2025-11-18 08:00:00+00:00,51.55,0.14
2025-11-18 09:00:00+00:00,119.95,1.23
2025-11-18 10:00:00+00:00,174.12,2.84
2025-11-18 11:00:00+00:00,207.7,5.06
2025-11-18 12:00:00+00:00,208.65,6.75
2025-11-18 13:00:00+00:00,184.07,7.31
2025-11-18 14:00:00+00:00,115.8,7.15
2025-11-18 15:00:00+00:00,37.83,6.24
2025-11-18 16:00:00+00:00,0.0,4.84
2025-11-18 17:00:00+00:00,0.0,4.38
2025-11-18 18:00:00+00:00,0.0,4.35
2025-11-18 19:00:00+00:00,0.0,4.48
2025-11-18 20:00:00+00:00,0.0,4.65
2025-11-18 21:00:00+00:00,0.0,4.59
2025-11-18 22:00:00+00:00,0.0,4.27
2025-11-18 23:00:00+00:00,0.0,4.23
2025-11-19 00:00:00+00:00,0.0,4.14
2025-11-19 01:00:00+00:00,0.0,4.28
2025-11-19 02:00:00+00:00,0.0,4.34
2025-11-19 03:00:00+00:00,0.0,4.56
2025-11-19 04:00:00+00:00,0.0,4.87
2025-11-19 05:00:00+00:00,0.0,4.81
2025-11-19 06:00:00+00:00,0.0,3.95
2025-11-19 07:00:00+00:00,0.0,2.75
2025-11-19 08:00:00+00:00,51.45,2.21
2025-11-19 09:00:00+00:00,121.78,2.34
2025-11-19 10:00:00+00:00,174.65,3.21
2025-11-19 11:00:00+00:00,202.4,4.19
2025-11-19 12:00:00+00:00,199.6,4.87
2025-11-19 13:00:00+00:00,169.1,5.11
2025-11-19 14:00:00+00:00,106.95,4.78
2025-11-19 15:00:00+00:00,33.5,3.98
2025-11-19 16:00:00+00:00,0.0,3.1
2025-11-19 17:00:00+00:00,0.0,2.59
2025-11-19 18:00:00+00:00,0.0,2.07
2025-11-19 19:00:00+00:00,0.0,1.48
2025-11-19 20:00:00+00:00,0.0,0.89
2025-11-19 21:00:00+00:00,0.0,0.29
2025-11-19 22:00:00+00:00,0.0,-0.31
2025-11-19 23:00:00+00:00,0.0,-0.98
2025-11-20 00:00:00+00:00,0.0,-1.52
2025-11-20 01:00:00+00:00,0.0,-1.97
2025-11-20 02:00:00+00:00,0.0,-2.42
2025-11-20 03:00:00+00:00,0.0,-2.83
2025-11-20 04:00:00+00:00,0.0,-3.17
2025-11-20 05:00:00+00:00,0.0,-3.47
2025-11-20 06:00:00+00:00,0.0,-3.63
2025-11-20 07:00:00+00:00,0.0,-3.71
2025-11-20 08:00:00+00:00,81.25,-2.98
2025-11-20 09:00:00+00:00,159.27,-1.51
2025-11-20 10:00:00+00:00,209.27,0.46
2025-11-20 11:00:00+00:00,213.52,2.17
2025-11-20 12:00:00+00:00,199.62,3.36
2025-11-20 13:00:00+00:00,155.1,3.89
2025-11-20 14:00:00+00:00,91.05,3.73
2025-11-20 15:00:00+00:00,31.67,3.0
2025-11-20 16:00:00+00:00,0.0,2.48
2025-11-20 17:00:00+00:00,0.0,2.28
2025-11-20 18:00:00+00:00,0.0,1.93
2025-11-20 19:00:00+00:00,0.0,1.54
2025-11-20 20:00:00+00:00,0.0,1.11
2025-11-20 21:00:00+00:00,0.0,0.76
2025-11-20 22:00:00+00:00,0.0,0.55
2025-11-20 23:00:00+00:00,0.0,0.49
2025-11-21 00:00:00+00:00,0.0,0.49
2025-11-21 01:00:00+00:00,0.0,0.54
2025-11-21 02:00:00+00:00,0.0,0.53
2025-11-21 03:00:00+00:00,0.0,0.37
2025-11-21 04:00:00+00:00,0.0,0.15
2025-11-21 05:00:00+00:00,0.0,-0.02
2025-11-21 06:00:00+00:00,0.0,-0.41
2025-11-21 07:00:00+00:00,0.0,-0.64
2025-11-21 08:00:00+00:00,85.5,-0.33
2025-11-21 09:00:00+00:00,188.18,0.86
2025-11-21 10:00:00+00:00,269.7,2.53
2025-11-21 11:00:00+00:00,309.7,3.95
2025-11-21 12:00:00+00:00,300.38,5.27
2025-11-21 13:00:00+00:00,247.55,5.86
2025-11-21 14:00:00+00:00,151.1,5.6
2025-11-21 15:00:00+00:00,44.28,3.39
2025-11-21 16:00:00+00:00,0.0,1.37
2025-11-21 17:00:00+00:00,0.0,0.47
2025-11-21 18:00:00+00:00,0.0,-0.34
2025-11-21 19:00:00+00:00,0.0,-1.16
2025-11-21 20:00:00+00:00,0.0,-1.77
2025-11-21 21:00:00+00:00,0.0,-2.09
2025-11-21 22:00:00+00:00,0.0,-1.9
2025-11-21 23:00:00+00:00,0.0,-1.18
2025-11-22 00:00:00+00:00,0.0,-0.11
2025-11-22 01:00:00+00:00,0.0,0.55
2025-11-22 02:00:00+00:00,0.0,0.65
2025-11-22 03:00:00+00:00,0.0,1.4
2025-11-22 04:00:00+00:00,0.0,2.33
2025-11-22 05:00:00+00:00,0.0,3.4
2025-11-22 06:00:00+00:00,0.0,4.15
2025-11-22 07:00:00+00:00,0.0,4.54
2025-11-22 08:00:00+00:00,22.38,5.05
2025-11-22 09:00:00+00:00,50.58,5.69
2025-11-22 10:00:00+00:00,72.43,6.33
2025-11-22 11:00:00+00:00,82.57,6.72
2025-11-22 12:00:00+00:00,48.78,6.59
2025-11-22 13:00:00+00:00,28.83,5.92
2025-11-22 14:00:00+00:00,38.0,5.29
2025-11-22 15:00:00+00:00,11.1,5.03
2025-11-22 16:00:00+00:00,0.0,5.03
2025-11-22 17:00:00+00:00,0.0,5.13
2025-11-22 18:00:00+00:00,0.0,5.19
2025-11-22 19:00:00+00:00,0.0,5.34
2025-11-22 20:00:00+00:00,0.0,5.56
2025-11-22 21:00:00+00:00,0.0,5.81
2025-11-22 22:00:00+00:00,0.0,6.08
2025-11-22 23:00:00+00:00,0.0,6.33
2025-11-23 00:00:00+00:00,0.0,6.53
2025-11-23 01:00:00+00:00,0.0,6.6
2025-11-23 02:00:00+00:00,0.0,6.4
2025-11-23 03:00:00+00:00,0.0,6.41
2025-11-23 04:00:00+00:00,0.0,6.89
2025-11-23 05:00:00+00:00,0.0,7.05
2025-11-23 06:00:00+00:00,0.0,7.25
2025-11-23 07:00:00+00:00,0.0,7.88
2025-11-23 08:00:00+00:00,51.67,8.67
2025-11-23 09:00:00+00:00,140.55,9.1
2025-11-23 10:00:00+00:00,224.62,9.5
2025-11-23 11:00:00+00:00,281.3,9.48
2025-11-23 12:00:00+00:00,261.45,9.25
2025-11-23 13:00:00+00:00,215.68,9.39
2025-11-23 14:00:00+00:00,135.48,9.12
2025-11-23 15:00:00+00:00,41.75,8.11
2025-11-23 16:00:00+00:00,0.0,6.67
2025-11-23 17:00:00+00:00,0.0,5.56
2025-11-23 18:00:00+00:00,0.0,4.87
2025-11-23 19:00:00+00:00,0.0,4.51
2025-11-23 20:00:00+00:00,0.0,4.31
2025-11-23 21:00:00+00:00,0.0,4.22
2025-11-23 22:00:00+00:00,0.0,4.22
2025-11-23 23:00:00+00:00,0.0,4.22
2025-11-24 00:00:00+00:00,0.0,4.6
2025-11-24 01:00:00+00:00,0.0,4.43
2025-11-24 02:00:00+00:00,0.0,4.51
2025-11-24 03:00:00+00:00,0.0,4.7
2025-11-24 04:00:00+00:00,0.0,4.63
2025-11-24 05:00:00+00:00,0.0,4.71
2025-11-24 06:00:00+00:00,0.0,4.77
2025-11-24 07:00:00+00:00,0.0,4.86
2025-11-24 08:00:00+00:00,36.8,5.04
2025-11-24 09:00:00+00:00,79.78,5.5
2025-11-24 10:00:00+00:00,111.15,5.9
2025-11-24 11:00:00+00:00,119.35,6.21
2025-11-24 12:00:00+00:00,110.55,6.4
2025-11-24 13:00:00+00:00,89.65,6.5
2025-11-24 14:00:00+00:00,54.58,6.42
2025-11-24 15:00:00+00:00,17.12,6.01
2025-11-24 16:00:00+00:00,0.0,5.44
2025-11-24 17:00:00+00:00,0.0,5.4
2025-11-24 18:00:00+00:00,0.0,5.61
2025-11-24 19:00:00+00:00,0.0,5.71
2025-11-24 20:00:00+00:00,0.0,5.25
2025-11-24 21:00:00+00:00,0.0,4.52
2025-11-24 22:00:00+00:00,0.0,3.94
2025-11-24 23:00:00+00:00,0.0,3.53
2025-11-25 00:00:00+00:00,0.0,3.25
2025-11-25 01:00:00+00:00,0.0,2.98
2025-11-25 02:00:00+00:00,0.0,2.59
2025-11-25 03:00:00+00:00,0.0,2.38
2025-11-25 04:00:00+00:00,0.0,2.52
2025-11-25 05:00:00+00:00,0.0,2.4
2025-11-25 06:00:00+00:00,0.0,2.12
2025-11-25 07:00:00+00:00,0.0,1.97
2025-11-25 08:00:00+00:00,54.15,2.07
2025-11-25 09:00:00+00:00,133.62,2.63
2025-11-25 10:00:00+00:00,197.8,3.38
2025-11-25 11:00:00+00:00,228.95,3.96
2025-11-25 12:00:00+00:00,229.18,4.69
2025-11-25 13:00:00+00:00,188.38,5.38
2025-11-25 14:00:00+00:00,119.95,5.6
2025-11-25 15:00:00+00:00,33.65,5.3
2025-11-25 16:00:00+00:00,0.0,4.64
2025-11-25 17:00:00+00:00,0.0,4.24
2025-11-25 18:00:00+00:00,0.0,3.94
2025-11-25 19:00:00+00:00,0.0,3.78
2025-11-25 20:00:00+00:00,0.0,3.42
2025-11-25 21:00:00+00:00,0.0,3.13
2025-11-25 22:00:00+00:00,0.0,2.99
2025-11-25 23:00:00+00:00,0.0,2.85
2025-11-26 00:00:00+00:00,0.0,2.68
2025-11-26 01:00:00+00:00,0.0,2.42
2025-11-26 02:00:00+00:00,0.0,2.26
2025-11-26 03:00:00+00:00,0.0,2.14
2025-11-26 04:00:00+00:00,0.0,1.96
2025-11-26 05:00:00+00:00,0.0,1.82
2025-11-26 06:00:00+00:00,0.0,1.71
2025-11-26 07:00:00+00:00,0.0,1.51
2025-11-26 08:00:00+00:00,56.45,1.48
2025-11-26 09:00:00+00:00,151.45,1.98
2025-11-26 10:00:00+00:00,230.75,2.72
2025-11-26 11:00:00+00:00,272.23,3.81
2025-11-26 12:00:00+00:00,269.33,4.73
2025-11-26 13:00:00+00:00,159.9,5.4
2025-11-26 14:00:00+00:00,95.95,5.29
2025-11-26 15:00:00+00:00,23.83,4.0
2025-11-26 16:00:00+00:00,0.0,3.25
2025-11-26 17:00:00+00:00,0.0,3.46
2025-11-26 18:00:00+00:00,0.0,4.3
2025-11-26 19:00:00+00:00,0.0,5.14
2025-11-26 20:00:00+00:00,0.0,6.18
2025-11-26 21:00:00+00:00,0.0,6.77
2025-11-26 22:00:00+00:00,0.0,7.23
2025-11-26 23:00:00+00:00,0.0,7.7
2025-11-27 00:00:00+00:00,0.0,8.13
2025-11-27 01:00:00+00:00,0.0,8.79
2025-11-27 02:00:00+00:00,0.0,9.41
2025-11-27 03:00:00+00:00,0.0,9.94
2025-11-27 04:00:00+00:00,0.0,10.34
2025-11-27 05:00:00+00:00,0.0,10.45
2025-11-27 06:00:00+00:00,0.0,10.56
2025-11-27 07:00:00+00:00,0.0,10.47
2025-11-27 08:00:00+00:00,24.15,10.49
2025-11-27 09:00:00+00:00,61.67,11.09
2025-11-27 10:00:00+00:00,91.07,11.78
2025-11-27 11:00:00+00:00,101.05,12.31
2025-11-27 12:00:00+00:00,104.12,12.6
2025-11-27 13:00:00+00:00,49.45,12.66
2025-11-27 14:00:00+00:00,47.15,12.47
2025-11-27 15:00:00+00:00,12.43,12.14
2025-11-27 16:00:00+00:00,0.0,11.85
2025-11-27 17:00:00+00:00,0.0,11.66
2025-11-27 18:00:00+00:00,0.0,11.53
2025-11-27 19:00:00+00:00,0.0,11.55
2025-11-27 20:00:00+00:00,0.0,11.6
2025-11-27 21:00:00+00:00,0.0,11.59
2025-11-27 22:00:00+00:00,0.0,11.61
2025-11-27 23:00:00+00:00,0.0,11.6
2025-11-28 00:00:00+00:00,0.0,11.4
2025-11-28 01:00:00+00:00,0.0,10.84
2025-11-28 02:00:00+00:00,0.0,9.61
2025-11-28 03:00:00+00:00,0.0,8.63
2025-11-28 04:00:00+00:00,0.0,8.06
2025-11-28 05:00:00+00:00,0.0,7.87
2025-11-28 06:00:00+00:00,0.0,7.59
2025-11-28 07:00:00+00:00,0.0,7.42
2025-11-28 08:00:00+00:00,44.4,7.65
2025-11-28 09:00:00+00:00,130.95,8.17
2025-11-28 10:00:00+00:00,205.7,9.04
2025-11-28 11:00:00+00:00,252.98,10.32
2025-11-28 12:00:00+00:00,227.43,11.54
2025-11-28 13:00:00+00:00,182.15,11.97
2025-11-28 14:00:00+00:00,103.12,11.79
2025-11-28 15:00:00+00:00,22.92,10.91
2025-11-28 16:00:00+00:00,0.0,9.8
2025-11-28 17:00:00+00:00,0.0,9.07
2025-11-28 18:00:00+00:00,0.0,8.4
2025-11-28 19:00:00+00:00,0.0,8.12
2025-11-28 20:00:00+00:00,0.0,8.03
2025-11-28 21:00:00+00:00,0.0,8.17
2025-11-28 22:00:00+00:00,0.0,8.34
2025-11-28 23:00:00+00:00,0.0,8.47
2025-11-29 00:00:00+00:00,0.0,8.69
2025-11-29 01:00:00+00:00,0.0,9.0
2025-11-29 02:00:00+00:00,0.0,9.54
2025-11-29 03:00:00+00:00,0.0,10.19
2025-11-29 04:00:00+00:00,0.0,10.19
2025-11-29 05:00:00+00:00,0.0,10.01
2025-11-29 06:00:00+00:00,0.0,9.93
2025-11-29 07:00:00+00:00,0.0,9.95
2025-11-29 08:00:00+00:00,18.62,10.14
2025-11-29 09:00:00+00:00,61.72,10.56
2025-11-29 10:00:00+00:00,93.03,10.9
2025-11-29 11:00:00+00:00,110.35,10.88
2025-11-29 12:00:00+00:00,97.8,10.61
2025-11-29 13:00:00+00:00,111.3,10.29
2025-11-29 14:00:00+00:00,76.78,9.51
2025-11-29 15:00:00+00:00,22.25,8.26
2025-11-29 16:00:00+00:00,0.0,7.23
2025-11-29 17:00:00+00:00,0.0,6.36
2025-11-29 18:00:00+00:00,0.0,5.42
2025-11-29 19:00:00+00:00,0.0,4.48
2025-11-29 20:00:00+00:00,0.0,4.42
2025-11-29 21:00:00+00:00,0.0,4.7
2025-11-29 22:00:00+00:00,0.0,4.78
2025-11-29 23:00:00+00:00,0.0,4.76
2025-11-30 00:00:00+00:00,0.0,4.77
2025-11-30 01:00:00+00:00,0.0,4.63
2025-11-30 02:00:00+00:00,0.0,4.04
2025-11-30 03:00:00+00:00,0.0,3.09
2025-11-30 04:00:00+00:00,0.0,2.13
2025-11-30 05:00:00+00:00,0.0,1.57
2025-11-30 06:00:00+00:00,0.0,1.16
2025-11-30 07:00:00+00:00,0.0,0.8
2025-11-30 08:00:00+00:00,49.53,1.11
2025-11-30 09:00:00+00:00,152.85,2.51
2025-11-30 10:00:00+00:00,232.82,4.16
2025-11-30 11:00:00+00:00,273.02,5.82
2025-11-30 12:00:00+00:00,266.33,7.08
2025-11-30 13:00:00+00:00,208.0,7.61
2025-11-30 14:00:00+00:00,124.28,7.28
2025-11-30 15:00:00+00:00,29.95,5.04
2025-11-30 16:00:00+00:00,0.0,3.03
2025-11-30 17:00:00+00:00,0.0,2.85
2025-11-30 18:00:00+00:00,0.0,2.75
2025-11-30 19:00:00+00:00,0.0,2.85
2025-11-30 20:00:00+00:00,0.0,3.6
2025-11-30 21:00:00+00:00,0.0,4.59
2025-11-30 22:00:00+00:00,0.0,5.53
2025-11-30 23:00:00+00:00,0.0,6.48
2025-12-01 00:00:00+00:00,0.0,7.33
2025-12-01 01:00:00+00:00,0.0,7.61
2025-12-01 02:00:00+00:00,0.0,7.56
2025-12-01 03:00:00+00:00,0.0,7.61
2025-12-01 04:00:00+00:00,0.0,7.85
2025-12-01 05:00:00+00:00,0.0,8.28
2025-12-01 06:00:00+00:00,0.0,8.66
2025-12-01 07:00:00+00:00,0.0,8.97
2025-12-01 08:00:00+00:00,8.82,9.28
2025-12-01 09:00:00+00:00,27.15,9.7
2025-12-01 10:00:00+00:00,39.25,10.12
2025-12-01 11:00:00+00:00,44.15,10.41
2025-12-01 12:00:00+00:00,38.25,10.36
2025-12-01 13:00:00+00:00,23.95,10.23
2025-12-01 14:00:00+00:00,32.28,10.27
2025-12-01 15:00:00+00:00,9.35,10.38
2025-12-01 16:00:00+00:00,0.0,10.39
2025-12-01 17:00:00+00:00,0.0,10.27
2025-12-01 18:00:00+00:00,0.0,10.06
2025-12-01 19:00:00+00:00,0.0,9.84
2025-12-01 20:00:00+00:00,0.0,9.62
2025-12-01 21:00:00+00:00,0.0,9.55
2025-12-01 22:00:00+00:00,0.0,9.64
2025-12-01 23:00:00+00:00,0.0,9.79
2025-12-02 00:00:00+00:00,0.0,9.9
2025-12-02 01:00:00+00:00,0.0,9.6
2025-12-02 02:00:00+00:00,0.0,8.76
2025-12-02 03:00:00+00:00,0.0,7.57
2025-12-02 04:00:00+00:00,0.0,6.83
2025-12-02 05:00:00+00:00,0.0,6.51
2025-12-02 06:00:00+00:00,0.0,6.27
2025-12-02 07:00:00+00:00,0.0,6.1
2025-12-02 08:00:00+00:00,41.72,6.54
2025-12-02 09:00:00+00:00,131.25,7.73
2025-12-02 10:00:00+00:00,200.75,8.96
2025-12-02 11:00:00+00:00,242.2,10.15
2025-12-02 12:00:00+00:00,208.98,10.7
2025-12-02 13:00:00+00:00,148.7,10.59
2025-12-02 14:00:00+00:00,81.95,10.0
2025-12-02 15:00:00+00:00,17.52,8.79
2025-12-02 16:00:00+00:00,0.0,7.6
2025-12-02 17:00:00+00:00,0.0,7.4
2025-12-02 18:00:00+00:00,0.0,7.29
2025-12-02 19:00:00+00:00,0.0,7.31
2025-12-02 20:00:00+00:00,0.0,7.45
2025-12-02 21:00:00+00:00,0.0,7.43
2025-12-02 22:00:00+00:00,0.0,7.34
2025-12-02 23:00:00+00:00,0.0,6.91
2025-12-03 00:00:00+00:00,0.0,5.99
2025-12-03 01:00:00+00:00,0.0,5.31
2025-12-03 02:00:00+00:00,0.0,4.93
2025-12-03 03:00:00+00:00,0.0,4.93
2025-12-03 04:00:00+00:00,0.0,4.89
2025-12-03 05:00:00+00:00,0.0,4.91
2025-12-03 06:00:00+00:00,0.0,4.92
2025-12-03 07:00:00+00:00,0.0,4.94
2025-12-03 08:00:00+00:00,37.42,5.23
2025-12-03 09:00:00+00:00,130.07,6.14
2025-12-03 10:00:00+00:00,209.18,7.13
2025-12-03 11:00:00+00:00,260.45,7.97
2025-12-03 12:00:00+00:00,246.07,8.84
2025-12-03 13:00:00+00:00,198.1,9.34
2025-12-03 14:00:00+00:00,116.9,8.89
2025-12-03 15:00:00+00:00,25.58,6.73
2025-12-03 16:00:00+00:00,0.0,5.14
2025-12-03 17:00:00+00:00,0.0,5.03
2025-12-03 18:00:00+00:00,0.0,5.54
2025-12-03 19:00:00+00:00,0.0,6.06
2025-12-03 20:00:00+00:00,0.0,6.52
2025-12-03 21:00:00+00:00,0.0,6.75
2025-12-03 22:00:00+00:00,0.0,6.79
2025-12-03 23:00:00+00:00,0.0,6.67
2025-12-04 00:00:00+00:00,0.0,6.62
2025-12-04 01:00:00+00:00,0.0,6.67
2025-12-04 02:00:00+00:00,0.0,6.79
2025-12-04 03:00:00+00:00,0.0,6.98
2025-12-04 04:00:00+00:00,0.0,7.15
2025-12-04 05:00:00+00:00,0.0,7.17
2025-12-04 06:00:00+00:00,0.0,7.36
2025-12-04 07:00:00+00:00,0.0,7.37
2025-12-04 08:00:00+00:00,12.77,7.13
2025-12-04 09:00:00+00:00,24.73,6.91
2025-12-04 10:00:00+00:00,37.03,6.92
2025-12-04 11:00:00+00:00,55.05,7.26
2025-12-04 12:00:00+00:00,76.82,7.66
2025-12-04 13:00:00+00:00,55.2,7.64
2025-12-04 14:00:00+00:00,45.78,7.01
2025-12-04 15:00:00+00:00,16.42,6.1
2025-12-04 16:00:00+00:00,0.0,4.91
2025-12-04 17:00:00+00:00,0.0,4.53
2025-12-04 18:00:00+00:00,0.0,4.32
2025-12-04 19:00:00+00:00,0.0,4.03
2025-12-04 20:00:00+00:00,0.0,3.75
2025-12-04 21:00:00+00:00,0.0,3.41
2025-12-04 22:00:00+00:00,0.0,3.3
2025-12-04 23:00:00+00:00,0.0,2.98
2025-12-05 00:00:00+00:00,0.0,2.87
2025-12-05 01:00:00+00:00,0.0,2.74
2025-12-05 02:00:00+00:00,0.0,2.61
2025-12-05 03:00:00+00:00,0.0,2.43
2025-12-05 04:00:00+00:00,0.0,2.27
2025-12-05 05:00:00+00:00,0.0,2.16
2025-12-05 06:00:00+00:00,0.0,2.11
2025-12-05 07:00:00+00:00,0.0,2.28
2025-12-05 08:00:00+00:00,23.3,2.81
2025-12-05 09:00:00+00:00,78.57,4.05
2025-12-05 10:00:00+00:00,122.25,5.64
2025-12-05 11:00:00+00:00,147.05,6.6
2025-12-05 12:00:00+00:00,142.55,7.3
2025-12-05 13:00:00+00:00,105.6,7.68
2025-12-05 14:00:00+00:00,58.0,7.65
2025-12-05 15:00:00+00:00,10.18,7.17
2025-12-05 16:00:00+00:00,0.0,6.68
2025-12-05 17:00:00+00:00,0.0,6.3
2025-12-05 18:00:00+00:00,0.0,6.0
2025-12-05 19:00:00+00:00,0.0,6.06
2025-12-05 20:00:00+00:00,0.0,6.54
2025-12-05 21:00:00+00:00,0.0,7.35
2025-12-05 22:00:00+00:00,0.0,8.53
2025-12-05 23:00:00+00:00,0.0,9.66
2025-12-06 00:00:00+00:00,0.0,9.73
2025-12-06 01:00:00+00:00,0.0,9.51
2025-12-06 02:00:00+00:00,0.0,9.53
2025-12-06 03:00:00+00:00,0.0,9.54
2025-12-06 04:00:00+00:00,0.0,9.53
2025-12-06 05:00:00+00:00,0.0,9.44
2025-12-06 06:00:00+00:00,0.0,9.31
2025-12-06 07:00:00+00:00,0.0,9.28
2025-12-06 08:00:00+00:00,17.15,9.27
2025-12-06 09:00:00+00:00,64.3,9.45
2025-12-06 10:00:00+00:00,101.07,9.9
2025-12-06 11:00:00+00:00,121.15,10.61
2025-12-06 12:00:00+00:00,113.43,11.32
2025-12-06 13:00:00+00:00,94.3,11.45
2025-12-06 14:00:00+00:00,44.5,11.13
2025-12-06 15:00:00+00:00,13.3,10.61
2025-12-06 16:00:00+00:00,0.0,10.15
2025-12-06 17:00:00+00:00,0.0,9.86
2025-12-06 18:00:00+00:00,0.0,9.67
2025-12-06 19:00:00+00:00,0.0,9.43
2025-12-06 20:00:00+00:00,0.0,8.94
2025-12-06 21:00:00+00:00,0.0,8.36
2025-12-06 22:00:00+00:00,0.0,7.97
2025-12-06 23:00:00+00:00,0.0,7.46
2025-12-07 00:00:00+00:00,0.0,7.13
2025-12-07 01:00:00+00:00,0.0,7.0
2025-12-07 02:00:00+00:00,0.0,7.2
2025-12-07 03:00:00+00:00,0.0,7.03
2025-12-07 04:00:00+00:00,0.0,6.96
2025-12-07 05:00:00+00:00,0.0,7.71
2025-12-07 06:00:00+00:00,0.0,8.48
2025-12-07 07:00:00+00:00,0.0,8.83
2025-12-07 08:00:00+00:00,12.48,9.55
2025-12-07 09:00:00+00:00,40.3,10.46
2025-12-07 10:00:00+00:00,58.15,10.99
2025-12-07 11:00:00+00:00,62.83,11.87
2025-12-07 12:00:00+00:00,58.9,12.73
2025-12-07 13:00:00+00:00,59.22,13.28
2025-12-07 14:00:00+00:00,29.55,13.39
2025-12-07 15:00:00+00:00,7.1,13.38
2025-12-07 16:00:00+00:00,0.0,13.21
2025-12-07 17:00:00+00:00,0.0,13.04
2025-12-07 18:00:00+00:00,0.0,12.84
2025-12-07 19:00:00+00:00,0.0,12.42
2025-12-07 20:00:00+00:00,0.0,11.66
2025-12-07 21:00:00+00:00,0.0,10.53
2025-12-07 22:00:00+00:00,0.0,9.53
2025-12-07 23:00:00+00:00,0.0,8.88
2025-12-08 00:00:00+00:00,0.0,8.51
2025-12-08 01:00:00+00:00,0.0,8.58
2025-12-08 02:00:00+00:00,0.0,9.13
2025-12-08 03:00:00+00:00,0.0,9.98
2025-12-08 04:00:00+00:00,0.0,10.66
2025-12-08 05:00:00+00:00,0.0,10.99
2025-12-08 06:00:00+00:00,0.0,11.19
2025-12-08 07:00:00+00:00,0.0,11.45
2025-12-08 08:00:00+00:00,14.15,11.66
2025-12-08 09:00:00+00:00,65.97,11.73
2025-12-08 10:00:00+00:00,121.35,11.84
2025-12-08 11:00:00+00:00,153.93,12.05
2025-12-08 12:00:00+00:00,139.25,12.28
2025-12-08 13:00:00+00:00,98.85,12.68
2025-12-08 14:00:00+00:00,48.55,12.4
2025-12-08 15:00:00+00:00,8.1,11.88
2025-12-08 16:00:00+00:00,0.0,11.49
2025-12-08 17:00:00+00:00,0.0,11.4
2025-12-08 18:00:00+00:00,0.0,11.19
2025-12-08 19:00:00+00:00,0.0,11.29
2025-12-08 20:00:00+00:00,0.0,11.57
2025-12-08 21:00:00+00:00,0.0,11.8
2025-12-08 22:00:00+00:00,0.0,11.99
2025-12-08 23:00:00+00:00,0.0,12.12
2025-12-09 00:00:00+00:00,0.0,12.11
2025-12-09 01:00:00+00:00,0.0,11.96
2025-12-09 02:00:00+00:00,0.0,11.68
2025-12-09 03:00:00+00:00,0.0,11.65
2025-12-09 04:00:00+00:00,0.0,11.67
2025-12-09 05:00:00+00:00,0.0,11.51
2025-12-09 06:00:00+00:00,0.0,11.35
2025-12-09 07:00:00+00:00,0.0,11.27
2025-12-09 08:00:00+00:00,9.1,11.33
2025-12-09 09:00:00+00:00,35.97,11.63
2025-12-09 10:00:00+00:00,56.2,12.04
2025-12-09 11:00:00+00:00,47.53,12.36
2025-12-09 12:00:00+00:00,57.15,12.54
2025-12-09 13:00:00+00:00,40.47,12.6
2025-12-09 14:00:00+00:00,27.58,12.61
2025-12-09 15:00:00+00:00,7.5,12.57
2025-12-09 16:00:00+00:00,0.0,12.59
2025-12-09 17:00:00+00:00,0.0,12.72
2025-12-09 18:00:00+00:00,0.0,12.52
2025-12-09 19:00:00+00:00,0.0,11.86
2025-12-09 20:00:00+00:00,0.0,11.1
2025-12-09 21:00:00+00:00,0.0,10.46
2025-12-09 22:00:00+00:00,0.0,9.92
2025-12-09 23:00:00+00:00,0.0,9.65
2025-12-10 00:00:00+00:00,0.0,9.69
2025-12-10 01:00:00+00:00,0.0,9.88
2025-12-10 02:00:00+00:00,0.0,9.87
2025-12-10 03:00:00+00:00,0.0,9.73
2025-12-10 04:00:00+00:00,0.0,9.64
2025-12-10 05:00:00+00:00,0.0,9.73
2025-12-10 06:00:00+00:00,0.0,9.79
2025-12-10 07:00:00+00:00,0.0,9.71
2025-12-10 08:00:00+00:00,27.35,9.74
2025-12-10 09:00:00+00:00,113.1,10.47
2025-12-10 10:00:00+00:00,180.8,11.39
2025-12-10 11:00:00+00:00,214.27,12.18
2025-12-10 12:00:00+00:00,211.1,12.5
2025-12-10 13:00:00+00:00,170.93,12.35
2025-12-10 14:00:00+00:00,109.28,11.66
2025-12-10 15:00:00+00:00,22.98,10.12
2025-12-10 16:00:00+00:00,0.0,8.27
2025-12-10 17:00:00+00:00,0.0,7.94
2025-12-10 18:00:00+00:00,0.0,7.65
2025-12-10 19:00:00+00:00,0.0,7.42
2025-12-10 20:00:00+00:00,0.0,7.33
2025-12-10 21:00:00+00:00,0.0,7.42
2025-12-10 22:00:00+00:00,0.0,7.24
2025-12-10 23:00:00+00:00,0.0,6.82
2025-12-11 00:00:00+00:00,0.0,6.6
2025-12-11 01:00:00+00:00,0.0,6.61
2025-12-11 02:00:00+00:00,0.0,6.65
2025-12-11 03:00:00+00:00,0.0,6.76
2025-12-11 04:00:00+00:00,0.0,6.97
2025-12-11 05:00:00+00:00,0.0,7.26
2025-12-11 06:00:00+00:00,0.0,7.52
2025-12-11 07:00:00+00:00,0.0,7.68
2025-12-11 08:00:00+00:00,21.5,7.87
2025-12-11 09:00:00+00:00,88.35,8.72
2025-12-11 10:00:00+00:00,143.68,9.72
2025-12-11 11:00:00+00:00,173.32,10.55
2025-12-11 12:00:00+00:00,165.6,10.99
2025-12-11 13:00:00+00:00,128.88,11.05
2025-12-11 14:00:00+00:00,70.2,10.46
2025-12-11 15:00:00+00:00,13.1,8.7
2025-12-11 16:00:00+00:00,0.0,7.21
2025-12-11 17:00:00+00:00,0.0,7.69
2025-12-11 18:00:00+00:00,0.0,8.0
2025-12-11 19:00:00+00:00,0.0,8.07
2025-12-11 20:00:00+00:00,0.0,8.15
2025-12-11 21:00:00+00:00,0.0,8.56
2025-12-11 22:00:00+00:00,0.0,8.9
2025-12-11 23:00:00+00:00,0.0,8.99
2025-12-12 00:00:00+00:00,0.0,9.06
2025-12-12 01:00:00+00:00,0.0,9.16
2025-12-12 02:00:00+00:00,0.0,9.25
2025-12-12 03:00:00+00:00,0.0,9.43
2025-12-12 04:00:00+00:00,0.0,9.65
2025-12-12 05:00:00+00:00,0.0,9.79
2025-12-12 06:00:00+00:00,0.0,9.89
2025-12-12 07:00:00+00:00,0.0,9.95
2025-12-12 08:00:00+00:00,12.07,10.1
2025-12-12 09:00:00+00:00,52.75,10.58
2025-12-12 10:00:00+00:00,91.28,11.27
2025-12-12 11:00:00+00:00,111.38,11.91
2025-12-12 12:00:00+00:00,103.5,12.27
2025-12-12 13:00:00+00:00,84.05,12.08
2025-12-12 14:00:00+00:00,52.67,11.38
2025-12-12 15:00:00+00:00,11.95,10.54
2025-12-12 16:00:00+00:00,0.0,10.1
2025-12-12 17:00:00+00:00,0.0,10.03
2025-12-12 18:00:00+00:00,0.0,9.51
2025-12-12 19:00:00+00:00,0.0,8.76
2025-12-12 20:00:00+00:00,0.0,7.41
2025-12-12 21:00:00+00:00,0.0,6.19
2025-12-12 22:00:00+00:00,0.0,5.48
2025-12-12 23:00:00+00:00,0.0,4.87
2025-12-13 00:00:00+00:00,0.0,4.19
2025-12-13 01:00:00+00:00,0.0,3.85
2025-12-13 02:00:00+00:00,0.0,3.74
2025-12-13 03:00:00+00:00,0.0,3.63
2025-12-13 04:00:00+00:00,0.0,3.74
2025-12-13 05:00:00+00:00,0.0,3.94
2025-12-13 06:00:00+00:00,0.0,4.05
2025-12-13 07:00:00+00:00,0.0,4.02
2025-12-13 08:00:00+00:00,23.48,4.32
2025-12-13 09:00:00+00:00,111.7,4.85
2025-12-13 10:00:00+00:00,188.43,5.35
2025-12-13 11:00:00+00:00,232.48,6.02
2025-12-13 12:00:00+00:00,218.2,6.99
2025-12-13 13:00:00+00:00,173.07,7.95
2025-12-13 14:00:00+00:00,96.22,8.09
2025-12-13 15:00:00+00:00,18.95,6.48
2025-12-13 16:00:00+00:00,0.0,5.95
2025-12-13 17:00:00+00:00,0.0,6.11
2025-12-13 18:00:00+00:00,0.0,6.05
2025-12-13 19:00:00+00:00,0.0,6.2
2025-12-13 20:00:00+00:00,0.0,6.29
2025-12-13 21:00:00+00:00,0.0,6.11
2025-12-13 22:00:00+00:00,0.0,5.89
2025-12-13 23:00:00+00:00,0.0,5.59
2025-12-14 00:00:00+00:00,0.0,5.47
2025-12-14 01:00:00+00:00,0.0,5.22
2025-12-14 02:00:00+00:00,0.0,5.1
2025-12-14 03:00:00+00:00,0.0,5.24
2025-12-14 04:00:00+00:00,0.0,5.3
2025-12-14 05:00:00+00:00,0.0,5.57
2025-12-14 06:00:00+00:00,0.0,5.89
2025-12-14 07:00:00+00:00,0.0,6.16
2025-12-14 08:00:00+00:00,16.42,6.47
2025-12-14 09:00:00+00:00,80.93,7.43
2025-12-14 10:00:00+00:00,139.65,8.51
2025-12-14 11:00:00+00:00,170.27,9.39
2025-12-14 12:00:00+00:00,167.05,9.78
2025-12-14 13:00:00+00:00,130.52,9.87
2025-12-14 14:00:00+00:00,74.55,9.55
2025-12-14 15:00:00+00:00,15.57,8.76
2025-12-14 16:00:00+00:00,0.0,8.46
2025-12-14 17:00:00+00:00,0.0,8.67
2025-12-14 18:00:00+00:00,0.0,9.26
2025-12-14 19:00:00+00:00,0.0,9.5
2025-12-14 20:00:00+00:00,0.0,9.56
2025-12-14 21:00:00+00:00,0.0,9.62
2025-12-14 22:00:00+00:00,0.0,9.25
2025-12-14 23:00:00+00:00,0.0,8.7
2025-12-15 00:00:00+00:00,0.0,8.58
2025-12-15 01:00:00+00:00,0.0,8.71
2025-12-15 02:00:00+00:00,0.0,8.79
2025-12-15 03:00:00+00:00,0.0,8.88
2025-12-15 04:00:00+00:00,0.0,9.06
2025-12-15 05:00:00+00:00,0.0,9.08
2025-12-15 06:00:00+00:00,0.0,8.99
2025-12-15 07:00:00+00:00,0.0,8.95
2025-12-15 08:00:00+00:00,8.23,8.91
2025-12-15 09:00:00+00:00,37.22,9.09
2025-12-15 10:00:00+00:00,68.05,9.54
2025-12-15 11:00:00+00:00,86.22,10.27
2025-12-15 12:00:00+00:00,89.8,10.89
2025-12-15 13:00:00+00:00,68.8,11.03
2025-12-15 14:00:00+00:00,37.78,10.68
2025-12-15 15:00:00+00:00,7.9,10.02
2025-12-15 16:00:00+00:00,0.0,9.6
2025-12-15 17:00:00+00:00,0.0,9.47
2025-12-15 18:00:00+00:00,0.0,9.42
2025-12-15 19:00:00+00:00,0.0,9.26
2025-12-15 20:00:00+00:00,0.0,9.01
2025-12-15 21:00:00+00:00,0.0,8.6
2025-12-15 22:00:00+00:00,0.0,8.63
2025-12-15 23:00:00+00:00,0.0,9.07
2025-12-16 00:00:00+00:00,0.0,9.66
2025-12-16 01:00:00+00:00,0.0,9.93
2025-12-16 02:00:00+00:00,0.0,10.03
2025-12-16 03:00:00+00:00,0.0,10.11
2025-12-16 04:00:00+00:00,0.0,10.12
2025-12-16 05:00:00+00:00,0.0,10.13
2025-12-16 06:00:00+00:00,0.0,10.1
2025-12-16 07:00:00+00:00,0.0,10.07
2025-12-16 08:00:00+00:00,8.77,10.17
2025-12-16 09:00:00+00:00,38.4,10.69
2025-12-16 10:00:00+00:00,68.0,11.1
2025-12-16 11:00:00+00:00,82.5,11.34
2025-12-16 12:00:00+00:00,83.0,11.27
2025-12-16 13:00:00+00:00,70.4,10.94
2025-12-16 14:00:00+00:00,40.8,10.37
2025-12-16 15:00:00+00:00,11.02,9.3
2025-12-16 16:00:00+00:00,0.0,8.57
2025-12-16 17:00:00+00:00,0.0,7.9
2025-12-16 18:00:00+00:00,0.0,7.15
2025-12-16 19:00:00+00:00,0.0,6.52
2025-12-16 20:00:00+00:00,0.0,5.86
2025-12-16 21:00:00+00:00,0.0,5.49
2025-12-16 22:00:00+00:00,0.0,5.22
2025-12-16 23:00:00+00:00,0.0,4.91
2025-12-17 00:00:00+00:00,0.0,4.41
2025-12-17 01:00:00+00:00,0.0,3.94
2025-12-17 02:00:00+00:00,0.0,3.6
2025-12-17 03:00:00+00:00,0.0,3.42
2025-12-17 04:00:00+00:00,0.0,3.45
2025-12-17 05:00:00+00:00,0.0,3.45
2025-12-17 06:00:00+00:00,0.0,3.29
2025-12-17 07:00:00+00:00,0.0,3.24
2025-12-17 08:00:00+00:00,10.6,3.22
2025-12-17 09:00:00+00:00,44.08,3.79
2025-12-17 10:00:00+00:00,73.8,4.93
2025-12-17 11:00:00+00:00,86.85,6.17
2025-12-17 12:00:00+00:00,77.07,7.34
2025-12-17 13:00:00+00:00,58.47,8.19
2025-12-17 14:00:00+00:00,39.95,8.44
2025-12-17 15:00:00+00:00,10.18,8.19
2025-12-17 16:00:00+00:00,0.0,8.1
2025-12-17 17:00:00+00:00,0.0,8.35
2025-12-17 18:00:00+00:00,0.0,8.76
2025-12-17 19:00:00+00:00,0.0,8.95
2025-12-17 20:00:00+00:00,0.0,8.9
2025-12-17 21:00:00+00:00,0.0,8.85
2025-12-17 22:00:00+00:00,0.0,8.95
2025-12-17 23:00:00+00:00,0.0,9.12
2025-12-18 00:00:00+00:00,0.0,9.45
2025-12-18 01:00:00+00:00,0.0,9.68
2025-12-18 02:00:00+00:00,0.0,9.85
2025-12-18 03:00:00+00:00,0.0,9.91
2025-12-18 04:00:00+00:00,0.0,9.95
2025-12-18 05:00:00+00:00,0.0,9.92
2025-12-18 06:00:00+00:00,0.0,9.91
2025-12-18 07:00:00+00:00,0.0,9.97
2025-12-18 08:00:00+00:00,6.07,10.02
2025-12-18 09:00:00+00:00,22.08,10.17
2025-12-18 10:00:00+00:00,32.97,10.36
2025-12-18 11:00:00+00:00,34.3,10.51
2025-12-18 12:00:00+00:00,18.75,10.6
2025-12-18 13:00:00+00:00,10.23,10.63
2025-12-18 14:00:00+00:00,9.18,10.62
2025-12-18 15:00:00+00:00,2.9,10.62
2025-12-18 16:00:00+00:00,0.0,10.92
2025-12-18 17:00:00+00:00,0.0,11.45
2025-12-18 18:00:00+00:00,0.0,11.8
2025-12-18 19:00:00+00:00,0.0,11.79
2025-12-18 20:00:00+00:00,0.0,11.3
2025-12-18 21:00:00+00:00,0.0,10.35
2025-12-18 22:00:00+00:00,0.0,9.77
2025-12-18 23:00:00+00:00,0.0,9.69
2025-12-19 00:00:00+00:00,0.0,9.52
2025-12-19 01:00:00+00:00,0.0,8.92
2025-12-19 02:00:00+00:00,0.0,8.01
2025-12-19 03:00:00+00:00,0.0,6.99
2025-12-19 04:00:00+00:00,0.0,6.12
2025-12-19 05:00:00+00:00,0.0,5.62
2025-12-19 06:00:00+00:00,0.0,5.47
2025-12-19 07:00:00+00:00,0.0,5.35
2025-12-19 08:00:00+00:00,17.62,5.37
2025-12-19 09:00:00+00:00,103.55,6.51
2025-12-19 10:00:00+00:00,183.2,7.78
2025-12-19 11:00:00+00:00,233.8,9.03
2025-12-19 12:00:00+00:00,235.2,9.91
2025-12-19 13:00:00+00:00,195.62,10.11
2025-12-19 14:00:00+00:00,118.57,9.58
2025-12-19 15:00:00+00:00,25.67,8.03
2025-12-19 16:00:00+00:00,0.0,6.6
2025-12-19 17:00:00+00:00,0.0,6.2
2025-12-19 18:00:00+00:00,0.0,5.78
2025-12-19 19:00:00+00:00,0.0,5.53
2025-12-19 20:00:00+00:00,0.0,5.33
2025-12-19 21:00:00+00:00,0.0,5.12
2025-12-19 22:00:00+00:00,0.0,4.98
2025-12-19 23:00:00+00:00,0.0,4.93
2025-12-20 00:00:00+00:00,0.0,4.87
2025-12-20 01:00:00+00:00,0.0,4.9
2025-12-20 02:00:00+00:00,0.0,4.93
2025-12-20 03:00:00+00:00,0.0,4.94
2025-12-20 04:00:00+00:00,0.0,4.97
2025-12-20 05:00:00+00:00,0.0,5.0
2025-12-20 06:00:00+00:00,0.0,4.98
2025-12-20 07:00:00+00:00,0.0,4.98
2025-12-20 08:00:00+00:00,14.8,5.26
2025-12-20 09:00:00+00:00,95.32,6.82
2025-12-20 10:00:00+00:00,176.15,8.11
2025-12-20 11:00:00+00:00,130.58,9.15
2025-12-20 12:00:00+00:00,215.62,9.56
2025-12-20 13:00:00+00:00,168.88,9.09
2025-12-20 14:00:00+00:00,99.82,8.13
2025-12-20 15:00:00+00:00,21.27,6.61
2025-12-20 16:00:00+00:00,0.0,5.4
2025-12-20 17:00:00+00:00,0.0,5.15
2025-12-20 18:00:00+00:00,0.0,5.59
2025-12-20 19:00:00+00:00,0.0,6.37
2025-12-20 20:00:00+00:00,0.0,6.97
2025-12-20 21:00:00+00:00,0.0,7.39
2025-12-20 22:00:00+00:00,0.0,7.53
2025-12-20 23:00:00+00:00,0.0,7.62
2025-12-21 00:00:00+00:00,0.0,7.68
2025-12-21 01:00:00+00:00,0.0,7.86
2025-12-21 02:00:00+00:00,0.0,7.67
2025-12-21 03:00:00+00:00,0.0,7.61
2025-12-21 04:00:00+00:00,0.0,7.69
2025-12-21 05:00:00+00:00,0.0,7.8
2025-12-21 06:00:00+00:00,0.0,7.63
2025-12-21 07:00:00+00:00,0.0,7.59
2025-12-21 08:00:00+00:00,8.8,7.88
2025-12-21 09:00:00+00:00,41.9,8.74
2025-12-21 10:00:00+00:00,72.68,9.24
2025-12-21 11:00:00+00:00,89.32,9.81
2025-12-21 12:00:00+00:00,90.65,10.41
2025-12-21 13:00:00+00:00,71.45,10.45
2025-12-21 14:00:00+00:00,43.3,9.89
2025-12-21 15:00:00+00:00,9.43,9.35
2025-12-21 16:00:00+00:00,0.0,9.28
2025-12-21 17:00:00+00:00,0.0,9.57
2025-12-21 18:00:00+00:00,0.0,9.79
2025-12-21 19:00:00+00:00,0.0,9.85
2025-12-21 20:00:00+00:00,0.0,9.78
2025-12-21 21:00:00+00:00,0.0,9.78
2025-12-21 22:00:00+00:00,0.0,9.77
2025-12-21 23:00:00+00:00,0.0,9.64
2025-12-22 00:00:00+00:00,0.0,9.46
2025-12-22 01:00:00+00:00,0.0,9.22
2025-12-22 02:00:00+00:00,0.0,8.82
2025-12-22 03:00:00+00:00,0.0,8.44
2025-12-22 04:00:00+00:00,0.0,8.13
2025-12-22 05:00:00+00:00,0.0,7.9
2025-12-22 06:00:00+00:00,0.0,7.7
2025-12-22 07:00:00+00:00,0.0,7.45
2025-12-22 08:00:00+00:00,9.18,7.38
2025-12-22 09:00:00+00:00,48.92,8.41
2025-12-22 10:00:00+00:00,88.05,9.37
2025-12-22 11:00:00+00:00,112.43,10.31
2025-12-22 12:00:00+00:00,111.15,10.84
2025-12-22 13:00:00+00:00,87.65,10.9
2025-12-22 14:00:00+00:00,51.42,10.19
2025-12-22 15:00:00+00:00,13.3,8.04
2025-12-22 16:00:00+00:00,0.0,6.78
2025-12-22 17:00:00+00:00,0.0,6.48
2025-12-22 18:00:00+00:00,0.0,6.33
2025-12-22 19:00:00+00:00,0.0,6.3
2025-12-22 20:00:00+00:00,0.0,6.44
2025-12-22 21:00:00+00:00,0.0,6.56
2025-12-22 22:00:00+00:00,0.0,6.61
2025-12-22 23:00:00+00:00,0.0,6.61
2025-12-23 00:00:00+00:00,0.0,6.63
2025-12-23 01:00:00+00:00,0.0,6.49
2025-12-23 02:00:00+00:00,0.0,6.12
2025-12-23 03:00:00+00:00,0.0,5.51
2025-12-23 04:00:00+00:00,0.0,4.91
2025-12-23 05:00:00+00:00,0.0,4.63
2025-12-23 06:00:00+00:00,0.0,4.43
2025-12-23 07:00:00+00:00,0.0,4.56
2025-12-23 08:00:00+00:00,7.6,5.0
2025-12-23 09:00:00+00:00,33.35,5.8
2025-12-23 10:00:00+00:00,61.92,6.45
2025-12-23 11:00:00+00:00,76.95,6.85
2025-12-23 12:00:00+00:00,23.98,7.08
2025-12-23 13:00:00+00:00,23.12,7.16
2025-12-23 14:00:00+00:00,16.92,6.89
2025-12-23 15:00:00+00:00,5.05,6.25
2025-12-23 16:00:00+00:00,0.0,5.8
2025-12-23 17:00:00+00:00,0.0,5.55
2025-12-23 18:00:00+00:00,0.0,5.41
2025-12-23 19:00:00+00:00,0.0,5.37
2025-12-23 20:00:00+00:00,0.0,5.36
2025-12-23 21:00:00+00:00,0.0,5.35
2025-12-23 22:00:00+00:00,0.0,5.25
2025-12-23 23:00:00+00:00,0.0,5.11
2025-12-24 00:00:00+00:00,0.0,4.85
2025-12-24 01:00:00+00:00,0.0,4.59
2025-12-24 02:00:00+00:00,0.0,4.47
2025-12-24 03:00:00+00:00,0.0,4.44
2025-12-24 04:00:00+00:00,0.0,4.33
2025-12-24 05:00:00+00:00,0.0,4.17
2025-12-24 06:00:00+00:00,0.0,4.06
2025-12-24 07:00:00+00:00,0.0,3.59
2025-12-24 08:00:00+00:00,11.4,3.01
2025-12-24 09:00:00+00:00,78.05,3.53
2025-12-24 10:00:00+00:00,145.65,4.54
2025-12-24 11:00:00+00:00,190.82,5.25
2025-12-24 12:00:00+00:00,209.43,5.55
2025-12-24 13:00:00+00:00,193.82,5.38
2025-12-24 14:00:00+00:00,116.9,4.71
2025-12-24 15:00:00+00:00,28.3,3.62
2025-12-24 16:00:00+00:00,0.0,3.01
2025-12-24 17:00:00+00:00,0.0,3.07
2025-12-24 18:00:00+00:00,0.0,3.28
2025-12-24 19:00:00+00:00,0.0,3.46
2025-12-24 20:00:00+00:00,0.0,3.6
2025-12-24 21:00:00+00:00,0.0,3.48
2025-12-24 22:00:00+00:00,0.0,3.04
2025-12-24 23:00:00+00:00,0.0,2.75
2025-12-25 00:00:00+00:00,0.0,2.55
2025-12-25 01:00:00+00:00,0.0,2.32
2025-12-25 02:00:00+00:00,0.0,2.09
2025-12-25 03:00:00+00:00,0.0,1.99
2025-12-25 04:00:00+00:00,0.0,1.97
2025-12-25 05:00:00+00:00,0.0,1.95
2025-12-25 06:00:00+00:00,0.0,1.94
2025-12-25 07:00:00+00:00,0.0,1.89
2025-12-25 08:00:00+00:00,17.27,1.95
2025-12-25 09:00:00+00:00,110.22,2.76
2025-12-25 10:00:00+00:00,195.95,3.76
2025-12-25 11:00:00+00:00,245.0,4.35
2025-12-25 12:00:00+00:00,247.62,4.41
2025-12-25 13:00:00+00:00,206.88,3.99
2025-12-25 14:00:00+00:00,126.78,3.19
2025-12-25 15:00:00+00:00,30.0,2.11
2025-12-25 16:00:00+00:00,0.0,1.32
2025-12-25 17:00:00+00:00,0.0,1.0
2025-12-25 18:00:00+00:00,0.0,0.82
2025-12-25 19:00:00+00:00,0.0,0.67
2025-12-25 20:00:00+00:00,0.0,0.36
2025-12-25 21:00:00+00:00,0.0,-0.28
2025-12-25 22:00:00+00:00,0.0,-0.7
2025-12-25 23:00:00+00:00,0.0,-0.98
2025-12-26 00:00:00+00:00,0.0,-1.14
2025-12-26 01:00:00+00:00,0.0,-1.13
2025-12-26 02:00:00+00:00,0.0,-1.04
2025-12-26 03:00:00+00:00,0.0,-0.99
2025-12-26 04:00:00+00:00,0.0,-0.88
2025-12-26 05:00:00+00:00,0.0,-0.68
2025-12-26 06:00:00+00:00,0.0,-0.5
2025-12-26 07:00:00+00:00,0.0,-0.36
2025-12-26 08:00:00+00:00,11.4,0.1
2025-12-26 09:00:00+00:00,64.18,2.16
2025-12-26 10:00:00+00:00,121.43,3.7
2025-12-26 11:00:00+00:00,155.68,4.98
2025-12-26 12:00:00+00:00,162.98,5.61
2025-12-26 13:00:00+00:00,138.18,5.68
2025-12-26 14:00:00+00:00,86.07,5.03
2025-12-26 15:00:00+00:00,23.88,3.1
2025-12-26 16:00:00+00:00,0.0,1.46
2025-12-26 17:00:00+00:00,0.0,1.03
2025-12-26 18:00:00+00:00,0.0,0.71
2025-12-26 19:00:00+00:00,0.0,0.67
2025-12-26 20:00:00+00:00,0.0,0.68
2025-12-26 21:00:00+00:00,0.0,0.49
2025-12-26 22:00:00+00:00,0.0,0.44
2025-12-26 23:00:00+00:00,0.0,0.76
2025-12-27 00:00:00+00:00,0.0,1.35
2025-12-27 01:00:00+00:00,0.0,1.86
2025-12-27 02:00:00+00:00,0.0,1.94
2025-12-27 03:00:00+00:00,0.0,1.83
2025-12-27 04:00:00+00:00,0.0,1.78
2025-12-27 05:00:00+00:00,0.0,1.87
2025-12-27 06:00:00+00:00,0.0,1.86
2025-12-27 07:00:00+00:00,0.0,1.7
2025-12-27 08:00:00+00:00,15.1,1.8
2025-12-27 09:00:00+00:00,93.62,3.07
2025-12-27 10:00:00+00:00,153.8,4.8
2025-12-27 11:00:00+00:00,187.5,6.41
2025-12-27 12:00:00+00:00,185.75,7.46
2025-12-27 13:00:00+00:00,143.6,7.68
2025-12-27 14:00:00+00:00,83.38,7.32
2025-12-27 15:00:00+00:00,18.2,6.76
2025-12-27 16:00:00+00:00,0.0,6.38
2025-12-27 17:00:00+00:00,0.0,6.19
2025-12-27 18:00:00+00:00,0.0,6.06
2025-12-27 19:00:00+00:00,0.0,5.91
2025-12-27 20:00:00+00:00,0.0,5.88
2025-12-27 21:00:00+00:00,0.0,5.99
2025-12-27 22:00:00+00:00,0.0,5.9
2025-12-27 23:00:00+00:00,0.0,5.65
2025-12-28 00:00:00+00:00,0.0,5.43
2025-12-28 01:00:00+00:00,0.0,5.28
2025-12-28 02:00:00+00:00,0.0,5.17
2025-12-28 03:00:00+00:00,0.0,5.11
2025-12-28 04:00:00+00:00,0.0,5.13
2025-12-28 05:00:00+00:00,0.0,5.1
2025-12-28 06:00:00+00:00,0.0,4.9
2025-12-28 07:00:00+00:00,0.0,4.71
2025-12-28 08:00:00+00:00,8.62,4.73
2025-12-28 09:00:00+00:00,36.33,5.32
2025-12-28 10:00:00+00:00,69.25,6.02
2025-12-28 11:00:00+00:00,76.85,6.6
2025-12-28 12:00:00+00:00,65.4,6.89
2025-12-28 13:00:00+00:00,39.7,6.87
2025-12-28 14:00:00+00:00,36.6,6.52
2025-12-28 15:00:00+00:00,11.35,5.77
2025-12-28 16:00:00+00:00,0.0,5.1
2025-12-28 17:00:00+00:00,0.0,4.2
2025-12-28 18:00:00+00:00,0.0,2.93
2025-12-28 19:00:00+00:00,0.0,2.39
2025-12-28 20:00:00+00:00,0.0,2.15
2025-12-28 21:00:00+00:00,0.0,2.0
2025-12-28 22:00:00+00:00,0.0,2.12
2025-12-28 23:00:00+00:00,0.0,2.16
2025-12-29 00:00:00+00:00,0.0,2.09
2025-12-29 01:00:00+00:00,0.0,2.01
2025-12-29 02:00:00+00:00,0.0,1.93
2025-12-29 03:00:00+00:00,0.0,1.97
2025-12-29 04:00:00+00:00,0.0,1.89
2025-12-29 05:00:00+00:00,0.0,1.94
2025-12-29 06:00:00+00:00,0.0,2.46
2025-12-29 07:00:00+00:00,0.0,2.85
2025-12-29 08:00:00+00:00,9.82,3.21
2025-12-29 09:00:00+00:00,51.53,4.09
2025-12-29 10:00:00+00:00,91.28,5.04
2025-12-29 11:00:00+00:00,68.8,5.81
2025-12-29 12:00:00+00:00,63.38,6.08
2025-12-29 13:00:00+00:00,40.33,6.11
2025-12-29 14:00:00+00:00,30.42,5.73
2025-12-29 15:00:00+00:00,8.07,4.62
2025-12-29 16:00:00+00:00,0.0,3.72
2025-12-29 17:00:00+00:00,0.0,3.3
2025-12-29 18:00:00+00:00,0.0,2.96
2025-12-29 19:00:00+00:00,0.0,3.17
2025-12-29 20:00:00+00:00,0.0,3.37
2025-12-29 21:00:00+00:00,0.0,3.75
2025-12-29 22:00:00+00:00,0.0,4.02
2025-12-29 23:00:00+00:00,0.0,3.56
2025-12-30 00:00:00+00:00,0.0,3.35
2025-12-30 01:00:00+00:00,0.0,3.49
2025-12-30 02:00:00+00:00,0.0,3.32
2025-12-30 03:00:00+00:00,0.0,3.02
2025-12-30 04:00:00+00:00,0.0,2.45
2025-12-30 05:00:00+00:00,0.0,1.89
2025-12-30 06:00:00+00:00,0.0,1.55
2025-12-30 07:00:00+00:00,0.0,1.45
2025-12-30 08:00:00+00:00,12.27,1.49
2025-12-30 09:00:00+00:00,82.93,2.75
2025-12-30 10:00:00+00:00,146.0,3.83
2025-12-30 11:00:00+00:00,175.57,5.0
2025-12-30 12:00:00+00:00,181.12,5.64
2025-12-30 13:00:00+00:00,151.93,5.6
2025-12-30 14:00:00+00:00,98.93,4.89
2025-12-30 15:00:00+00:00,27.8,2.87
2025-12-30 16:00:00+00:00,0.0,1.54
2025-12-30 17:00:00+00:00,0.0,0.96
2025-12-30 18:00:00+00:00,0.0,0.36
2025-12-30 19:00:00+00:00,0.0,0.08
2025-12-30 20:00:00+00:00,0.0,-0.24
2025-12-30 21:00:00+00:00,0.0,-0.47
2025-12-30 22:00:00+00:00,0.0,-0.33
2025-12-30 23:00:00+00:00,0.0,0.12
2025-12-31 00:00:00+00:00,0.0,0.53
2025-12-31 01:00:00+00:00,0.0,0.28
2025-12-31 02:00:00+00:00,0.0,-0.07
2025-12-31 03:00:00+00:00,0.0,-0.27
2025-12-31 04:00:00+00:00,0.0,-0.21
2025-12-31 05:00:00+00:00,0.0,-0.2
2025-12-31 06:00:00+00:00,0.0,-0.27
2025-12-31 07:00:00+00:00,0.0,-0.43
2025-12-31 08:00:00+00:00,14.25,-0.43
2025-12-31 09:00:00+00:00,92.07,0.22
2025-12-31 10:00:00+00:00,163.88,1.3
2025-12-31 11:00:00+00:00,209.5,2.37
2025-12-31 12:00:00+00:00,216.85,3.26
2025-12-31 13:00:00+00:00,183.75,3.73
2025-12-31 14:00:00+00:00,121.12,3.21
2025-12-31 15:00:00+00:00,34.53,0.8
2025-12-31 16:00:00+00:00,0.0,-0.72
2025-12-31 17:00:00+00:00,0.0,-0.77
2025-12-31 18:00:00+00:00,0.0,-0.36
2025-12-31 19:00:00+00:00,0.0,-0.21
2025-12-31 20:00:00+00:00,0.0,-0.54
2025-12-31 21:00:00+00:00,0.0,-0.53
2025-12-31 22:00:00+00:00,0.0,-0.45
2025-12-31 23:00:00+00:00,0.0,-0.57
