timestamp,ghi_wm2,temp_c
2023-01-01 00:00:00+00:00,121.53,11.53
2023-01-01 01:00:00+00:00,235.1,12.36
2023-01-01 02:00:00+00:00,335.0,13.96
2023-01-01 03:00:00+00:00,389.02,15.66
2023-01-01 04:00:00+00:00,363.65,16.91
2023-01-01 05:00:00+00:00,347.3,17.81
2023-01-01 06:00:00+00:00,254.12,18.32
2023-01-01 07:00:00+00:00,178.7,18.51
2023-01-01 08:00:00+00:00,92.2,18.42
2023-01-01 09:00:00+00:00,14.23,17.62
2023-01-01 10:00:00+00:00,0.0,17.04
2023-01-01 11:00:00+00:00,0.0,16.86
2023-01-01 12:00:00+00:00,0.0,16.64
2023-01-01 13:00:00+00:00,0.0,16.36
2023-01-01 14:00:00+00:00,0.0,15.96
2023-01-01 15:00:00+00:00,0.0,15.58
2023-01-01 16:00:00+00:00,0.0,15.17
2023-01-01 17:00:00+00:00,0.0,14.66
2023-01-01 18:00:00+00:00,0.0,14.2
2023-01-01 19:00:00+00:00,0.0,13.88
2023-01-01 20:00:00+00:00,0.0,13.4
2023-01-01 21:00:00+00:00,0.0,13.02
2023-01-01 22:00:00+00:00,0.0,12.85
2023-01-01 23:00:00+00:00,27.42,12.97
2023-01-02 00:00:00+00:00,141.12,13.66
2023-01-02 01:00:00+00:00,266.62,14.89
2023-01-02 02:00:00+00:00,438.35,16.44
2023-01-02 03:00:00+00:00,542.08,17.72
2023-01-02 04:00:00+00:00,530.47,18.55
2023-01-02 05:00:00+00:00,489.1,19.01
2023-01-02 06:00:00+00:00,348.23,19.09
2023-01-02 07:00:00+00:00,252.38,18.93
2023-01-02 08:00:00+00:00,130.55,18.57
2023-01-02 09:00:00+00:00,22.7,17.9
2023-01-02 10:00:00+00:00,0.0,17.32
2023-01-02 11:00:00+00:00,0.0,16.85
2023-01-02 12:00:00+00:00,0.0,16.48
2023-01-02 13:00:00+00:00,0.0,15.93
2023-01-02 14:00:00+00:00,0.0,15.35
2023-01-02 15:00:00+00:00,0.0,14.82
2023-01-02 16:00:00+00:00,0.0,14.25
2023-01-02 17:00:00+00:00,0.0,13.72
2023-01-02 18:00:00+00:00,0.0,13.52
2023-01-02 19:00:00+00:00,0.0,13.59
2023-01-02 20:00:00+00:00,0.0,13.69
2023-01-02 21:00:00+00:00,0.0,13.53
2023-01-02 22:00:00+00:00,0.0,13.24
2023-01-02 23:00:00+00:00,27.52,13.06
2023-01-03 00:00:00+00:00,127.15,13.14
2023-01-03 01:00:00+00:00,226.3,13.54
2023-01-03 02:00:00+00:00,343.5,14.33
2023-01-03 03:00:00+00:00,348.05,15.39
2023-01-03 04:00:00+00:00,472.0,16.56
2023-01-03 05:00:00+00:00,346.95,17.41
2023-01-03 06:00:00+00:00,273.92,17.96
2023-01-03 07:00:00+00:00,187.75,18.16
2023-01-03 08:00:00+00:00,101.38,18.11
2023-01-03 09:00:00+00:00,17.67,17.53
2023-01-03 10:00:00+00:00,0.0,16.89
2023-01-03 11:00:00+00:00,0.0,16.46
2023-01-03 12:00:00+00:00,0.0,15.85
2023-01-03 13:00:00+00:00,0.0,15.23
2023-01-03 14:00:00+00:00,0.0,14.31
2023-01-03 15:00:00+00:00,0.0,13.71
2023-01-03 16:00:00+00:00,0.0,13.49
2023-01-03 17:00:00+00:00,0.0,13.21
2023-01-03 18:00:00+00:00,0.0,12.9
2023-01-03 19:00:00+00:00,0.0,12.79
2023-01-03 20:00:00+00:00,0.0,12.79
2023-01-03 21:00:00+00:00,0.0,12.87
2023-01-03 22:00:00+00:00,0.0,12.92
2023-01-03 23:00:00+00:00,16.9,13.19
2023-01-04 00:00:00+00:00,101.65,13.98
2023-01-04 01:00:00+00:00,183.2,15.32
2023-01-04 02:00:00+00:00,253.5,16.83
2023-01-04 03:00:00+00:00,434.35,17.64
2023-01-04 04:00:00+00:00,600.72,18.1
2023-01-04 05:00:00+00:00,405.5,18.45
2023-01-04 06:00:00+00:00,328.9,18.62
2023-01-04 07:00:00+00:00,230.5,18.69
2023-01-04 08:00:00+00:00,120.18,18.59
2023-01-04 09:00:00+00:00,19.48,18.0
2023-01-04 10:00:00+00:00,0.0,17.5
2023-01-04 11:00:00+00:00,0.0,17.22
2023-01-04 12:00:00+00:00,0.0,16.92
2023-01-04 13:00:00+00:00,0.0,16.66
2023-01-04 14:00:00+00:00,0.0,16.36
2023-01-04 15:00:00+00:00,0.0,16.12
2023-01-04 16:00:00+00:00,0.0,15.88
2023-01-04 17:00:00+00:00,0.0,15.57
2023-01-04 18:00:00+00:00,0.0,15.28
2023-01-04 19:00:00+00:00,0.0,15.03
2023-01-04 20:00:00+00:00,0.0,14.83
2023-01-04 21:00:00+00:00,0.0,14.66
2023-01-04 22:00:00+00:00,0.0,14.37
2023-01-04 23:00:00+00:00,32.9,14.65
2023-01-05 00:00:00+00:00,179.8,15.96
2023-01-05 01:00:00+00:00,353.12,17.54
2023-01-05 02:00:00+00:00,527.88,18.49
2023-01-05 03:00:00+00:00,645.6,19.07
2023-01-05 04:00:00+00:00,698.17,19.71
2023-01-05 05:00:00+00:00,635.47,20.35
2023-01-05 06:00:00+00:00,506.95,20.85
2023-01-05 07:00:00+00:00,368.27,21.15
2023-01-05 08:00:00+00:00,196.48,21.13
2023-01-05 09:00:00+00:00,31.65,20.18
2023-01-05 10:00:00+00:00,0.0,19.2
2023-01-05 11:00:00+00:00,0.0,18.66
2023-01-05 12:00:00+00:00,0.0,18.29
2023-01-05 13:00:00+00:00,0.0,18.0
2023-01-05 14:00:00+00:00,0.0,17.58
2023-01-05 15:00:00+00:00,0.0,17.14
2023-01-05 16:00:00+00:00,0.0,16.79
2023-01-05 17:00:00+00:00,0.0,16.47
2023-01-05 18:00:00+00:00,0.0,16.16
2023-01-05 19:00:00+00:00,0.0,15.85
2023-01-05 20:00:00+00:00,0.0,15.62
2023-01-05 21:00:00+00:00,0.0,15.39
2023-01-05 22:00:00+00:00,0.0,15.13
2023-01-05 23:00:00+00:00,36.85,15.18
2023-01-06 00:00:00+00:00,206.27,15.91
2023-01-06 01:00:00+00:00,400.05,17.12
2023-01-06 02:00:00+00:00,564.47,18.6
2023-01-06 03:00:00+00:00,666.28,19.71
2023-01-06 04:00:00+00:00,714.95,20.57
2023-01-06 05:00:00+00:00,679.95,21.08
2023-01-06 06:00:00+00:00,570.08,21.27
2023-01-06 07:00:00+00:00,408.92,21.21
2023-01-06 08:00:00+00:00,211.6,20.86
2023-01-06 09:00:00+00:00,32.65,19.79
2023-01-06 10:00:00+00:00,0.0,18.92
2023-01-06 11:00:00+00:00,0.0,18.54
2023-01-06 12:00:00+00:00,0.0,18.05
2023-01-06 13:00:00+00:00,0.0,17.49
2023-01-06 14:00:00+00:00,0.0,16.91
2023-01-06 15:00:00+00:00,0.0,16.38
2023-01-06 16:00:00+00:00,0.0,15.91
2023-01-06 17:00:00+00:00,0.0,15.47
2023-01-06 18:00:00+00:00,0.0,15.1
2023-01-06 19:00:00+00:00,0.0,14.72
2023-01-06 20:00:00+00:00,0.0,14.25
2023-01-06 21:00:00+00:00,0.0,13.76
2023-01-06 22:00:00+00:00,0.0,13.33
2023-01-06 23:00:00+00:00,31.4,13.42
2023-01-07 00:00:00+00:00,164.12,14.36
2023-01-07 01:00:00+00:00,314.23,16.49
2023-01-07 02:00:00+00:00,454.0,18.83
2023-01-07 03:00:00+00:00,533.05,20.05
2023-01-07 04:00:00+00:00,538.05,20.5
2023-01-07 05:00:00+00:00,527.1,20.83
2023-01-07 06:00:00+00:00,387.85,20.92
2023-01-07 07:00:00+00:00,253.48,20.87
2023-01-07 08:00:00+00:00,125.43,20.58
2023-01-07 09:00:00+00:00,24.05,19.56
2023-01-07 10:00:00+00:00,0.0,18.81
2023-01-07 11:00:00+00:00,0.0,18.47
2023-01-07 12:00:00+00:00,0.0,18.18
2023-01-07 13:00:00+00:00,0.0,18.0
2023-01-07 14:00:00+00:00,0.0,17.81
2023-01-07 15:00:00+00:00,0.0,17.59
2023-01-07 16:00:00+00:00,0.0,17.34
2023-01-07 17:00:00+00:00,0.0,17.13
2023-01-07 18:00:00+00:00,0.0,17.02
2023-01-07 19:00:00+00:00,0.0,16.86
2023-01-07 20:00:00+00:00,0.0,16.67
2023-01-07 21:00:00+00:00,0.0,16.51
2023-01-07 22:00:00+00:00,0.0,16.41
2023-01-07 23:00:00+00:00,5.78,16.59
2023-01-08 00:00:00+00:00,48.53,17.33
2023-01-08 01:00:00+00:00,100.68,18.41
2023-01-08 02:00:00+00:00,144.82,19.64
2023-01-08 03:00:00+00:00,174.2,20.36
2023-01-08 04:00:00+00:00,190.75,20.82
2023-01-08 05:00:00+00:00,246.38,21.15
2023-01-08 06:00:00+00:00,183.5,21.29
2023-01-08 07:00:00+00:00,150.12,21.21
2023-01-08 08:00:00+00:00,85.55,20.84
2023-01-08 09:00:00+00:00,14.43,19.9
2023-01-08 10:00:00+00:00,0.0,19.18
2023-01-08 11:00:00+00:00,0.0,18.74
2023-01-08 12:00:00+00:00,0.0,18.29
2023-01-08 13:00:00+00:00,0.0,17.88
2023-01-08 14:00:00+00:00,0.0,17.55
2023-01-08 15:00:00+00:00,0.0,17.36
2023-01-08 16:00:00+00:00,0.0,17.27
2023-01-08 17:00:00+00:00,0.0,17.1
2023-01-08 18:00:00+00:00,0.0,16.88
2023-01-08 19:00:00+00:00,0.0,16.72
2023-01-08 20:00:00+00:00,0.0,16.65
2023-01-08 21:00:00+00:00,0.0,16.68
2023-01-08 22:00:00+00:00,0.0,16.74
2023-01-08 23:00:00+00:00,20.58,16.91
2023-01-09 00:00:00+00:00,110.43,17.37
2023-01-09 01:00:00+00:00,198.45,18.17
2023-01-09 02:00:00+00:00,272.52,18.95
2023-01-09 03:00:00+00:00,272.95,19.28
2023-01-09 04:00:00+00:00,260.05,19.52
2023-01-09 05:00:00+00:00,244.4,19.66
2023-01-09 06:00:00+00:00,167.8,19.69
2023-01-09 07:00:00+00:00,153.02,19.61
2023-01-09 08:00:00+00:00,85.8,19.34
2023-01-09 09:00:00+00:00,14.43,18.88
2023-01-09 10:00:00+00:00,0.0,18.48
2023-01-09 11:00:00+00:00,0.0,18.15
2023-01-09 12:00:00+00:00,0.0,17.88
2023-01-09 13:00:00+00:00,0.0,17.69
2023-01-09 14:00:00+00:00,0.0,17.59
2023-01-09 15:00:00+00:00,0.0,17.55
2023-01-09 16:00:00+00:00,0.0,17.56
2023-01-09 17:00:00+00:00,0.0,17.51
2023-01-09 18:00:00+00:00,0.0,17.45
2023-01-09 19:00:00+00:00,0.0,17.38
2023-01-09 20:00:00+00:00,0.0,17.3
2023-01-09 21:00:00+00:00,0.0,17.21
2023-01-09 22:00:00+00:00,0.0,17.14
2023-01-09 23:00:00+00:00,14.6,17.15
2023-01-10 00:00:00+00:00,73.57,17.35
2023-01-10 01:00:00+00:00,129.0,17.69
2023-01-10 02:00:00+00:00,134.7,18.18
2023-01-10 03:00:00+00:00,121.55,18.57
2023-01-10 04:00:00+00:00,132.05,18.81
2023-01-10 05:00:00+00:00,83.7,18.96
2023-01-10 06:00:00+00:00,85.3,19.0
2023-01-10 07:00:00+00:00,67.22,18.94
2023-01-10 08:00:00+00:00,40.9,18.77
2023-01-10 09:00:00+00:00,8.98,18.41
2023-01-10 10:00:00+00:00,0.0,18.13
2023-01-10 11:00:00+00:00,0.0,17.96
2023-01-10 12:00:00+00:00,0.0,17.85
2023-01-10 13:00:00+00:00,0.0,17.75
2023-01-10 14:00:00+00:00,0.0,17.58
2023-01-10 15:00:00+00:00,0.0,17.48
2023-01-10 16:00:00+00:00,0.0,17.39
2023-01-10 17:00:00+00:00,0.0,17.26
2023-01-10 18:00:00+00:00,0.0,17.11
2023-01-10 19:00:00+00:00,0.0,16.95
2023-01-10 20:00:00+00:00,0.0,16.8
2023-01-10 21:00:00+00:00,0.0,16.68
2023-01-10 22:00:00+00:00,0.0,16.54
2023-01-10 23:00:00+00:00,14.27,16.57
2023-01-11 00:00:00+00:00,82.25,16.79
2023-01-11 01:00:00+00:00,137.73,17.15
2023-01-11 02:00:00+00:00,179.25,17.89
2023-01-11 03:00:00+00:00,218.8,18.72
2023-01-11 04:00:00+00:00,279.15,19.47
2023-01-11 05:00:00+00:00,230.35,19.91
2023-01-11 06:00:00+00:00,201.7,20.11
2023-01-11 07:00:00+00:00,145.45,20.11
2023-01-11 08:00:00+00:00,80.53,19.87
2023-01-11 09:00:00+00:00,16.02,19.27
2023-01-11 10:00:00+00:00,0.0,18.8
2023-01-11 11:00:00+00:00,0.0,18.59
2023-01-11 12:00:00+00:00,0.0,18.39
2023-01-11 13:00:00+00:00,0.0,18.22
2023-01-11 14:00:00+00:00,0.0,18.06
2023-01-11 15:00:00+00:00,0.0,17.96
2023-01-11 16:00:00+00:00,0.0,17.92
2023-01-11 17:00:00+00:00,0.0,17.88
2023-01-11 18:00:00+00:00,0.0,17.86
2023-01-11 19:00:00+00:00,0.0,17.84
2023-01-11 20:00:00+00:00,0.0,17.82
2023-01-11 21:00:00+00:00,0.0,17.8
2023-01-11 22:00:00+00:00,0.0,17.8
2023-01-11 23:00:00+00:00,14.8,18.0
2023-01-12 00:00:00+00:00,77.38,18.56
2023-01-12 01:00:00+00:00,146.75,19.48
2023-01-12 02:00:00+00:00,160.75,20.5
2023-01-12 03:00:00+00:00,208.82,21.24
2023-01-12 04:00:00+00:00,210.3,21.67
2023-01-12 05:00:00+00:00,196.25,21.86
2023-01-12 06:00:00+00:00,151.73,21.84
2023-01-12 07:00:00+00:00,116.3,21.67
2023-01-12 08:00:00+00:00,63.8,21.31
2023-01-12 09:00:00+00:00,14.02,20.65
2023-01-12 10:00:00+00:00,0.0,20.15
2023-01-12 11:00:00+00:00,0.0,19.97
2023-01-12 12:00:00+00:00,0.0,19.93
2023-01-12 13:00:00+00:00,0.0,19.97
2023-01-12 14:00:00+00:00,0.0,20.04
2023-01-12 15:00:00+00:00,0.0,20.08
2023-01-12 16:00:00+00:00,0.0,20.08
2023-01-12 17:00:00+00:00,0.0,20.05
2023-01-12 18:00:00+00:00,0.0,20.01
2023-01-12 19:00:00+00:00,0.0,20.01
2023-01-12 20:00:00+00:00,0.0,20.03
2023-01-12 21:00:00+00:00,0.0,20.07
2023-01-12 22:00:00+00:00,0.0,20.09
2023-01-12 23:00:00+00:00,8.75,20.34
2023-01-13 00:00:00+00:00,70.22,20.87
2023-01-13 01:00:00+00:00,134.9,21.52
2023-01-13 02:00:00+00:00,184.98,22.15
2023-01-13 03:00:00+00:00,238.15,22.47
2023-01-13 04:00:00+00:00,217.3,22.68
2023-01-13 05:00:00+00:00,150.95,22.74
2023-01-13 06:00:00+00:00,115.9,22.65
2023-01-13 07:00:00+00:00,92.4,22.29
2023-01-13 08:00:00+00:00,54.6,21.7
2023-01-13 09:00:00+00:00,12.93,20.87
2023-01-13 10:00:00+00:00,0.0,20.21
2023-01-13 11:00:00+00:00,0.0,19.95
2023-01-13 12:00:00+00:00,0.0,19.8
2023-01-13 13:00:00+00:00,0.0,19.74
2023-01-13 14:00:00+00:00,0.0,19.69
2023-01-13 15:00:00+00:00,0.0,19.63
2023-01-13 16:00:00+00:00,0.0,19.63
2023-01-13 17:00:00+00:00,0.0,19.71
2023-01-13 18:00:00+00:00,0.0,19.7
2023-01-13 19:00:00+00:00,0.0,19.67
2023-01-13 20:00:00+00:00,0.0,19.66
2023-01-13 21:00:00+00:00,0.0,19.52
2023-01-13 22:00:00+00:00,0.0,19.4
2023-01-13 23:00:00+00:00,33.83,19.94
2023-01-14 00:00:00+00:00,170.1,21.1
2023-01-14 01:00:00+00:00,307.85,22.17
2023-01-14 02:00:00+00:00,452.75,23.11
2023-01-14 03:00:00+00:00,554.15,23.65
2023-01-14 04:00:00+00:00,614.97,23.97
2023-01-14 05:00:00+00:00,588.95,24.15
2023-01-14 06:00:00+00:00,483.45,24.22
2023-01-14 07:00:00+00:00,337.7,24.0
2023-01-14 08:00:00+00:00,184.8,23.48
2023-01-14 09:00:00+00:00,37.92,22.43
2023-01-14 10:00:00+00:00,0.0,21.55
2023-01-14 11:00:00+00:00,0.0,21.35
2023-01-14 12:00:00+00:00,0.0,21.52
2023-01-14 13:00:00+00:00,0.0,21.09
2023-01-14 14:00:00+00:00,0.0,20.42
2023-01-14 15:00:00+00:00,0.0,20.02
2023-01-14 16:00:00+00:00,0.0,19.66
2023-01-14 17:00:00+00:00,0.0,19.04
2023-01-14 18:00:00+00:00,0.0,18.32
2023-01-14 19:00:00+00:00,0.0,17.59
2023-01-14 20:00:00+00:00,0.0,16.94
2023-01-14 21:00:00+00:00,0.0,16.43
2023-01-14 22:00:00+00:00,0.0,15.94
2023-01-14 23:00:00+00:00,12.5,15.49
2023-01-15 00:00:00+00:00,71.18,15.46
2023-01-15 01:00:00+00:00,120.4,15.81
2023-01-15 02:00:00+00:00,168.07,16.33
2023-01-15 03:00:00+00:00,149.93,16.66
2023-01-15 04:00:00+00:00,132.62,16.67
2023-01-15 05:00:00+00:00,124.5,16.49
2023-01-15 06:00:00+00:00,106.38,16.22
2023-01-15 07:00:00+00:00,78.45,15.98
2023-01-15 08:00:00+00:00,44.5,15.52
2023-01-15 09:00:00+00:00,8.32,14.67
2023-01-15 10:00:00+00:00,0.0,13.78
2023-01-15 11:00:00+00:00,0.0,13.13
2023-01-15 12:00:00+00:00,0.0,12.52
2023-01-15 13:00:00+00:00,0.0,11.84
2023-01-15 14:00:00+00:00,0.0,11.11
2023-01-15 15:00:00+00:00,0.0,10.5
2023-01-15 16:00:00+00:00,0.0,10.07
2023-01-15 17:00:00+00:00,0.0,9.7
2023-01-15 18:00:00+00:00,0.0,9.37
2023-01-15 19:00:00+00:00,0.0,9.14
2023-01-15 20:00:00+00:00,0.0,9.02
2023-01-15 21:00:00+00:00,0.0,8.95
2023-01-15 22:00:00+00:00,0.0,8.92
2023-01-15 23:00:00+00:00,13.27,9.0
2023-01-16 00:00:00+00:00,88.95,9.35
2023-01-16 01:00:00+00:00,161.12,9.93
2023-01-16 02:00:00+00:00,222.02,10.72
2023-01-16 03:00:00+00:00,266.4,11.46
2023-01-16 04:00:00+00:00,281.08,11.99
2023-01-16 05:00:00+00:00,228.85,12.52
2023-01-16 06:00:00+00:00,179.98,13.02
2023-01-16 07:00:00+00:00,126.68,13.38
2023-01-16 08:00:00+00:00,69.07,13.4
2023-01-16 09:00:00+00:00,12.35,13.14
2023-01-16 10:00:00+00:00,0.0,12.9
2023-01-16 11:00:00+00:00,0.0,12.73
2023-01-16 12:00:00+00:00,0.0,12.35
2023-01-16 13:00:00+00:00,0.0,11.75
2023-01-16 14:00:00+00:00,0.0,11.02
2023-01-16 15:00:00+00:00,0.0,10.5
2023-01-16 16:00:00+00:00,0.0,10.09
2023-01-16 17:00:00+00:00,0.0,9.78
2023-01-16 18:00:00+00:00,0.0,9.7
2023-01-16 19:00:00+00:00,0.0,9.71
2023-01-16 20:00:00+00:00,0.0,9.6
2023-01-16 21:00:00+00:00,0.0,9.44
2023-01-16 22:00:00+00:00,0.0,9.36
2023-01-16 23:00:00+00:00,9.38,9.53
2023-01-17 00:00:00+00:00,87.97,10.05
2023-01-17 01:00:00+00:00,215.32,10.81
2023-01-17 02:00:00+00:00,333.5,11.83
2023-01-17 03:00:00+00:00,419.75,12.8
2023-01-17 04:00:00+00:00,465.0,13.67
2023-01-17 05:00:00+00:00,391.67,14.5
2023-01-17 06:00:00+00:00,347.48,15.13
2023-01-17 07:00:00+00:00,248.35,15.54
2023-01-17 08:00:00+00:00,133.43,15.53
2023-01-17 09:00:00+00:00,29.15,14.89
2023-01-17 10:00:00+00:00,0.0,14.16
2023-01-17 11:00:00+00:00,0.0,13.72
2023-01-17 12:00:00+00:00,0.0,13.14
2023-01-17 13:00:00+00:00,0.0,12.62
2023-01-17 14:00:00+00:00,0.0,11.95
2023-01-17 15:00:00+00:00,0.0,11.37
2023-01-17 16:00:00+00:00,0.0,10.98
2023-01-17 17:00:00+00:00,0.0,10.61
2023-01-17 18:00:00+00:00,0.0,10.3
2023-01-17 19:00:00+00:00,0.0,10.03
2023-01-17 20:00:00+00:00,0.0,9.79
2023-01-17 21:00:00+00:00,0.0,9.6
2023-01-17 22:00:00+00:00,0.0,9.53
2023-01-17 23:00:00+00:00,27.75,9.86
2023-01-18 00:00:00+00:00,161.18,10.52
2023-01-18 01:00:00+00:00,326.23,11.5
2023-01-18 02:00:00+00:00,518.0,12.88
2023-01-18 03:00:00+00:00,651.05,14.13
2023-01-18 04:00:00+00:00,754.5,15.3
2023-01-18 05:00:00+00:00,703.67,16.29
2023-01-18 06:00:00+00:00,554.75,17.0
2023-01-18 07:00:00+00:00,424.58,17.41
2023-01-18 08:00:00+00:00,237.88,17.42
2023-01-18 09:00:00+00:00,47.67,16.59
2023-01-18 10:00:00+00:00,0.0,15.7
2023-01-18 11:00:00+00:00,0.0,15.33
2023-01-18 12:00:00+00:00,0.0,14.75
2023-01-18 13:00:00+00:00,0.0,14.05
2023-01-18 14:00:00+00:00,0.0,13.28
2023-01-18 15:00:00+00:00,0.0,12.66
2023-01-18 16:00:00+00:00,0.0,12.27
2023-01-18 17:00:00+00:00,0.0,12.05
2023-01-18 18:00:00+00:00,0.0,11.91
2023-01-18 19:00:00+00:00,0.0,11.76
2023-01-18 20:00:00+00:00,0.0,11.56
2023-01-18 21:00:00+00:00,0.0,11.34
2023-01-18 22:00:00+00:00,0.0,11.09
2023-01-18 23:00:00+00:00,34.53,11.35
2023-01-19 00:00:00+00:00,216.8,12.32
2023-01-19 01:00:00+00:00,414.3,13.6
2023-01-19 02:00:00+00:00,565.0,15.21
2023-01-19 03:00:00+00:00,686.05,16.5
2023-01-19 04:00:00+00:00,753.97,17.47
2023-01-19 05:00:00+00:00,684.83,18.24
2023-01-19 06:00:00+00:00,600.42,18.75
2023-01-19 07:00:00+00:00,427.85,18.84
2023-01-19 08:00:00+00:00,234.77,18.62
2023-01-19 09:00:00+00:00,50.2,17.49
2023-01-19 10:00:00+00:00,0.0,16.47
2023-01-19 11:00:00+00:00,0.0,15.85
2023-01-19 12:00:00+00:00,0.0,15.2
2023-01-19 13:00:00+00:00,0.0,14.66
2023-01-19 14:00:00+00:00,0.0,14.26
2023-01-19 15:00:00+00:00,0.0,14.06
2023-01-19 16:00:00+00:00,0.0,13.88
2023-01-19 17:00:00+00:00,0.0,13.54
2023-01-19 18:00:00+00:00,0.0,13.24
2023-01-19 19:00:00+00:00,0.0,12.82
2023-01-19 20:00:00+00:00,0.0,12.55
2023-01-19 21:00:00+00:00,0.0,12.23
2023-01-19 22:00:00+00:00,0.0,11.95
2023-01-19 23:00:00+00:00,18.27,12.31
2023-01-20 00:00:00+00:00,111.9,13.26
2023-01-20 01:00:00+00:00,212.1,14.54
2023-01-20 02:00:00+00:00,304.92,16.36
2023-01-20 03:00:00+00:00,361.4,17.44
2023-01-20 04:00:00+00:00,484.12,18.24
2023-01-20 05:00:00+00:00,516.6,18.66
2023-01-20 06:00:00+00:00,507.83,18.98
2023-01-20 07:00:00+00:00,365.02,19.25
2023-01-20 08:00:00+00:00,198.93,19.23
2023-01-20 09:00:00+00:00,45.7,18.62
2023-01-20 10:00:00+00:00,0.0,17.99
2023-01-20 11:00:00+00:00,0.0,17.64
2023-01-20 12:00:00+00:00,0.0,17.36
2023-01-20 13:00:00+00:00,0.0,17.02
2023-01-20 14:00:00+00:00,0.0,16.47
2023-01-20 15:00:00+00:00,0.0,16.11
2023-01-20 16:00:00+00:00,0.0,16.0
2023-01-20 17:00:00+00:00,0.0,15.8
2023-01-20 18:00:00+00:00,0.0,15.52
2023-01-20 19:00:00+00:00,0.0,15.2
2023-01-20 20:00:00+00:00,0.0,14.92
2023-01-20 21:00:00+00:00,0.0,14.76
2023-01-20 22:00:00+00:00,0.0,14.66
2023-01-20 23:00:00+00:00,19.52,14.84
2023-01-21 00:00:00+00:00,114.75,15.39
2023-01-21 01:00:00+00:00,221.27,16.18
2023-01-21 02:00:00+00:00,320.85,16.92
2023-01-21 03:00:00+00:00,386.42,17.72
2023-01-21 04:00:00+00:00,432.45,18.23
2023-01-21 05:00:00+00:00,294.0,18.36
2023-01-21 06:00:00+00:00,246.8,18.31
2023-01-21 07:00:00+00:00,181.8,18.32
2023-01-21 08:00:00+00:00,105.97,18.13
2023-01-21 09:00:00+00:00,20.98,17.58
2023-01-21 10:00:00+00:00,0.0,16.8
2023-01-21 11:00:00+00:00,0.0,16.57
2023-01-21 12:00:00+00:00,0.0,16.48
2023-01-21 13:00:00+00:00,0.0,16.39
2023-01-21 14:00:00+00:00,0.0,16.28
2023-01-21 15:00:00+00:00,0.0,16.18
2023-01-21 16:00:00+00:00,0.0,16.1
2023-01-21 17:00:00+00:00,0.0,16.01
2023-01-21 18:00:00+00:00,0.0,15.86
2023-01-21 19:00:00+00:00,0.0,15.71
2023-01-21 20:00:00+00:00,0.0,15.48
2023-01-21 21:00:00+00:00,0.0,15.27
2023-01-21 22:00:00+00:00,0.0,15.09
2023-01-21 23:00:00+00:00,19.17,15.66
2023-01-22 00:00:00+00:00,121.85,16.94
2023-01-22 01:00:00+00:00,238.32,18.34
2023-01-22 02:00:00+00:00,342.2,19.67
2023-01-22 03:00:00+00:00,551.33,21.52
2023-01-22 04:00:00+00:00,631.5,22.84
2023-01-22 05:00:00+00:00,615.12,23.52
2023-01-22 06:00:00+00:00,562.62,23.74
2023-01-22 07:00:00+00:00,416.3,23.74
2023-01-22 08:00:00+00:00,237.65,23.5
2023-01-22 09:00:00+00:00,56.53,22.59
2023-01-22 10:00:00+00:00,0.0,20.86
2023-01-22 11:00:00+00:00,0.0,19.68
2023-01-22 12:00:00+00:00,0.0,18.9
2023-01-22 13:00:00+00:00,0.0,18.43
2023-01-22 14:00:00+00:00,0.0,18.22
2023-01-22 15:00:00+00:00,0.0,18.23
2023-01-22 16:00:00+00:00,0.0,18.17
2023-01-22 17:00:00+00:00,0.0,17.64
2023-01-22 18:00:00+00:00,0.0,17.13
2023-01-22 19:00:00+00:00,0.0,16.69
2023-01-22 20:00:00+00:00,0.0,16.17
2023-01-22 21:00:00+00:00,0.0,15.65
2023-01-22 22:00:00+00:00,0.0,15.21
2023-01-22 23:00:00+00:00,31.67,15.27
2023-01-23 00:00:00+00:00,145.6,16.18
2023-01-23 01:00:00+00:00,266.08,17.61
2023-01-23 02:00:00+00:00,369.62,19.0
2023-01-23 03:00:00+00:00,452.67,19.81
2023-01-23 04:00:00+00:00,512.15,20.44
2023-01-23 05:00:00+00:00,445.35,21.2
2023-01-23 06:00:00+00:00,465.55,21.85
2023-01-23 07:00:00+00:00,326.85,22.01
2023-01-23 08:00:00+00:00,172.3,21.62
2023-01-23 09:00:00+00:00,33.42,20.63
2023-01-23 10:00:00+00:00,0.0,19.59
2023-01-23 11:00:00+00:00,0.0,19.11
2023-01-23 12:00:00+00:00,0.0,18.56
2023-01-23 13:00:00+00:00,0.0,17.36
2023-01-23 14:00:00+00:00,0.0,15.99
2023-01-23 15:00:00+00:00,0.0,15.13
2023-01-23 16:00:00+00:00,0.0,14.91
2023-01-23 17:00:00+00:00,0.0,14.73
2023-01-23 18:00:00+00:00,0.0,14.05
2023-01-23 19:00:00+00:00,0.0,13.32
2023-01-23 20:00:00+00:00,0.0,12.84
2023-01-23 21:00:00+00:00,0.0,12.11
2023-01-23 22:00:00+00:00,0.0,11.32
2023-01-23 23:00:00+00:00,26.2,11.11
2023-01-24 00:00:00+00:00,180.55,11.75
2023-01-24 01:00:00+00:00,364.35,13.09
2023-01-24 02:00:00+00:00,548.62,14.63
2023-01-24 03:00:00+00:00,714.28,15.8
2023-01-24 04:00:00+00:00,788.25,16.56
2023-01-24 05:00:00+00:00,729.3,17.04
2023-01-24 06:00:00+00:00,590.38,17.2
2023-01-24 07:00:00+00:00,415.08,17.0
2023-01-24 08:00:00+00:00,214.12,16.16
2023-01-24 09:00:00+00:00,67.62,14.99
2023-01-24 10:00:00+00:00,0.0,13.9
2023-01-24 11:00:00+00:00,0.0,13.0
2023-01-24 12:00:00+00:00,0.0,12.26
2023-01-24 13:00:00+00:00,0.0,11.68
2023-01-24 14:00:00+00:00,0.0,11.14
2023-01-24 15:00:00+00:00,0.0,10.6
2023-01-24 16:00:00+00:00,0.0,10.06
2023-01-24 17:00:00+00:00,0.0,9.57
2023-01-24 18:00:00+00:00,0.0,9.15
2023-01-24 19:00:00+00:00,0.0,8.79
2023-01-24 20:00:00+00:00,0.0,8.71
2023-01-24 21:00:00+00:00,0.0,8.75
2023-01-24 22:00:00+00:00,0.0,8.8
2023-01-24 23:00:00+00:00,17.88,8.99
2023-01-25 00:00:00+00:00,96.85,9.81
2023-01-25 01:00:00+00:00,198.7,11.19
2023-01-25 02:00:00+00:00,292.7,12.46
2023-01-25 03:00:00+00:00,368.2,13.35
2023-01-25 04:00:00+00:00,497.8,13.93
2023-01-25 05:00:00+00:00,553.65,14.36
2023-01-25 06:00:00+00:00,425.45,14.62
2023-01-25 07:00:00+00:00,365.77,14.62
2023-01-25 08:00:00+00:00,195.75,14.33
2023-01-25 09:00:00+00:00,47.25,13.68
2023-01-25 10:00:00+00:00,0.0,12.93
2023-01-25 11:00:00+00:00,0.0,12.77
2023-01-25 12:00:00+00:00,0.0,12.65
2023-01-25 13:00:00+00:00,0.0,12.53
2023-01-25 14:00:00+00:00,0.0,12.43
2023-01-25 15:00:00+00:00,0.0,12.44
2023-01-25 16:00:00+00:00,0.0,12.49
2023-01-25 17:00:00+00:00,0.0,12.5
2023-01-25 18:00:00+00:00,0.0,12.44
2023-01-25 19:00:00+00:00,0.0,12.21
2023-01-25 20:00:00+00:00,0.0,12.0
2023-01-25 21:00:00+00:00,0.0,11.86
2023-01-25 22:00:00+00:00,0.0,11.71
2023-01-25 23:00:00+00:00,22.2,12.31
2023-01-26 00:00:00+00:00,112.15,13.42
2023-01-26 01:00:00+00:00,269.77,14.49
2023-01-26 02:00:00+00:00,401.42,15.69
2023-01-26 03:00:00+00:00,484.58,16.72
2023-01-26 04:00:00+00:00,450.15,17.48
2023-01-26 05:00:00+00:00,391.67,17.99
2023-01-26 06:00:00+00:00,337.33,18.2
2023-01-26 07:00:00+00:00,261.95,18.11
2023-01-26 08:00:00+00:00,134.2,17.88
2023-01-26 09:00:00+00:00,33.12,17.33
2023-01-26 10:00:00+00:00,0.0,16.71
2023-01-26 11:00:00+00:00,0.0,16.54
2023-01-26 12:00:00+00:00,0.0,16.41
2023-01-26 13:00:00+00:00,0.0,16.09
2023-01-26 14:00:00+00:00,0.0,15.72
2023-01-26 15:00:00+00:00,0.0,15.47
2023-01-26 16:00:00+00:00,0.0,15.21
2023-01-26 17:00:00+00:00,0.0,15.07
2023-01-26 18:00:00+00:00,0.0,14.83
2023-01-26 19:00:00+00:00,0.0,14.05
2023-01-26 20:00:00+00:00,0.0,13.11
2023-01-26 21:00:00+00:00,0.0,12.66
2023-01-26 22:00:00+00:00,0.0,12.49
2023-01-26 23:00:00+00:00,22.85,12.31
2023-01-27 00:00:00+00:00,122.03,12.48
2023-01-27 01:00:00+00:00,233.68,13.21
2023-01-27 02:00:00+00:00,344.02,14.21
2023-01-27 03:00:00+00:00,442.65,14.85
2023-01-27 04:00:00+00:00,503.8,15.32
2023-01-27 05:00:00+00:00,540.8,15.93
2023-01-27 06:00:00+00:00,475.8,16.38
2023-01-27 07:00:00+00:00,377.5,16.33
2023-01-27 08:00:00+00:00,184.82,15.58
2023-01-27 09:00:00+00:00,43.97,14.46
2023-01-27 10:00:00+00:00,0.0,13.51
2023-01-27 11:00:00+00:00,0.0,12.79
2023-01-27 12:00:00+00:00,0.0,12.02
2023-01-27 13:00:00+00:00,0.0,11.24
2023-01-27 14:00:00+00:00,0.0,10.5
2023-01-27 15:00:00+00:00,0.0,9.99
2023-01-27 16:00:00+00:00,0.0,9.73
2023-01-27 17:00:00+00:00,0.0,9.62
2023-01-27 18:00:00+00:00,0.0,9.48
2023-01-27 19:00:00+00:00,0.0,9.23
2023-01-27 20:00:00+00:00,0.0,8.98
2023-01-27 21:00:00+00:00,0.0,8.67
2023-01-27 22:00:00+00:00,0.0,8.37
2023-01-27 23:00:00+00:00,31.88,8.52
2023-01-28 00:00:00+00:00,192.52,9.38
2023-01-28 01:00:00+00:00,394.35,10.68
2023-01-28 02:00:00+00:00,578.85,12.08
2023-01-28 03:00:00+00:00,719.88,13.21
2023-01-28 04:00:00+00:00,755.55,14.11
2023-01-28 05:00:00+00:00,748.17,14.85
2023-01-28 06:00:00+00:00,576.12,15.45
2023-01-28 07:00:00+00:00,407.2,15.7
2023-01-28 08:00:00+00:00,245.4,15.55
2023-01-28 09:00:00+00:00,52.78,14.59
2023-01-28 10:00:00+00:00,0.0,13.47
2023-01-28 11:00:00+00:00,0.0,12.87
2023-01-28 12:00:00+00:00,0.0,12.15
2023-01-28 13:00:00+00:00,0.0,11.47
2023-01-28 14:00:00+00:00,0.0,10.87
2023-01-28 15:00:00+00:00,0.0,10.39
2023-01-28 16:00:00+00:00,0.0,10.05
2023-01-28 17:00:00+00:00,0.0,9.7
2023-01-28 18:00:00+00:00,0.0,9.34
2023-01-28 19:00:00+00:00,0.0,9.05
2023-01-28 20:00:00+00:00,0.0,8.78
2023-01-28 21:00:00+00:00,0.0,8.44
2023-01-28 22:00:00+00:00,0.0,8.06
2023-01-28 23:00:00+00:00,38.88,8.43
2023-01-29 00:00:00+00:00,205.55,9.43
2023-01-29 01:00:00+00:00,431.27,10.74
2023-01-29 02:00:00+00:00,599.67,12.18
2023-01-29 03:00:00+00:00,724.75,13.36
2023-01-29 04:00:00+00:00,781.53,14.34
2023-01-29 05:00:00+00:00,734.75,15.12
2023-01-29 06:00:00+00:00,634.9,15.75
2023-01-29 07:00:00+00:00,416.35,16.17
2023-01-29 08:00:00+00:00,261.85,16.23
2023-01-29 09:00:00+00:00,57.62,15.12
2023-01-29 10:00:00+00:00,0.0,13.91
2023-01-29 11:00:00+00:00,0.0,13.32
2023-01-29 12:00:00+00:00,0.0,12.58
2023-01-29 13:00:00+00:00,0.0,11.8
2023-01-29 14:00:00+00:00,0.0,11.03
2023-01-29 15:00:00+00:00,0.0,10.33
2023-01-29 16:00:00+00:00,0.0,9.72
2023-01-29 17:00:00+00:00,0.0,9.1
2023-01-29 18:00:00+00:00,0.0,8.53
2023-01-29 19:00:00+00:00,0.0,8.03
2023-01-29 20:00:00+00:00,0.0,7.6
2023-01-29 21:00:00+00:00,0.0,7.22
2023-01-29 22:00:00+00:00,0.0,6.91
2023-01-29 23:00:00+00:00,31.85,7.38
2023-01-30 00:00:00+00:00,169.65,8.51
2023-01-30 01:00:00+00:00,450.65,10.79
2023-01-30 02:00:00+00:00,620.9,13.98
2023-01-30 03:00:00+00:00,743.2,16.23
2023-01-30 04:00:00+00:00,820.65,17.18
2023-01-30 05:00:00+00:00,787.83,17.73
2023-01-30 06:00:00+00:00,692.95,18.09
2023-01-30 07:00:00+00:00,507.88,18.21
2023-01-30 08:00:00+00:00,297.45,17.93
2023-01-30 09:00:00+00:00,79.05,16.69
2023-01-30 10:00:00+00:00,0.0,15.42
2023-01-30 11:00:00+00:00,0.0,14.89
2023-01-30 12:00:00+00:00,0.0,14.48
2023-01-30 13:00:00+00:00,0.0,14.17
2023-01-30 14:00:00+00:00,0.0,13.95
2023-01-30 15:00:00+00:00,0.0,13.8
2023-01-30 16:00:00+00:00,0.0,13.6
2023-01-30 17:00:00+00:00,0.0,13.3
2023-01-30 18:00:00+00:00,0.0,12.9
2023-01-30 19:00:00+00:00,0.0,12.48
2023-01-30 20:00:00+00:00,0.0,12.13
2023-01-30 21:00:00+00:00,0.0,11.83
2023-01-30 22:00:00+00:00,0.0,11.59
2023-01-30 23:00:00+00:00,41.22,12.37
2023-01-31 00:00:00+00:00,204.05,13.96
2023-01-31 01:00:00+00:00,381.48,15.47
2023-01-31 02:00:00+00:00,534.2,17.0
2023-01-31 03:00:00+00:00,610.35,18.09
2023-01-31 04:00:00+00:00,612.15,18.84
2023-01-31 05:00:00+00:00,456.52,19.28
2023-01-31 06:00:00+00:00,366.25,19.42
2023-01-31 07:00:00+00:00,211.85,19.3
2023-01-31 08:00:00+00:00,125.95,18.91
2023-01-31 09:00:00+00:00,30.23,18.07
2023-01-31 10:00:00+00:00,0.0,16.93
2023-01-31 11:00:00+00:00,0.0,16.56
2023-01-31 12:00:00+00:00,0.0,16.28
2023-01-31 13:00:00+00:00,0.0,16.07
2023-01-31 14:00:00+00:00,0.0,15.89
2023-01-31 15:00:00+00:00,0.0,15.76
2023-01-31 16:00:00+00:00,0.0,15.7
2023-01-31 17:00:00+00:00,0.0,15.65
2023-01-31 18:00:00+00:00,0.0,15.6
2023-01-31 19:00:00+00:00,0.0,15.51
2023-01-31 20:00:00+00:00,0.0,15.32
2023-01-31 21:00:00+00:00,0.0,15.13
2023-01-31 22:00:00+00:00,0.0,14.94
2023-01-31 23:00:00+00:00,37.17,15.63
2023-02-01 00:00:00+00:00,164.18,16.84
2023-02-01 01:00:00+00:00,303.52,18.65
2023-02-01 02:00:00+00:00,470.25,20.53
2023-02-01 03:00:00+00:00,591.0,21.75
2023-02-01 04:00:00+00:00,627.8,22.66
2023-02-01 05:00:00+00:00,533.25,23.17
2023-02-01 06:00:00+00:00,553.08,23.2
2023-02-01 07:00:00+00:00,445.17,22.94
2023-02-01 08:00:00+00:00,260.33,22.38
2023-02-01 09:00:00+00:00,75.62,21.01
2023-02-01 10:00:00+00:00,0.0,19.29
2023-02-01 11:00:00+00:00,0.0,18.6
2023-02-01 12:00:00+00:00,0.0,18.14
2023-02-01 13:00:00+00:00,0.0,17.83
2023-02-01 14:00:00+00:00,0.0,17.63
2023-02-01 15:00:00+00:00,0.0,17.44
2023-02-01 16:00:00+00:00,0.0,17.24
2023-02-01 17:00:00+00:00,0.0,17.03
2023-02-01 18:00:00+00:00,0.0,16.8
2023-02-01 19:00:00+00:00,0.0,16.57
2023-02-01 20:00:00+00:00,0.0,16.39
2023-02-01 21:00:00+00:00,0.0,16.25
2023-02-01 22:00:00+00:00,0.0,16.13
2023-02-01 23:00:00+00:00,38.9,16.76
2023-02-02 00:00:00+00:00,184.65,17.8
2023-02-02 01:00:00+00:00,345.3,19.45
2023-02-02 02:00:00+00:00,423.48,20.94
2023-02-02 03:00:00+00:00,585.58,21.93
2023-02-02 04:00:00+00:00,680.25,22.45
2023-02-02 05:00:00+00:00,624.88,22.55
2023-02-02 06:00:00+00:00,546.42,22.33
2023-02-02 07:00:00+00:00,420.85,21.84
2023-02-02 08:00:00+00:00,244.4,21.02
2023-02-02 09:00:00+00:00,72.65,19.85
2023-02-02 10:00:00+00:00,0.0,18.76
2023-02-02 11:00:00+00:00,0.0,18.27
2023-02-02 12:00:00+00:00,0.0,17.95
2023-02-02 13:00:00+00:00,0.0,17.78
2023-02-02 14:00:00+00:00,0.0,17.66
2023-02-02 15:00:00+00:00,0.0,17.5
2023-02-02 16:00:00+00:00,0.0,17.27
2023-02-02 17:00:00+00:00,0.0,17.02
2023-02-02 18:00:00+00:00,0.0,16.69
2023-02-02 19:00:00+00:00,0.0,16.34
2023-02-02 20:00:00+00:00,0.0,16.01
2023-02-02 21:00:00+00:00,0.0,15.71
2023-02-02 22:00:00+00:00,0.0,15.47
2023-02-02 23:00:00+00:00,30.88,15.85
2023-02-03 00:00:00+00:00,151.5,16.68
2023-02-03 01:00:00+00:00,287.85,17.78
2023-02-03 02:00:00+00:00,461.75,18.76
2023-02-03 03:00:00+00:00,593.8,19.36
2023-02-03 04:00:00+00:00,524.9,19.81
2023-02-03 05:00:00+00:00,481.08,20.19
2023-02-03 06:00:00+00:00,400.0,20.41
2023-02-03 07:00:00+00:00,254.38,20.39
2023-02-03 08:00:00+00:00,149.15,20.13
2023-02-03 09:00:00+00:00,44.92,19.49
2023-02-03 10:00:00+00:00,0.0,18.61
2023-02-03 11:00:00+00:00,0.0,18.13
2023-02-03 12:00:00+00:00,0.0,17.77
2023-02-03 13:00:00+00:00,0.0,17.5
2023-02-03 14:00:00+00:00,0.0,17.34
2023-02-03 15:00:00+00:00,0.0,17.19
2023-02-03 16:00:00+00:00,0.0,17.06
2023-02-03 17:00:00+00:00,0.0,16.96
2023-02-03 18:00:00+00:00,0.0,16.89
2023-02-03 19:00:00+00:00,0.0,16.78
2023-02-03 20:00:00+00:00,0.0,16.64
2023-02-03 21:00:00+00:00,0.0,16.52
2023-02-03 22:00:00+00:00,0.0,16.37
2023-02-03 23:00:00+00:00,12.1,16.33
2023-02-04 00:00:00+00:00,54.65,16.52
2023-02-04 01:00:00+00:00,95.32,17.08
2023-02-04 02:00:00+00:00,225.85,18.07
2023-02-04 03:00:00+00:00,217.98,18.93
2023-02-04 04:00:00+00:00,257.02,19.58
2023-02-04 05:00:00+00:00,290.7,20.06
2023-02-04 06:00:00+00:00,227.93,20.32
2023-02-04 07:00:00+00:00,204.6,20.3
2023-02-04 08:00:00+00:00,119.22,20.09
2023-02-04 09:00:00+00:00,32.28,19.65
2023-02-04 10:00:00+00:00,0.0,19.02
2023-02-04 11:00:00+00:00,0.0,18.72
2023-02-04 12:00:00+00:00,0.0,18.42
2023-02-04 13:00:00+00:00,0.0,18.1
2023-02-04 14:00:00+00:00,0.0,17.81
2023-02-04 15:00:00+00:00,0.0,17.53
2023-02-04 16:00:00+00:00,0.0,17.27
2023-02-04 17:00:00+00:00,0.0,16.98
2023-02-04 18:00:00+00:00,0.0,16.73
2023-02-04 19:00:00+00:00,0.0,16.51
2023-02-04 20:00:00+00:00,0.0,16.35
2023-02-04 21:00:00+00:00,0.0,16.26
2023-02-04 22:00:00+00:00,0.0,16.21
2023-02-04 23:00:00+00:00,8.25,16.5
2023-02-05 00:00:00+00:00,76.43,17.17
2023-02-05 01:00:00+00:00,102.12,18.12
2023-02-05 02:00:00+00:00,150.98,18.94
2023-02-05 03:00:00+00:00,199.77,19.39
2023-02-05 04:00:00+00:00,201.82,19.57
2023-02-05 05:00:00+00:00,133.25,19.71
2023-02-05 06:00:00+00:00,121.45,19.81
2023-02-05 07:00:00+00:00,106.55,19.82
2023-02-05 08:00:00+00:00,66.82,19.69
2023-02-05 09:00:00+00:00,12.18,19.34
2023-02-05 10:00:00+00:00,0.0,18.82
2023-02-05 11:00:00+00:00,0.0,18.6
2023-02-05 12:00:00+00:00,0.0,18.37
2023-02-05 13:00:00+00:00,0.0,18.2
2023-02-05 14:00:00+00:00,0.0,18.02
2023-02-05 15:00:00+00:00,0.0,17.86
2023-02-05 16:00:00+00:00,0.0,17.71
2023-02-05 17:00:00+00:00,0.0,17.64
2023-02-05 18:00:00+00:00,0.0,17.46
2023-02-05 19:00:00+00:00,0.0,17.36
2023-02-05 20:00:00+00:00,0.0,17.27
2023-02-05 21:00:00+00:00,0.0,17.17
2023-02-05 22:00:00+00:00,0.0,17.13
2023-02-05 23:00:00+00:00,14.43,17.59
2023-02-06 00:00:00+00:00,74.12,18.36
2023-02-06 01:00:00+00:00,151.45,19.22
2023-02-06 02:00:00+00:00,252.07,20.13
2023-02-06 03:00:00+00:00,335.27,21.23
2023-02-06 04:00:00+00:00,434.2,22.34
2023-02-06 05:00:00+00:00,421.6,23.29
2023-02-06 06:00:00+00:00,371.98,23.68
2023-02-06 07:00:00+00:00,267.33,23.57
2023-02-06 08:00:00+00:00,148.25,23.09
2023-02-06 09:00:00+00:00,35.42,22.02
2023-02-06 10:00:00+00:00,0.0,20.37
2023-02-06 11:00:00+00:00,0.0,19.54
2023-02-06 12:00:00+00:00,0.0,18.92
2023-02-06 13:00:00+00:00,0.0,18.41
2023-02-06 14:00:00+00:00,0.0,18.03
2023-02-06 15:00:00+00:00,0.0,18.0
2023-02-06 16:00:00+00:00,0.0,18.08
2023-02-06 17:00:00+00:00,0.0,18.09
2023-02-06 18:00:00+00:00,0.0,18.02
2023-02-06 19:00:00+00:00,0.0,17.97
2023-02-06 20:00:00+00:00,0.0,17.94
2023-02-06 21:00:00+00:00,0.0,17.93
2023-02-06 22:00:00+00:00,0.0,17.93
2023-02-06 23:00:00+00:00,25.35,18.4
2023-02-07 00:00:00+00:00,115.7,19.23
2023-02-07 01:00:00+00:00,220.88,20.68
2023-02-07 02:00:00+00:00,320.55,22.18
2023-02-07 03:00:00+00:00,436.9,23.11
2023-02-07 04:00:00+00:00,406.92,23.7
2023-02-07 05:00:00+00:00,512.95,24.09
2023-02-07 06:00:00+00:00,484.85,24.17
2023-02-07 07:00:00+00:00,369.5,23.92
2023-02-07 08:00:00+00:00,216.12,23.27
2023-02-07 09:00:00+00:00,71.97,22.17
2023-02-07 10:00:00+00:00,0.0,20.85
2023-02-07 11:00:00+00:00,0.0,20.15
2023-02-07 12:00:00+00:00,0.0,19.64
2023-02-07 13:00:00+00:00,0.0,19.32
2023-02-07 14:00:00+00:00,0.0,19.13
2023-02-07 15:00:00+00:00,0.0,19.01
2023-02-07 16:00:00+00:00,0.0,18.9
2023-02-07 17:00:00+00:00,0.0,18.84
2023-02-07 18:00:00+00:00,0.0,18.77
2023-02-07 19:00:00+00:00,0.0,18.68
2023-02-07 20:00:00+00:00,0.0,18.51
2023-02-07 21:00:00+00:00,0.0,18.23
2023-02-07 22:00:00+00:00,0.0,17.91
2023-02-07 23:00:00+00:00,18.42,17.94
2023-02-08 00:00:00+00:00,91.72,18.48
2023-02-08 01:00:00+00:00,157.52,19.27
2023-02-08 02:00:00+00:00,278.23,20.01
2023-02-08 03:00:00+00:00,340.52,20.47
2023-02-08 04:00:00+00:00,360.77,20.79
2023-02-08 05:00:00+00:00,348.5,20.92
2023-02-08 06:00:00+00:00,253.48,20.93
2023-02-08 07:00:00+00:00,136.6,20.88
2023-02-08 08:00:00+00:00,90.9,20.67
2023-02-08 09:00:00+00:00,31.75,20.2
2023-02-08 10:00:00+00:00,0.0,19.59
2023-02-08 11:00:00+00:00,0.0,19.35
2023-02-08 12:00:00+00:00,0.0,19.18
2023-02-08 13:00:00+00:00,0.0,19.01
2023-02-08 14:00:00+00:00,0.0,18.8
2023-02-08 15:00:00+00:00,0.0,18.63
2023-02-08 16:00:00+00:00,0.0,18.52
2023-02-08 17:00:00+00:00,0.0,18.39
2023-02-08 18:00:00+00:00,0.0,18.34
2023-02-08 19:00:00+00:00,0.0,18.3
2023-02-08 20:00:00+00:00,0.0,18.26
2023-02-08 21:00:00+00:00,0.0,18.16
2023-02-08 22:00:00+00:00,0.0,18.03
2023-02-08 23:00:00+00:00,17.45,18.09
2023-02-09 00:00:00+00:00,83.47,18.63
2023-02-09 01:00:00+00:00,151.5,19.47
2023-02-09 02:00:00+00:00,277.88,20.21
2023-02-09 03:00:00+00:00,425.45,20.72
2023-02-09 04:00:00+00:00,501.67,21.06
2023-02-09 05:00:00+00:00,502.0,21.38
2023-02-09 06:00:00+00:00,454.12,21.69
2023-02-09 07:00:00+00:00,289.65,21.94
2023-02-09 08:00:00+00:00,184.15,21.86
2023-02-09 09:00:00+00:00,64.8,21.33
2023-02-09 10:00:00+00:00,0.0,20.29
2023-02-09 11:00:00+00:00,0.0,19.91
2023-02-09 12:00:00+00:00,0.0,19.64
2023-02-09 13:00:00+00:00,0.0,19.4
2023-02-09 14:00:00+00:00,0.0,19.17
2023-02-09 15:00:00+00:00,0.0,18.98
2023-02-09 16:00:00+00:00,0.0,18.78
2023-02-09 17:00:00+00:00,0.0,18.6
2023-02-09 18:00:00+00:00,0.0,18.46
2023-02-09 19:00:00+00:00,0.0,18.36
2023-02-09 20:00:00+00:00,0.0,18.27
2023-02-09 21:00:00+00:00,0.0,18.27
2023-02-09 22:00:00+00:00,0.0,18.21
2023-02-09 23:00:00+00:00,23.65,18.52
2023-02-10 00:00:00+00:00,87.07,18.95
2023-02-10 01:00:00+00:00,135.12,19.65
2023-02-10 02:00:00+00:00,229.7,20.38
2023-02-10 03:00:00+00:00,297.7,21.34
2023-02-10 04:00:00+00:00,381.15,22.49
2023-02-10 05:00:00+00:00,383.35,23.0
2023-02-10 06:00:00+00:00,321.2,22.92
2023-02-10 07:00:00+00:00,293.67,22.61
2023-02-10 08:00:00+00:00,179.1,22.19
2023-02-10 09:00:00+00:00,65.47,21.53
2023-02-10 10:00:00+00:00,0.0,20.51
2023-02-10 11:00:00+00:00,0.0,20.04
2023-02-10 12:00:00+00:00,0.0,19.78
2023-02-10 13:00:00+00:00,0.0,19.68
2023-02-10 14:00:00+00:00,0.0,19.56
2023-02-10 15:00:00+00:00,0.0,19.39
2023-02-10 16:00:00+00:00,0.0,19.34
2023-02-10 17:00:00+00:00,0.0,19.33
2023-02-10 18:00:00+00:00,0.0,19.37
2023-02-10 19:00:00+00:00,0.0,19.42
2023-02-10 20:00:00+00:00,0.0,19.5
2023-02-10 21:00:00+00:00,0.0,19.5
2023-02-10 22:00:00+00:00,0.0,19.43
2023-02-10 23:00:00+00:00,12.75,19.61
2023-02-11 00:00:00+00:00,66.05,20.1
2023-02-11 01:00:00+00:00,109.22,20.97
2023-02-11 02:00:00+00:00,250.12,21.84
2023-02-11 03:00:00+00:00,385.62,22.61
2023-02-11 04:00:00+00:00,428.08,23.04
2023-02-11 05:00:00+00:00,407.05,23.1
2023-02-11 06:00:00+00:00,378.52,23.02
2023-02-11 07:00:00+00:00,260.12,22.75
2023-02-11 08:00:00+00:00,159.88,22.23
2023-02-11 09:00:00+00:00,51.58,21.39
2023-02-11 10:00:00+00:00,0.0,20.55
2023-02-11 11:00:00+00:00,0.0,20.17
2023-02-11 12:00:00+00:00,0.0,19.98
2023-02-11 13:00:00+00:00,0.0,19.91
2023-02-11 14:00:00+00:00,0.0,19.9
2023-02-11 15:00:00+00:00,0.0,19.95
2023-02-11 16:00:00+00:00,0.0,20.01
2023-02-11 17:00:00+00:00,0.0,20.0
2023-02-11 18:00:00+00:00,0.0,20.01
2023-02-11 19:00:00+00:00,0.0,20.06
2023-02-11 20:00:00+00:00,0.0,20.13
2023-02-11 21:00:00+00:00,0.0,20.2
2023-02-11 22:00:00+00:00,0.0,20.24
2023-02-11 23:00:00+00:00,18.83,20.67
2023-02-12 00:00:00+00:00,93.62,21.16
2023-02-12 01:00:00+00:00,165.77,21.79
2023-02-12 02:00:00+00:00,277.48,22.4
2023-02-12 03:00:00+00:00,398.1,22.76
2023-02-12 04:00:00+00:00,469.85,22.94
2023-02-12 05:00:00+00:00,459.2,23.13
2023-02-12 06:00:00+00:00,401.55,23.21
2023-02-12 07:00:00+00:00,294.98,23.08
2023-02-12 08:00:00+00:00,169.55,22.72
2023-02-12 09:00:00+00:00,47.9,22.02
2023-02-12 10:00:00+00:00,0.0,21.15
2023-02-12 11:00:00+00:00,0.0,20.8
2023-02-12 12:00:00+00:00,0.0,20.68
2023-02-12 13:00:00+00:00,0.0,20.65
2023-02-12 14:00:00+00:00,0.0,20.63
2023-02-12 15:00:00+00:00,0.0,20.61
2023-02-12 16:00:00+00:00,0.0,20.57
2023-02-12 17:00:00+00:00,0.0,20.53
2023-02-12 18:00:00+00:00,0.0,20.48
2023-02-12 19:00:00+00:00,0.0,20.48
2023-02-12 20:00:00+00:00,0.0,20.47
2023-02-12 21:00:00+00:00,0.0,20.46
2023-02-12 22:00:00+00:00,0.0,20.46
2023-02-12 23:00:00+00:00,35.45,21.03
2023-02-13 00:00:00+00:00,142.57,21.73
2023-02-13 01:00:00+00:00,280.1,22.64
2023-02-13 02:00:00+00:00,423.08,23.52
2023-02-13 03:00:00+00:00,594.15,24.12
2023-02-13 04:00:00+00:00,689.2,24.45
2023-02-13 05:00:00+00:00,668.72,24.6
2023-02-13 06:00:00+00:00,531.1,24.5
2023-02-13 07:00:00+00:00,367.48,24.32
2023-02-13 08:00:00+00:00,208.0,24.11
2023-02-13 09:00:00+00:00,72.7,23.52
2023-02-13 10:00:00+00:00,0.0,22.26
2023-02-13 11:00:00+00:00,0.0,21.3
2023-02-13 12:00:00+00:00,0.0,19.93
2023-02-13 13:00:00+00:00,0.0,19.13
2023-02-13 14:00:00+00:00,0.0,18.8
2023-02-13 15:00:00+00:00,0.0,18.04
2023-02-13 16:00:00+00:00,0.0,16.82
2023-02-13 17:00:00+00:00,0.0,16.04
2023-02-13 18:00:00+00:00,0.0,15.75
2023-02-13 19:00:00+00:00,0.0,15.36
2023-02-13 20:00:00+00:00,0.0,14.73
2023-02-13 21:00:00+00:00,0.0,14.13
2023-02-13 22:00:00+00:00,0.0,13.72
2023-02-13 23:00:00+00:00,10.85,13.58
2023-02-14 00:00:00+00:00,67.35,13.48
2023-02-14 01:00:00+00:00,126.97,13.77
2023-02-14 02:00:00+00:00,255.25,14.78
2023-02-14 03:00:00+00:00,415.65,16.02
2023-02-14 04:00:00+00:00,510.17,17.28
2023-02-14 05:00:00+00:00,475.35,18.57
2023-02-14 06:00:00+00:00,371.1,19.54
2023-02-14 07:00:00+00:00,253.82,19.99
2023-02-14 08:00:00+00:00,127.4,19.96
2023-02-14 09:00:00+00:00,42.28,19.52
2023-02-14 10:00:00+00:00,0.0,18.59
2023-02-14 11:00:00+00:00,0.0,17.51
2023-02-14 12:00:00+00:00,0.0,16.18
2023-02-14 13:00:00+00:00,0.0,14.79
2023-02-14 14:00:00+00:00,0.0,13.54
2023-02-14 15:00:00+00:00,0.0,13.13
2023-02-14 16:00:00+00:00,0.0,13.22
2023-02-14 17:00:00+00:00,0.0,13.13
2023-02-14 18:00:00+00:00,0.0,12.88
2023-02-14 19:00:00+00:00,0.0,12.63
2023-02-14 20:00:00+00:00,0.0,12.4
2023-02-14 21:00:00+00:00,0.0,12.01
2023-02-14 22:00:00+00:00,0.0,11.55
2023-02-14 23:00:00+00:00,38.97,11.5
2023-02-15 00:00:00+00:00,182.27,12.11
2023-02-15 01:00:00+00:00,377.08,13.3
2023-02-15 02:00:00+00:00,549.8,14.95
2023-02-15 03:00:00+00:00,698.42,16.31
2023-02-15 04:00:00+00:00,845.05,17.49
2023-02-15 05:00:00+00:00,811.4,18.46
2023-02-15 06:00:00+00:00,704.45,19.18
2023-02-15 07:00:00+00:00,529.3,19.57
2023-02-15 08:00:00+00:00,316.23,19.57
2023-02-15 09:00:00+00:00,106.82,18.95
2023-02-15 10:00:00+00:00,0.0,17.73
2023-02-15 11:00:00+00:00,0.0,17.15
2023-02-15 12:00:00+00:00,0.0,16.52
2023-02-15 13:00:00+00:00,0.0,15.68
2023-02-15 14:00:00+00:00,0.0,14.79
2023-02-15 15:00:00+00:00,0.0,14.1
2023-02-15 16:00:00+00:00,0.0,13.69
2023-02-15 17:00:00+00:00,0.0,13.43
2023-02-15 18:00:00+00:00,0.0,13.26
2023-02-15 19:00:00+00:00,0.0,13.28
2023-02-15 20:00:00+00:00,0.0,13.52
2023-02-15 21:00:00+00:00,0.0,13.61
2023-02-15 22:00:00+00:00,0.0,13.19
2023-02-15 23:00:00+00:00,38.92,13.2
2023-02-16 00:00:00+00:00,165.82,13.92
2023-02-16 01:00:00+00:00,371.88,14.96
2023-02-16 02:00:00+00:00,536.38,16.13
2023-02-16 03:00:00+00:00,659.12,17.21
2023-02-16 04:00:00+00:00,761.08,18.11
2023-02-16 05:00:00+00:00,531.1,18.91
2023-02-16 06:00:00+00:00,442.6,19.52
2023-02-16 07:00:00+00:00,285.5,19.86
2023-02-16 08:00:00+00:00,154.57,19.86
2023-02-16 09:00:00+00:00,56.75,19.26
2023-02-16 10:00:00+00:00,0.0,18.2
2023-02-16 11:00:00+00:00,0.0,17.73
2023-02-16 12:00:00+00:00,0.0,17.34
2023-02-16 13:00:00+00:00,0.0,17.0
2023-02-16 14:00:00+00:00,0.0,16.73
2023-02-16 15:00:00+00:00,0.0,16.61
2023-02-16 16:00:00+00:00,0.0,16.63
2023-02-16 17:00:00+00:00,0.0,16.68
2023-02-16 18:00:00+00:00,0.0,16.73
2023-02-16 19:00:00+00:00,0.0,16.8
2023-02-16 20:00:00+00:00,0.0,16.81
2023-02-16 21:00:00+00:00,0.0,16.75
2023-02-16 22:00:00+00:00,0.0,16.37
2023-02-16 23:00:00+00:00,56.47,16.6
2023-02-17 00:00:00+00:00,239.5,16.99
2023-02-17 01:00:00+00:00,463.58,17.81
2023-02-17 02:00:00+00:00,652.6,18.87
2023-02-17 03:00:00+00:00,804.38,19.88
2023-02-17 04:00:00+00:00,849.72,20.78
2023-02-17 05:00:00+00:00,809.85,21.23
2023-02-17 06:00:00+00:00,705.4,21.58
2023-02-17 07:00:00+00:00,533.6,21.83
2023-02-17 08:00:00+00:00,325.5,21.8
2023-02-17 09:00:00+00:00,124.8,21.02
2023-02-17 10:00:00+00:00,0.0,19.73
2023-02-17 11:00:00+00:00,0.0,19.14
2023-02-17 12:00:00+00:00,0.0,18.74
2023-02-17 13:00:00+00:00,0.0,18.38
2023-02-17 14:00:00+00:00,0.0,18.15
2023-02-17 15:00:00+00:00,0.0,18.08
2023-02-17 16:00:00+00:00,0.0,17.91
2023-02-17 17:00:00+00:00,0.0,17.64
2023-02-17 18:00:00+00:00,0.0,17.19
2023-02-17 19:00:00+00:00,0.0,16.77
2023-02-17 20:00:00+00:00,0.0,16.46
2023-02-17 21:00:00+00:00,0.0,16.23
2023-02-17 22:00:00+00:00,0.0,16.0
2023-02-17 23:00:00+00:00,39.12,16.85
2023-02-18 00:00:00+00:00,126.4,18.26
2023-02-18 01:00:00+00:00,237.82,20.3
2023-02-18 02:00:00+00:00,416.95,21.52
2023-02-18 03:00:00+00:00,553.35,22.3
2023-02-18 04:00:00+00:00,678.55,22.9
2023-02-18 05:00:00+00:00,506.12,23.28
2023-02-18 06:00:00+00:00,507.83,23.6
2023-02-18 07:00:00+00:00,384.98,23.8
2023-02-18 08:00:00+00:00,249.9,23.75
2023-02-18 09:00:00+00:00,99.53,23.05
2023-02-18 10:00:00+00:00,0.0,21.63
2023-02-18 11:00:00+00:00,0.0,21.06
2023-02-18 12:00:00+00:00,0.0,20.65
2023-02-18 13:00:00+00:00,0.0,20.39
2023-02-18 14:00:00+00:00,0.0,20.23
2023-02-18 15:00:00+00:00,0.0,20.06
2023-02-18 16:00:00+00:00,0.0,19.88
2023-02-18 17:00:00+00:00,0.0,19.76
2023-02-18 18:00:00+00:00,0.0,19.66
2023-02-18 19:00:00+00:00,0.0,19.54
2023-02-18 20:00:00+00:00,0.0,19.5
2023-02-18 21:00:00+00:00,0.0,19.48
2023-02-18 22:00:00+00:00,0.0,19.44
2023-02-18 23:00:00+00:00,48.5,19.68
2023-02-19 00:00:00+00:00,186.95,20.3
2023-02-19 01:00:00+00:00,353.2,21.58
2023-02-19 02:00:00+00:00,596.17,22.66
2023-02-19 03:00:00+00:00,767.4,23.7
2023-02-19 04:00:00+00:00,829.0,24.43
2023-02-19 05:00:00+00:00,779.85,24.86
2023-02-19 06:00:00+00:00,640.62,25.1
2023-02-19 07:00:00+00:00,451.92,25.02
2023-02-19 08:00:00+00:00,226.3,24.66
2023-02-19 09:00:00+00:00,76.88,23.85
2023-02-19 10:00:00+00:00,0.0,22.83
2023-02-19 11:00:00+00:00,0.0,22.37
2023-02-19 12:00:00+00:00,0.0,21.46
2023-02-19 13:00:00+00:00,0.0,20.64
2023-02-19 14:00:00+00:00,0.0,19.93
2023-02-19 15:00:00+00:00,0.0,19.05
2023-02-19 16:00:00+00:00,0.0,18.39
2023-02-19 17:00:00+00:00,0.0,17.98
2023-02-19 18:00:00+00:00,0.0,17.73
2023-02-19 19:00:00+00:00,0.0,17.52
2023-02-19 20:00:00+00:00,0.0,17.29
2023-02-19 21:00:00+00:00,0.0,17.01
2023-02-19 22:00:00+00:00,0.0,16.76
2023-02-19 23:00:00+00:00,49.95,16.83
2023-02-20 00:00:00+00:00,176.05,17.41
2023-02-20 01:00:00+00:00,358.0,18.6
2023-02-20 02:00:00+00:00,529.2,20.02
2023-02-20 03:00:00+00:00,691.17,21.21
2023-02-20 04:00:00+00:00,669.55,21.94
2023-02-20 05:00:00+00:00,734.9,22.38
2023-02-20 06:00:00+00:00,604.17,22.74
2023-02-20 07:00:00+00:00,445.48,22.88
2023-02-20 08:00:00+00:00,262.9,22.76
2023-02-20 09:00:00+00:00,92.6,22.25
2023-02-20 10:00:00+00:00,0.0,21.09
2023-02-20 11:00:00+00:00,0.0,20.47
2023-02-20 12:00:00+00:00,0.0,19.96
2023-02-20 13:00:00+00:00,0.0,19.46
2023-02-20 14:00:00+00:00,0.0,18.84
2023-02-20 15:00:00+00:00,0.0,18.36
2023-02-20 16:00:00+00:00,0.0,18.03
2023-02-20 17:00:00+00:00,0.0,17.75
2023-02-20 18:00:00+00:00,0.0,17.43
2023-02-20 19:00:00+00:00,0.0,17.07
2023-02-20 20:00:00+00:00,0.0,16.71
2023-02-20 21:00:00+00:00,0.0,16.37
2023-02-20 22:00:00+00:00,0.0,15.99
2023-02-20 23:00:00+00:00,58.25,16.25
2023-02-21 00:00:00+00:00,228.77,16.78
2023-02-21 01:00:00+00:00,443.23,17.61
2023-02-21 02:00:00+00:00,590.42,18.76
2023-02-21 03:00:00+00:00,755.1,19.78
2023-02-21 04:00:00+00:00,837.38,20.57
2023-02-21 05:00:00+00:00,801.9,21.25
2023-02-21 06:00:00+00:00,610.42,21.66
2023-02-21 07:00:00+00:00,543.05,21.64
2023-02-21 08:00:00+00:00,252.7,21.43
2023-02-21 09:00:00+00:00,74.43,20.79
2023-02-21 10:00:00+00:00,3.33,19.21
2023-02-21 11:00:00+00:00,0.0,18.25
2023-02-21 12:00:00+00:00,0.0,17.62
2023-02-21 13:00:00+00:00,0.0,17.21
2023-02-21 14:00:00+00:00,0.0,16.83
2023-02-21 15:00:00+00:00,0.0,16.47
2023-02-21 16:00:00+00:00,0.0,16.06
2023-02-21 17:00:00+00:00,0.0,15.62
2023-02-21 18:00:00+00:00,0.0,15.2
2023-02-21 19:00:00+00:00,0.0,14.83
2023-02-21 20:00:00+00:00,0.0,14.52
2023-02-21 21:00:00+00:00,0.0,14.24
2023-02-21 22:00:00+00:00,0.0,14.01
2023-02-21 23:00:00+00:00,79.57,14.77
2023-02-22 00:00:00+00:00,277.73,15.59
2023-02-22 01:00:00+00:00,481.67,16.63
2023-02-22 02:00:00+00:00,661.1,17.83
2023-02-22 03:00:00+00:00,784.9,18.8
2023-02-22 04:00:00+00:00,833.83,19.56
2023-02-22 05:00:00+00:00,832.2,20.22
2023-02-22 06:00:00+00:00,725.42,20.73
2023-02-22 07:00:00+00:00,501.8,21.0
2023-02-22 08:00:00+00:00,321.0,20.91
2023-02-22 09:00:00+00:00,103.25,20.23
2023-02-22 10:00:00+00:00,3.7,18.67
2023-02-22 11:00:00+00:00,0.0,17.77
2023-02-22 12:00:00+00:00,0.0,17.11
2023-02-22 13:00:00+00:00,0.0,16.68
2023-02-22 14:00:00+00:00,0.0,16.38
2023-02-22 15:00:00+00:00,0.0,16.17
2023-02-22 16:00:00+00:00,0.0,16.02
2023-02-22 17:00:00+00:00,0.0,15.81
2023-02-22 18:00:00+00:00,0.0,15.56
2023-02-22 19:00:00+00:00,0.0,15.32
2023-02-22 20:00:00+00:00,0.0,15.1
2023-02-22 21:00:00+00:00,0.0,14.94
2023-02-22 22:00:00+00:00,0.0,14.82
2023-02-22 23:00:00+00:00,81.35,15.75
2023-02-23 00:00:00+00:00,291.67,16.59
2023-02-23 01:00:00+00:00,456.17,17.6
2023-02-23 02:00:00+00:00,617.45,18.85
2023-02-23 03:00:00+00:00,759.58,19.85
2023-02-23 04:00:00+00:00,822.75,20.6
2023-02-23 05:00:00+00:00,810.7,21.05
2023-02-23 06:00:00+00:00,667.58,21.33
2023-02-23 07:00:00+00:00,487.27,21.51
2023-02-23 08:00:00+00:00,305.7,21.47
2023-02-23 09:00:00+00:00,96.7,21.2
2023-02-23 10:00:00+00:00,3.62,20.43
2023-02-23 11:00:00+00:00,0.0,20.05
2023-02-23 12:00:00+00:00,0.0,19.81
2023-02-23 13:00:00+00:00,0.0,19.52
2023-02-23 14:00:00+00:00,0.0,19.23
2023-02-23 15:00:00+00:00,0.0,18.76
2023-02-23 16:00:00+00:00,0.0,18.32
2023-02-23 17:00:00+00:00,0.0,17.81
2023-02-23 18:00:00+00:00,0.0,17.16
2023-02-23 19:00:00+00:00,0.0,16.5
2023-02-23 20:00:00+00:00,0.0,16.02
2023-02-23 21:00:00+00:00,0.0,15.97
2023-02-23 22:00:00+00:00,0.0,15.95
2023-02-23 23:00:00+00:00,68.7,16.54
2023-02-24 00:00:00+00:00,265.15,17.05
2023-02-24 01:00:00+00:00,456.45,18.27
2023-02-24 02:00:00+00:00,655.47,19.96
2023-02-24 03:00:00+00:00,761.47,21.25
2023-02-24 04:00:00+00:00,780.55,22.01
2023-02-24 05:00:00+00:00,780.92,22.62
2023-02-24 06:00:00+00:00,674.85,23.01
2023-02-24 07:00:00+00:00,504.4,23.11
2023-02-24 08:00:00+00:00,299.42,22.87
2023-02-24 09:00:00+00:00,100.7,22.25
2023-02-24 10:00:00+00:00,3.6,21.24
2023-02-24 11:00:00+00:00,0.0,20.2
2023-02-24 12:00:00+00:00,0.0,18.95
2023-02-24 13:00:00+00:00,0.0,17.94
2023-02-24 14:00:00+00:00,0.0,17.03
2023-02-24 15:00:00+00:00,0.0,15.86
2023-02-24 16:00:00+00:00,0.0,15.13
2023-02-24 17:00:00+00:00,0.0,14.82
2023-02-24 18:00:00+00:00,0.0,14.59
2023-02-24 19:00:00+00:00,0.0,14.32
2023-02-24 20:00:00+00:00,0.0,14.05
2023-02-24 21:00:00+00:00,0.0,13.61
2023-02-24 22:00:00+00:00,0.0,13.02
2023-02-24 23:00:00+00:00,56.78,12.92
2023-02-25 00:00:00+00:00,215.88,13.59
2023-02-25 01:00:00+00:00,420.62,15.07
2023-02-25 02:00:00+00:00,589.1,16.5
2023-02-25 03:00:00+00:00,694.1,17.44
2023-02-25 04:00:00+00:00,691.65,18.31
2023-02-25 05:00:00+00:00,693.62,19.19
2023-02-25 06:00:00+00:00,576.83,19.85
2023-02-25 07:00:00+00:00,406.88,20.17
2023-02-25 08:00:00+00:00,222.52,20.09
2023-02-25 09:00:00+00:00,73.32,19.57
2023-02-25 10:00:00+00:00,2.5,18.39
2023-02-25 11:00:00+00:00,0.0,17.09
2023-02-25 12:00:00+00:00,0.0,15.41
2023-02-25 13:00:00+00:00,0.0,14.39
2023-02-25 14:00:00+00:00,0.0,14.07
2023-02-25 15:00:00+00:00,0.0,14.2
2023-02-25 16:00:00+00:00,0.0,14.58
2023-02-25 17:00:00+00:00,0.0,14.79
2023-02-25 18:00:00+00:00,0.0,14.86
2023-02-25 19:00:00+00:00,0.0,14.79
2023-02-25 20:00:00+00:00,0.0,14.64
2023-02-25 21:00:00+00:00,0.0,14.47
2023-02-25 22:00:00+00:00,0.0,14.3
2023-02-25 23:00:00+00:00,51.05,14.41
2023-02-26 00:00:00+00:00,183.77,14.98
2023-02-26 01:00:00+00:00,370.5,15.97
2023-02-26 02:00:00+00:00,524.92,17.03
2023-02-26 03:00:00+00:00,812.83,18.05
2023-02-26 04:00:00+00:00,862.5,18.97
2023-02-26 05:00:00+00:00,828.08,19.72
2023-02-26 06:00:00+00:00,711.28,20.26
2023-02-26 07:00:00+00:00,490.67,20.47
2023-02-26 08:00:00+00:00,304.27,20.36
2023-02-26 09:00:00+00:00,91.93,19.81
2023-02-26 10:00:00+00:00,3.97,18.62
2023-02-26 11:00:00+00:00,0.0,17.91
2023-02-26 12:00:00+00:00,0.0,17.05
2023-02-26 13:00:00+00:00,0.0,16.33
2023-02-26 14:00:00+00:00,0.0,15.81
2023-02-26 15:00:00+00:00,0.0,15.43
2023-02-26 16:00:00+00:00,0.0,15.13
2023-02-26 17:00:00+00:00,0.0,14.78
2023-02-26 18:00:00+00:00,0.0,14.38
2023-02-26 19:00:00+00:00,0.0,13.97
2023-02-26 20:00:00+00:00,0.0,13.62
2023-02-26 21:00:00+00:00,0.0,13.34
2023-02-26 22:00:00+00:00,0.0,13.09
2023-02-26 23:00:00+00:00,62.05,13.88
2023-02-27 00:00:00+00:00,296.88,14.77
2023-02-27 01:00:00+00:00,516.65,15.99
2023-02-27 02:00:00+00:00,699.65,17.45
2023-02-27 03:00:00+00:00,824.75,18.58
2023-02-27 04:00:00+00:00,883.95,19.47
2023-02-27 05:00:00+00:00,870.78,20.23
2023-02-27 06:00:00+00:00,705.17,20.58
2023-02-27 07:00:00+00:00,533.8,20.59
2023-02-27 08:00:00+00:00,339.2,20.44
2023-02-27 09:00:00+00:00,113.03,19.83
2023-02-27 10:00:00+00:00,4.43,18.45
2023-02-27 11:00:00+00:00,0.0,17.37
2023-02-27 12:00:00+00:00,0.0,16.57
2023-02-27 13:00:00+00:00,0.0,16.1
2023-02-27 14:00:00+00:00,0.0,15.82
2023-02-27 15:00:00+00:00,0.0,15.65
2023-02-27 16:00:00+00:00,0.0,15.52
2023-02-27 17:00:00+00:00,0.0,15.35
2023-02-27 18:00:00+00:00,0.0,15.16
2023-02-27 19:00:00+00:00,0.0,14.93
2023-02-27 20:00:00+00:00,0.0,14.71
2023-02-27 21:00:00+00:00,0.0,14.51
2023-02-27 22:00:00+00:00,0.0,14.38
2023-02-27 23:00:00+00:00,72.62,15.39
2023-02-28 00:00:00+00:00,249.25,16.33
2023-02-28 01:00:00+00:00,513.75,17.42
2023-02-28 02:00:00+00:00,697.15,18.61
2023-02-28 03:00:00+00:00,835.58,19.72
2023-02-28 04:00:00+00:00,882.53,20.54
2023-02-28 05:00:00+00:00,841.6,20.93
2023-02-28 06:00:00+00:00,724.12,21.09
2023-02-28 07:00:00+00:00,525.45,21.05
2023-02-28 08:00:00+00:00,342.42,20.74
2023-02-28 09:00:00+00:00,118.8,20.1
2023-02-28 10:00:00+00:00,5.0,18.62
2023-02-28 11:00:00+00:00,0.0,17.92
2023-02-28 12:00:00+00:00,0.0,17.56
2023-02-28 13:00:00+00:00,0.0,17.34
2023-02-28 14:00:00+00:00,0.0,17.23
2023-02-28 15:00:00+00:00,0.0,17.29
2023-02-28 16:00:00+00:00,0.0,17.36
2023-02-28 17:00:00+00:00,0.0,17.29
2023-02-28 18:00:00+00:00,0.0,16.93
2023-02-28 19:00:00+00:00,0.0,16.33
2023-02-28 20:00:00+00:00,0.0,15.71
2023-02-28 21:00:00+00:00,0.0,15.19
2023-02-28 22:00:00+00:00,0.0,14.89
2023-02-28 23:00:00+00:00,90.78,15.92
2023-03-01 00:00:00+00:00,296.42,17.48
2023-03-01 01:00:00+00:00,527.33,19.34
2023-03-01 02:00:00+00:00,711.03,20.85
2023-03-01 03:00:00+00:00,829.25,21.67
2023-03-01 04:00:00+00:00,886.85,22.31
2023-03-01 05:00:00+00:00,852.33,22.95
2023-03-01 06:00:00+00:00,772.1,23.53
2023-03-01 07:00:00+00:00,597.2,23.88
2023-03-01 08:00:00+00:00,378.7,23.94
2023-03-01 09:00:00+00:00,140.6,23.45
2023-03-01 10:00:00+00:00,5.22,22.19
2023-03-01 11:00:00+00:00,0.0,21.34
2023-03-01 12:00:00+00:00,0.0,20.58
2023-03-01 13:00:00+00:00,0.0,19.93
2023-03-01 14:00:00+00:00,0.0,19.52
2023-03-01 15:00:00+00:00,0.0,19.22
2023-03-01 16:00:00+00:00,0.0,18.85
2023-03-01 17:00:00+00:00,0.0,18.39
2023-03-01 18:00:00+00:00,0.0,17.88
2023-03-01 19:00:00+00:00,0.0,17.44
2023-03-01 20:00:00+00:00,0.0,17.18
2023-03-01 21:00:00+00:00,0.0,16.96
2023-03-01 22:00:00+00:00,0.0,16.76
2023-03-01 23:00:00+00:00,89.32,17.37
2023-03-02 00:00:00+00:00,301.77,18.58
2023-03-02 01:00:00+00:00,510.1,20.07
2023-03-02 02:00:00+00:00,692.5,21.1
2023-03-02 03:00:00+00:00,811.05,21.72
2023-03-02 04:00:00+00:00,805.47,22.2
2023-03-02 05:00:00+00:00,795.65,22.69
2023-03-02 06:00:00+00:00,634.9,23.17
2023-03-02 07:00:00+00:00,492.48,23.3
2023-03-02 08:00:00+00:00,302.48,22.85
2023-03-02 09:00:00+00:00,95.2,21.81
2023-03-02 10:00:00+00:00,4.43,20.27
2023-03-02 11:00:00+00:00,0.0,19.4
2023-03-02 12:00:00+00:00,0.0,18.78
2023-03-02 13:00:00+00:00,0.0,18.4
2023-03-02 14:00:00+00:00,0.0,18.1
2023-03-02 15:00:00+00:00,0.0,17.82
2023-03-02 16:00:00+00:00,0.0,17.59
2023-03-02 17:00:00+00:00,0.0,17.24
2023-03-02 18:00:00+00:00,0.0,16.85
2023-03-02 19:00:00+00:00,0.0,16.45
2023-03-02 20:00:00+00:00,0.0,16.12
2023-03-02 21:00:00+00:00,0.0,15.91
2023-03-02 22:00:00+00:00,0.0,15.82
2023-03-02 23:00:00+00:00,66.05,16.59
2023-03-03 00:00:00+00:00,222.55,17.55
2023-03-03 01:00:00+00:00,437.77,18.77
2023-03-03 02:00:00+00:00,633.05,20.05
2023-03-03 03:00:00+00:00,754.2,20.98
2023-03-03 04:00:00+00:00,849.55,21.39
2023-03-03 05:00:00+00:00,817.38,21.66
2023-03-03 06:00:00+00:00,708.17,21.81
2023-03-03 07:00:00+00:00,408.88,21.75
2023-03-03 08:00:00+00:00,267.55,21.38
2023-03-03 09:00:00+00:00,80.4,20.69
2023-03-03 10:00:00+00:00,5.05,19.37
2023-03-03 11:00:00+00:00,0.0,18.69
2023-03-03 12:00:00+00:00,0.0,18.4
2023-03-03 13:00:00+00:00,0.0,18.35
2023-03-03 14:00:00+00:00,0.0,18.32
2023-03-03 15:00:00+00:00,0.0,18.34
2023-03-03 16:00:00+00:00,0.0,18.3
2023-03-03 17:00:00+00:00,0.0,18.23
2023-03-03 18:00:00+00:00,0.0,18.16
2023-03-03 19:00:00+00:00,0.0,18.01
2023-03-03 20:00:00+00:00,0.0,17.8
2023-03-03 21:00:00+00:00,0.0,17.57
2023-03-03 22:00:00+00:00,0.0,17.38
2023-03-03 23:00:00+00:00,61.3,17.76
2023-03-04 00:00:00+00:00,170.18,18.15
2023-03-04 01:00:00+00:00,309.05,18.85
2023-03-04 02:00:00+00:00,459.95,19.89
2023-03-04 03:00:00+00:00,675.5,20.87
2023-03-04 04:00:00+00:00,805.7,21.42
2023-03-04 05:00:00+00:00,797.08,22.06
2023-03-04 06:00:00+00:00,630.15,22.62
2023-03-04 07:00:00+00:00,513.88,22.95
2023-03-04 08:00:00+00:00,318.5,23.01
2023-03-04 09:00:00+00:00,116.97,22.61
2023-03-04 10:00:00+00:00,4.95,20.99
2023-03-04 11:00:00+00:00,0.0,20.03
2023-03-04 12:00:00+00:00,0.0,19.5
2023-03-04 13:00:00+00:00,0.0,19.06
2023-03-04 14:00:00+00:00,0.0,18.6
2023-03-04 15:00:00+00:00,0.0,18.31
2023-03-04 16:00:00+00:00,0.0,18.12
2023-03-04 17:00:00+00:00,0.0,17.86
2023-03-04 18:00:00+00:00,0.0,17.49
2023-03-04 19:00:00+00:00,0.0,17.1
2023-03-04 20:00:00+00:00,0.0,16.72
2023-03-04 21:00:00+00:00,0.0,16.44
2023-03-04 22:00:00+00:00,0.0,16.23
2023-03-04 23:00:00+00:00,123.35,17.24
2023-03-05 00:00:00+00:00,351.35,18.47
2023-03-05 01:00:00+00:00,575.3,19.98
2023-03-05 02:00:00+00:00,756.45,21.25
2023-03-05 03:00:00+00:00,877.58,21.86
2023-03-05 04:00:00+00:00,913.0,22.26
2023-03-05 05:00:00+00:00,845.78,22.51
2023-03-05 06:00:00+00:00,759.15,22.61
2023-03-05 07:00:00+00:00,589.6,22.49
2023-03-05 08:00:00+00:00,358.55,22.11
2023-03-05 09:00:00+00:00,129.75,21.37
2023-03-05 10:00:00+00:00,6.3,19.82
2023-03-05 11:00:00+00:00,0.0,19.05
2023-03-05 12:00:00+00:00,0.0,18.69
2023-03-05 13:00:00+00:00,0.0,18.46
2023-03-05 14:00:00+00:00,0.0,18.28
2023-03-05 15:00:00+00:00,0.0,18.09
2023-03-05 16:00:00+00:00,0.0,17.83
2023-03-05 17:00:00+00:00,0.0,17.52
2023-03-05 18:00:00+00:00,0.0,17.21
2023-03-05 19:00:00+00:00,0.0,16.9
2023-03-05 20:00:00+00:00,0.0,16.56
2023-03-05 21:00:00+00:00,0.0,16.19
2023-03-05 22:00:00+00:00,0.0,15.87
2023-03-05 23:00:00+00:00,110.05,16.9
2023-03-06 00:00:00+00:00,316.08,18.38
2023-03-06 01:00:00+00:00,544.38,20.04
2023-03-06 02:00:00+00:00,731.25,21.24
2023-03-06 03:00:00+00:00,852.9,21.97
2023-03-06 04:00:00+00:00,929.03,22.49
2023-03-06 05:00:00+00:00,896.12,22.78
2023-03-06 06:00:00+00:00,785.6,22.81
2023-03-06 07:00:00+00:00,615.53,22.59
2023-03-06 08:00:00+00:00,397.02,22.13
2023-03-06 09:00:00+00:00,153.0,21.34
2023-03-06 10:00:00+00:00,6.82,19.78
2023-03-06 11:00:00+00:00,0.0,19.11
2023-03-06 12:00:00+00:00,0.0,18.74
2023-03-06 13:00:00+00:00,0.0,18.47
2023-03-06 14:00:00+00:00,0.0,18.23
2023-03-06 15:00:00+00:00,0.0,18.01
2023-03-06 16:00:00+00:00,0.0,17.81
2023-03-06 17:00:00+00:00,0.0,17.6
2023-03-06 18:00:00+00:00,0.0,17.32
2023-03-06 19:00:00+00:00,0.0,16.95
2023-03-06 20:00:00+00:00,0.0,16.54
2023-03-06 21:00:00+00:00,0.0,16.2
2023-03-06 22:00:00+00:00,2.8,16.0
2023-03-06 23:00:00+00:00,90.93,17.08
2023-03-07 00:00:00+00:00,283.2,18.5
2023-03-07 01:00:00+00:00,556.58,20.32
2023-03-07 02:00:00+00:00,676.15,21.41
2023-03-07 03:00:00+00:00,861.72,22.08
2023-03-07 04:00:00+00:00,873.3,22.65
2023-03-07 05:00:00+00:00,848.08,22.99
2023-03-07 06:00:00+00:00,743.08,23.05
2023-03-07 07:00:00+00:00,574.03,22.89
2023-03-07 08:00:00+00:00,361.52,22.49
2023-03-07 09:00:00+00:00,131.43,21.77
2023-03-07 10:00:00+00:00,6.22,20.38
2023-03-07 11:00:00+00:00,0.0,19.86
2023-03-07 12:00:00+00:00,0.0,19.53
2023-03-07 13:00:00+00:00,0.0,19.29
2023-03-07 14:00:00+00:00,0.0,19.11
2023-03-07 15:00:00+00:00,0.0,18.96
2023-03-07 16:00:00+00:00,0.0,18.88
2023-03-07 17:00:00+00:00,0.0,18.88
2023-03-07 18:00:00+00:00,0.0,18.81
2023-03-07 19:00:00+00:00,0.0,18.51
2023-03-07 20:00:00+00:00,0.0,18.04
2023-03-07 21:00:00+00:00,0.0,17.65
2023-03-07 22:00:00+00:00,3.42,17.48
2023-03-07 23:00:00+00:00,100.32,18.54
2023-03-08 00:00:00+00:00,304.4,20.01
2023-03-08 01:00:00+00:00,512.58,21.56
2023-03-08 02:00:00+00:00,690.72,22.8
2023-03-08 03:00:00+00:00,771.55,23.42
2023-03-08 04:00:00+00:00,774.17,23.79
2023-03-08 05:00:00+00:00,753.12,23.95
2023-03-08 06:00:00+00:00,591.55,23.89
2023-03-08 07:00:00+00:00,449.42,23.69
2023-03-08 08:00:00+00:00,251.45,23.27
2023-03-08 09:00:00+00:00,79.68,22.6
2023-03-08 10:00:00+00:00,4.65,21.39
2023-03-08 11:00:00+00:00,0.0,20.86
2023-03-08 12:00:00+00:00,0.0,20.48
2023-03-08 13:00:00+00:00,0.0,20.2
2023-03-08 14:00:00+00:00,0.0,19.98
2023-03-08 15:00:00+00:00,0.0,19.78
2023-03-08 16:00:00+00:00,0.0,19.59
2023-03-08 17:00:00+00:00,0.0,19.46
2023-03-08 18:00:00+00:00,0.0,19.42
2023-03-08 19:00:00+00:00,0.0,19.35
2023-03-08 20:00:00+00:00,0.0,19.3
2023-03-08 21:00:00+00:00,0.0,19.29
2023-03-08 22:00:00+00:00,3.15,19.29
2023-03-08 23:00:00+00:00,81.75,19.9
2023-03-09 00:00:00+00:00,250.93,20.89
2023-03-09 01:00:00+00:00,456.62,22.08
2023-03-09 02:00:00+00:00,643.03,23.16
2023-03-09 03:00:00+00:00,800.35,24.08
2023-03-09 04:00:00+00:00,838.08,24.94
2023-03-09 05:00:00+00:00,704.0,25.66
2023-03-09 06:00:00+00:00,612.38,26.06
2023-03-09 07:00:00+00:00,446.1,26.2
2023-03-09 08:00:00+00:00,266.48,26.06
2023-03-09 09:00:00+00:00,103.93,25.49
2023-03-09 10:00:00+00:00,6.2,23.77
2023-03-09 11:00:00+00:00,0.0,22.65
2023-03-09 12:00:00+00:00,0.0,21.96
2023-03-09 13:00:00+00:00,0.0,21.41
2023-03-09 14:00:00+00:00,0.0,21.01
2023-03-09 15:00:00+00:00,0.0,20.74
2023-03-09 16:00:00+00:00,0.0,20.51
2023-03-09 17:00:00+00:00,0.0,20.27
2023-03-09 18:00:00+00:00,0.0,20.06
2023-03-09 19:00:00+00:00,0.0,19.92
2023-03-09 20:00:00+00:00,0.0,19.8
2023-03-09 21:00:00+00:00,0.0,19.61
2023-03-09 22:00:00+00:00,4.12,19.46
2023-03-09 23:00:00+00:00,109.43,20.25
2023-03-10 00:00:00+00:00,322.52,21.47
2023-03-10 01:00:00+00:00,566.28,22.66
2023-03-10 02:00:00+00:00,739.53,23.59
2023-03-10 03:00:00+00:00,852.1,24.28
2023-03-10 04:00:00+00:00,919.53,24.7
2023-03-10 05:00:00+00:00,888.45,24.87
2023-03-10 06:00:00+00:00,785.45,24.85
2023-03-10 07:00:00+00:00,596.22,24.66
2023-03-10 08:00:00+00:00,384.7,24.29
2023-03-10 09:00:00+00:00,148.02,23.59
2023-03-10 10:00:00+00:00,7.53,22.17
2023-03-10 11:00:00+00:00,0.0,21.44
2023-03-10 12:00:00+00:00,0.0,20.97
2023-03-10 13:00:00+00:00,0.0,20.56
2023-03-10 14:00:00+00:00,0.0,20.22
2023-03-10 15:00:00+00:00,0.0,20.01
2023-03-10 16:00:00+00:00,0.0,19.85
2023-03-10 17:00:00+00:00,0.0,19.69
2023-03-10 18:00:00+00:00,0.0,19.53
2023-03-10 19:00:00+00:00,0.0,19.33
2023-03-10 20:00:00+00:00,0.0,19.15
2023-03-10 21:00:00+00:00,0.0,18.97
2023-03-10 22:00:00+00:00,4.4,18.85
2023-03-10 23:00:00+00:00,102.6,19.81
2023-03-11 00:00:00+00:00,294.55,21.17
2023-03-11 01:00:00+00:00,508.83,22.43
2023-03-11 02:00:00+00:00,672.53,23.19
2023-03-11 03:00:00+00:00,782.7,23.78
2023-03-11 04:00:00+00:00,837.42,24.16
2023-03-11 05:00:00+00:00,797.67,24.33
2023-03-11 06:00:00+00:00,651.22,24.27
2023-03-11 07:00:00+00:00,490.3,24.04
2023-03-11 08:00:00+00:00,284.02,23.62
2023-03-11 09:00:00+00:00,100.7,23.04
2023-03-11 10:00:00+00:00,5.82,22.25
2023-03-11 11:00:00+00:00,0.0,21.73
2023-03-11 12:00:00+00:00,0.0,21.44
2023-03-11 13:00:00+00:00,0.0,21.2
2023-03-11 14:00:00+00:00,0.0,21.01
2023-03-11 15:00:00+00:00,0.0,20.89
2023-03-11 16:00:00+00:00,0.0,20.8
2023-03-11 17:00:00+00:00,0.0,20.74
2023-03-11 18:00:00+00:00,0.0,20.49
2023-03-11 19:00:00+00:00,0.0,20.15
2023-03-11 20:00:00+00:00,0.0,20.07
2023-03-11 21:00:00+00:00,0.0,20.05
2023-03-11 22:00:00+00:00,4.4,20.03
2023-03-11 23:00:00+00:00,94.38,20.65
2023-03-12 00:00:00+00:00,274.33,21.64
2023-03-12 01:00:00+00:00,468.92,22.65
2023-03-12 02:00:00+00:00,616.58,23.41
2023-03-12 03:00:00+00:00,648.42,23.92
2023-03-12 04:00:00+00:00,633.8,24.37
2023-03-12 05:00:00+00:00,592.97,24.82
2023-03-12 06:00:00+00:00,538.78,25.02
2023-03-12 07:00:00+00:00,386.62,24.98
2023-03-12 08:00:00+00:00,210.5,24.7
2023-03-12 09:00:00+00:00,81.0,24.3
2023-03-12 10:00:00+00:00,5.2,23.69
2023-03-12 11:00:00+00:00,0.0,22.69
2023-03-12 12:00:00+00:00,0.0,20.94
2023-03-12 13:00:00+00:00,0.0,20.02
2023-03-12 14:00:00+00:00,0.0,19.87
2023-03-12 15:00:00+00:00,0.0,19.82
2023-03-12 16:00:00+00:00,0.0,19.71
2023-03-12 17:00:00+00:00,0.0,19.54
2023-03-12 18:00:00+00:00,0.0,19.34
2023-03-12 19:00:00+00:00,0.0,19.01
2023-03-12 20:00:00+00:00,0.0,18.62
2023-03-12 21:00:00+00:00,0.0,18.3
2023-03-12 22:00:00+00:00,2.75,18.11
2023-03-12 23:00:00+00:00,48.97,18.2
2023-03-13 00:00:00+00:00,121.68,18.55
2023-03-13 01:00:00+00:00,209.18,19.25
2023-03-13 02:00:00+00:00,281.5,20.39
2023-03-13 03:00:00+00:00,302.85,21.22
2023-03-13 04:00:00+00:00,529.0,21.57
2023-03-13 05:00:00+00:00,537.45,21.81
2023-03-13 06:00:00+00:00,496.95,21.92
2023-03-13 07:00:00+00:00,382.3,21.84
2023-03-13 08:00:00+00:00,231.48,21.5
2023-03-13 09:00:00+00:00,86.72,21.12
2023-03-13 10:00:00+00:00,4.78,20.63
2023-03-13 11:00:00+00:00,0.0,20.4
2023-03-13 12:00:00+00:00,0.0,20.2
2023-03-13 13:00:00+00:00,0.0,20.09
2023-03-13 14:00:00+00:00,0.0,19.91
2023-03-13 15:00:00+00:00,0.0,19.72
2023-03-13 16:00:00+00:00,0.0,19.54
2023-03-13 17:00:00+00:00,0.0,19.31
2023-03-13 18:00:00+00:00,0.0,19.13
2023-03-13 19:00:00+00:00,0.0,18.93
2023-03-13 20:00:00+00:00,0.0,18.8
2023-03-13 21:00:00+00:00,0.0,18.61
2023-03-13 22:00:00+00:00,4.1,18.42
2023-03-13 23:00:00+00:00,76.75,19.43
2023-03-14 00:00:00+00:00,211.25,20.25
2023-03-14 01:00:00+00:00,379.83,21.05
2023-03-14 02:00:00+00:00,503.35,21.85
2023-03-14 03:00:00+00:00,623.47,22.42
2023-03-14 04:00:00+00:00,678.15,22.68
2023-03-14 05:00:00+00:00,609.58,22.73
2023-03-14 06:00:00+00:00,476.33,22.58
2023-03-14 07:00:00+00:00,386.42,22.19
2023-03-14 08:00:00+00:00,226.43,21.72
2023-03-14 09:00:00+00:00,81.82,21.12
2023-03-14 10:00:00+00:00,5.75,20.35
2023-03-14 11:00:00+00:00,0.0,19.92
2023-03-14 12:00:00+00:00,0.0,19.64
2023-03-14 13:00:00+00:00,0.0,19.45
2023-03-14 14:00:00+00:00,0.0,19.31
2023-03-14 15:00:00+00:00,0.0,19.2
2023-03-14 16:00:00+00:00,0.0,19.13
2023-03-14 17:00:00+00:00,0.0,19.12
2023-03-14 18:00:00+00:00,0.0,19.16
2023-03-14 19:00:00+00:00,0.0,19.16
2023-03-14 20:00:00+00:00,0.0,19.12
2023-03-14 21:00:00+00:00,0.0,19.15
2023-03-14 22:00:00+00:00,5.22,19.15
2023-03-14 23:00:00+00:00,96.38,20.02
2023-03-15 00:00:00+00:00,266.62,20.73
2023-03-15 01:00:00+00:00,459.25,21.52
2023-03-15 02:00:00+00:00,635.22,22.32
2023-03-15 03:00:00+00:00,750.9,23.4
2023-03-15 04:00:00+00:00,811.53,24.22
2023-03-15 05:00:00+00:00,691.25,24.45
2023-03-15 06:00:00+00:00,668.55,24.34
2023-03-15 07:00:00+00:00,465.75,23.97
2023-03-15 08:00:00+00:00,282.55,23.39
2023-03-15 09:00:00+00:00,106.88,22.72
2023-03-15 10:00:00+00:00,7.15,21.82
2023-03-15 11:00:00+00:00,0.0,21.07
2023-03-15 12:00:00+00:00,0.0,20.69
2023-03-15 13:00:00+00:00,0.0,20.5
2023-03-15 14:00:00+00:00,0.0,20.4
2023-03-15 15:00:00+00:00,0.0,20.32
2023-03-15 16:00:00+00:00,0.0,20.31
2023-03-15 17:00:00+00:00,0.0,20.37
2023-03-15 18:00:00+00:00,0.0,20.4
2023-03-15 19:00:00+00:00,0.0,20.28
2023-03-15 20:00:00+00:00,0.0,19.99
2023-03-15 21:00:00+00:00,0.0,19.57
2023-03-15 22:00:00+00:00,6.72,19.22
2023-03-15 23:00:00+00:00,121.53,19.99
2023-03-16 00:00:00+00:00,329.08,21.34
2023-03-16 01:00:00+00:00,532.83,22.6
2023-03-16 02:00:00+00:00,701.33,23.64
2023-03-16 03:00:00+00:00,811.72,24.54
2023-03-16 04:00:00+00:00,781.58,25.09
2023-03-16 05:00:00+00:00,795.75,25.29
2023-03-16 06:00:00+00:00,709.92,25.15
2023-03-16 07:00:00+00:00,542.45,24.8
2023-03-16 08:00:00+00:00,335.52,24.21
2023-03-16 09:00:00+00:00,127.95,23.39
2023-03-16 10:00:00+00:00,8.02,22.26
2023-03-16 11:00:00+00:00,0.0,21.59
2023-03-16 12:00:00+00:00,0.0,21.19
2023-03-16 13:00:00+00:00,0.0,20.88
2023-03-16 14:00:00+00:00,0.0,20.64
2023-03-16 15:00:00+00:00,0.0,20.4
2023-03-16 16:00:00+00:00,0.0,20.18
2023-03-16 17:00:00+00:00,0.0,20.02
2023-03-16 18:00:00+00:00,0.0,19.99
2023-03-16 19:00:00+00:00,0.0,19.9
2023-03-16 20:00:00+00:00,0.0,19.82
2023-03-16 21:00:00+00:00,0.0,19.73
2023-03-16 22:00:00+00:00,4.93,19.77
2023-03-16 23:00:00+00:00,68.88,20.55
2023-03-17 00:00:00+00:00,181.9,21.62
2023-03-17 01:00:00+00:00,357.55,22.72
2023-03-17 02:00:00+00:00,521.17,23.54
2023-03-17 03:00:00+00:00,687.28,24.23
2023-03-17 04:00:00+00:00,751.15,24.7
2023-03-17 05:00:00+00:00,686.88,24.91
2023-03-17 06:00:00+00:00,606.15,24.98
2023-03-17 07:00:00+00:00,419.1,24.83
2023-03-17 08:00:00+00:00,247.95,24.45
2023-03-17 09:00:00+00:00,91.3,23.84
2023-03-17 10:00:00+00:00,6.43,22.84
2023-03-17 11:00:00+00:00,0.0,22.04
2023-03-17 12:00:00+00:00,0.0,21.5
2023-03-17 13:00:00+00:00,0.0,21.2
2023-03-17 14:00:00+00:00,0.0,20.94
2023-03-17 15:00:00+00:00,0.0,20.76
2023-03-17 16:00:00+00:00,0.0,20.89
2023-03-17 17:00:00+00:00,0.0,20.87
2023-03-17 18:00:00+00:00,0.0,20.6
2023-03-17 19:00:00+00:00,0.0,20.36
2023-03-17 20:00:00+00:00,0.0,20.16
2023-03-17 21:00:00+00:00,0.0,20.11
2023-03-17 22:00:00+00:00,6.7,20.14
2023-03-17 23:00:00+00:00,104.28,20.57
2023-03-18 00:00:00+00:00,294.77,21.04
2023-03-18 01:00:00+00:00,497.5,21.99
2023-03-18 02:00:00+00:00,654.88,23.2
2023-03-18 03:00:00+00:00,737.22,24.04
2023-03-18 04:00:00+00:00,656.65,25.36
2023-03-18 05:00:00+00:00,659.17,26.23
2023-03-18 06:00:00+00:00,552.12,26.07
2023-03-18 07:00:00+00:00,372.23,25.5
2023-03-18 08:00:00+00:00,224.05,24.83
2023-03-18 09:00:00+00:00,82.25,23.94
2023-03-18 10:00:00+00:00,6.15,22.8
2023-03-18 11:00:00+00:00,0.0,21.92
2023-03-18 12:00:00+00:00,0.0,21.61
2023-03-18 13:00:00+00:00,0.0,21.5
2023-03-18 14:00:00+00:00,0.0,21.33
2023-03-18 15:00:00+00:00,0.0,21.15
2023-03-18 16:00:00+00:00,0.0,20.91
2023-03-18 17:00:00+00:00,0.0,20.68
2023-03-18 18:00:00+00:00,0.0,20.58
2023-03-18 19:00:00+00:00,0.0,20.57
2023-03-18 20:00:00+00:00,0.0,20.55
2023-03-18 21:00:00+00:00,0.0,20.43
2023-03-18 22:00:00+00:00,4.65,20.36
2023-03-18 23:00:00+00:00,51.25,20.69
2023-03-19 00:00:00+00:00,164.4,21.3
2023-03-19 01:00:00+00:00,299.08,22.07
2023-03-19 02:00:00+00:00,442.58,22.92
2023-03-19 03:00:00+00:00,508.27,23.54
2023-03-19 04:00:00+00:00,542.25,23.93
2023-03-19 05:00:00+00:00,477.75,24.05
2023-03-19 06:00:00+00:00,358.5,23.99
2023-03-19 07:00:00+00:00,234.18,23.69
2023-03-19 08:00:00+00:00,143.05,23.21
2023-03-19 09:00:00+00:00,54.55,22.53
2023-03-19 10:00:00+00:00,4.95,21.88
2023-03-19 11:00:00+00:00,0.0,21.47
2023-03-19 12:00:00+00:00,0.0,21.24
2023-03-19 13:00:00+00:00,0.0,21.05
2023-03-19 14:00:00+00:00,0.0,20.88
2023-03-19 15:00:00+00:00,0.0,20.78
2023-03-19 16:00:00+00:00,0.0,20.7
2023-03-19 17:00:00+00:00,0.0,20.6
2023-03-19 18:00:00+00:00,0.0,20.49
2023-03-19 19:00:00+00:00,0.0,20.4
2023-03-19 20:00:00+00:00,0.0,20.36
2023-03-19 21:00:00+00:00,0.0,20.35
2023-03-19 22:00:00+00:00,5.3,20.45
2023-03-19 23:00:00+00:00,62.28,21.55
2023-03-20 00:00:00+00:00,150.93,22.7
2023-03-20 01:00:00+00:00,287.8,23.68
2023-03-20 02:00:00+00:00,411.2,24.38
2023-03-20 03:00:00+00:00,429.88,24.87
2023-03-20 04:00:00+00:00,501.95,25.18
2023-03-20 05:00:00+00:00,467.55,25.21
2023-03-20 06:00:00+00:00,423.38,24.98
2023-03-20 07:00:00+00:00,322.42,24.64
2023-03-20 08:00:00+00:00,187.6,24.08
2023-03-20 09:00:00+00:00,69.4,23.37
2023-03-20 10:00:00+00:00,6.5,22.65
2023-03-20 11:00:00+00:00,0.0,22.32
2023-03-20 12:00:00+00:00,0.0,22.13
2023-03-20 13:00:00+00:00,0.0,22.05
2023-03-20 14:00:00+00:00,0.0,21.92
2023-03-20 15:00:00+00:00,0.0,21.84
2023-03-20 16:00:00+00:00,0.0,21.68
2023-03-20 17:00:00+00:00,0.0,21.6
2023-03-20 18:00:00+00:00,0.0,21.64
2023-03-20 19:00:00+00:00,0.0,21.69
2023-03-20 20:00:00+00:00,0.0,21.82
2023-03-20 21:00:00+00:00,0.0,21.98
2023-03-20 22:00:00+00:00,6.68,22.15
2023-03-20 23:00:00+00:00,68.85,22.58
2023-03-21 00:00:00+00:00,173.5,22.9
2023-03-21 01:00:00+00:00,273.1,23.28
2023-03-21 02:00:00+00:00,367.55,23.61
2023-03-21 03:00:00+00:00,387.6,24.11
2023-03-21 04:00:00+00:00,378.65,24.68
2023-03-21 05:00:00+00:00,338.2,25.0
2023-03-21 06:00:00+00:00,282.2,24.7
2023-03-21 07:00:00+00:00,166.2,24.45
2023-03-21 08:00:00+00:00,93.07,24.15
2023-03-21 09:00:00+00:00,38.78,23.67
2023-03-21 10:00:00+00:00,3.7,23.2
2023-03-21 11:00:00+00:00,0.0,22.95
2023-03-21 12:00:00+00:00,0.0,22.86
2023-03-21 13:00:00+00:00,0.0,22.85
2023-03-21 14:00:00+00:00,0.0,22.8
2023-03-21 15:00:00+00:00,0.0,22.78
2023-03-21 16:00:00+00:00,0.0,22.85
2023-03-21 17:00:00+00:00,0.0,22.88
2023-03-21 18:00:00+00:00,0.0,22.8
2023-03-21 19:00:00+00:00,0.0,22.83
2023-03-21 20:00:00+00:00,0.0,22.84
2023-03-21 21:00:00+00:00,0.0,22.83
2023-03-21 22:00:00+00:00,6.35,22.85
2023-03-21 23:00:00+00:00,62.85,23.31
2023-03-22 00:00:00+00:00,175.48,24.0
2023-03-22 01:00:00+00:00,291.0,24.73
2023-03-22 02:00:00+00:00,335.58,25.25
2023-03-22 03:00:00+00:00,349.5,25.6
2023-03-22 04:00:00+00:00,368.88,25.8
2023-03-22 05:00:00+00:00,333.6,25.81
2023-03-22 06:00:00+00:00,222.3,25.63
2023-03-22 07:00:00+00:00,167.73,25.28
2023-03-22 08:00:00+00:00,126.62,24.75
2023-03-22 09:00:00+00:00,43.33,24.14
2023-03-22 10:00:00+00:00,4.28,23.6
2023-03-22 11:00:00+00:00,0.0,23.38
2023-03-22 12:00:00+00:00,0.0,23.36
2023-03-22 13:00:00+00:00,0.0,23.34
2023-03-22 14:00:00+00:00,0.0,23.26
2023-03-22 15:00:00+00:00,0.0,23.23
2023-03-22 16:00:00+00:00,0.0,23.17
2023-03-22 17:00:00+00:00,0.0,23.04
2023-03-22 18:00:00+00:00,0.0,22.91
2023-03-22 19:00:00+00:00,0.0,22.75
2023-03-22 20:00:00+00:00,0.0,22.62
2023-03-22 21:00:00+00:00,0.0,22.57
2023-03-22 22:00:00+00:00,9.35,22.79
2023-03-22 23:00:00+00:00,106.4,23.47
2023-03-23 00:00:00+00:00,249.0,24.04
2023-03-23 01:00:00+00:00,403.75,24.71
2023-03-23 02:00:00+00:00,493.75,25.24
2023-03-23 03:00:00+00:00,566.05,25.64
2023-03-23 04:00:00+00:00,583.62,25.82
2023-03-23 05:00:00+00:00,507.48,25.8
2023-03-23 06:00:00+00:00,366.02,25.64
2023-03-23 07:00:00+00:00,353.1,25.37
2023-03-23 08:00:00+00:00,226.1,24.98
2023-03-23 09:00:00+00:00,101.95,24.46
2023-03-23 10:00:00+00:00,9.07,23.88
2023-03-23 11:00:00+00:00,0.0,23.59
2023-03-23 12:00:00+00:00,0.0,23.46
2023-03-23 13:00:00+00:00,0.0,23.4
2023-03-23 14:00:00+00:00,0.0,23.36
2023-03-23 15:00:00+00:00,0.0,23.32
2023-03-23 16:00:00+00:00,0.0,23.24
2023-03-23 17:00:00+00:00,0.0,23.1
2023-03-23 18:00:00+00:00,0.0,22.97
2023-03-23 19:00:00+00:00,0.0,22.93
2023-03-23 20:00:00+00:00,0.0,22.97
2023-03-23 21:00:00+00:00,0.0,22.96
2023-03-23 22:00:00+00:00,12.07,23.0
2023-03-23 23:00:00+00:00,125.95,23.55
2023-03-24 00:00:00+00:00,285.88,24.33
2023-03-24 01:00:00+00:00,444.23,24.96
2023-03-24 02:00:00+00:00,491.23,25.44
2023-03-24 03:00:00+00:00,497.1,25.63
2023-03-24 04:00:00+00:00,399.2,25.21
2023-03-24 05:00:00+00:00,518.4,25.07
2023-03-24 06:00:00+00:00,376.08,25.22
2023-03-24 07:00:00+00:00,270.12,25.06
2023-03-24 08:00:00+00:00,166.68,24.8
2023-03-24 09:00:00+00:00,70.72,24.43
2023-03-24 10:00:00+00:00,6.88,23.95
2023-03-24 11:00:00+00:00,0.0,23.73
2023-03-24 12:00:00+00:00,0.0,23.64
2023-03-24 13:00:00+00:00,0.0,23.61
2023-03-24 14:00:00+00:00,0.0,23.62
2023-03-24 15:00:00+00:00,0.0,23.59
2023-03-24 16:00:00+00:00,0.0,23.5
2023-03-24 17:00:00+00:00,0.0,23.41
2023-03-24 18:00:00+00:00,0.0,23.32
2023-03-24 19:00:00+00:00,0.0,23.23
2023-03-24 20:00:00+00:00,0.0,23.2
2023-03-24 21:00:00+00:00,0.0,23.14
2023-03-24 22:00:00+00:00,7.15,23.15
2023-03-24 23:00:00+00:00,68.5,23.6
2023-03-25 00:00:00+00:00,155.62,24.32
2023-03-25 01:00:00+00:00,232.18,25.06
2023-03-25 02:00:00+00:00,243.57,25.52
2023-03-25 03:00:00+00:00,227.5,25.76
2023-03-25 04:00:00+00:00,139.5,25.67
2023-03-25 05:00:00+00:00,146.7,25.37
2023-03-25 06:00:00+00:00,197.73,24.6
2023-03-25 07:00:00+00:00,146.65,23.98
2023-03-25 08:00:00+00:00,96.8,23.8
2023-03-25 09:00:00+00:00,33.35,23.48
2023-03-25 10:00:00+00:00,3.6,23.14
2023-03-25 11:00:00+00:00,0.0,22.86
2023-03-25 12:00:00+00:00,0.0,22.6
2023-03-25 13:00:00+00:00,0.0,22.41
2023-03-25 14:00:00+00:00,0.0,22.24
2023-03-25 15:00:00+00:00,0.0,22.14
2023-03-25 16:00:00+00:00,0.0,22.01
2023-03-25 17:00:00+00:00,0.0,21.78
2023-03-25 18:00:00+00:00,0.0,21.22
2023-03-25 19:00:00+00:00,0.0,20.33
2023-03-25 20:00:00+00:00,0.0,19.63
2023-03-25 21:00:00+00:00,0.0,19.31
2023-03-25 22:00:00+00:00,5.43,18.71
2023-03-25 23:00:00+00:00,57.95,18.08
2023-03-26 00:00:00+00:00,128.55,17.85
2023-03-26 01:00:00+00:00,75.62,18.55
2023-03-26 02:00:00+00:00,143.6,19.49
2023-03-26 03:00:00+00:00,115.18,20.24
2023-03-26 04:00:00+00:00,80.7,20.93
2023-03-26 05:00:00+00:00,96.9,21.62
2023-03-26 06:00:00+00:00,130.98,22.26
2023-03-26 07:00:00+00:00,111.38,22.73
2023-03-26 08:00:00+00:00,88.85,22.69
2023-03-26 09:00:00+00:00,44.1,22.11
2023-03-26 10:00:00+00:00,2.03,21.55
2023-03-26 11:00:00+00:00,0.0,21.25
2023-03-26 12:00:00+00:00,0.0,21.01
2023-03-26 13:00:00+00:00,0.0,20.72
2023-03-26 14:00:00+00:00,0.0,20.35
2023-03-26 15:00:00+00:00,0.0,19.81
2023-03-26 16:00:00+00:00,0.0,19.26
2023-03-26 17:00:00+00:00,0.0,18.78
2023-03-26 18:00:00+00:00,0.0,18.43
2023-03-26 19:00:00+00:00,0.0,18.6
2023-03-26 20:00:00+00:00,0.0,18.97
2023-03-26 21:00:00+00:00,0.0,19.16
2023-03-26 22:00:00+00:00,3.72,19.22
2023-03-26 23:00:00+00:00,41.8,19.68
2023-03-27 00:00:00+00:00,115.2,20.3
2023-03-27 01:00:00+00:00,204.4,21.07
2023-03-27 02:00:00+00:00,208.62,21.78
2023-03-27 03:00:00+00:00,173.73,22.27
2023-03-27 04:00:00+00:00,128.18,21.99
2023-03-27 05:00:00+00:00,118.45,21.87
2023-03-27 06:00:00+00:00,94.03,21.88
2023-03-27 07:00:00+00:00,75.07,21.64
2023-03-27 08:00:00+00:00,58.25,21.08
2023-03-27 09:00:00+00:00,20.88,20.49
2023-03-27 10:00:00+00:00,1.95,19.98
2023-03-27 11:00:00+00:00,0.0,19.68
2023-03-27 12:00:00+00:00,0.0,19.48
2023-03-27 13:00:00+00:00,0.0,19.27
2023-03-27 14:00:00+00:00,0.0,19.16
2023-03-27 15:00:00+00:00,0.0,19.05
2023-03-27 16:00:00+00:00,0.0,18.89
2023-03-27 17:00:00+00:00,0.0,18.73
2023-03-27 18:00:00+00:00,0.0,18.6
2023-03-27 19:00:00+00:00,0.0,18.53
2023-03-27 20:00:00+00:00,0.0,18.45
2023-03-27 21:00:00+00:00,0.0,18.49
2023-03-27 22:00:00+00:00,3.83,18.59
2023-03-27 23:00:00+00:00,26.92,18.95
2023-03-28 00:00:00+00:00,101.03,19.5
2023-03-28 01:00:00+00:00,176.98,20.1
2023-03-28 02:00:00+00:00,306.85,20.72
2023-03-28 03:00:00+00:00,263.3,21.17
2023-03-28 04:00:00+00:00,251.57,21.49
2023-03-28 05:00:00+00:00,212.23,21.8
2023-03-28 06:00:00+00:00,165.48,21.96
2023-03-28 07:00:00+00:00,105.97,21.97
2023-03-28 08:00:00+00:00,60.58,21.78
2023-03-28 09:00:00+00:00,21.88,21.45
2023-03-28 10:00:00+00:00,2.15,20.9
2023-03-28 11:00:00+00:00,0.0,20.52
2023-03-28 12:00:00+00:00,0.0,20.29
2023-03-28 13:00:00+00:00,0.0,20.11
2023-03-28 14:00:00+00:00,0.0,19.98
2023-03-28 15:00:00+00:00,0.0,19.89
2023-03-28 16:00:00+00:00,0.0,19.83
2023-03-28 17:00:00+00:00,0.0,19.77
2023-03-28 18:00:00+00:00,0.0,19.78
2023-03-28 19:00:00+00:00,0.0,19.71
2023-03-28 20:00:00+00:00,0.0,19.54
2023-03-28 21:00:00+00:00,0.0,19.39
2023-03-28 22:00:00+00:00,3.97,19.36
2023-03-28 23:00:00+00:00,30.48,19.63
2023-03-29 00:00:00+00:00,84.53,20.27
2023-03-29 01:00:00+00:00,135.75,21.22
2023-03-29 02:00:00+00:00,250.85,22.21
2023-03-29 03:00:00+00:00,290.55,22.91
2023-03-29 04:00:00+00:00,293.98,23.34
2023-03-29 05:00:00+00:00,337.48,23.44
2023-03-29 06:00:00+00:00,290.6,23.43
2023-03-29 07:00:00+00:00,149.45,23.33
2023-03-29 08:00:00+00:00,88.75,23.03
2023-03-29 09:00:00+00:00,38.38,22.44
2023-03-29 10:00:00+00:00,3.8,21.69
2023-03-29 11:00:00+00:00,0.0,21.32
2023-03-29 12:00:00+00:00,0.0,21.11
2023-03-29 13:00:00+00:00,0.0,20.92
2023-03-29 14:00:00+00:00,0.0,20.84
2023-03-29 15:00:00+00:00,0.0,20.74
2023-03-29 16:00:00+00:00,0.0,20.63
2023-03-29 17:00:00+00:00,0.0,20.52
2023-03-29 18:00:00+00:00,0.0,20.43
2023-03-29 19:00:00+00:00,0.0,20.38
2023-03-29 20:00:00+00:00,0.0,20.36
2023-03-29 21:00:00+00:00,0.0,20.38
2023-03-29 22:00:00+00:00,4.43,20.49
2023-03-29 23:00:00+00:00,51.55,21.09
2023-03-30 00:00:00+00:00,129.75,21.78
2023-03-30 01:00:00+00:00,210.05,22.68
2023-03-30 02:00:00+00:00,300.15,23.34
2023-03-30 03:00:00+00:00,398.8,23.66
2023-03-30 04:00:00+00:00,404.2,23.87
2023-03-30 05:00:00+00:00,290.23,24.01
2023-03-30 06:00:00+00:00,279.45,24.02
2023-03-30 07:00:00+00:00,250.75,23.8
2023-03-30 08:00:00+00:00,154.48,23.37
2023-03-30 09:00:00+00:00,66.72,22.9
2023-03-30 10:00:00+00:00,5.7,22.29
2023-03-30 11:00:00+00:00,0.0,21.82
2023-03-30 12:00:00+00:00,0.0,21.53
2023-03-30 13:00:00+00:00,0.0,21.33
2023-03-30 14:00:00+00:00,0.0,21.24
2023-03-30 15:00:00+00:00,0.0,21.23
2023-03-30 16:00:00+00:00,0.0,21.17
2023-03-30 17:00:00+00:00,0.0,21.11
2023-03-30 18:00:00+00:00,0.0,21.03
2023-03-30 19:00:00+00:00,0.0,20.93
2023-03-30 20:00:00+00:00,0.0,20.9
2023-03-30 21:00:00+00:00,0.0,20.91
2023-03-30 22:00:00+00:00,3.92,21.02
2023-03-30 23:00:00+00:00,34.28,21.63
2023-03-31 00:00:00+00:00,82.22,22.37
2023-03-31 01:00:00+00:00,117.55,23.1
2023-03-31 02:00:00+00:00,149.35,23.66
2023-03-31 03:00:00+00:00,187.93,23.94
2023-03-31 04:00:00+00:00,259.98,24.13
2023-03-31 05:00:00+00:00,269.98,24.15
2023-03-31 06:00:00+00:00,176.8,23.98
2023-03-31 07:00:00+00:00,139.5,23.65
2023-03-31 08:00:00+00:00,97.03,23.19
2023-03-31 09:00:00+00:00,44.7,22.65
2023-03-31 10:00:00+00:00,3.67,22.04
2023-03-31 11:00:00+00:00,0.0,21.67
2023-03-31 12:00:00+00:00,0.0,21.5
2023-03-31 13:00:00+00:00,0.0,21.37
2023-03-31 14:00:00+00:00,0.0,21.23
2023-03-31 15:00:00+00:00,0.0,21.09
2023-03-31 16:00:00+00:00,0.0,20.98
2023-03-31 17:00:00+00:00,0.0,20.89
2023-03-31 18:00:00+00:00,0.0,20.83
2023-03-31 19:00:00+00:00,0.0,20.79
2023-03-31 20:00:00+00:00,0.0,20.76
2023-03-31 21:00:00+00:00,0.0,20.76
2023-03-31 22:00:00+00:00,7.43,20.83
2023-03-31 23:00:00+00:00,57.47,21.3
2023-04-01 00:00:00+00:00,87.18,21.98
2023-04-01 01:00:00+00:00,121.38,22.84
2023-04-01 02:00:00+00:00,169.0,23.51
2023-04-01 03:00:00+00:00,219.8,23.86
2023-04-01 04:00:00+00:00,340.65,24.03
2023-04-01 05:00:00+00:00,391.2,24.04
2023-04-01 06:00:00+00:00,281.23,23.93
2023-04-01 07:00:00+00:00,162.35,23.73
2023-04-01 08:00:00+00:00,91.62,23.46
2023-04-01 09:00:00+00:00,29.55,23.09
2023-04-01 10:00:00+00:00,3.42,22.49
2023-04-01 11:00:00+00:00,0.0,21.98
2023-04-01 12:00:00+00:00,0.0,21.68
2023-04-01 13:00:00+00:00,0.0,21.5
2023-04-01 14:00:00+00:00,0.0,21.35
2023-04-01 15:00:00+00:00,0.0,21.28
2023-04-01 16:00:00+00:00,0.0,21.28
2023-04-01 17:00:00+00:00,0.0,21.33
2023-04-01 18:00:00+00:00,0.0,21.34
2023-04-01 19:00:00+00:00,0.0,21.4
2023-04-01 20:00:00+00:00,0.0,21.44
2023-04-01 21:00:00+00:00,0.0,21.43
2023-04-01 22:00:00+00:00,6.97,21.47
2023-04-01 23:00:00+00:00,68.82,22.06
2023-04-02 00:00:00+00:00,143.07,22.84
2023-04-02 01:00:00+00:00,261.12,23.64
2023-04-02 02:00:00+00:00,351.45,24.28
2023-04-02 03:00:00+00:00,321.38,24.67
2023-04-02 04:00:00+00:00,249.98,24.84
2023-04-02 05:00:00+00:00,210.98,24.78
2023-04-02 06:00:00+00:00,178.93,24.55
2023-04-02 07:00:00+00:00,142.15,24.21
2023-04-02 08:00:00+00:00,100.25,23.71
2023-04-02 09:00:00+00:00,42.35,23.08
2023-04-02 10:00:00+00:00,4.4,22.35
2023-04-02 11:00:00+00:00,0.0,21.91
2023-04-02 12:00:00+00:00,0.0,21.71
2023-04-02 13:00:00+00:00,0.0,21.59
2023-04-02 14:00:00+00:00,0.0,21.49
2023-04-02 15:00:00+00:00,0.0,21.56
2023-04-02 16:00:00+00:00,0.0,21.56
2023-04-02 17:00:00+00:00,0.0,21.55
2023-04-02 18:00:00+00:00,0.0,21.57
2023-04-02 19:00:00+00:00,0.0,21.64
2023-04-02 20:00:00+00:00,0.0,21.7
2023-04-02 21:00:00+00:00,0.0,21.66
2023-04-02 22:00:00+00:00,4.12,21.64
2023-04-02 23:00:00+00:00,34.7,21.99
2023-04-03 00:00:00+00:00,114.32,22.7
2023-04-03 01:00:00+00:00,167.68,23.52
2023-04-03 02:00:00+00:00,250.07,24.08
2023-04-03 03:00:00+00:00,260.12,24.45
2023-04-03 04:00:00+00:00,272.6,24.78
2023-04-03 05:00:00+00:00,224.18,24.95
2023-04-03 06:00:00+00:00,165.02,24.93
2023-04-03 07:00:00+00:00,121.88,24.71
2023-04-03 08:00:00+00:00,107.32,24.23
2023-04-03 09:00:00+00:00,45.88,23.56
2023-04-03 10:00:00+00:00,5.07,22.87
2023-04-03 11:00:00+00:00,0.0,22.58
2023-04-03 12:00:00+00:00,0.0,22.52
2023-04-03 13:00:00+00:00,0.0,22.5
2023-04-03 14:00:00+00:00,0.0,22.49
2023-04-03 15:00:00+00:00,0.0,22.51
2023-04-03 16:00:00+00:00,0.0,22.52
2023-04-03 17:00:00+00:00,0.0,22.52
2023-04-03 18:00:00+00:00,0.0,22.53
2023-04-03 19:00:00+00:00,0.0,22.53
2023-04-03 20:00:00+00:00,0.0,22.53
2023-04-03 21:00:00+00:00,0.0,22.57
2023-04-03 22:00:00+00:00,3.92,22.67
2023-04-03 23:00:00+00:00,38.88,23.05
2023-04-04 00:00:00+00:00,101.55,23.7
2023-04-04 01:00:00+00:00,197.6,24.43
2023-04-04 02:00:00+00:00,323.25,25.11
2023-04-04 03:00:00+00:00,384.33,25.53
2023-04-04 04:00:00+00:00,302.8,25.7
2023-04-04 05:00:00+00:00,319.65,25.61
2023-04-04 06:00:00+00:00,304.98,25.5
2023-04-04 07:00:00+00:00,193.07,25.22
2023-04-04 08:00:00+00:00,172.07,24.8
2023-04-04 09:00:00+00:00,80.47,24.3
2023-04-04 10:00:00+00:00,8.25,23.67
2023-04-04 11:00:00+00:00,0.0,23.39
2023-04-04 12:00:00+00:00,0.0,23.27
2023-04-04 13:00:00+00:00,0.0,23.2
2023-04-04 14:00:00+00:00,0.0,23.15
2023-04-04 15:00:00+00:00,0.0,23.04
2023-04-04 16:00:00+00:00,0.0,22.95
2023-04-04 17:00:00+00:00,0.0,22.95
2023-04-04 18:00:00+00:00,0.0,22.97
2023-04-04 19:00:00+00:00,0.0,23.02
2023-04-04 20:00:00+00:00,0.0,23.2
2023-04-04 21:00:00+00:00,0.0,23.19
2023-04-04 22:00:00+00:00,10.48,23.24
2023-04-04 23:00:00+00:00,77.03,23.63
2023-04-05 00:00:00+00:00,181.25,24.17
2023-04-05 01:00:00+00:00,284.42,24.82
2023-04-05 02:00:00+00:00,327.17,25.37
2023-04-05 03:00:00+00:00,323.83,25.76
2023-04-05 04:00:00+00:00,346.83,26.07
2023-04-05 05:00:00+00:00,388.08,26.25
2023-04-05 06:00:00+00:00,298.52,26.12
2023-04-05 07:00:00+00:00,205.75,25.73
2023-04-05 08:00:00+00:00,120.7,25.08
2023-04-05 09:00:00+00:00,45.3,24.39
2023-04-05 10:00:00+00:00,4.85,23.87
2023-04-05 11:00:00+00:00,0.0,23.64
2023-04-05 12:00:00+00:00,0.0,23.55
2023-04-05 13:00:00+00:00,0.0,23.49
2023-04-05 14:00:00+00:00,0.0,23.43
2023-04-05 15:00:00+00:00,0.0,23.46
2023-04-05 16:00:00+00:00,0.0,23.55
2023-04-05 17:00:00+00:00,0.0,23.59
2023-04-05 18:00:00+00:00,0.0,23.62
2023-04-05 19:00:00+00:00,0.0,23.65
2023-04-05 20:00:00+00:00,0.0,23.61
2023-04-05 21:00:00+00:00,0.0,23.57
2023-04-05 22:00:00+00:00,18.75,23.66
2023-04-05 23:00:00+00:00,123.4,24.13
2023-04-06 00:00:00+00:00,285.65,24.87
2023-04-06 01:00:00+00:00,412.02,25.96
2023-04-06 02:00:00+00:00,488.02,26.5
2023-04-06 03:00:00+00:00,614.17,26.46
2023-04-06 04:00:00+00:00,538.62,26.69
2023-04-06 05:00:00+00:00,488.65,26.81
2023-04-06 06:00:00+00:00,333.0,26.8
2023-04-06 07:00:00+00:00,199.2,26.54
2023-04-06 08:00:00+00:00,123.38,26.11
2023-04-06 09:00:00+00:00,48.25,25.17
2023-04-06 10:00:00+00:00,5.3,24.03
2023-04-06 11:00:00+00:00,0.0,23.06
2023-04-06 12:00:00+00:00,0.0,21.76
2023-04-06 13:00:00+00:00,0.0,20.98
2023-04-06 14:00:00+00:00,0.0,20.68
2023-04-06 15:00:00+00:00,0.0,20.42
2023-04-06 16:00:00+00:00,0.0,20.15
2023-04-06 17:00:00+00:00,0.0,20.03
2023-04-06 18:00:00+00:00,0.0,19.43
2023-04-06 19:00:00+00:00,0.0,18.63
2023-04-06 20:00:00+00:00,0.0,18.08
2023-04-06 21:00:00+00:00,0.0,17.71
2023-04-06 22:00:00+00:00,13.57,17.43
2023-04-06 23:00:00+00:00,110.45,17.61
2023-04-07 00:00:00+00:00,261.4,18.23
2023-04-07 01:00:00+00:00,443.08,19.29
2023-04-07 02:00:00+00:00,535.22,20.64
2023-04-07 03:00:00+00:00,598.83,21.82
2023-04-07 04:00:00+00:00,596.35,22.85
2023-04-07 05:00:00+00:00,508.0,23.68
2023-04-07 06:00:00+00:00,464.35,24.06
2023-04-07 07:00:00+00:00,359.17,24.26
2023-04-07 08:00:00+00:00,196.88,24.32
2023-04-07 09:00:00+00:00,81.1,24.09
2023-04-07 10:00:00+00:00,5.88,23.39
2023-04-07 11:00:00+00:00,0.0,22.96
2023-04-07 12:00:00+00:00,0.0,22.66
2023-04-07 13:00:00+00:00,0.0,22.37
2023-04-07 14:00:00+00:00,0.0,21.96
2023-04-07 15:00:00+00:00,0.0,21.44
2023-04-07 16:00:00+00:00,0.0,20.89
2023-04-07 17:00:00+00:00,0.0,20.29
2023-04-07 18:00:00+00:00,0.0,19.75
2023-04-07 19:00:00+00:00,0.0,19.34
2023-04-07 20:00:00+00:00,0.0,19.06
2023-04-07 21:00:00+00:00,0.0,18.94
2023-04-07 22:00:00+00:00,12.52,18.96
2023-04-07 23:00:00+00:00,86.57,19.6
2023-04-08 00:00:00+00:00,191.27,20.49
2023-04-08 01:00:00+00:00,250.93,21.45
2023-04-08 02:00:00+00:00,330.98,22.14
2023-04-08 03:00:00+00:00,329.55,22.37
2023-04-08 04:00:00+00:00,318.98,22.26
2023-04-08 05:00:00+00:00,328.55,22.0
2023-04-08 06:00:00+00:00,250.43,21.68
2023-04-08 07:00:00+00:00,212.82,21.41
2023-04-08 08:00:00+00:00,125.7,21.41
2023-04-08 09:00:00+00:00,51.65,21.26
2023-04-08 10:00:00+00:00,5.7,20.75
2023-04-08 11:00:00+00:00,0.0,20.36
2023-04-08 12:00:00+00:00,0.0,20.26
2023-04-08 13:00:00+00:00,0.0,20.25
2023-04-08 14:00:00+00:00,0.0,20.24
2023-04-08 15:00:00+00:00,0.0,20.19
2023-04-08 16:00:00+00:00,0.0,20.08
2023-04-08 17:00:00+00:00,0.0,20.04
2023-04-08 18:00:00+00:00,0.0,19.89
2023-04-08 19:00:00+00:00,0.0,19.65
2023-04-08 20:00:00+00:00,0.0,19.42
2023-04-08 21:00:00+00:00,0.0,19.2
2023-04-08 22:00:00+00:00,9.45,19.08
2023-04-08 23:00:00+00:00,65.43,19.32
2023-04-09 00:00:00+00:00,136.48,19.66
2023-04-09 01:00:00+00:00,179.18,20.24
2023-04-09 02:00:00+00:00,221.6,21.13
2023-04-09 03:00:00+00:00,388.95,22.04
2023-04-09 04:00:00+00:00,633.7,22.69
2023-04-09 05:00:00+00:00,475.85,23.08
2023-04-09 06:00:00+00:00,438.88,23.18
2023-04-09 07:00:00+00:00,244.6,23.14
2023-04-09 08:00:00+00:00,154.18,22.89
2023-04-09 09:00:00+00:00,71.1,22.47
2023-04-09 10:00:00+00:00,8.32,21.61
2023-04-09 11:00:00+00:00,0.0,20.87
2023-04-09 12:00:00+00:00,0.0,20.43
2023-04-09 13:00:00+00:00,0.0,20.16
2023-04-09 14:00:00+00:00,0.0,20.01
2023-04-09 15:00:00+00:00,0.0,19.95
2023-04-09 16:00:00+00:00,0.0,19.97
2023-04-09 17:00:00+00:00,0.0,19.97
2023-04-09 18:00:00+00:00,0.0,19.95
2023-04-09 19:00:00+00:00,0.0,19.92
2023-04-09 20:00:00+00:00,0.0,19.91
2023-04-09 21:00:00+00:00,0.0,19.9
2023-04-09 22:00:00+00:00,10.4,20.2
2023-04-09 23:00:00+00:00,103.2,21.1
2023-04-10 00:00:00+00:00,219.0,21.85
2023-04-10 01:00:00+00:00,409.77,22.63
2023-04-10 02:00:00+00:00,535.5,23.29
2023-04-10 03:00:00+00:00,712.45,23.77
2023-04-10 04:00:00+00:00,737.17,24.31
2023-04-10 05:00:00+00:00,527.35,24.62
2023-04-10 06:00:00+00:00,376.55,24.59
2023-04-10 07:00:00+00:00,307.5,24.27
2023-04-10 08:00:00+00:00,179.18,23.74
2023-04-10 09:00:00+00:00,71.03,23.01
2023-04-10 10:00:00+00:00,6.62,22.2
2023-04-10 11:00:00+00:00,0.0,21.75
2023-04-10 12:00:00+00:00,0.0,21.63
2023-04-10 13:00:00+00:00,0.0,21.64
2023-04-10 14:00:00+00:00,0.0,21.67
2023-04-10 15:00:00+00:00,0.0,21.71
2023-04-10 16:00:00+00:00,0.0,21.72
2023-04-10 17:00:00+00:00,0.0,21.73
2023-04-10 18:00:00+00:00,0.0,21.73
2023-04-10 19:00:00+00:00,0.0,21.76
2023-04-10 20:00:00+00:00,0.0,21.81
2023-04-10 21:00:00+00:00,0.0,21.82
2023-04-10 22:00:00+00:00,20.48,21.93
2023-04-10 23:00:00+00:00,130.0,22.56
2023-04-11 00:00:00+00:00,305.85,23.46
2023-04-11 01:00:00+00:00,415.42,24.4
2023-04-11 02:00:00+00:00,590.35,25.04
2023-04-11 03:00:00+00:00,707.85,25.47
2023-04-11 04:00:00+00:00,698.1,25.73
2023-04-11 05:00:00+00:00,606.35,25.79
2023-04-11 06:00:00+00:00,438.9,25.65
2023-04-11 07:00:00+00:00,345.3,25.32
2023-04-11 08:00:00+00:00,212.6,24.79
2023-04-11 09:00:00+00:00,96.9,24.15
2023-04-11 10:00:00+00:00,10.9,23.36
2023-04-11 11:00:00+00:00,0.0,22.8
2023-04-11 12:00:00+00:00,0.0,22.55
2023-04-11 13:00:00+00:00,0.0,22.42
2023-04-11 14:00:00+00:00,0.0,22.32
2023-04-11 15:00:00+00:00,0.0,22.33
2023-04-11 16:00:00+00:00,0.0,22.27
2023-04-11 17:00:00+00:00,0.0,22.25
2023-04-11 18:00:00+00:00,0.0,22.2
2023-04-11 19:00:00+00:00,0.0,22.07
2023-04-11 20:00:00+00:00,0.0,21.95
2023-04-11 21:00:00+00:00,0.0,21.78
2023-04-11 22:00:00+00:00,29.05,21.74
2023-04-11 23:00:00+00:00,205.38,22.41
2023-04-12 00:00:00+00:00,418.75,23.9
2023-04-12 01:00:00+00:00,611.33,25.27
2023-04-12 02:00:00+00:00,771.92,26.26
2023-04-12 03:00:00+00:00,794.62,26.91
2023-04-12 04:00:00+00:00,653.6,27.2
2023-04-12 05:00:00+00:00,582.78,27.12
2023-04-12 06:00:00+00:00,635.22,26.84
2023-04-12 07:00:00+00:00,469.45,26.49
2023-04-12 08:00:00+00:00,291.88,26.06
2023-04-12 09:00:00+00:00,122.55,25.47
2023-04-12 10:00:00+00:00,12.5,24.53
2023-04-12 11:00:00+00:00,0.0,23.78
2023-04-12 12:00:00+00:00,0.0,23.44
2023-04-12 13:00:00+00:00,0.0,23.22
2023-04-12 14:00:00+00:00,0.0,23.06
2023-04-12 15:00:00+00:00,0.0,22.94
2023-04-12 16:00:00+00:00,0.0,22.94
2023-04-12 17:00:00+00:00,0.0,22.96
2023-04-12 18:00:00+00:00,0.0,22.95
2023-04-12 19:00:00+00:00,0.0,22.82
2023-04-12 20:00:00+00:00,0.0,22.52
2023-04-12 21:00:00+00:00,0.0,22.13
2023-04-12 22:00:00+00:00,17.67,22.0
2023-04-12 23:00:00+00:00,132.45,22.55
2023-04-13 00:00:00+00:00,325.4,23.39
2023-04-13 01:00:00+00:00,533.88,24.19
2023-04-13 02:00:00+00:00,703.95,24.83
2023-04-13 03:00:00+00:00,781.72,25.28
2023-04-13 04:00:00+00:00,819.6,25.57
2023-04-13 05:00:00+00:00,611.5,25.67
2023-04-13 06:00:00+00:00,647.25,25.59
2023-04-13 07:00:00+00:00,429.77,25.36
2023-04-13 08:00:00+00:00,253.35,24.96
2023-04-13 09:00:00+00:00,109.18,24.43
2023-04-13 10:00:00+00:00,12.02,23.7
2023-04-13 11:00:00+00:00,0.0,23.17
2023-04-13 12:00:00+00:00,0.0,22.93
2023-04-13 13:00:00+00:00,0.0,22.78
2023-04-13 14:00:00+00:00,0.0,22.66
2023-04-13 15:00:00+00:00,0.0,22.53
2023-04-13 16:00:00+00:00,0.0,22.41
2023-04-13 17:00:00+00:00,0.0,22.31
2023-04-13 18:00:00+00:00,0.0,22.24
2023-04-13 19:00:00+00:00,0.0,22.26
2023-04-13 20:00:00+00:00,0.0,22.33
2023-04-13 21:00:00+00:00,0.0,22.35
2023-04-13 22:00:00+00:00,23.15,22.49
2023-04-13 23:00:00+00:00,136.88,23.17
2023-04-14 00:00:00+00:00,315.65,23.97
2023-04-14 01:00:00+00:00,451.17,24.77
2023-04-14 02:00:00+00:00,581.0,25.38
2023-04-14 03:00:00+00:00,649.08,25.67
2023-04-14 04:00:00+00:00,513.75,25.79
2023-04-14 05:00:00+00:00,580.08,25.81
2023-04-14 06:00:00+00:00,548.5,25.77
2023-04-14 07:00:00+00:00,331.27,25.57
2023-04-14 08:00:00+00:00,162.77,25.2
2023-04-14 09:00:00+00:00,64.32,24.72
2023-04-14 10:00:00+00:00,5.07,24.06
2023-04-14 11:00:00+00:00,0.0,23.54
2023-04-14 12:00:00+00:00,0.0,23.31
2023-04-14 13:00:00+00:00,0.0,23.17
2023-04-14 14:00:00+00:00,0.0,23.05
2023-04-14 15:00:00+00:00,0.0,22.96
2023-04-14 16:00:00+00:00,0.0,22.82
2023-04-14 17:00:00+00:00,0.0,22.76
2023-04-14 18:00:00+00:00,0.0,22.78
2023-04-14 19:00:00+00:00,0.0,22.88
2023-04-14 20:00:00+00:00,0.0,22.95
2023-04-14 21:00:00+00:00,0.0,22.99
2023-04-14 22:00:00+00:00,27.9,23.1
2023-04-14 23:00:00+00:00,160.48,23.47
2023-04-15 00:00:00+00:00,354.67,24.12
2023-04-15 01:00:00+00:00,564.22,25.06
2023-04-15 02:00:00+00:00,742.08,26.05
2023-04-15 03:00:00+00:00,822.45,26.9
2023-04-15 04:00:00+00:00,808.67,27.57
2023-04-15 05:00:00+00:00,694.47,27.98
2023-04-15 06:00:00+00:00,596.03,28.13
2023-04-15 07:00:00+00:00,403.27,28.15
2023-04-15 08:00:00+00:00,247.5,28.01
2023-04-15 09:00:00+00:00,101.88,27.56
2023-04-15 10:00:00+00:00,11.12,26.56
2023-04-15 11:00:00+00:00,0.0,25.81
2023-04-15 12:00:00+00:00,0.0,25.35
2023-04-15 13:00:00+00:00,0.0,24.93
2023-04-15 14:00:00+00:00,0.0,24.51
2023-04-15 15:00:00+00:00,0.0,24.13
2023-04-15 16:00:00+00:00,0.0,23.77
2023-04-15 17:00:00+00:00,0.0,23.42
2023-04-15 18:00:00+00:00,0.0,23.08
2023-04-15 19:00:00+00:00,0.0,22.68
2023-04-15 20:00:00+00:00,0.0,22.28
2023-04-15 21:00:00+00:00,0.0,21.95
2023-04-15 22:00:00+00:00,39.88,22.02
2023-04-15 23:00:00+00:00,226.25,22.84
2023-04-16 00:00:00+00:00,454.75,24.06
2023-04-16 01:00:00+00:00,692.67,26.58
2023-04-16 02:00:00+00:00,852.33,28.43
2023-04-16 03:00:00+00:00,950.47,29.44
2023-04-16 04:00:00+00:00,987.38,29.76
2023-04-16 05:00:00+00:00,926.55,29.63
2023-04-16 06:00:00+00:00,813.72,29.26
2023-04-16 07:00:00+00:00,637.95,28.7
2023-04-16 08:00:00+00:00,422.12,28.02
2023-04-16 09:00:00+00:00,192.12,27.11
2023-04-16 10:00:00+00:00,19.52,25.83
2023-04-16 11:00:00+00:00,0.0,24.92
2023-04-16 12:00:00+00:00,0.0,24.52
2023-04-16 13:00:00+00:00,0.0,24.2
2023-04-16 14:00:00+00:00,0.0,23.92
2023-04-16 15:00:00+00:00,0.0,23.66
2023-04-16 16:00:00+00:00,0.0,23.49
2023-04-16 17:00:00+00:00,0.0,23.37
2023-04-16 18:00:00+00:00,0.0,23.22
2023-04-16 19:00:00+00:00,0.0,23.09
2023-04-16 20:00:00+00:00,0.0,22.98
2023-04-16 21:00:00+00:00,0.0,22.92
2023-04-16 22:00:00+00:00,37.42,23.26
2023-04-16 23:00:00+00:00,196.18,24.4
2023-04-17 00:00:00+00:00,394.25,25.2
2023-04-17 01:00:00+00:00,555.92,25.96
2023-04-17 02:00:00+00:00,661.92,26.58
2023-04-17 03:00:00+00:00,689.22,27.04
2023-04-17 04:00:00+00:00,750.85,27.35
2023-04-17 05:00:00+00:00,568.72,27.44
2023-04-17 06:00:00+00:00,589.3,27.35
2023-04-17 07:00:00+00:00,444.42,27.05
2023-04-17 08:00:00+00:00,281.42,26.59
2023-04-17 09:00:00+00:00,121.28,26.01
2023-04-17 10:00:00+00:00,13.62,25.24
2023-04-17 11:00:00+00:00,0.0,24.69
2023-04-17 12:00:00+00:00,0.0,24.43
2023-04-17 13:00:00+00:00,0.0,24.27
2023-04-17 14:00:00+00:00,0.0,24.16
2023-04-17 15:00:00+00:00,0.0,24.06
2023-04-17 16:00:00+00:00,0.0,24.01
2023-04-17 17:00:00+00:00,0.0,23.99
2023-04-17 18:00:00+00:00,0.0,23.94
2023-04-17 19:00:00+00:00,0.0,23.88
2023-04-17 20:00:00+00:00,0.0,24.0
2023-04-17 21:00:00+00:00,0.0,24.06
2023-04-17 22:00:00+00:00,29.17,24.3
2023-04-17 23:00:00+00:00,149.9,24.85
2023-04-18 00:00:00+00:00,317.62,25.42
2023-04-18 01:00:00+00:00,497.12,26.05
2023-04-18 02:00:00+00:00,630.1,26.58
2023-04-18 03:00:00+00:00,677.95,26.9
2023-04-18 04:00:00+00:00,605.62,26.92
2023-04-18 05:00:00+00:00,467.58,26.88
2023-04-18 06:00:00+00:00,289.3,26.84
2023-04-18 07:00:00+00:00,170.43,26.62
2023-04-18 08:00:00+00:00,95.57,26.17
2023-04-18 09:00:00+00:00,36.97,25.78
2023-04-18 10:00:00+00:00,3.03,25.38
2023-04-18 11:00:00+00:00,0.0,25.17
2023-04-18 12:00:00+00:00,0.0,25.14
2023-04-18 13:00:00+00:00,0.0,25.15
2023-04-18 14:00:00+00:00,0.0,25.12
2023-04-18 15:00:00+00:00,0.0,25.06
2023-04-18 16:00:00+00:00,0.0,25.02
2023-04-18 17:00:00+00:00,0.0,25.0
2023-04-18 18:00:00+00:00,0.0,24.99
2023-04-18 19:00:00+00:00,0.0,24.99
2023-04-18 20:00:00+00:00,0.0,24.95
2023-04-18 21:00:00+00:00,0.0,24.87
2023-04-18 22:00:00+00:00,25.88,25.03
2023-04-18 23:00:00+00:00,117.9,25.44
2023-04-19 00:00:00+00:00,234.82,25.77
2023-04-19 01:00:00+00:00,277.8,26.16
2023-04-19 02:00:00+00:00,157.88,26.51
2023-04-19 03:00:00+00:00,48.25,26.63
2023-04-19 04:00:00+00:00,74.7,26.7
2023-04-19 05:00:00+00:00,267.88,26.83
2023-04-19 06:00:00+00:00,370.48,27.15
2023-04-19 07:00:00+00:00,218.57,27.23
2023-04-19 08:00:00+00:00,132.32,26.96
2023-04-19 09:00:00+00:00,54.05,26.41
2023-04-19 10:00:00+00:00,4.1,25.67
2023-04-19 11:00:00+00:00,0.0,25.25
2023-04-19 12:00:00+00:00,0.0,25.1
2023-04-19 13:00:00+00:00,0.0,24.98
2023-04-19 14:00:00+00:00,0.0,24.89
2023-04-19 15:00:00+00:00,0.0,24.79
2023-04-19 16:00:00+00:00,0.0,24.68
2023-04-19 17:00:00+00:00,0.0,24.62
2023-04-19 18:00:00+00:00,0.0,24.6
2023-04-19 19:00:00+00:00,0.0,24.4
2023-04-19 20:00:00+00:00,0.0,24.1
2023-04-19 21:00:00+00:00,0.0,23.75
2023-04-19 22:00:00+00:00,16.5,23.46
2023-04-19 23:00:00+00:00,81.18,23.53
2023-04-20 00:00:00+00:00,193.55,24.31
2023-04-20 01:00:00+00:00,298.27,25.56
2023-04-20 02:00:00+00:00,388.17,26.92
2023-04-20 03:00:00+00:00,483.15,28.37
2023-04-20 04:00:00+00:00,391.38,28.89
2023-04-20 05:00:00+00:00,263.7,29.06
2023-04-20 06:00:00+00:00,235.45,28.8
2023-04-20 07:00:00+00:00,194.1,28.17
2023-04-20 08:00:00+00:00,115.32,27.52
2023-04-20 09:00:00+00:00,46.62,26.77
2023-04-20 10:00:00+00:00,4.85,25.92
2023-04-20 11:00:00+00:00,0.0,25.36
2023-04-20 12:00:00+00:00,0.0,25.2
2023-04-20 13:00:00+00:00,0.0,25.18
2023-04-20 14:00:00+00:00,0.0,25.13
2023-04-20 15:00:00+00:00,0.0,25.06
2023-04-20 16:00:00+00:00,0.0,24.99
2023-04-20 17:00:00+00:00,0.0,24.91
2023-04-20 18:00:00+00:00,0.0,24.79
2023-04-20 19:00:00+00:00,0.0,24.7
2023-04-20 20:00:00+00:00,0.0,24.66
2023-04-20 21:00:00+00:00,0.0,24.62
2023-04-20 22:00:00+00:00,17.38,24.74
2023-04-20 23:00:00+00:00,76.03,25.07
2023-04-21 00:00:00+00:00,148.93,25.51
2023-04-21 01:00:00+00:00,199.38,26.19
2023-04-21 02:00:00+00:00,320.4,26.71
2023-04-21 03:00:00+00:00,393.8,27.09
2023-04-21 04:00:00+00:00,256.33,27.21
2023-04-21 05:00:00+00:00,207.43,27.08
2023-04-21 06:00:00+00:00,205.85,26.72
2023-04-21 07:00:00+00:00,137.8,26.34
2023-04-21 08:00:00+00:00,82.43,25.84
2023-04-21 09:00:00+00:00,35.92,25.4
2023-04-21 10:00:00+00:00,4.32,25.1
2023-04-21 11:00:00+00:00,0.0,24.96
2023-04-21 12:00:00+00:00,0.0,24.87
2023-04-21 13:00:00+00:00,0.0,24.75
2023-04-21 14:00:00+00:00,0.0,24.62
2023-04-21 15:00:00+00:00,0.0,24.49
2023-04-21 16:00:00+00:00,0.0,24.36
2023-04-21 17:00:00+00:00,0.0,24.25
2023-04-21 18:00:00+00:00,0.0,24.15
2023-04-21 19:00:00+00:00,0.0,24.06
2023-04-21 20:00:00+00:00,0.0,24.03
2023-04-21 21:00:00+00:00,0.0,23.97
2023-04-21 22:00:00+00:00,24.52,24.0
2023-04-21 23:00:00+00:00,105.07,24.27
2023-04-22 00:00:00+00:00,210.98,24.73
2023-04-22 01:00:00+00:00,368.3,25.27
2023-04-22 02:00:00+00:00,529.05,25.68
2023-04-22 03:00:00+00:00,611.1,26.01
2023-04-22 04:00:00+00:00,470.2,26.23
2023-04-22 05:00:00+00:00,289.23,26.33
2023-04-22 06:00:00+00:00,180.75,26.31
2023-04-22 07:00:00+00:00,124.32,26.2
2023-04-22 08:00:00+00:00,91.32,25.95
2023-04-22 09:00:00+00:00,39.28,25.45
2023-04-22 10:00:00+00:00,5.0,24.8
2023-04-22 11:00:00+00:00,0.0,24.39
2023-04-22 12:00:00+00:00,0.0,24.36
2023-04-22 13:00:00+00:00,0.0,24.35
2023-04-22 14:00:00+00:00,0.0,24.31
2023-04-22 15:00:00+00:00,0.0,24.34
2023-04-22 16:00:00+00:00,0.0,24.25
2023-04-22 17:00:00+00:00,0.0,24.3
2023-04-22 18:00:00+00:00,0.0,24.32
2023-04-22 19:00:00+00:00,0.0,24.33
2023-04-22 20:00:00+00:00,0.0,24.29
2023-04-22 21:00:00+00:00,0.0,24.2
2023-04-22 22:00:00+00:00,15.12,24.3
2023-04-22 23:00:00+00:00,83.88,24.73
2023-04-23 00:00:00+00:00,200.43,25.2
2023-04-23 01:00:00+00:00,245.02,25.68
2023-04-23 02:00:00+00:00,385.65,26.07
2023-04-23 03:00:00+00:00,440.88,26.39
2023-04-23 04:00:00+00:00,409.85,26.51
2023-04-23 05:00:00+00:00,354.05,26.49
2023-04-23 06:00:00+00:00,365.23,26.41
2023-04-23 07:00:00+00:00,263.38,26.25
2023-04-23 08:00:00+00:00,164.95,25.94
2023-04-23 09:00:00+00:00,74.25,25.49
2023-04-23 10:00:00+00:00,11.07,24.92
2023-04-23 11:00:00+00:00,0.0,24.45
2023-04-23 12:00:00+00:00,0.0,24.22
2023-04-23 13:00:00+00:00,0.0,24.03
2023-04-23 14:00:00+00:00,0.0,23.75
2023-04-23 15:00:00+00:00,0.0,23.57
2023-04-23 16:00:00+00:00,0.0,23.45
2023-04-23 17:00:00+00:00,0.0,23.38
2023-04-23 18:00:00+00:00,0.0,23.34
2023-04-23 19:00:00+00:00,0.0,23.37
2023-04-23 20:00:00+00:00,0.0,23.39
2023-04-23 21:00:00+00:00,0.0,23.32
2023-04-23 22:00:00+00:00,29.12,23.53
2023-04-23 23:00:00+00:00,105.4,24.11
2023-04-24 00:00:00+00:00,185.98,24.8
2023-04-24 01:00:00+00:00,263.67,25.45
2023-04-24 02:00:00+00:00,328.85,26.07
2023-04-24 03:00:00+00:00,243.6,26.44
2023-04-24 04:00:00+00:00,292.9,26.58
2023-04-24 05:00:00+00:00,273.83,26.59
2023-04-24 06:00:00+00:00,253.3,26.46
2023-04-24 07:00:00+00:00,173.38,26.22
2023-04-24 08:00:00+00:00,100.8,25.87
2023-04-24 09:00:00+00:00,48.67,25.42
2023-04-24 10:00:00+00:00,5.6,24.83
2023-04-24 11:00:00+00:00,0.0,24.42
2023-04-24 12:00:00+00:00,0.0,24.32
2023-04-24 13:00:00+00:00,0.0,24.07
2023-04-24 14:00:00+00:00,0.0,23.72
2023-04-24 15:00:00+00:00,0.0,22.98
2023-04-24 16:00:00+00:00,0.0,22.26
2023-04-24 17:00:00+00:00,0.0,22.02
2023-04-24 18:00:00+00:00,0.0,22.05
2023-04-24 19:00:00+00:00,0.0,21.96
2023-04-24 20:00:00+00:00,0.0,21.26
2023-04-24 21:00:00+00:00,0.0,20.48
2023-04-24 22:00:00+00:00,12.02,20.09
2023-04-24 23:00:00+00:00,44.05,20.16
2023-04-25 00:00:00+00:00,88.18,20.65
2023-04-25 01:00:00+00:00,160.45,21.52
2023-04-25 02:00:00+00:00,214.4,22.5
2023-04-25 03:00:00+00:00,246.77,23.26
2023-04-25 04:00:00+00:00,310.2,23.93
2023-04-25 05:00:00+00:00,199.25,24.51
2023-04-25 06:00:00+00:00,258.95,24.86
2023-04-25 07:00:00+00:00,145.45,25.01
2023-04-25 08:00:00+00:00,79.57,24.86
2023-04-25 09:00:00+00:00,31.9,24.31
2023-04-25 10:00:00+00:00,3.17,23.3
2023-04-25 11:00:00+00:00,0.0,22.21
2023-04-25 12:00:00+00:00,0.0,21.22
2023-04-25 13:00:00+00:00,0.0,20.32
2023-04-25 14:00:00+00:00,0.0,19.58
2023-04-25 15:00:00+00:00,0.0,19.22
2023-04-25 16:00:00+00:00,0.0,19.18
2023-04-25 17:00:00+00:00,0.0,19.16
2023-04-25 18:00:00+00:00,0.0,19.02
2023-04-25 19:00:00+00:00,0.0,18.72
2023-04-25 20:00:00+00:00,0.0,18.38
2023-04-25 21:00:00+00:00,0.0,18.08
2023-04-25 22:00:00+00:00,40.25,17.97
2023-04-25 23:00:00+00:00,192.3,18.29
2023-04-26 00:00:00+00:00,389.38,19.09
2023-04-26 01:00:00+00:00,580.4,20.42
2023-04-26 02:00:00+00:00,708.9,21.82
2023-04-26 03:00:00+00:00,789.33,22.96
2023-04-26 04:00:00+00:00,749.58,23.91
2023-04-26 05:00:00+00:00,443.02,24.64
2023-04-26 06:00:00+00:00,392.02,25.11
2023-04-26 07:00:00+00:00,281.48,25.22
2023-04-26 08:00:00+00:00,182.0,25.16
2023-04-26 09:00:00+00:00,83.5,24.84
2023-04-26 10:00:00+00:00,9.3,24.06
2023-04-26 11:00:00+00:00,0.0,23.09
2023-04-26 12:00:00+00:00,0.0,22.47
2023-04-26 13:00:00+00:00,0.0,22.02
2023-04-26 14:00:00+00:00,0.0,21.78
2023-04-26 15:00:00+00:00,0.0,21.68
2023-04-26 16:00:00+00:00,0.0,21.67
2023-04-26 17:00:00+00:00,0.0,21.67
2023-04-26 18:00:00+00:00,0.0,21.68
2023-04-26 19:00:00+00:00,0.0,21.65
2023-04-26 20:00:00+00:00,0.0,21.58
2023-04-26 21:00:00+00:00,0.0,21.45
2023-04-26 22:00:00+00:00,27.65,21.49
2023-04-26 23:00:00+00:00,113.78,22.06
2023-04-27 00:00:00+00:00,204.75,22.91
2023-04-27 01:00:00+00:00,312.7,23.84
2023-04-27 02:00:00+00:00,454.73,24.73
2023-04-27 03:00:00+00:00,679.05,25.31
2023-04-27 04:00:00+00:00,703.45,25.62
2023-04-27 05:00:00+00:00,503.3,25.77
2023-04-27 06:00:00+00:00,502.65,25.77
2023-04-27 07:00:00+00:00,351.98,25.61
2023-04-27 08:00:00+00:00,219.25,25.24
2023-04-27 09:00:00+00:00,88.88,24.62
2023-04-27 10:00:00+00:00,13.02,23.86
2023-04-27 11:00:00+00:00,0.0,23.26
2023-04-27 12:00:00+00:00,0.0,23.03
2023-04-27 13:00:00+00:00,0.0,22.89
2023-04-27 14:00:00+00:00,0.0,22.78
2023-04-27 15:00:00+00:00,0.0,22.7
2023-04-27 16:00:00+00:00,0.0,22.65
2023-04-27 17:00:00+00:00,0.0,22.6
2023-04-27 18:00:00+00:00,0.0,22.55
2023-04-27 19:00:00+00:00,0.0,22.53
2023-04-27 20:00:00+00:00,0.0,22.53
2023-04-27 21:00:00+00:00,0.0,22.48
2023-04-27 22:00:00+00:00,27.9,22.79
2023-04-27 23:00:00+00:00,122.38,23.7
2023-04-28 00:00:00+00:00,237.65,24.73
2023-04-28 01:00:00+00:00,427.2,25.58
2023-04-28 02:00:00+00:00,673.05,26.2
2023-04-28 03:00:00+00:00,769.28,26.69
2023-04-28 04:00:00+00:00,849.97,27.06
2023-04-28 05:00:00+00:00,787.42,27.22
2023-04-28 06:00:00+00:00,685.33,27.14
2023-04-28 07:00:00+00:00,560.05,26.88
2023-04-28 08:00:00+00:00,365.42,26.5
2023-04-28 09:00:00+00:00,157.77,26.01
2023-04-28 10:00:00+00:00,19.5,25.31
2023-04-28 11:00:00+00:00,0.0,24.67
2023-04-28 12:00:00+00:00,0.0,24.34
2023-04-28 13:00:00+00:00,0.0,24.12
2023-04-28 14:00:00+00:00,0.0,23.91
2023-04-28 15:00:00+00:00,0.0,23.73
2023-04-28 16:00:00+00:00,0.0,23.58
2023-04-28 17:00:00+00:00,0.0,23.45
2023-04-28 18:00:00+00:00,0.0,23.34
2023-04-28 19:00:00+00:00,0.0,23.31
2023-04-28 20:00:00+00:00,0.0,23.43
2023-04-28 21:00:00+00:00,0.0,23.42
2023-04-28 22:00:00+00:00,37.67,23.68
2023-04-28 23:00:00+00:00,151.48,24.67
2023-04-29 00:00:00+00:00,331.92,25.67
2023-04-29 01:00:00+00:00,424.33,26.5
2023-04-29 02:00:00+00:00,542.2,27.58
2023-04-29 03:00:00+00:00,635.53,28.21
2023-04-29 04:00:00+00:00,645.42,28.09
2023-04-29 05:00:00+00:00,534.45,27.13
2023-04-29 06:00:00+00:00,432.7,26.37
2023-04-29 07:00:00+00:00,389.42,25.07
2023-04-29 08:00:00+00:00,225.98,23.54
2023-04-29 09:00:00+00:00,101.07,22.88
2023-04-29 10:00:00+00:00,14.25,22.81
2023-04-29 11:00:00+00:00,0.0,22.8
2023-04-29 12:00:00+00:00,0.0,22.67
2023-04-29 13:00:00+00:00,0.0,22.66
2023-04-29 14:00:00+00:00,0.0,22.64
2023-04-29 15:00:00+00:00,0.0,22.58
2023-04-29 16:00:00+00:00,0.0,22.39
2023-04-29 17:00:00+00:00,0.0,22.02
2023-04-29 18:00:00+00:00,0.0,21.48
2023-04-29 19:00:00+00:00,0.0,20.99
2023-04-29 20:00:00+00:00,0.0,20.65
2023-04-29 21:00:00+00:00,0.0,20.4
2023-04-29 22:00:00+00:00,38.58,20.38
2023-04-29 23:00:00+00:00,150.38,20.83
2023-04-30 00:00:00+00:00,296.02,21.53
2023-04-30 01:00:00+00:00,506.98,22.4
2023-04-30 02:00:00+00:00,658.4,23.44
2023-04-30 03:00:00+00:00,627.6,24.42
2023-04-30 04:00:00+00:00,535.03,25.4
2023-04-30 05:00:00+00:00,564.55,26.14
2023-04-30 06:00:00+00:00,455.9,26.32
2023-04-30 07:00:00+00:00,447.98,26.43
2023-04-30 08:00:00+00:00,269.75,26.42
2023-04-30 09:00:00+00:00,124.1,26.17
2023-04-30 10:00:00+00:00,17.2,25.55
2023-04-30 11:00:00+00:00,0.0,25.03
2023-04-30 12:00:00+00:00,0.0,24.79
2023-04-30 13:00:00+00:00,0.0,24.56
2023-04-30 14:00:00+00:00,0.0,24.22
2023-04-30 15:00:00+00:00,0.0,23.86
2023-04-30 16:00:00+00:00,0.0,23.63
2023-04-30 17:00:00+00:00,0.0,23.46
2023-04-30 18:00:00+00:00,0.0,23.35
2023-04-30 19:00:00+00:00,0.0,23.21
2023-04-30 20:00:00+00:00,0.0,23.11
2023-04-30 21:00:00+00:00,0.0,23.04
2023-04-30 22:00:00+00:00,28.27,23.3
2023-04-30 23:00:00+00:00,117.32,23.77
2023-05-01 00:00:00+00:00,238.27,24.24
2023-05-01 01:00:00+00:00,454.25,24.96
2023-05-01 02:00:00+00:00,589.0,25.64
2023-05-01 03:00:00+00:00,609.83,26.02
2023-05-01 04:00:00+00:00,655.85,26.24
2023-05-01 05:00:00+00:00,551.42,26.31
2023-05-01 06:00:00+00:00,442.92,26.31
2023-05-01 07:00:00+00:00,332.1,26.2
2023-05-01 08:00:00+00:00,198.43,25.96
2023-05-01 09:00:00+00:00,86.4,25.56
2023-05-01 10:00:00+00:00,7.28,24.81
2023-05-01 11:00:00+00:00,0.0,24.04
2023-05-01 12:00:00+00:00,0.0,23.73
2023-05-01 13:00:00+00:00,0.0,23.54
2023-05-01 14:00:00+00:00,0.0,23.36
2023-05-01 15:00:00+00:00,0.0,23.21
2023-05-01 16:00:00+00:00,0.0,23.1
2023-05-01 17:00:00+00:00,0.0,22.98
2023-05-01 18:00:00+00:00,0.0,22.88
2023-05-01 19:00:00+00:00,0.0,22.79
2023-05-01 20:00:00+00:00,0.0,22.72
2023-05-01 21:00:00+00:00,0.0,22.69
2023-05-01 22:00:00+00:00,37.38,23.03
2023-05-01 23:00:00+00:00,137.9,23.83
2023-05-02 00:00:00+00:00,254.25,24.65
2023-05-02 01:00:00+00:00,406.48,25.34
2023-05-02 02:00:00+00:00,535.38,25.88
2023-05-02 03:00:00+00:00,585.28,26.31
2023-05-02 04:00:00+00:00,695.72,26.65
2023-05-02 05:00:00+00:00,619.47,26.89
2023-05-02 06:00:00+00:00,632.47,26.9
2023-05-02 07:00:00+00:00,499.33,26.71
2023-05-02 08:00:00+00:00,325.0,26.35
2023-05-02 09:00:00+00:00,148.85,25.89
2023-05-02 10:00:00+00:00,21.15,25.2
2023-05-02 11:00:00+00:00,0.0,24.48
2023-05-02 12:00:00+00:00,0.0,24.17
2023-05-02 13:00:00+00:00,0.0,23.98
2023-05-02 14:00:00+00:00,0.0,23.85
2023-05-02 15:00:00+00:00,0.0,23.75
2023-05-02 16:00:00+00:00,0.0,23.67
2023-05-02 17:00:00+00:00,0.0,23.63
2023-05-02 18:00:00+00:00,0.0,23.62
2023-05-02 19:00:00+00:00,0.0,23.52
2023-05-02 20:00:00+00:00,0.0,23.39
2023-05-02 21:00:00+00:00,0.0,23.35
2023-05-02 22:00:00+00:00,44.0,23.83
2023-05-02 23:00:00+00:00,141.68,24.66
2023-05-03 00:00:00+00:00,250.0,25.48
2023-05-03 01:00:00+00:00,413.9,26.21
2023-05-03 02:00:00+00:00,523.2,26.9
2023-05-03 03:00:00+00:00,643.62,27.34
2023-05-03 04:00:00+00:00,675.7,27.71
2023-05-03 05:00:00+00:00,610.85,27.89
2023-05-03 06:00:00+00:00,646.62,27.85
2023-05-03 07:00:00+00:00,555.17,27.65
2023-05-03 08:00:00+00:00,380.85,27.28
2023-05-03 09:00:00+00:00,182.88,26.78
2023-05-03 10:00:00+00:00,26.25,26.06
2023-05-03 11:00:00+00:00,0.0,25.32
2023-05-03 12:00:00+00:00,0.0,24.93
2023-05-03 13:00:00+00:00,0.0,24.69
2023-05-03 14:00:00+00:00,0.0,24.53
2023-05-03 15:00:00+00:00,0.0,24.4
2023-05-03 16:00:00+00:00,0.0,24.36
2023-05-03 17:00:00+00:00,0.0,24.4
2023-05-03 18:00:00+00:00,0.0,24.44
2023-05-03 19:00:00+00:00,0.0,24.45
2023-05-03 20:00:00+00:00,0.0,24.47
2023-05-03 21:00:00+00:00,0.0,24.47
2023-05-03 22:00:00+00:00,59.42,25.03
2023-05-03 23:00:00+00:00,172.5,25.84
2023-05-04 00:00:00+00:00,296.23,26.63
2023-05-04 01:00:00+00:00,469.38,27.31
2023-05-04 02:00:00+00:00,675.05,27.79
2023-05-04 03:00:00+00:00,814.35,28.13
2023-05-04 04:00:00+00:00,901.17,28.33
2023-05-04 05:00:00+00:00,850.2,28.34
2023-05-04 06:00:00+00:00,782.35,28.19
2023-05-04 07:00:00+00:00,620.88,27.97
2023-05-04 08:00:00+00:00,424.95,27.61
2023-05-04 09:00:00+00:00,205.18,27.09
2023-05-04 10:00:00+00:00,28.42,26.4
2023-05-04 11:00:00+00:00,0.0,25.82
2023-05-04 12:00:00+00:00,0.0,25.65
2023-05-04 13:00:00+00:00,0.0,25.55
2023-05-04 14:00:00+00:00,0.0,25.44
2023-05-04 15:00:00+00:00,0.0,25.34
2023-05-04 16:00:00+00:00,0.0,25.25
2023-05-04 17:00:00+00:00,0.0,25.2
2023-05-04 18:00:00+00:00,0.0,25.16
2023-05-04 19:00:00+00:00,0.0,25.14
2023-05-04 20:00:00+00:00,0.0,25.12
2023-05-04 21:00:00+00:00,0.0,25.08
2023-05-04 22:00:00+00:00,80.47,25.5
2023-05-04 23:00:00+00:00,238.55,26.14
2023-05-05 00:00:00+00:00,408.95,26.84
2023-05-05 01:00:00+00:00,560.1,27.43
2023-05-05 02:00:00+00:00,712.28,27.83
2023-05-05 03:00:00+00:00,798.38,28.1
2023-05-05 04:00:00+00:00,844.8,28.3
2023-05-05 05:00:00+00:00,813.95,28.41
2023-05-05 06:00:00+00:00,711.33,28.36
2023-05-05 07:00:00+00:00,588.1,28.13
2023-05-05 08:00:00+00:00,375.62,27.68
2023-05-05 09:00:00+00:00,180.88,27.08
2023-05-05 10:00:00+00:00,26.65,26.39
2023-05-05 11:00:00+00:00,0.0,25.91
2023-05-05 12:00:00+00:00,0.0,25.76
2023-05-05 13:00:00+00:00,0.0,25.76
2023-05-05 14:00:00+00:00,0.0,25.73
2023-05-05 15:00:00+00:00,0.0,25.69
2023-05-05 16:00:00+00:00,0.0,25.64
2023-05-05 17:00:00+00:00,0.0,25.6
2023-05-05 18:00:00+00:00,0.0,25.67
2023-05-05 19:00:00+00:00,0.0,25.82
2023-05-05 20:00:00+00:00,0.0,25.88
2023-05-05 21:00:00+00:00,0.0,25.91
2023-05-05 22:00:00+00:00,64.45,26.19
2023-05-05 23:00:00+00:00,189.8,26.83
2023-05-06 00:00:00+00:00,320.25,27.5
2023-05-06 01:00:00+00:00,463.0,28.02
2023-05-06 02:00:00+00:00,602.72,28.41
2023-05-06 03:00:00+00:00,630.12,28.68
2023-05-06 04:00:00+00:00,654.1,28.82
2023-05-06 05:00:00+00:00,537.0,28.83
2023-05-06 06:00:00+00:00,450.8,28.82
2023-05-06 07:00:00+00:00,311.42,28.64
2023-05-06 08:00:00+00:00,211.1,28.29
2023-05-06 09:00:00+00:00,99.8,27.85
2023-05-06 10:00:00+00:00,13.15,27.31
2023-05-06 11:00:00+00:00,0.0,26.93
2023-05-06 12:00:00+00:00,0.0,26.82
2023-05-06 13:00:00+00:00,0.0,26.74
2023-05-06 14:00:00+00:00,0.0,26.61
2023-05-06 15:00:00+00:00,0.0,26.43
2023-05-06 16:00:00+00:00,0.0,26.37
2023-05-06 17:00:00+00:00,0.0,26.31
2023-05-06 18:00:00+00:00,0.0,26.26
2023-05-06 19:00:00+00:00,0.0,26.21
2023-05-06 20:00:00+00:00,0.0,26.19
2023-05-06 21:00:00+00:00,0.0,26.17
2023-05-06 22:00:00+00:00,47.2,26.52
2023-05-06 23:00:00+00:00,141.32,27.06
2023-05-07 00:00:00+00:00,258.55,27.91
2023-05-07 01:00:00+00:00,324.17,28.65
2023-05-07 02:00:00+00:00,414.6,29.16
2023-05-07 03:00:00+00:00,428.05,29.29
2023-05-07 04:00:00+00:00,269.85,29.23
2023-05-07 05:00:00+00:00,41.08,29.16
2023-05-07 06:00:00+00:00,48.47,28.94
2023-05-07 07:00:00+00:00,44.17,28.69
2023-05-07 08:00:00+00:00,22.4,28.32
2023-05-07 09:00:00+00:00,29.75,27.82
2023-05-07 10:00:00+00:00,7.8,27.14
2023-05-07 11:00:00+00:00,0.0,26.59
2023-05-07 12:00:00+00:00,0.0,25.9
2023-05-07 13:00:00+00:00,0.0,24.91
2023-05-07 14:00:00+00:00,0.0,23.67
2023-05-07 15:00:00+00:00,0.0,22.78
2023-05-07 16:00:00+00:00,0.0,22.56
2023-05-07 17:00:00+00:00,0.0,22.64
2023-05-07 18:00:00+00:00,0.0,22.83
2023-05-07 19:00:00+00:00,0.0,22.96
2023-05-07 20:00:00+00:00,0.0,22.91
2023-05-07 21:00:00+00:00,0.0,22.61
2023-05-07 22:00:00+00:00,15.52,22.26
2023-05-07 23:00:00+00:00,40.85,22.46
2023-05-08 00:00:00+00:00,78.32,23.12
2023-05-08 01:00:00+00:00,97.6,24.22
2023-05-08 02:00:00+00:00,162.93,25.36
2023-05-08 03:00:00+00:00,193.12,26.16
2023-05-08 04:00:00+00:00,138.32,26.64
2023-05-08 05:00:00+00:00,188.68,26.86
2023-05-08 06:00:00+00:00,187.62,27.05
2023-05-08 07:00:00+00:00,155.27,27.01
2023-05-08 08:00:00+00:00,135.52,26.67
2023-05-08 09:00:00+00:00,59.58,26.22
2023-05-08 10:00:00+00:00,8.65,25.6
2023-05-08 11:00:00+00:00,0.0,25.02
2023-05-08 12:00:00+00:00,0.0,24.66
2023-05-08 13:00:00+00:00,0.0,24.32
2023-05-08 14:00:00+00:00,0.0,23.96
2023-05-08 15:00:00+00:00,0.0,23.78
2023-05-08 16:00:00+00:00,0.0,23.7
2023-05-08 17:00:00+00:00,0.0,23.6
2023-05-08 18:00:00+00:00,0.0,23.46
2023-05-08 19:00:00+00:00,0.0,23.34
2023-05-08 20:00:00+00:00,0.0,23.26
2023-05-08 21:00:00+00:00,0.0,23.16
2023-05-08 22:00:00+00:00,30.4,23.17
2023-05-08 23:00:00+00:00,80.07,23.47
2023-05-09 00:00:00+00:00,153.02,24.02
2023-05-09 01:00:00+00:00,257.23,24.65
2023-05-09 02:00:00+00:00,265.5,25.24
2023-05-09 03:00:00+00:00,352.52,25.67
2023-05-09 04:00:00+00:00,395.65,26.04
2023-05-09 05:00:00+00:00,474.95,26.35
2023-05-09 06:00:00+00:00,520.92,26.53
2023-05-09 07:00:00+00:00,391.3,26.52
2023-05-09 08:00:00+00:00,213.95,26.26
2023-05-09 09:00:00+00:00,90.22,25.82
2023-05-09 10:00:00+00:00,12.9,25.12
2023-05-09 11:00:00+00:00,0.0,24.36
2023-05-09 12:00:00+00:00,0.0,24.0
2023-05-09 13:00:00+00:00,0.0,23.74
2023-05-09 14:00:00+00:00,0.0,23.55
2023-05-09 15:00:00+00:00,0.0,23.42
2023-05-09 16:00:00+00:00,0.0,23.35
2023-05-09 17:00:00+00:00,0.0,23.3
2023-05-09 18:00:00+00:00,0.0,23.25
2023-05-09 19:00:00+00:00,0.0,23.18
2023-05-09 20:00:00+00:00,0.0,23.12
2023-05-09 21:00:00+00:00,0.0,23.06
2023-05-09 22:00:00+00:00,37.58,23.35
2023-05-09 23:00:00+00:00,140.95,23.93
2023-05-10 00:00:00+00:00,280.67,24.6
2023-05-10 01:00:00+00:00,386.35,25.44
2023-05-10 02:00:00+00:00,414.92,26.17
2023-05-10 03:00:00+00:00,512.08,26.69
2023-05-10 04:00:00+00:00,447.8,26.92
2023-05-10 05:00:00+00:00,385.15,26.99
2023-05-10 06:00:00+00:00,307.15,26.96
2023-05-10 07:00:00+00:00,199.3,26.74
2023-05-10 08:00:00+00:00,112.07,26.35
2023-05-10 09:00:00+00:00,62.03,25.79
2023-05-10 10:00:00+00:00,9.38,25.09
2023-05-10 11:00:00+00:00,0.0,24.6
2023-05-10 12:00:00+00:00,0.0,24.41
2023-05-10 13:00:00+00:00,0.0,24.28
2023-05-10 14:00:00+00:00,0.0,24.18
2023-05-10 15:00:00+00:00,0.0,24.05
2023-05-10 16:00:00+00:00,0.0,23.94
2023-05-10 17:00:00+00:00,0.0,23.81
2023-05-10 18:00:00+00:00,0.0,23.68
2023-05-10 19:00:00+00:00,0.0,23.56
2023-05-10 20:00:00+00:00,0.0,23.45
2023-05-10 21:00:00+00:00,0.0,23.34
2023-05-10 22:00:00+00:00,23.0,23.49
2023-05-10 23:00:00+00:00,59.22,23.77
2023-05-11 00:00:00+00:00,100.97,24.11
2023-05-11 01:00:00+00:00,249.45,24.54
2023-05-11 02:00:00+00:00,367.88,24.93
2023-05-11 03:00:00+00:00,363.17,25.29
2023-05-11 04:00:00+00:00,436.77,25.55
2023-05-11 05:00:00+00:00,488.5,25.85
2023-05-11 06:00:00+00:00,374.62,26.07
2023-05-11 07:00:00+00:00,244.45,26.06
2023-05-11 08:00:00+00:00,136.2,25.72
2023-05-11 09:00:00+00:00,75.7,25.17
2023-05-11 10:00:00+00:00,11.57,24.56
2023-05-11 11:00:00+00:00,0.0,24.18
2023-05-11 12:00:00+00:00,0.0,24.03
2023-05-11 13:00:00+00:00,0.0,23.93
2023-05-11 14:00:00+00:00,0.0,23.84
2023-05-11 15:00:00+00:00,0.0,23.75
2023-05-11 16:00:00+00:00,0.0,23.66
2023-05-11 17:00:00+00:00,0.0,23.61
2023-05-11 18:00:00+00:00,0.0,23.56
2023-05-11 19:00:00+00:00,0.0,23.48
2023-05-11 20:00:00+00:00,0.0,23.37
2023-05-11 21:00:00+00:00,0.0,23.2
2023-05-11 22:00:00+00:00,32.62,23.26
2023-05-11 23:00:00+00:00,94.47,23.5
2023-05-12 00:00:00+00:00,156.27,23.82
2023-05-12 01:00:00+00:00,213.77,24.33
2023-05-12 02:00:00+00:00,343.45,24.8
2023-05-12 03:00:00+00:00,292.62,25.26
2023-05-12 04:00:00+00:00,264.98,25.61
2023-05-12 05:00:00+00:00,258.65,25.9
2023-05-12 06:00:00+00:00,178.75,26.07
2023-05-12 07:00:00+00:00,149.18,26.08
2023-05-12 08:00:00+00:00,99.45,25.97
2023-05-12 09:00:00+00:00,86.35,25.67
2023-05-12 10:00:00+00:00,13.52,25.26
2023-05-12 11:00:00+00:00,0.0,24.85
2023-05-12 12:00:00+00:00,0.0,24.58
2023-05-12 13:00:00+00:00,0.0,24.32
2023-05-12 14:00:00+00:00,0.0,24.07
2023-05-12 15:00:00+00:00,0.0,23.88
2023-05-12 16:00:00+00:00,0.0,23.75
2023-05-12 17:00:00+00:00,0.0,23.58
2023-05-12 18:00:00+00:00,0.0,23.41
2023-05-12 19:00:00+00:00,0.0,23.26
2023-05-12 20:00:00+00:00,0.0,23.12
2023-05-12 21:00:00+00:00,0.0,22.99
2023-05-12 22:00:00+00:00,13.7,23.1
2023-05-12 23:00:00+00:00,58.6,23.33
2023-05-13 00:00:00+00:00,100.6,23.62
2023-05-13 01:00:00+00:00,232.98,24.07
2023-05-13 02:00:00+00:00,301.02,24.57
2023-05-13 03:00:00+00:00,316.5,24.88
2023-05-13 04:00:00+00:00,303.58,25.15
2023-05-13 05:00:00+00:00,216.27,25.49
2023-05-13 06:00:00+00:00,188.23,25.77
2023-05-13 07:00:00+00:00,144.4,25.88
2023-05-13 08:00:00+00:00,106.12,25.75
2023-05-13 09:00:00+00:00,48.33,25.49
2023-05-13 10:00:00+00:00,8.62,25.13
2023-05-13 11:00:00+00:00,0.0,24.69
2023-05-13 12:00:00+00:00,0.0,24.4
2023-05-13 13:00:00+00:00,0.0,24.13
2023-05-13 14:00:00+00:00,0.0,23.86
2023-05-13 15:00:00+00:00,0.0,23.63
2023-05-13 16:00:00+00:00,0.0,23.44
2023-05-13 17:00:00+00:00,0.0,23.26
2023-05-13 18:00:00+00:00,0.0,23.13
2023-05-13 19:00:00+00:00,0.0,23.09
2023-05-13 20:00:00+00:00,0.0,23.06
2023-05-13 21:00:00+00:00,0.0,23.0
2023-05-13 22:00:00+00:00,28.95,23.22
2023-05-13 23:00:00+00:00,68.78,23.48
2023-05-14 00:00:00+00:00,123.85,23.91
2023-05-14 01:00:00+00:00,197.65,24.53
2023-05-14 02:00:00+00:00,248.98,25.17
2023-05-14 03:00:00+00:00,252.55,25.43
2023-05-14 04:00:00+00:00,191.18,25.63
2023-05-14 05:00:00+00:00,156.95,25.93
2023-05-14 06:00:00+00:00,195.95,26.2
2023-05-14 07:00:00+00:00,154.25,26.35
2023-05-14 08:00:00+00:00,114.18,26.28
2023-05-14 09:00:00+00:00,65.75,26.03
2023-05-14 10:00:00+00:00,11.88,25.51
2023-05-14 11:00:00+00:00,0.0,24.81
2023-05-14 12:00:00+00:00,0.0,24.38
2023-05-14 13:00:00+00:00,0.0,23.91
2023-05-14 14:00:00+00:00,0.0,23.48
2023-05-14 15:00:00+00:00,0.0,23.32
2023-05-14 16:00:00+00:00,0.0,23.25
2023-05-14 17:00:00+00:00,0.0,23.19
2023-05-14 18:00:00+00:00,0.0,23.17
2023-05-14 19:00:00+00:00,0.0,23.15
2023-05-14 20:00:00+00:00,0.0,23.16
2023-05-14 21:00:00+00:00,0.0,23.14
2023-05-14 22:00:00+00:00,55.67,23.48
2023-05-14 23:00:00+00:00,166.38,23.93
2023-05-15 00:00:00+00:00,315.35,24.62
2023-05-15 01:00:00+00:00,502.15,25.42
2023-05-15 02:00:00+00:00,623.72,26.16
2023-05-15 03:00:00+00:00,711.62,26.88
2023-05-15 04:00:00+00:00,753.38,27.35
2023-05-15 05:00:00+00:00,759.17,27.91
2023-05-15 06:00:00+00:00,624.33,28.22
2023-05-15 07:00:00+00:00,485.42,28.23
2023-05-15 08:00:00+00:00,324.35,27.84
2023-05-15 09:00:00+00:00,150.8,27.32
2023-05-15 10:00:00+00:00,25.0,26.64
2023-05-15 11:00:00+00:00,0.0,25.68
2023-05-15 12:00:00+00:00,0.0,24.97
2023-05-15 13:00:00+00:00,0.0,24.71
2023-05-15 14:00:00+00:00,0.0,24.59
2023-05-15 15:00:00+00:00,0.0,24.49
2023-05-15 16:00:00+00:00,0.0,24.37
2023-05-15 17:00:00+00:00,0.0,24.24
2023-05-15 18:00:00+00:00,0.0,24.13
2023-05-15 19:00:00+00:00,0.0,24.06
2023-05-15 20:00:00+00:00,0.0,24.11
2023-05-15 21:00:00+00:00,0.0,24.15
2023-05-15 22:00:00+00:00,56.95,24.56
2023-05-15 23:00:00+00:00,167.57,25.14
2023-05-16 00:00:00+00:00,319.92,25.75
2023-05-16 01:00:00+00:00,417.23,26.44
2023-05-16 02:00:00+00:00,499.98,26.92
2023-05-16 03:00:00+00:00,505.73,27.2
2023-05-16 04:00:00+00:00,444.0,27.34
2023-05-16 05:00:00+00:00,365.5,27.31
2023-05-16 06:00:00+00:00,284.67,27.16
2023-05-16 07:00:00+00:00,292.58,26.95
2023-05-16 08:00:00+00:00,170.27,26.62
2023-05-16 09:00:00+00:00,72.35,26.2
2023-05-16 10:00:00+00:00,6.12,25.72
2023-05-16 11:00:00+00:00,0.0,25.37
2023-05-16 12:00:00+00:00,0.0,25.31
2023-05-16 13:00:00+00:00,0.0,25.24
2023-05-16 14:00:00+00:00,0.0,25.18
2023-05-16 15:00:00+00:00,0.0,25.15
2023-05-16 16:00:00+00:00,0.0,25.1
2023-05-16 17:00:00+00:00,0.0,25.05
2023-05-16 18:00:00+00:00,0.0,25.01
2023-05-16 19:00:00+00:00,0.0,25.02
2023-05-16 20:00:00+00:00,0.0,25.15
2023-05-16 21:00:00+00:00,0.0,25.28
2023-05-16 22:00:00+00:00,56.35,25.74
2023-05-16 23:00:00+00:00,148.98,26.34
2023-05-17 00:00:00+00:00,243.0,27.08
2023-05-17 01:00:00+00:00,305.15,27.6
2023-05-17 02:00:00+00:00,334.27,27.98
2023-05-17 03:00:00+00:00,400.85,28.18
2023-05-17 04:00:00+00:00,462.33,28.31
2023-05-17 05:00:00+00:00,471.73,28.42
2023-05-17 06:00:00+00:00,293.42,28.46
2023-05-17 07:00:00+00:00,351.45,28.42
2023-05-17 08:00:00+00:00,258.12,28.17
2023-05-17 09:00:00+00:00,117.93,27.65
2023-05-17 10:00:00+00:00,20.4,26.99
2023-05-17 11:00:00+00:00,0.0,26.51
2023-05-17 12:00:00+00:00,0.0,26.41
2023-05-17 13:00:00+00:00,0.0,26.33
2023-05-17 14:00:00+00:00,0.0,26.32
2023-05-17 15:00:00+00:00,0.0,26.27
2023-05-17 16:00:00+00:00,0.0,26.15
2023-05-17 17:00:00+00:00,0.0,26.21
2023-05-17 18:00:00+00:00,0.0,26.17
2023-05-17 19:00:00+00:00,0.0,26.12
2023-05-17 20:00:00+00:00,0.0,26.07
2023-05-17 21:00:00+00:00,0.0,26.01
2023-05-17 22:00:00+00:00,83.43,26.19
2023-05-17 23:00:00+00:00,265.42,27.51
2023-05-18 00:00:00+00:00,475.58,28.56
2023-05-18 01:00:00+00:00,636.0,29.45
2023-05-18 02:00:00+00:00,729.88,30.2
2023-05-18 03:00:00+00:00,791.03,30.71
2023-05-18 04:00:00+00:00,886.05,31.05
2023-05-18 05:00:00+00:00,762.62,31.27
2023-05-18 06:00:00+00:00,764.45,31.19
2023-05-18 07:00:00+00:00,595.67,30.8
2023-05-18 08:00:00+00:00,385.98,30.19
2023-05-18 09:00:00+00:00,184.1,29.39
2023-05-18 10:00:00+00:00,30.73,28.27
2023-05-18 11:00:00+00:00,0.0,27.39
2023-05-18 12:00:00+00:00,0.0,27.11
2023-05-18 13:00:00+00:00,0.0,26.97
2023-05-18 14:00:00+00:00,0.0,26.86
2023-05-18 15:00:00+00:00,0.0,26.74
2023-05-18 16:00:00+00:00,0.0,26.64
2023-05-18 17:00:00+00:00,0.0,26.57
2023-05-18 18:00:00+00:00,0.0,26.51
2023-05-18 19:00:00+00:00,0.0,26.46
2023-05-18 20:00:00+00:00,0.0,26.43
2023-05-18 21:00:00+00:00,0.0,26.42
2023-05-18 22:00:00+00:00,65.05,26.91
2023-05-18 23:00:00+00:00,198.35,27.41
2023-05-19 00:00:00+00:00,366.95,28.16
2023-05-19 01:00:00+00:00,536.67,28.96
2023-05-19 02:00:00+00:00,697.38,29.43
2023-05-19 03:00:00+00:00,737.4,29.66
2023-05-19 04:00:00+00:00,838.1,29.79
2023-05-19 05:00:00+00:00,755.6,29.8
2023-05-19 06:00:00+00:00,655.28,29.82
2023-05-19 07:00:00+00:00,515.7,29.67
2023-05-19 08:00:00+00:00,362.4,29.41
2023-05-19 09:00:00+00:00,171.77,28.96
2023-05-19 10:00:00+00:00,31.0,28.28
2023-05-19 11:00:00+00:00,0.0,27.65
2023-05-19 12:00:00+00:00,0.0,27.44
2023-05-19 13:00:00+00:00,0.0,27.31
2023-05-19 14:00:00+00:00,0.0,27.2
2023-05-19 15:00:00+00:00,0.0,27.09
2023-05-19 16:00:00+00:00,0.0,27.01
2023-05-19 17:00:00+00:00,0.0,26.93
2023-05-19 18:00:00+00:00,0.0,26.86
2023-05-19 19:00:00+00:00,0.0,26.78
2023-05-19 20:00:00+00:00,0.0,26.75
2023-05-19 21:00:00+00:00,0.0,26.73
2023-05-19 22:00:00+00:00,76.03,27.25
2023-05-19 23:00:00+00:00,208.45,27.82
2023-05-20 00:00:00+00:00,378.33,28.49
2023-05-20 01:00:00+00:00,530.92,29.06
2023-05-20 02:00:00+00:00,648.72,29.39
2023-05-20 03:00:00+00:00,779.4,29.63
2023-05-20 04:00:00+00:00,811.35,29.8
2023-05-20 05:00:00+00:00,773.2,29.85
2023-05-20 06:00:00+00:00,694.25,29.78
2023-05-20 07:00:00+00:00,516.15,29.63
2023-05-20 08:00:00+00:00,323.25,29.38
2023-05-20 09:00:00+00:00,139.7,29.01
2023-05-20 10:00:00+00:00,26.0,28.43
2023-05-20 11:00:00+00:00,0.0,27.87
2023-05-20 12:00:00+00:00,0.0,27.73
2023-05-20 13:00:00+00:00,0.0,27.64
2023-05-20 14:00:00+00:00,0.0,27.56
2023-05-20 15:00:00+00:00,0.0,27.49
2023-05-20 16:00:00+00:00,0.0,27.44
2023-05-20 17:00:00+00:00,0.0,27.39
2023-05-20 18:00:00+00:00,0.0,27.37
2023-05-20 19:00:00+00:00,0.0,27.39
2023-05-20 20:00:00+00:00,0.0,27.42
2023-05-20 21:00:00+00:00,0.0,27.39
2023-05-20 22:00:00+00:00,71.62,27.78
2023-05-20 23:00:00+00:00,214.82,28.28
2023-05-21 00:00:00+00:00,411.4,28.85
2023-05-21 01:00:00+00:00,579.25,29.38
2023-05-21 02:00:00+00:00,727.05,29.78
2023-05-21 03:00:00+00:00,777.2,30.07
2023-05-21 04:00:00+00:00,697.7,30.24
2023-05-21 05:00:00+00:00,781.33,30.3
2023-05-21 06:00:00+00:00,722.28,30.21
2023-05-21 07:00:00+00:00,585.9,30.03
2023-05-21 08:00:00+00:00,397.6,29.71
2023-05-21 09:00:00+00:00,196.38,29.29
2023-05-21 10:00:00+00:00,34.62,28.71
2023-05-21 11:00:00+00:00,0.0,28.14
2023-05-21 12:00:00+00:00,0.0,27.95
2023-05-21 13:00:00+00:00,0.0,27.79
2023-05-21 14:00:00+00:00,0.0,27.66
2023-05-21 15:00:00+00:00,0.0,27.53
2023-05-21 16:00:00+00:00,0.0,27.42
2023-05-21 17:00:00+00:00,0.0,27.37
2023-05-21 18:00:00+00:00,0.0,27.33
2023-05-21 19:00:00+00:00,0.0,27.33
2023-05-21 20:00:00+00:00,0.0,27.33
2023-05-21 21:00:00+00:00,0.0,27.31
2023-05-21 22:00:00+00:00,83.8,27.79
2023-05-21 23:00:00+00:00,254.43,28.28
2023-05-22 00:00:00+00:00,457.02,28.75
2023-05-22 01:00:00+00:00,644.58,29.19
2023-05-22 02:00:00+00:00,792.58,29.54
2023-05-22 03:00:00+00:00,875.9,29.9
2023-05-22 04:00:00+00:00,870.58,30.2
2023-05-22 05:00:00+00:00,807.4,30.34
2023-05-22 06:00:00+00:00,735.95,30.31
2023-05-22 07:00:00+00:00,544.62,30.12
2023-05-22 08:00:00+00:00,360.8,29.74
2023-05-22 09:00:00+00:00,168.45,29.23
2023-05-22 10:00:00+00:00,33.12,28.67
2023-05-22 11:00:00+00:00,0.0,28.21
2023-05-22 12:00:00+00:00,0.0,28.04
2023-05-22 13:00:00+00:00,0.0,27.97
2023-05-22 14:00:00+00:00,0.0,27.85
2023-05-22 15:00:00+00:00,0.0,27.73
2023-05-22 16:00:00+00:00,0.0,27.66
2023-05-22 17:00:00+00:00,0.0,27.31
2023-05-22 18:00:00+00:00,0.0,26.68
2023-05-22 19:00:00+00:00,0.0,26.14
2023-05-22 20:00:00+00:00,0.0,25.75
2023-05-22 21:00:00+00:00,0.0,25.37
2023-05-22 22:00:00+00:00,20.33,24.94
2023-05-22 23:00:00+00:00,46.0,24.71
2023-05-23 00:00:00+00:00,45.45,24.56
2023-05-23 01:00:00+00:00,219.73,24.69
2023-05-23 02:00:00+00:00,276.8,24.96
2023-05-23 03:00:00+00:00,453.3,25.45
2023-05-23 04:00:00+00:00,422.1,26.1
2023-05-23 05:00:00+00:00,275.85,27.08
2023-05-23 06:00:00+00:00,284.05,28.01
2023-05-23 07:00:00+00:00,169.75,28.58
2023-05-23 08:00:00+00:00,120.6,28.49
2023-05-23 09:00:00+00:00,49.47,27.95
2023-05-23 10:00:00+00:00,7.45,27.23
2023-05-23 11:00:00+00:00,0.0,26.63
2023-05-23 12:00:00+00:00,0.0,26.3
2023-05-23 13:00:00+00:00,0.0,26.11
2023-05-23 14:00:00+00:00,0.0,25.97
2023-05-23 15:00:00+00:00,0.0,25.86
2023-05-23 16:00:00+00:00,0.0,25.83
2023-05-23 17:00:00+00:00,0.0,25.8
2023-05-23 18:00:00+00:00,0.0,25.81
2023-05-23 19:00:00+00:00,0.0,25.86
2023-05-23 20:00:00+00:00,0.0,25.89
2023-05-23 21:00:00+00:00,0.0,25.88
2023-05-23 22:00:00+00:00,23.35,25.93
2023-05-23 23:00:00+00:00,64.72,26.14
2023-05-24 00:00:00+00:00,116.5,26.46
2023-05-24 01:00:00+00:00,187.23,26.76
2023-05-24 02:00:00+00:00,217.38,26.99
2023-05-24 03:00:00+00:00,540.3,27.25
2023-05-24 04:00:00+00:00,624.05,27.45
2023-05-24 05:00:00+00:00,492.23,27.56
2023-05-24 06:00:00+00:00,389.52,27.6
2023-05-24 07:00:00+00:00,194.18,27.59
2023-05-24 08:00:00+00:00,102.72,27.55
2023-05-24 09:00:00+00:00,83.97,27.32
2023-05-24 10:00:00+00:00,16.15,26.84
2023-05-24 11:00:00+00:00,0.0,26.38
2023-05-24 12:00:00+00:00,0.0,26.2
2023-05-24 13:00:00+00:00,0.0,26.02
2023-05-24 14:00:00+00:00,0.0,25.88
2023-05-24 15:00:00+00:00,0.0,25.84
2023-05-24 16:00:00+00:00,0.0,25.88
2023-05-24 17:00:00+00:00,0.0,25.9
2023-05-24 18:00:00+00:00,0.0,25.91
2023-05-24 19:00:00+00:00,0.0,25.86
2023-05-24 20:00:00+00:00,0.0,25.84
2023-05-24 21:00:00+00:00,0.0,25.8
2023-05-24 22:00:00+00:00,66.12,26.11
2023-05-24 23:00:00+00:00,207.75,26.48
2023-05-25 00:00:00+00:00,422.65,26.92
2023-05-25 01:00:00+00:00,432.58,27.53
2023-05-25 02:00:00+00:00,533.33,28.02
2023-05-25 03:00:00+00:00,575.42,28.34
2023-05-25 04:00:00+00:00,666.72,28.49
2023-05-25 05:00:00+00:00,499.33,28.61
2023-05-25 06:00:00+00:00,541.83,28.58
2023-05-25 07:00:00+00:00,403.48,28.47
2023-05-25 08:00:00+00:00,293.3,28.32
2023-05-25 09:00:00+00:00,148.2,28.06
2023-05-25 10:00:00+00:00,34.3,27.6
2023-05-25 11:00:00+00:00,0.0,27.13
2023-05-25 12:00:00+00:00,0.0,27.0
2023-05-25 13:00:00+00:00,0.0,26.95
2023-05-25 14:00:00+00:00,0.0,26.91
2023-05-25 15:00:00+00:00,0.0,26.85
2023-05-25 16:00:00+00:00,0.0,26.79
2023-05-25 17:00:00+00:00,0.0,26.73
2023-05-25 18:00:00+00:00,0.0,26.66
2023-05-25 19:00:00+00:00,0.0,26.61
2023-05-25 20:00:00+00:00,0.0,26.54
2023-05-25 21:00:00+00:00,0.0,26.48
2023-05-25 22:00:00+00:00,73.07,26.96
2023-05-25 23:00:00+00:00,190.62,27.52
2023-05-26 00:00:00+00:00,301.65,28.14
2023-05-26 01:00:00+00:00,488.83,28.71
2023-05-26 02:00:00+00:00,651.85,29.08
2023-05-26 03:00:00+00:00,772.92,29.37
2023-05-26 04:00:00+00:00,867.1,29.55
2023-05-26 05:00:00+00:00,837.25,29.62
2023-05-26 06:00:00+00:00,769.97,29.62
2023-05-26 07:00:00+00:00,636.05,29.5
2023-05-26 08:00:00+00:00,448.67,29.21
2023-05-26 09:00:00+00:00,230.02,28.77
2023-05-26 10:00:00+00:00,43.95,28.11
2023-05-26 11:00:00+00:00,0.0,27.52
2023-05-26 12:00:00+00:00,0.0,27.28
2023-05-26 13:00:00+00:00,0.0,27.14
2023-05-26 14:00:00+00:00,0.0,27.04
2023-05-26 15:00:00+00:00,0.0,26.95
2023-05-26 16:00:00+00:00,0.0,26.83
2023-05-26 17:00:00+00:00,0.0,26.71
2023-05-26 18:00:00+00:00,0.0,26.6
2023-05-26 19:00:00+00:00,0.0,26.53
2023-05-26 20:00:00+00:00,0.0,26.48
2023-05-26 21:00:00+00:00,0.0,26.46
2023-05-26 22:00:00+00:00,87.75,27.04
2023-05-26 23:00:00+00:00,240.32,27.68
2023-05-27 00:00:00+00:00,425.35,28.26
2023-05-27 01:00:00+00:00,587.28,28.88
2023-05-27 02:00:00+00:00,756.2,29.49
2023-05-27 03:00:00+00:00,870.78,29.91
2023-05-27 04:00:00+00:00,864.35,30.21
2023-05-27 05:00:00+00:00,877.12,30.41
2023-05-27 06:00:00+00:00,767.8,30.48
2023-05-27 07:00:00+00:00,655.15,30.38
2023-05-27 08:00:00+00:00,453.1,30.14
2023-05-27 09:00:00+00:00,232.55,29.72
2023-05-27 10:00:00+00:00,42.6,28.75
2023-05-27 11:00:00+00:00,0.0,27.78
2023-05-27 12:00:00+00:00,0.0,27.48
2023-05-27 13:00:00+00:00,0.0,27.31
2023-05-27 14:00:00+00:00,0.0,27.16
2023-05-27 15:00:00+00:00,0.0,26.99
2023-05-27 16:00:00+00:00,0.0,26.82
2023-05-27 17:00:00+00:00,0.0,26.74
2023-05-27 18:00:00+00:00,0.0,26.65
2023-05-27 19:00:00+00:00,0.0,26.56
2023-05-27 20:00:00+00:00,0.0,26.5
2023-05-27 21:00:00+00:00,2.72,26.45
2023-05-27 22:00:00+00:00,71.35,27.08
2023-05-27 23:00:00+00:00,198.75,27.72
2023-05-28 00:00:00+00:00,344.2,28.28
2023-05-28 01:00:00+00:00,546.75,28.98
2023-05-28 02:00:00+00:00,714.17,29.7
2023-05-28 03:00:00+00:00,816.03,30.28
2023-05-28 04:00:00+00:00,921.17,30.55
2023-05-28 05:00:00+00:00,901.78,30.64
2023-05-28 06:00:00+00:00,796.75,30.69
2023-05-28 07:00:00+00:00,662.75,30.69
2023-05-28 08:00:00+00:00,462.12,30.5
2023-05-28 09:00:00+00:00,245.12,30.2
2023-05-28 10:00:00+00:00,51.1,29.49
2023-05-28 11:00:00+00:00,0.0,28.13
2023-05-28 12:00:00+00:00,0.0,27.5
2023-05-28 13:00:00+00:00,0.0,27.27
2023-05-28 14:00:00+00:00,0.0,27.13
2023-05-28 15:00:00+00:00,0.0,27.0
2023-05-28 16:00:00+00:00,0.0,26.84
2023-05-28 17:00:00+00:00,0.0,26.75
2023-05-28 18:00:00+00:00,0.0,26.72
2023-05-28 19:00:00+00:00,0.0,26.77
2023-05-28 20:00:00+00:00,0.0,26.88
2023-05-28 21:00:00+00:00,3.25,26.87
2023-05-28 22:00:00+00:00,106.18,27.06
2023-05-28 23:00:00+00:00,302.88,27.63
2023-05-29 00:00:00+00:00,510.67,28.22
2023-05-29 01:00:00+00:00,689.58,29.03
2023-05-29 02:00:00+00:00,841.38,29.89
2023-05-29 03:00:00+00:00,942.1,30.6
2023-05-29 04:00:00+00:00,971.92,30.84
2023-05-29 05:00:00+00:00,898.97,31.1
2023-05-29 06:00:00+00:00,821.92,31.36
2023-05-29 07:00:00+00:00,665.8,31.53
2023-05-29 08:00:00+00:00,443.98,31.52
2023-05-29 09:00:00+00:00,243.77,31.32
2023-05-29 10:00:00+00:00,49.83,30.73
2023-05-29 11:00:00+00:00,0.0,29.95
2023-05-29 12:00:00+00:00,0.0,29.55
2023-05-29 13:00:00+00:00,0.0,29.26
2023-05-29 14:00:00+00:00,0.0,29.0
2023-05-29 15:00:00+00:00,0.0,28.67
2023-05-29 16:00:00+00:00,0.0,28.36
2023-05-29 17:00:00+00:00,0.0,28.09
2023-05-29 18:00:00+00:00,0.0,27.83
2023-05-29 19:00:00+00:00,0.0,27.55
2023-05-29 20:00:00+00:00,0.0,27.2
2023-05-29 21:00:00+00:00,3.08,26.9
2023-05-29 22:00:00+00:00,97.53,27.27
2023-05-29 23:00:00+00:00,304.75,28.11
2023-05-30 00:00:00+00:00,512.33,29.45
2023-05-30 01:00:00+00:00,696.45,30.86
2023-05-30 02:00:00+00:00,829.78,31.81
2023-05-30 03:00:00+00:00,917.78,32.42
2023-05-30 04:00:00+00:00,957.28,32.91
2023-05-30 05:00:00+00:00,831.4,33.26
2023-05-30 06:00:00+00:00,788.33,33.5
2023-05-30 07:00:00+00:00,624.78,33.58
2023-05-30 08:00:00+00:00,419.92,33.49
2023-05-30 09:00:00+00:00,218.12,33.17
2023-05-30 10:00:00+00:00,45.85,32.38
2023-05-30 11:00:00+00:00,0.0,31.49
2023-05-30 12:00:00+00:00,0.0,31.12
2023-05-30 13:00:00+00:00,0.0,30.8
2023-05-30 14:00:00+00:00,0.0,30.55
2023-05-30 15:00:00+00:00,0.0,30.33
2023-05-30 16:00:00+00:00,0.0,29.98
2023-05-30 17:00:00+00:00,0.0,29.6
2023-05-30 18:00:00+00:00,0.0,29.26
2023-05-30 19:00:00+00:00,0.0,28.98
2023-05-30 20:00:00+00:00,0.0,28.74
2023-05-30 21:00:00+00:00,2.9,28.58
2023-05-30 22:00:00+00:00,87.85,29.15
2023-05-30 23:00:00+00:00,274.6,30.06
2023-05-31 00:00:00+00:00,480.95,31.15
2023-05-31 01:00:00+00:00,645.25,31.88
2023-05-31 02:00:00+00:00,781.12,32.24
2023-05-31 03:00:00+00:00,888.45,32.87
2023-05-31 04:00:00+00:00,925.55,33.36
2023-05-31 05:00:00+00:00,860.83,33.55
2023-05-31 06:00:00+00:00,747.08,33.62
2023-05-31 07:00:00+00:00,555.67,33.61
2023-05-31 08:00:00+00:00,350.95,33.62
2023-05-31 09:00:00+00:00,170.57,33.48
2023-05-31 10:00:00+00:00,32.58,32.97
2023-05-31 11:00:00+00:00,0.0,32.03
2023-05-31 12:00:00+00:00,0.0,30.95
2023-05-31 13:00:00+00:00,0.0,30.5
2023-05-31 14:00:00+00:00,0.0,30.08
2023-05-31 15:00:00+00:00,0.0,29.63
2023-05-31 16:00:00+00:00,0.0,29.34
2023-05-31 17:00:00+00:00,0.0,29.14
2023-05-31 18:00:00+00:00,0.0,29.03
2023-05-31 19:00:00+00:00,0.0,28.94
2023-05-31 20:00:00+00:00,0.0,28.88
2023-05-31 21:00:00+00:00,0.55,28.86
2023-05-31 22:00:00+00:00,40.78,29.18
2023-05-31 23:00:00+00:00,178.0,29.45
2023-06-01 00:00:00+00:00,89.18,29.51
2023-06-01 01:00:00+00:00,272.5,29.83
2023-06-01 02:00:00+00:00,495.23,30.46
2023-06-01 03:00:00+00:00,602.25,30.99
2023-06-01 04:00:00+00:00,714.08,31.2
2023-06-01 05:00:00+00:00,680.72,31.26
2023-06-01 06:00:00+00:00,621.65,31.4
2023-06-01 07:00:00+00:00,461.15,31.4
2023-06-01 08:00:00+00:00,293.67,31.22
2023-06-01 09:00:00+00:00,150.32,31.02
2023-06-01 10:00:00+00:00,33.03,30.92
2023-06-01 11:00:00+00:00,0.0,30.39
2023-06-01 12:00:00+00:00,0.0,30.01
2023-06-01 13:00:00+00:00,0.0,29.72
2023-06-01 14:00:00+00:00,0.0,29.34
2023-06-01 15:00:00+00:00,0.0,29.05
2023-06-01 16:00:00+00:00,0.0,28.86
2023-06-01 17:00:00+00:00,0.0,28.75
2023-06-01 18:00:00+00:00,0.0,28.68
2023-06-01 19:00:00+00:00,0.0,28.6
2023-06-01 20:00:00+00:00,0.0,28.47
2023-06-01 21:00:00+00:00,2.45,28.34
2023-06-01 22:00:00+00:00,67.97,28.6
2023-06-01 23:00:00+00:00,227.15,28.92
2023-06-02 00:00:00+00:00,434.8,29.3
2023-06-02 01:00:00+00:00,641.7,29.89
2023-06-02 02:00:00+00:00,735.85,30.67
2023-06-02 03:00:00+00:00,894.8,31.21
2023-06-02 04:00:00+00:00,903.22,32.13
2023-06-02 05:00:00+00:00,852.58,32.9
2023-06-02 06:00:00+00:00,735.72,33.2
2023-06-02 07:00:00+00:00,481.75,32.89
2023-06-02 08:00:00+00:00,268.23,32.34
2023-06-02 09:00:00+00:00,138.4,31.71
2023-06-02 10:00:00+00:00,30.52,30.57
2023-06-02 11:00:00+00:00,0.0,29.37
2023-06-02 12:00:00+00:00,0.0,28.98
2023-06-02 13:00:00+00:00,0.0,28.79
2023-06-02 14:00:00+00:00,0.0,28.66
2023-06-02 15:00:00+00:00,0.0,28.53
2023-06-02 16:00:00+00:00,0.0,28.43
2023-06-02 17:00:00+00:00,0.0,28.39
2023-06-02 18:00:00+00:00,0.0,28.36
2023-06-02 19:00:00+00:00,0.0,28.35
2023-06-02 20:00:00+00:00,0.0,28.4
2023-06-02 21:00:00+00:00,2.85,28.61
2023-06-02 22:00:00+00:00,77.78,29.1
2023-06-02 23:00:00+00:00,248.0,29.63
2023-06-03 00:00:00+00:00,473.62,30.17
2023-06-03 01:00:00+00:00,609.97,30.76
2023-06-03 02:00:00+00:00,745.35,31.1
2023-06-03 03:00:00+00:00,829.83,31.54
2023-06-03 04:00:00+00:00,876.62,31.73
2023-06-03 05:00:00+00:00,805.78,31.79
2023-06-03 06:00:00+00:00,704.33,31.73
2023-06-03 07:00:00+00:00,541.3,31.47
2023-06-03 08:00:00+00:00,361.8,31.09
2023-06-03 09:00:00+00:00,181.45,30.5
2023-06-03 10:00:00+00:00,36.95,29.82
2023-06-03 11:00:00+00:00,0.0,29.39
2023-06-03 12:00:00+00:00,0.0,29.27
2023-06-03 13:00:00+00:00,0.0,29.21
2023-06-03 14:00:00+00:00,0.0,29.15
2023-06-03 15:00:00+00:00,0.0,29.02
2023-06-03 16:00:00+00:00,0.0,28.88
2023-06-03 17:00:00+00:00,0.0,28.73
2023-06-03 18:00:00+00:00,0.0,28.62
2023-06-03 19:00:00+00:00,0.0,28.55
2023-06-03 20:00:00+00:00,0.0,28.5
2023-06-03 21:00:00+00:00,2.62,28.43
2023-06-03 22:00:00+00:00,73.2,28.73
2023-06-03 23:00:00+00:00,235.32,29.09
2023-06-04 00:00:00+00:00,424.17,29.47
2023-06-04 01:00:00+00:00,605.7,30.02
2023-06-04 02:00:00+00:00,680.95,30.62
2023-06-04 03:00:00+00:00,781.35,31.08
2023-06-04 04:00:00+00:00,834.55,31.4
2023-06-04 05:00:00+00:00,701.17,31.57
2023-06-04 06:00:00+00:00,743.47,31.55
2023-06-04 07:00:00+00:00,614.53,31.39
2023-06-04 08:00:00+00:00,425.12,31.09
2023-06-04 09:00:00+00:00,216.88,30.65
2023-06-04 10:00:00+00:00,48.15,29.97
2023-06-04 11:00:00+00:00,0.0,29.3
2023-06-04 12:00:00+00:00,0.0,29.06
2023-06-04 13:00:00+00:00,0.0,28.89
2023-06-04 14:00:00+00:00,0.0,28.73
2023-06-04 15:00:00+00:00,0.0,28.58
2023-06-04 16:00:00+00:00,0.0,28.47
2023-06-04 17:00:00+00:00,0.0,28.42
2023-06-04 18:00:00+00:00,0.0,28.41
2023-06-04 19:00:00+00:00,0.0,28.39
2023-06-04 20:00:00+00:00,0.0,28.38
2023-06-04 21:00:00+00:00,2.75,28.43
2023-06-04 22:00:00+00:00,73.8,28.7
2023-06-04 23:00:00+00:00,229.48,29.04
2023-06-05 00:00:00+00:00,408.3,29.38
2023-06-05 01:00:00+00:00,594.47,29.88
2023-06-05 02:00:00+00:00,701.47,30.5
2023-06-05 03:00:00+00:00,817.38,31.02
2023-06-05 04:00:00+00:00,880.08,31.37
2023-06-05 05:00:00+00:00,880.8,31.49
2023-06-05 06:00:00+00:00,790.58,31.44
2023-06-05 07:00:00+00:00,646.45,31.25
2023-06-05 08:00:00+00:00,453.88,30.91
2023-06-05 09:00:00+00:00,233.8,30.41
2023-06-05 10:00:00+00:00,50.05,29.72
2023-06-05 11:00:00+00:00,0.0,29.03
2023-06-05 12:00:00+00:00,0.0,28.73
2023-06-05 13:00:00+00:00,0.0,28.55
2023-06-05 14:00:00+00:00,0.0,28.41
2023-06-05 15:00:00+00:00,0.0,28.35
2023-06-05 16:00:00+00:00,0.0,28.32
2023-06-05 17:00:00+00:00,0.0,28.31
2023-06-05 18:00:00+00:00,0.0,28.31
2023-06-05 19:00:00+00:00,0.0,28.32
2023-06-05 20:00:00+00:00,0.0,28.31
2023-06-05 21:00:00+00:00,2.75,28.25
2023-06-05 22:00:00+00:00,61.75,28.46
2023-06-05 23:00:00+00:00,185.05,28.74
2023-06-06 00:00:00+00:00,348.45,28.98
2023-06-06 01:00:00+00:00,484.65,29.27
2023-06-06 02:00:00+00:00,595.97,29.53
2023-06-06 03:00:00+00:00,611.78,29.7
2023-06-06 04:00:00+00:00,614.38,29.71
2023-06-06 05:00:00+00:00,487.75,29.55
2023-06-06 06:00:00+00:00,264.73,29.25
2023-06-06 07:00:00+00:00,205.95,28.99
2023-06-06 08:00:00+00:00,101.22,28.72
2023-06-06 09:00:00+00:00,65.57,28.49
2023-06-06 10:00:00+00:00,15.18,28.24
2023-06-06 11:00:00+00:00,0.0,28.02
2023-06-06 12:00:00+00:00,0.0,27.97
2023-06-06 13:00:00+00:00,0.0,27.93
2023-06-06 14:00:00+00:00,0.0,27.89
2023-06-06 15:00:00+00:00,0.0,27.87
2023-06-06 16:00:00+00:00,0.0,27.85
2023-06-06 17:00:00+00:00,0.0,27.84
2023-06-06 18:00:00+00:00,0.0,27.82
2023-06-06 19:00:00+00:00,0.0,27.84
2023-06-06 20:00:00+00:00,0.0,27.84
2023-06-06 21:00:00+00:00,2.6,27.9
2023-06-06 22:00:00+00:00,71.32,28.21
2023-06-06 23:00:00+00:00,193.43,28.64
2023-06-07 00:00:00+00:00,343.85,28.93
2023-06-07 01:00:00+00:00,505.7,29.22
2023-06-07 02:00:00+00:00,563.03,29.42
2023-06-07 03:00:00+00:00,659.42,29.61
2023-06-07 04:00:00+00:00,549.12,29.7
2023-06-07 05:00:00+00:00,381.55,29.73
2023-06-07 06:00:00+00:00,299.38,29.66
2023-06-07 07:00:00+00:00,208.9,29.5
2023-06-07 08:00:00+00:00,119.8,29.28
2023-06-07 09:00:00+00:00,66.72,29.02
2023-06-07 10:00:00+00:00,15.55,28.7
2023-06-07 11:00:00+00:00,0.0,28.36
2023-06-07 12:00:00+00:00,0.0,28.24
2023-06-07 13:00:00+00:00,0.0,28.16
2023-06-07 14:00:00+00:00,0.0,28.13
2023-06-07 15:00:00+00:00,0.0,28.11
2023-06-07 16:00:00+00:00,0.0,28.08
2023-06-07 17:00:00+00:00,0.0,28.07
2023-06-07 18:00:00+00:00,0.0,28.13
2023-06-07 19:00:00+00:00,0.0,28.21
2023-06-07 20:00:00+00:00,0.0,28.15
2023-06-07 21:00:00+00:00,2.8,28.07
2023-06-07 22:00:00+00:00,73.65,28.35
2023-06-07 23:00:00+00:00,227.68,28.79
2023-06-08 00:00:00+00:00,399.85,29.08
2023-06-08 01:00:00+00:00,591.08,29.42
2023-06-08 02:00:00+00:00,673.2,29.64
2023-06-08 03:00:00+00:00,792.78,29.77
2023-06-08 04:00:00+00:00,801.38,29.87
2023-06-08 05:00:00+00:00,690.45,29.89
2023-06-08 06:00:00+00:00,572.47,29.82
2023-06-08 07:00:00+00:00,375.2,29.6
2023-06-08 08:00:00+00:00,220.27,29.27
2023-06-08 09:00:00+00:00,119.12,28.96
2023-06-08 10:00:00+00:00,27.15,28.65
2023-06-08 11:00:00+00:00,0.0,28.33
2023-06-08 12:00:00+00:00,0.0,28.25
2023-06-08 13:00:00+00:00,0.0,28.17
2023-06-08 14:00:00+00:00,0.0,28.08
2023-06-08 15:00:00+00:00,0.0,27.95
2023-06-08 16:00:00+00:00,0.0,27.83
2023-06-08 17:00:00+00:00,0.0,27.73
2023-06-08 18:00:00+00:00,0.0,27.67
2023-06-08 19:00:00+00:00,0.0,27.62
2023-06-08 20:00:00+00:00,0.0,27.59
2023-06-08 21:00:00+00:00,2.5,27.66
2023-06-08 22:00:00+00:00,59.22,28.18
2023-06-08 23:00:00+00:00,176.23,28.64
2023-06-09 00:00:00+00:00,308.77,29.06
2023-06-09 01:00:00+00:00,417.55,29.44
2023-06-09 02:00:00+00:00,549.22,29.65
2023-06-09 03:00:00+00:00,621.8,29.76
2023-06-09 04:00:00+00:00,622.17,29.83
2023-06-09 05:00:00+00:00,553.05,29.86
2023-06-09 06:00:00+00:00,502.62,29.97
2023-06-09 07:00:00+00:00,448.95,30.06
2023-06-09 08:00:00+00:00,300.2,29.95
2023-06-09 09:00:00+00:00,150.95,29.75
2023-06-09 10:00:00+00:00,34.05,29.4
2023-06-09 11:00:00+00:00,0.0,28.99
2023-06-09 12:00:00+00:00,0.0,28.75
2023-06-09 13:00:00+00:00,0.0,28.54
2023-06-09 14:00:00+00:00,0.0,28.36
2023-06-09 15:00:00+00:00,0.0,28.21
2023-06-09 16:00:00+00:00,0.0,28.1
2023-06-09 17:00:00+00:00,0.0,28.05
2023-06-09 18:00:00+00:00,0.0,28.03
2023-06-09 19:00:00+00:00,0.0,27.93
2023-06-09 20:00:00+00:00,0.0,27.93
2023-06-09 21:00:00+00:00,1.52,27.89
2023-06-09 22:00:00+00:00,31.1,28.13
2023-06-09 23:00:00+00:00,58.17,28.51
2023-06-10 00:00:00+00:00,83.6,28.96
2023-06-10 01:00:00+00:00,244.57,29.52
2023-06-10 02:00:00+00:00,440.3,29.96
2023-06-10 03:00:00+00:00,584.0,30.33
2023-06-10 04:00:00+00:00,683.35,30.45
2023-06-10 05:00:00+00:00,726.6,30.73
2023-06-10 06:00:00+00:00,582.35,30.96
2023-06-10 07:00:00+00:00,463.38,31.05
2023-06-10 08:00:00+00:00,307.62,30.86
2023-06-10 09:00:00+00:00,154.02,30.31
2023-06-10 10:00:00+00:00,34.95,29.77
2023-06-10 11:00:00+00:00,0.0,29.14
2023-06-10 12:00:00+00:00,0.0,28.83
2023-06-10 13:00:00+00:00,0.0,28.5
2023-06-10 14:00:00+00:00,0.0,28.32
2023-06-10 15:00:00+00:00,0.0,28.21
2023-06-10 16:00:00+00:00,0.0,28.1
2023-06-10 17:00:00+00:00,0.0,28.01
2023-06-10 18:00:00+00:00,0.0,27.96
2023-06-10 19:00:00+00:00,0.0,27.91
2023-06-10 20:00:00+00:00,0.0,27.85
2023-06-10 21:00:00+00:00,2.5,27.86
2023-06-10 22:00:00+00:00,57.17,28.01
2023-06-10 23:00:00+00:00,189.35,28.22
2023-06-11 00:00:00+00:00,344.62,28.43
2023-06-11 01:00:00+00:00,494.58,28.79
2023-06-11 02:00:00+00:00,551.88,29.27
2023-06-11 03:00:00+00:00,621.0,29.87
2023-06-11 04:00:00+00:00,638.2,30.17
2023-06-11 05:00:00+00:00,688.05,30.21
2023-06-11 06:00:00+00:00,636.75,30.08
2023-06-11 07:00:00+00:00,526.17,29.83
2023-06-11 08:00:00+00:00,366.95,29.49
2023-06-11 09:00:00+00:00,185.98,29.2
2023-06-11 10:00:00+00:00,44.58,28.84
2023-06-11 11:00:00+00:00,0.0,28.47
2023-06-11 12:00:00+00:00,0.0,28.42
2023-06-11 13:00:00+00:00,0.0,28.42
2023-06-11 14:00:00+00:00,0.0,28.43
2023-06-11 15:00:00+00:00,0.0,28.26
2023-06-11 16:00:00+00:00,0.0,28.1
2023-06-11 17:00:00+00:00,0.0,27.96
2023-06-11 18:00:00+00:00,0.0,27.91
2023-06-11 19:00:00+00:00,0.0,27.83
2023-06-11 20:00:00+00:00,0.0,27.7
2023-06-11 21:00:00+00:00,2.53,27.56
2023-06-11 22:00:00+00:00,74.15,28.04
2023-06-11 23:00:00+00:00,230.3,28.56
2023-06-12 00:00:00+00:00,443.12,29.16
2023-06-12 01:00:00+00:00,649.92,29.76
2023-06-12 02:00:00+00:00,768.92,30.26
2023-06-12 03:00:00+00:00,836.4,30.66
2023-06-12 04:00:00+00:00,854.45,30.92
2023-06-12 05:00:00+00:00,788.28,31.06
2023-06-12 06:00:00+00:00,704.3,31.15
2023-06-12 07:00:00+00:00,537.0,31.14
2023-06-12 08:00:00+00:00,349.25,30.86
2023-06-12 09:00:00+00:00,181.68,30.4
2023-06-12 10:00:00+00:00,43.62,29.78
2023-06-12 11:00:00+00:00,0.0,29.12
2023-06-12 12:00:00+00:00,0.0,28.76
2023-06-12 13:00:00+00:00,0.0,28.59
2023-06-12 14:00:00+00:00,0.0,28.51
2023-06-12 15:00:00+00:00,0.0,28.38
2023-06-12 16:00:00+00:00,0.0,28.24
2023-06-12 17:00:00+00:00,0.0,28.13
2023-06-12 18:00:00+00:00,0.0,28.08
2023-06-12 19:00:00+00:00,0.0,28.2
2023-06-12 20:00:00+00:00,0.0,28.33
2023-06-12 21:00:00+00:00,2.83,28.37
2023-06-12 22:00:00+00:00,71.25,28.51
2023-06-12 23:00:00+00:00,220.48,29.09
2023-06-13 00:00:00+00:00,389.62,29.37
2023-06-13 01:00:00+00:00,538.12,29.41
2023-06-13 02:00:00+00:00,679.45,29.46
2023-06-13 03:00:00+00:00,713.08,29.54
2023-06-13 04:00:00+00:00,743.15,29.68
2023-06-13 05:00:00+00:00,587.33,29.75
2023-06-13 06:00:00+00:00,500.65,29.81
2023-06-13 07:00:00+00:00,376.88,29.76
2023-06-13 08:00:00+00:00,140.8,29.61
2023-06-13 09:00:00+00:00,73.9,29.27
2023-06-13 10:00:00+00:00,13.27,28.79
2023-06-13 11:00:00+00:00,0.0,28.45
2023-06-13 12:00:00+00:00,0.0,28.42
2023-06-13 13:00:00+00:00,0.0,28.4
2023-06-13 14:00:00+00:00,0.0,28.29
2023-06-13 15:00:00+00:00,0.0,28.15
2023-06-13 16:00:00+00:00,0.0,28.03
2023-06-13 17:00:00+00:00,0.0,27.96
2023-06-13 18:00:00+00:00,0.0,27.86
2023-06-13 19:00:00+00:00,0.0,27.81
2023-06-13 20:00:00+00:00,0.0,27.77
2023-06-13 21:00:00+00:00,0.95,27.7
2023-06-13 22:00:00+00:00,16.73,28.06
2023-06-13 23:00:00+00:00,50.17,28.41
2023-06-14 00:00:00+00:00,48.28,28.85
2023-06-14 01:00:00+00:00,145.73,29.42
2023-06-14 02:00:00+00:00,243.77,29.86
2023-06-14 03:00:00+00:00,421.83,30.23
2023-06-14 04:00:00+00:00,532.1,30.5
2023-06-14 05:00:00+00:00,409.67,30.6
2023-06-14 06:00:00+00:00,452.17,30.53
2023-06-14 07:00:00+00:00,361.45,30.27
2023-06-14 08:00:00+00:00,290.8,29.94
2023-06-14 09:00:00+00:00,152.68,29.53
2023-06-14 10:00:00+00:00,37.58,29.03
2023-06-14 11:00:00+00:00,0.0,28.55
2023-06-14 12:00:00+00:00,0.0,28.43
2023-06-14 13:00:00+00:00,0.0,28.39
2023-06-14 14:00:00+00:00,0.0,28.36
2023-06-14 15:00:00+00:00,0.0,28.19
2023-06-14 16:00:00+00:00,0.0,27.93
2023-06-14 17:00:00+00:00,0.0,27.71
2023-06-14 18:00:00+00:00,0.0,27.56
2023-06-14 19:00:00+00:00,0.0,27.44
2023-06-14 20:00:00+00:00,0.0,27.39
2023-06-14 21:00:00+00:00,1.73,27.39
2023-06-14 22:00:00+00:00,38.55,27.72
2023-06-14 23:00:00+00:00,81.3,28.06
2023-06-15 00:00:00+00:00,121.68,28.43
2023-06-15 01:00:00+00:00,208.4,28.86
2023-06-15 02:00:00+00:00,294.45,29.28
2023-06-15 03:00:00+00:00,328.98,29.59
2023-06-15 04:00:00+00:00,317.75,29.89
2023-06-15 05:00:00+00:00,290.23,30.07
2023-06-15 06:00:00+00:00,260.9,30.2
2023-06-15 07:00:00+00:00,157.35,30.19
2023-06-15 08:00:00+00:00,101.15,29.96
2023-06-15 09:00:00+00:00,60.85,29.69
2023-06-15 10:00:00+00:00,17.35,29.34
2023-06-15 11:00:00+00:00,0.0,28.8
2023-06-15 12:00:00+00:00,0.0,28.55
2023-06-15 13:00:00+00:00,0.0,28.41
2023-06-15 14:00:00+00:00,0.0,28.32
2023-06-15 15:00:00+00:00,0.0,28.21
2023-06-15 16:00:00+00:00,0.0,28.05
2023-06-15 17:00:00+00:00,0.0,27.92
2023-06-15 18:00:00+00:00,0.0,27.8
2023-06-15 19:00:00+00:00,0.0,27.72
2023-06-15 20:00:00+00:00,0.0,27.69
2023-06-15 21:00:00+00:00,1.23,27.66
2023-06-15 22:00:00+00:00,33.9,27.84
2023-06-15 23:00:00+00:00,99.4,28.05
2023-06-16 00:00:00+00:00,189.52,28.21
2023-06-16 01:00:00+00:00,251.68,28.38
2023-06-16 02:00:00+00:00,359.23,28.56
2023-06-16 03:00:00+00:00,272.92,28.68
2023-06-16 04:00:00+00:00,147.85,28.7
2023-06-16 05:00:00+00:00,146.27,28.61
2023-06-16 06:00:00+00:00,94.88,28.44
2023-06-16 07:00:00+00:00,59.85,28.2
2023-06-16 08:00:00+00:00,34.83,27.98
2023-06-16 09:00:00+00:00,43.0,27.83
2023-06-16 10:00:00+00:00,15.5,27.63
2023-06-16 11:00:00+00:00,0.0,27.46
2023-06-16 12:00:00+00:00,0.0,27.46
2023-06-16 13:00:00+00:00,0.0,27.46
2023-06-16 14:00:00+00:00,0.0,27.48
2023-06-16 15:00:00+00:00,0.0,27.51
2023-06-16 16:00:00+00:00,0.0,27.57
2023-06-16 17:00:00+00:00,0.0,27.62
2023-06-16 18:00:00+00:00,0.0,27.62
2023-06-16 19:00:00+00:00,0.0,27.6
2023-06-16 20:00:00+00:00,0.0,27.59
2023-06-16 21:00:00+00:00,1.67,27.53
2023-06-16 22:00:00+00:00,31.05,27.75
2023-06-16 23:00:00+00:00,81.95,28.03
2023-06-17 00:00:00+00:00,132.4,28.14
2023-06-17 01:00:00+00:00,253.4,28.28
2023-06-17 02:00:00+00:00,371.77,28.45
2023-06-17 03:00:00+00:00,262.08,28.57
2023-06-17 04:00:00+00:00,475.4,28.59
2023-06-17 05:00:00+00:00,88.93,28.59
2023-06-17 06:00:00+00:00,51.92,28.56
2023-06-17 07:00:00+00:00,58.92,28.48
2023-06-17 08:00:00+00:00,46.42,28.31
2023-06-17 09:00:00+00:00,32.58,28.14
2023-06-17 10:00:00+00:00,12.15,27.91
2023-06-17 11:00:00+00:00,0.0,27.63
2023-06-17 12:00:00+00:00,0.0,27.6
2023-06-17 13:00:00+00:00,0.0,27.59
2023-06-17 14:00:00+00:00,0.0,27.59
2023-06-17 15:00:00+00:00,0.0,27.6
2023-06-17 16:00:00+00:00,0.0,27.66
2023-06-17 17:00:00+00:00,0.0,27.75
2023-06-17 18:00:00+00:00,0.0,27.81
2023-06-17 19:00:00+00:00,0.0,27.86
2023-06-17 20:00:00+00:00,0.0,27.89
2023-06-17 21:00:00+00:00,2.22,27.89
2023-06-17 22:00:00+00:00,53.62,28.08
2023-06-17 23:00:00+00:00,162.12,28.35
2023-06-18 00:00:00+00:00,296.2,28.55
2023-06-18 01:00:00+00:00,403.95,28.69
2023-06-18 02:00:00+00:00,490.33,28.8
2023-06-18 03:00:00+00:00,529.17,28.98
2023-06-18 04:00:00+00:00,486.42,29.14
2023-06-18 05:00:00+00:00,450.95,29.17
2023-06-18 06:00:00+00:00,390.75,29.15
2023-06-18 07:00:00+00:00,313.5,29.08
2023-06-18 08:00:00+00:00,232.93,29.03
2023-06-18 09:00:00+00:00,117.32,28.91
2023-06-18 10:00:00+00:00,29.48,28.67
2023-06-18 11:00:00+00:00,0.0,28.44
2023-06-18 12:00:00+00:00,0.0,28.5
2023-06-18 13:00:00+00:00,0.0,28.55
2023-06-18 14:00:00+00:00,0.0,28.57
2023-06-18 15:00:00+00:00,0.0,28.53
2023-06-18 16:00:00+00:00,0.0,28.47
2023-06-18 17:00:00+00:00,0.0,28.43
2023-06-18 18:00:00+00:00,0.0,28.38
2023-06-18 19:00:00+00:00,0.0,28.33
2023-06-18 20:00:00+00:00,0.0,28.3
2023-06-18 21:00:00+00:00,2.6,28.33
2023-06-18 22:00:00+00:00,62.97,28.58
2023-06-18 23:00:00+00:00,199.35,28.94
2023-06-19 00:00:00+00:00,363.83,29.18
2023-06-19 01:00:00+00:00,529.72,29.51
2023-06-19 02:00:00+00:00,647.55,29.73
2023-06-19 03:00:00+00:00,715.62,29.92
2023-06-19 04:00:00+00:00,812.9,30.09
2023-06-19 05:00:00+00:00,750.0,30.12
2023-06-19 06:00:00+00:00,671.72,30.08
2023-06-19 07:00:00+00:00,538.2,29.98
2023-06-19 08:00:00+00:00,401.2,29.86
2023-06-19 09:00:00+00:00,208.35,29.65
2023-06-19 10:00:00+00:00,50.03,29.31
2023-06-19 11:00:00+00:00,0.0,28.96
2023-06-19 12:00:00+00:00,0.0,28.88
2023-06-19 13:00:00+00:00,0.0,28.79
2023-06-19 14:00:00+00:00,0.0,28.7
2023-06-19 15:00:00+00:00,0.0,28.61
2023-06-19 16:00:00+00:00,0.0,28.56
2023-06-19 17:00:00+00:00,0.0,28.52
2023-06-19 18:00:00+00:00,0.0,28.5
2023-06-19 19:00:00+00:00,0.0,28.51
2023-06-19 20:00:00+00:00,0.0,28.56
2023-06-19 21:00:00+00:00,0.0,28.62
2023-06-19 22:00:00+00:00,90.55,28.99
2023-06-19 23:00:00+00:00,243.98,29.46
2023-06-20 00:00:00+00:00,421.58,29.79
2023-06-20 01:00:00+00:00,604.05,30.14
2023-06-20 02:00:00+00:00,729.3,30.45
2023-06-20 03:00:00+00:00,776.65,30.68
2023-06-20 04:00:00+00:00,880.6,30.81
2023-06-20 05:00:00+00:00,766.08,30.9
2023-06-20 06:00:00+00:00,723.5,30.93
2023-06-20 07:00:00+00:00,606.0,30.83
2023-06-20 08:00:00+00:00,435.2,30.68
2023-06-20 09:00:00+00:00,230.88,30.4
2023-06-20 10:00:00+00:00,61.45,29.93
2023-06-20 11:00:00+00:00,0.0,29.36
2023-06-20 12:00:00+00:00,0.0,29.2
2023-06-20 13:00:00+00:00,0.0,29.07
2023-06-20 14:00:00+00:00,0.0,28.94
2023-06-20 15:00:00+00:00,0.0,28.83
2023-06-20 16:00:00+00:00,0.0,28.74
2023-06-20 17:00:00+00:00,0.0,28.7
2023-06-20 18:00:00+00:00,0.0,28.65
2023-06-20 19:00:00+00:00,0.0,28.61
2023-06-20 20:00:00+00:00,0.0,28.59
2023-06-20 21:00:00+00:00,0.0,28.57
2023-06-20 22:00:00+00:00,103.15,28.92
2023-06-20 23:00:00+00:00,269.67,29.35
2023-06-21 00:00:00+00:00,467.1,29.58
2023-06-21 01:00:00+00:00,630.4,29.82
2023-06-21 02:00:00+00:00,787.2,30.04
2023-06-21 03:00:00+00:00,864.65,30.29
2023-06-21 04:00:00+00:00,868.22,30.5
2023-06-21 05:00:00+00:00,788.3,30.66
2023-06-21 06:00:00+00:00,733.55,30.76
2023-06-21 07:00:00+00:00,565.58,30.71
2023-06-21 08:00:00+00:00,404.73,30.56
2023-06-21 09:00:00+00:00,221.12,30.25
2023-06-21 10:00:00+00:00,58.33,29.76
2023-06-21 11:00:00+00:00,0.0,29.19
2023-06-21 12:00:00+00:00,0.0,29.02
2023-06-21 13:00:00+00:00,0.0,28.94
2023-06-21 14:00:00+00:00,0.0,28.86
2023-06-21 15:00:00+00:00,0.0,28.77
2023-06-21 16:00:00+00:00,0.0,28.69
2023-06-21 17:00:00+00:00,0.0,28.64
2023-06-21 18:00:00+00:00,0.0,28.59
2023-06-21 19:00:00+00:00,0.0,28.57
2023-06-21 20:00:00+00:00,0.0,28.61
2023-06-21 21:00:00+00:00,0.0,28.63
2023-06-21 22:00:00+00:00,99.93,28.86
2023-06-21 23:00:00+00:00,267.7,29.3
2023-06-22 00:00:00+00:00,456.38,29.6
2023-06-22 01:00:00+00:00,629.08,29.93
2023-06-22 02:00:00+00:00,776.8,30.25
2023-06-22 03:00:00+00:00,858.05,30.57
2023-06-22 04:00:00+00:00,901.78,30.85
2023-06-22 05:00:00+00:00,834.5,30.96
2023-06-22 06:00:00+00:00,754.97,30.99
2023-06-22 07:00:00+00:00,634.0,30.9
2023-06-22 08:00:00+00:00,458.95,30.67
2023-06-22 09:00:00+00:00,248.73,30.28
2023-06-22 10:00:00+00:00,63.58,29.73
2023-06-22 11:00:00+00:00,0.0,29.23
2023-06-22 12:00:00+00:00,0.0,29.07
2023-06-22 13:00:00+00:00,0.0,28.93
2023-06-22 14:00:00+00:00,0.0,28.84
2023-06-22 15:00:00+00:00,0.0,28.8
2023-06-22 16:00:00+00:00,0.0,28.75
2023-06-22 17:00:00+00:00,0.0,28.73
2023-06-22 18:00:00+00:00,0.0,28.7
2023-06-22 19:00:00+00:00,0.0,28.61
2023-06-22 20:00:00+00:00,0.0,28.54
2023-06-22 21:00:00+00:00,0.0,28.63
2023-06-22 22:00:00+00:00,58.78,28.95
2023-06-22 23:00:00+00:00,157.88,29.41
2023-06-23 00:00:00+00:00,303.83,29.67
2023-06-23 01:00:00+00:00,412.2,29.89
2023-06-23 02:00:00+00:00,507.35,30.01
2023-06-23 03:00:00+00:00,424.83,30.04
2023-06-23 04:00:00+00:00,382.65,30.04
2023-06-23 05:00:00+00:00,304.45,29.93
2023-06-23 06:00:00+00:00,185.02,29.76
2023-06-23 07:00:00+00:00,176.52,29.49
2023-06-23 08:00:00+00:00,87.97,29.27
2023-06-23 09:00:00+00:00,64.8,29.07
2023-06-23 10:00:00+00:00,21.08,28.8
2023-06-23 11:00:00+00:00,0.0,28.58
2023-06-23 12:00:00+00:00,0.0,28.52
2023-06-23 13:00:00+00:00,0.0,28.51
2023-06-23 14:00:00+00:00,0.0,28.57
2023-06-23 15:00:00+00:00,0.0,28.62
2023-06-23 16:00:00+00:00,0.0,28.65
2023-06-23 17:00:00+00:00,0.0,28.67
2023-06-23 18:00:00+00:00,0.0,28.63
2023-06-23 19:00:00+00:00,0.0,28.55
2023-06-23 20:00:00+00:00,0.0,28.61
2023-06-23 21:00:00+00:00,0.0,28.61
2023-06-23 22:00:00+00:00,42.85,28.74
2023-06-23 23:00:00+00:00,128.8,29.11
2023-06-24 00:00:00+00:00,216.95,29.4
2023-06-24 01:00:00+00:00,374.73,29.5
2023-06-24 02:00:00+00:00,447.1,29.65
2023-06-24 03:00:00+00:00,500.98,29.82
2023-06-24 04:00:00+00:00,527.72,29.89
2023-06-24 05:00:00+00:00,499.33,29.81
2023-06-24 06:00:00+00:00,373.6,29.72
2023-06-24 07:00:00+00:00,273.38,29.56
2023-06-24 08:00:00+00:00,161.62,29.38
2023-06-24 09:00:00+00:00,94.22,29.19
2023-06-24 10:00:00+00:00,26.92,28.9
2023-06-24 11:00:00+00:00,0.0,28.62
2023-06-24 12:00:00+00:00,0.0,28.58
2023-06-24 13:00:00+00:00,0.0,28.58
2023-06-24 14:00:00+00:00,0.0,28.58
2023-06-24 15:00:00+00:00,0.0,28.55
2023-06-24 16:00:00+00:00,0.0,28.49
2023-06-24 17:00:00+00:00,0.0,28.41
2023-06-24 18:00:00+00:00,0.0,28.36
2023-06-24 19:00:00+00:00,0.0,28.37
2023-06-24 20:00:00+00:00,0.0,28.43
2023-06-24 21:00:00+00:00,0.0,28.53
2023-06-24 22:00:00+00:00,67.8,28.72
2023-06-24 23:00:00+00:00,188.98,28.98
2023-06-25 00:00:00+00:00,346.5,29.09
2023-06-25 01:00:00+00:00,530.4,29.09
2023-06-25 02:00:00+00:00,645.1,29.01
2023-06-25 03:00:00+00:00,736.22,29.15
2023-06-25 04:00:00+00:00,781.62,29.4
2023-06-25 05:00:00+00:00,782.6,29.59
2023-06-25 06:00:00+00:00,655.28,29.64
2023-06-25 07:00:00+00:00,484.48,29.56
2023-06-25 08:00:00+00:00,329.12,29.37
2023-06-25 09:00:00+00:00,164.65,29.04
2023-06-25 10:00:00+00:00,41.6,28.62
2023-06-25 11:00:00+00:00,0.0,28.22
2023-06-25 12:00:00+00:00,0.0,28.13
2023-06-25 13:00:00+00:00,0.0,28.12
2023-06-25 14:00:00+00:00,0.0,28.1
2023-06-25 15:00:00+00:00,0.0,28.03
2023-06-25 16:00:00+00:00,0.0,27.9
2023-06-25 17:00:00+00:00,0.0,27.77
2023-06-25 18:00:00+00:00,0.0,27.65
2023-06-25 19:00:00+00:00,0.0,27.59
2023-06-25 20:00:00+00:00,0.0,27.57
2023-06-25 21:00:00+00:00,0.0,27.59
2023-06-25 22:00:00+00:00,78.12,27.98
2023-06-25 23:00:00+00:00,229.5,28.62
2023-06-26 00:00:00+00:00,409.17,29.14
2023-06-26 01:00:00+00:00,572.62,29.62
2023-06-26 02:00:00+00:00,716.03,30.04
2023-06-26 03:00:00+00:00,809.45,30.43
2023-06-26 04:00:00+00:00,846.08,30.75
2023-06-26 05:00:00+00:00,775.78,30.88
2023-06-26 06:00:00+00:00,687.55,30.99
2023-06-26 07:00:00+00:00,529.55,30.95
2023-06-26 08:00:00+00:00,340.45,30.89
2023-06-26 09:00:00+00:00,173.85,30.73
2023-06-26 10:00:00+00:00,42.65,30.45
2023-06-26 11:00:00+00:00,0.0,29.8
2023-06-26 12:00:00+00:00,0.0,29.36
2023-06-26 13:00:00+00:00,0.0,29.01
2023-06-26 14:00:00+00:00,0.0,28.72
2023-06-26 15:00:00+00:00,0.0,28.49
2023-06-26 16:00:00+00:00,0.0,28.38
2023-06-26 17:00:00+00:00,0.0,28.37
2023-06-26 18:00:00+00:00,0.0,28.34
2023-06-26 19:00:00+00:00,0.0,28.27
2023-06-26 20:00:00+00:00,0.0,28.21
2023-06-26 21:00:00+00:00,0.0,28.19
2023-06-26 22:00:00+00:00,91.35,28.37
2023-06-26 23:00:00+00:00,246.77,28.73
2023-06-27 00:00:00+00:00,426.2,29.01
2023-06-27 01:00:00+00:00,569.03,29.22
2023-06-27 02:00:00+00:00,730.3,29.4
2023-06-27 03:00:00+00:00,814.03,29.71
2023-06-27 04:00:00+00:00,907.28,30.09
2023-06-27 05:00:00+00:00,865.85,30.36
2023-06-27 06:00:00+00:00,760.08,30.49
2023-06-27 07:00:00+00:00,599.97,30.5
2023-06-27 08:00:00+00:00,417.23,30.48
2023-06-27 09:00:00+00:00,226.9,30.19
2023-06-27 10:00:00+00:00,60.72,29.62
2023-06-27 11:00:00+00:00,0.0,29.12
2023-06-27 12:00:00+00:00,0.0,28.94
2023-06-27 13:00:00+00:00,0.0,28.85
2023-06-27 14:00:00+00:00,0.0,28.73
2023-06-27 15:00:00+00:00,0.0,28.55
2023-06-27 16:00:00+00:00,0.0,28.37
2023-06-27 17:00:00+00:00,0.0,28.22
2023-06-27 18:00:00+00:00,0.0,28.13
2023-06-27 19:00:00+00:00,0.0,28.07
2023-06-27 20:00:00+00:00,0.0,28.12
2023-06-27 21:00:00+00:00,0.0,28.16
2023-06-27 22:00:00+00:00,42.12,28.49
2023-06-27 23:00:00+00:00,125.78,28.88
2023-06-28 00:00:00+00:00,233.35,29.23
2023-06-28 01:00:00+00:00,404.0,29.71
2023-06-28 02:00:00+00:00,611.12,30.16
2023-06-28 03:00:00+00:00,602.88,30.51
2023-06-28 04:00:00+00:00,470.67,30.79
2023-06-28 05:00:00+00:00,492.1,30.88
2023-06-28 06:00:00+00:00,351.08,30.78
2023-06-28 07:00:00+00:00,399.08,30.55
2023-06-28 08:00:00+00:00,390.73,30.22
2023-06-28 09:00:00+00:00,209.8,29.85
2023-06-28 10:00:00+00:00,57.2,29.49
2023-06-28 11:00:00+00:00,0.0,29.06
2023-06-28 12:00:00+00:00,0.0,28.9
2023-06-28 13:00:00+00:00,0.0,28.79
2023-06-28 14:00:00+00:00,0.0,28.71
2023-06-28 15:00:00+00:00,0.0,28.58
2023-06-28 16:00:00+00:00,0.0,28.42
2023-06-28 17:00:00+00:00,0.0,28.29
2023-06-28 18:00:00+00:00,0.0,28.23
2023-06-28 19:00:00+00:00,0.0,28.21
2023-06-28 20:00:00+00:00,0.0,28.18
2023-06-28 21:00:00+00:00,0.0,28.18
2023-06-28 22:00:00+00:00,73.9,28.52
2023-06-28 23:00:00+00:00,218.45,29.03
2023-06-29 00:00:00+00:00,391.45,29.35
2023-06-29 01:00:00+00:00,577.17,29.75
2023-06-29 02:00:00+00:00,691.17,30.21
2023-06-29 03:00:00+00:00,841.2,30.81
2023-06-29 04:00:00+00:00,868.67,31.27
2023-06-29 05:00:00+00:00,788.55,31.65
2023-06-29 06:00:00+00:00,671.95,31.77
2023-06-29 07:00:00+00:00,515.42,31.67
2023-06-29 08:00:00+00:00,297.25,31.38
2023-06-29 09:00:00+00:00,152.4,30.97
2023-06-29 10:00:00+00:00,35.17,30.42
2023-06-29 11:00:00+00:00,0.0,29.64
2023-06-29 12:00:00+00:00,0.0,29.28
2023-06-29 13:00:00+00:00,0.0,29.04
2023-06-29 14:00:00+00:00,0.0,28.9
2023-06-29 15:00:00+00:00,0.0,28.81
2023-06-29 16:00:00+00:00,0.0,28.74
2023-06-29 17:00:00+00:00,0.0,28.65
2023-06-29 18:00:00+00:00,0.0,28.58
2023-06-29 19:00:00+00:00,0.0,28.53
2023-06-29 20:00:00+00:00,0.0,28.51
2023-06-29 21:00:00+00:00,0.0,28.42
2023-06-29 22:00:00+00:00,54.67,28.73
2023-06-29 23:00:00+00:00,168.0,29.16
2023-06-30 00:00:00+00:00,314.92,29.51
2023-06-30 01:00:00+00:00,420.98,29.95
2023-06-30 02:00:00+00:00,401.67,30.32
2023-06-30 03:00:00+00:00,306.65,30.55
2023-06-30 04:00:00+00:00,316.42,30.68
2023-06-30 05:00:00+00:00,470.65,30.79
2023-06-30 06:00:00+00:00,483.62,30.82
2023-06-30 07:00:00+00:00,461.12,30.61
2023-06-30 08:00:00+00:00,370.45,30.25
2023-06-30 09:00:00+00:00,198.27,29.88
2023-06-30 10:00:00+00:00,50.95,29.52
2023-06-30 11:00:00+00:00,0.0,29.23
2023-06-30 12:00:00+00:00,0.0,29.16
2023-06-30 13:00:00+00:00,0.0,29.14
2023-06-30 14:00:00+00:00,0.0,29.13
2023-06-30 15:00:00+00:00,0.0,29.04
2023-06-30 16:00:00+00:00,0.0,28.91
2023-06-30 17:00:00+00:00,0.0,28.79
2023-06-30 18:00:00+00:00,0.0,28.68
2023-06-30 19:00:00+00:00,0.0,28.62
2023-06-30 20:00:00+00:00,0.0,28.6
2023-06-30 21:00:00+00:00,0.0,28.53
2023-06-30 22:00:00+00:00,61.55,28.75
2023-06-30 23:00:00+00:00,174.5,29.16
2023-07-01 00:00:00+00:00,276.1,29.43
2023-07-01 01:00:00+00:00,389.73,29.73
2023-07-01 02:00:00+00:00,304.2,30.12
2023-07-01 03:00:00+00:00,219.75,30.37
2023-07-01 04:00:00+00:00,209.4,30.5
2023-07-01 05:00:00+00:00,254.18,30.53
2023-07-01 06:00:00+00:00,382.35,30.49
2023-07-01 07:00:00+00:00,414.92,30.22
2023-07-01 08:00:00+00:00,342.9,29.84
2023-07-01 09:00:00+00:00,191.52,29.44
2023-07-01 10:00:00+00:00,55.58,29.09
2023-07-01 11:00:00+00:00,0.0,28.77
2023-07-01 12:00:00+00:00,0.0,28.74
2023-07-01 13:00:00+00:00,0.0,28.77
2023-07-01 14:00:00+00:00,0.0,28.75
2023-07-01 15:00:00+00:00,0.0,28.61
2023-07-01 16:00:00+00:00,0.0,28.53
2023-07-01 17:00:00+00:00,0.0,28.47
2023-07-01 18:00:00+00:00,0.0,28.43
2023-07-01 19:00:00+00:00,0.0,28.39
2023-07-01 20:00:00+00:00,0.0,28.41
2023-07-01 21:00:00+00:00,0.0,28.33
2023-07-01 22:00:00+00:00,44.47,28.66
2023-07-01 23:00:00+00:00,132.9,29.01
2023-07-02 00:00:00+00:00,248.6,29.24
2023-07-02 01:00:00+00:00,373.67,29.63
2023-07-02 02:00:00+00:00,451.3,29.96
2023-07-02 03:00:00+00:00,356.77,30.1
2023-07-02 04:00:00+00:00,237.75,30.05
2023-07-02 05:00:00+00:00,259.6,29.91
2023-07-02 06:00:00+00:00,154.68,29.74
2023-07-02 07:00:00+00:00,102.4,29.46
2023-07-02 08:00:00+00:00,99.95,29.09
2023-07-02 09:00:00+00:00,64.03,28.56
2023-07-02 10:00:00+00:00,20.42,28.12
2023-07-02 11:00:00+00:00,0.0,27.89
2023-07-02 12:00:00+00:00,0.0,27.9
2023-07-02 13:00:00+00:00,0.0,27.96
2023-07-02 14:00:00+00:00,0.0,28.02
2023-07-02 15:00:00+00:00,0.0,28.02
2023-07-02 16:00:00+00:00,0.0,27.99
2023-07-02 17:00:00+00:00,0.0,27.95
2023-07-02 18:00:00+00:00,0.0,27.89
2023-07-02 19:00:00+00:00,0.0,27.84
2023-07-02 20:00:00+00:00,0.0,27.83
2023-07-02 21:00:00+00:00,0.0,27.88
2023-07-02 22:00:00+00:00,69.97,28.44
2023-07-02 23:00:00+00:00,239.15,28.92
2023-07-03 00:00:00+00:00,441.65,29.3
2023-07-03 01:00:00+00:00,576.1,29.68
2023-07-03 02:00:00+00:00,588.35,29.98
2023-07-03 03:00:00+00:00,612.03,30.21
2023-07-03 04:00:00+00:00,607.88,30.32
2023-07-03 05:00:00+00:00,690.45,30.35
2023-07-03 06:00:00+00:00,641.85,30.32
2023-07-03 07:00:00+00:00,478.08,30.22
2023-07-03 08:00:00+00:00,314.73,30.06
2023-07-03 09:00:00+00:00,167.15,29.71
2023-07-03 10:00:00+00:00,40.58,29.24
2023-07-03 11:00:00+00:00,0.0,28.8
2023-07-03 12:00:00+00:00,0.0,28.68
2023-07-03 13:00:00+00:00,0.0,28.57
2023-07-03 14:00:00+00:00,0.0,28.47
2023-07-03 15:00:00+00:00,0.0,28.36
2023-07-03 16:00:00+00:00,0.0,28.28
2023-07-03 17:00:00+00:00,0.0,28.2
2023-07-03 18:00:00+00:00,0.0,28.14
2023-07-03 19:00:00+00:00,0.0,28.12
2023-07-03 20:00:00+00:00,0.0,28.14
2023-07-03 21:00:00+00:00,0.0,28.12
2023-07-03 22:00:00+00:00,63.8,28.52
2023-07-03 23:00:00+00:00,199.23,29.0
2023-07-04 00:00:00+00:00,362.73,29.4
2023-07-04 01:00:00+00:00,553.85,29.78
2023-07-04 02:00:00+00:00,718.22,30.05
2023-07-04 03:00:00+00:00,749.42,30.07
2023-07-04 04:00:00+00:00,748.4,30.06
2023-07-04 05:00:00+00:00,697.83,30.03
2023-07-04 06:00:00+00:00,609.03,29.95
2023-07-04 07:00:00+00:00,453.45,29.7
2023-07-04 08:00:00+00:00,295.38,29.26
2023-07-04 09:00:00+00:00,147.0,28.96
2023-07-04 10:00:00+00:00,42.17,28.72
2023-07-04 11:00:00+00:00,0.0,28.44
2023-07-04 12:00:00+00:00,0.0,28.39
2023-07-04 13:00:00+00:00,0.0,28.39
2023-07-04 14:00:00+00:00,0.0,28.43
2023-07-04 15:00:00+00:00,0.0,28.39
2023-07-04 16:00:00+00:00,0.0,28.34
2023-07-04 17:00:00+00:00,0.0,28.4
2023-07-04 18:00:00+00:00,0.0,28.5
2023-07-04 19:00:00+00:00,0.0,28.57
2023-07-04 20:00:00+00:00,0.0,28.57
2023-07-04 21:00:00+00:00,0.0,28.55
2023-07-04 22:00:00+00:00,74.68,28.92
2023-07-04 23:00:00+00:00,235.6,29.24
2023-07-05 00:00:00+00:00,420.25,29.53
2023-07-05 01:00:00+00:00,593.15,29.88
2023-07-05 02:00:00+00:00,758.65,30.26
2023-07-05 03:00:00+00:00,869.97,30.55
2023-07-05 04:00:00+00:00,885.1,30.76
2023-07-05 05:00:00+00:00,803.5,30.84
2023-07-05 06:00:00+00:00,814.3,30.77
2023-07-05 07:00:00+00:00,672.65,30.61
2023-07-05 08:00:00+00:00,489.77,30.35
2023-07-05 09:00:00+00:00,274.08,30.06
2023-07-05 10:00:00+00:00,76.32,29.61
2023-07-05 11:00:00+00:00,0.0,29.12
2023-07-05 12:00:00+00:00,0.0,28.98
2023-07-05 13:00:00+00:00,0.0,28.9
2023-07-05 14:00:00+00:00,0.0,28.82
2023-07-05 15:00:00+00:00,0.0,28.71
2023-07-05 16:00:00+00:00,0.0,28.72
2023-07-05 17:00:00+00:00,0.0,28.69
2023-07-05 18:00:00+00:00,0.0,28.63
2023-07-05 19:00:00+00:00,0.0,28.59
2023-07-05 20:00:00+00:00,0.0,28.57
2023-07-05 21:00:00+00:00,0.0,28.59
2023-07-05 22:00:00+00:00,76.32,28.92
2023-07-05 23:00:00+00:00,240.48,29.4
2023-07-06 00:00:00+00:00,429.85,29.75
2023-07-06 01:00:00+00:00,557.35,30.12
2023-07-06 02:00:00+00:00,648.35,30.49
2023-07-06 03:00:00+00:00,766.95,30.78
2023-07-06 04:00:00+00:00,850.22,30.95
2023-07-06 05:00:00+00:00,587.62,31.04
2023-07-06 06:00:00+00:00,697.62,31.05
2023-07-06 07:00:00+00:00,588.88,30.95
2023-07-06 08:00:00+00:00,438.08,30.72
2023-07-06 09:00:00+00:00,232.73,30.35
2023-07-06 10:00:00+00:00,60.58,29.78
2023-07-06 11:00:00+00:00,0.0,29.18
2023-07-06 12:00:00+00:00,0.0,28.96
2023-07-06 13:00:00+00:00,0.0,28.85
2023-07-06 14:00:00+00:00,0.0,28.8
2023-07-06 15:00:00+00:00,0.0,28.76
2023-07-06 16:00:00+00:00,0.0,28.71
2023-07-06 17:00:00+00:00,0.0,28.71
2023-07-06 18:00:00+00:00,0.0,28.75
2023-07-06 19:00:00+00:00,0.0,28.82
2023-07-06 20:00:00+00:00,0.0,28.86
2023-07-06 21:00:00+00:00,0.0,28.91
2023-07-06 22:00:00+00:00,91.9,29.25
2023-07-06 23:00:00+00:00,265.25,29.57
2023-07-07 00:00:00+00:00,445.08,29.74
2023-07-07 01:00:00+00:00,626.15,29.99
2023-07-07 02:00:00+00:00,766.28,30.25
2023-07-07 03:00:00+00:00,863.05,30.51
2023-07-07 04:00:00+00:00,906.42,30.7
2023-07-07 05:00:00+00:00,791.88,30.71
2023-07-07 06:00:00+00:00,794.75,30.69
2023-07-07 07:00:00+00:00,654.55,30.58
2023-07-07 08:00:00+00:00,472.6,30.29
2023-07-07 09:00:00+00:00,263.35,29.95
2023-07-07 10:00:00+00:00,72.97,29.57
2023-07-07 11:00:00+00:00,0.0,29.25
2023-07-07 12:00:00+00:00,0.0,29.21
2023-07-07 13:00:00+00:00,0.0,29.19
2023-07-07 14:00:00+00:00,0.0,29.19
2023-07-07 15:00:00+00:00,0.0,29.14
2023-07-07 16:00:00+00:00,0.0,29.0
2023-07-07 17:00:00+00:00,0.0,28.87
2023-07-07 18:00:00+00:00,0.0,28.73
2023-07-07 19:00:00+00:00,0.0,28.64
2023-07-07 20:00:00+00:00,0.0,28.57
2023-07-07 21:00:00+00:00,0.0,28.57
2023-07-07 22:00:00+00:00,90.72,29.02
2023-07-07 23:00:00+00:00,286.35,29.59
2023-07-08 00:00:00+00:00,507.1,29.95
2023-07-08 01:00:00+00:00,679.78,30.31
2023-07-08 02:00:00+00:00,795.72,30.64
2023-07-08 03:00:00+00:00,886.92,30.92
2023-07-08 04:00:00+00:00,904.7,31.12
2023-07-08 05:00:00+00:00,887.78,31.3
2023-07-08 06:00:00+00:00,806.0,31.33
2023-07-08 07:00:00+00:00,677.58,31.23
2023-07-08 08:00:00+00:00,499.02,31.0
2023-07-08 09:00:00+00:00,273.1,30.59
2023-07-08 10:00:00+00:00,73.28,29.92
2023-07-08 11:00:00+00:00,0.0,29.31
2023-07-08 12:00:00+00:00,0.0,29.13
2023-07-08 13:00:00+00:00,0.0,29.01
2023-07-08 14:00:00+00:00,0.0,28.94
2023-07-08 15:00:00+00:00,0.0,28.85
2023-07-08 16:00:00+00:00,0.0,28.78
2023-07-08 17:00:00+00:00,0.0,28.72
2023-07-08 18:00:00+00:00,0.0,28.69
2023-07-08 19:00:00+00:00,0.0,28.67
2023-07-08 20:00:00+00:00,0.0,28.66
2023-07-08 21:00:00+00:00,0.0,28.6
2023-07-08 22:00:00+00:00,86.65,29.13
2023-07-08 23:00:00+00:00,269.83,29.73
2023-07-09 00:00:00+00:00,471.27,30.1
2023-07-09 01:00:00+00:00,630.42,30.43
2023-07-09 02:00:00+00:00,775.0,30.76
2023-07-09 03:00:00+00:00,857.12,31.11
2023-07-09 04:00:00+00:00,940.03,31.35
2023-07-09 05:00:00+00:00,909.47,31.47
2023-07-09 06:00:00+00:00,810.33,31.5
2023-07-09 07:00:00+00:00,685.42,31.39
2023-07-09 08:00:00+00:00,497.05,31.16
2023-07-09 09:00:00+00:00,274.25,30.74
2023-07-09 10:00:00+00:00,74.95,30.1
2023-07-09 11:00:00+00:00,0.0,29.44
2023-07-09 12:00:00+00:00,0.0,29.24
2023-07-09 13:00:00+00:00,0.0,29.11
2023-07-09 14:00:00+00:00,0.0,28.99
2023-07-09 15:00:00+00:00,0.0,28.85
2023-07-09 16:00:00+00:00,0.0,28.71
2023-07-09 17:00:00+00:00,0.0,28.57
2023-07-09 18:00:00+00:00,0.0,28.47
2023-07-09 19:00:00+00:00,0.0,28.4
2023-07-09 20:00:00+00:00,0.0,28.35
2023-07-09 21:00:00+00:00,0.0,28.32
2023-07-09 22:00:00+00:00,81.22,28.95
2023-07-09 23:00:00+00:00,262.27,29.52
2023-07-10 00:00:00+00:00,483.55,29.86
2023-07-10 01:00:00+00:00,644.42,30.29
2023-07-10 02:00:00+00:00,779.53,30.77
2023-07-10 03:00:00+00:00,873.38,31.26
2023-07-10 04:00:00+00:00,939.08,31.63
2023-07-10 05:00:00+00:00,890.88,31.84
2023-07-10 06:00:00+00:00,830.33,31.85
2023-07-10 07:00:00+00:00,689.95,31.79
2023-07-10 08:00:00+00:00,501.42,31.65
2023-07-10 09:00:00+00:00,283.02,31.38
2023-07-10 10:00:00+00:00,79.68,30.67
2023-07-10 11:00:00+00:00,0.0,29.81
2023-07-10 12:00:00+00:00,0.0,29.51
2023-07-10 13:00:00+00:00,0.0,29.31
2023-07-10 14:00:00+00:00,0.0,29.17
2023-07-10 15:00:00+00:00,0.0,29.03
2023-07-10 16:00:00+00:00,0.0,28.87
2023-07-10 17:00:00+00:00,0.0,28.72
2023-07-10 18:00:00+00:00,0.0,28.6
2023-07-10 19:00:00+00:00,0.0,28.51
2023-07-10 20:00:00+00:00,0.0,28.45
2023-07-10 21:00:00+00:00,0.0,28.4
2023-07-10 22:00:00+00:00,65.75,28.83
2023-07-10 23:00:00+00:00,284.83,29.41
2023-07-11 00:00:00+00:00,490.15,29.71
2023-07-11 01:00:00+00:00,644.3,30.08
2023-07-11 02:00:00+00:00,797.75,30.48
2023-07-11 03:00:00+00:00,890.9,30.91
2023-07-11 04:00:00+00:00,955.03,31.23
2023-07-11 05:00:00+00:00,875.88,31.4
2023-07-11 06:00:00+00:00,827.3,31.46
2023-07-11 07:00:00+00:00,685.3,31.4
2023-07-11 08:00:00+00:00,502.55,31.22
2023-07-11 09:00:00+00:00,257.85,30.89
2023-07-11 10:00:00+00:00,64.1,30.31
2023-07-11 11:00:00+00:00,0.0,29.62
2023-07-11 12:00:00+00:00,0.0,29.42
2023-07-11 13:00:00+00:00,0.0,29.3
2023-07-11 14:00:00+00:00,0.0,29.19
2023-07-11 15:00:00+00:00,0.0,29.07
2023-07-11 16:00:00+00:00,0.0,28.95
2023-07-11 17:00:00+00:00,0.0,28.83
2023-07-11 18:00:00+00:00,0.0,28.71
2023-07-11 19:00:00+00:00,0.0,28.64
2023-07-11 20:00:00+00:00,0.0,28.63
2023-07-11 21:00:00+00:00,0.0,28.67
2023-07-11 22:00:00+00:00,89.25,29.07
2023-07-11 23:00:00+00:00,263.1,29.65
2023-07-12 00:00:00+00:00,468.0,29.97
2023-07-12 01:00:00+00:00,663.95,30.38
2023-07-12 02:00:00+00:00,803.72,30.83
2023-07-12 03:00:00+00:00,904.25,31.24
2023-07-12 04:00:00+00:00,954.15,31.58
2023-07-12 05:00:00+00:00,816.47,31.8
2023-07-12 06:00:00+00:00,820.53,31.87
2023-07-12 07:00:00+00:00,675.92,31.81
2023-07-12 08:00:00+00:00,478.5,31.56
2023-07-12 09:00:00+00:00,263.42,31.07
2023-07-12 10:00:00+00:00,68.57,30.26
2023-07-12 11:00:00+00:00,0.0,29.52
2023-07-12 12:00:00+00:00,0.0,29.29
2023-07-12 13:00:00+00:00,0.0,29.11
2023-07-12 14:00:00+00:00,0.0,28.96
2023-07-12 15:00:00+00:00,0.0,28.81
2023-07-12 16:00:00+00:00,0.0,28.64
2023-07-12 17:00:00+00:00,0.0,28.48
2023-07-12 18:00:00+00:00,0.0,28.38
2023-07-12 19:00:00+00:00,0.0,28.33
2023-07-12 20:00:00+00:00,0.0,28.3
2023-07-12 21:00:00+00:00,0.0,28.33
2023-07-12 22:00:00+00:00,84.75,28.86
2023-07-12 23:00:00+00:00,247.25,29.51
2023-07-13 00:00:00+00:00,422.62,29.9
2023-07-13 01:00:00+00:00,647.2,30.36
2023-07-13 02:00:00+00:00,817.38,30.9
2023-07-13 03:00:00+00:00,933.5,31.39
2023-07-13 04:00:00+00:00,930.15,31.82
2023-07-13 05:00:00+00:00,929.5,32.05
2023-07-13 06:00:00+00:00,815.58,32.06
2023-07-13 07:00:00+00:00,635.28,31.91
2023-07-13 08:00:00+00:00,486.08,31.6
2023-07-13 09:00:00+00:00,273.48,31.06
2023-07-13 10:00:00+00:00,74.22,30.21
2023-07-13 11:00:00+00:00,0.0,29.39
2023-07-13 12:00:00+00:00,0.0,29.18
2023-07-13 13:00:00+00:00,0.0,29.06
2023-07-13 14:00:00+00:00,0.0,29.01
2023-07-13 15:00:00+00:00,0.0,28.94
2023-07-13 16:00:00+00:00,0.0,28.88
2023-07-13 17:00:00+00:00,0.0,28.86
2023-07-13 18:00:00+00:00,0.0,28.9
2023-07-13 19:00:00+00:00,0.0,28.96
2023-07-13 20:00:00+00:00,0.0,29.07
2023-07-13 21:00:00+00:00,0.0,29.13
2023-07-13 22:00:00+00:00,74.18,29.37
2023-07-13 23:00:00+00:00,250.73,29.89
2023-07-14 00:00:00+00:00,451.77,30.23
2023-07-14 01:00:00+00:00,631.6,30.65
2023-07-14 02:00:00+00:00,820.0,31.12
2023-07-14 03:00:00+00:00,925.2,31.63
2023-07-14 04:00:00+00:00,972.22,32.15
2023-07-14 05:00:00+00:00,941.1,32.45
2023-07-14 06:00:00+00:00,800.33,32.7
2023-07-14 07:00:00+00:00,686.5,32.83
2023-07-14 08:00:00+00:00,497.42,32.93
2023-07-14 09:00:00+00:00,273.35,32.78
2023-07-14 10:00:00+00:00,73.22,32.51
2023-07-14 11:00:00+00:00,0.0,31.69
2023-07-14 12:00:00+00:00,0.0,31.04
2023-07-14 13:00:00+00:00,0.0,30.51
2023-07-14 14:00:00+00:00,0.0,30.11
2023-07-14 15:00:00+00:00,0.0,29.79
2023-07-14 16:00:00+00:00,0.0,29.51
2023-07-14 17:00:00+00:00,0.0,29.27
2023-07-14 18:00:00+00:00,0.0,29.07
2023-07-14 19:00:00+00:00,0.0,28.83
2023-07-14 20:00:00+00:00,0.0,28.65
2023-07-14 21:00:00+00:00,0.0,28.59
2023-07-14 22:00:00+00:00,69.68,29.18
2023-07-14 23:00:00+00:00,233.8,29.85
2023-07-15 00:00:00+00:00,428.4,30.4
2023-07-15 01:00:00+00:00,605.8,30.94
2023-07-15 02:00:00+00:00,725.1,31.46
2023-07-15 03:00:00+00:00,815.58,31.88
2023-07-15 04:00:00+00:00,771.42,32.19
2023-07-15 05:00:00+00:00,756.97,32.47
2023-07-15 06:00:00+00:00,652.05,32.75
2023-07-15 07:00:00+00:00,533.12,33.47
2023-07-15 08:00:00+00:00,355.88,33.86
2023-07-15 09:00:00+00:00,182.55,33.75
2023-07-15 10:00:00+00:00,43.75,32.78
2023-07-15 11:00:00+00:00,0.0,31.59
2023-07-15 12:00:00+00:00,0.0,31.11
2023-07-15 13:00:00+00:00,0.0,30.37
2023-07-15 14:00:00+00:00,0.0,29.8
2023-07-15 15:00:00+00:00,0.0,29.47
2023-07-15 16:00:00+00:00,0.0,29.3
2023-07-15 17:00:00+00:00,0.0,29.17
2023-07-15 18:00:00+00:00,0.0,28.88
2023-07-15 19:00:00+00:00,0.0,28.59
2023-07-15 20:00:00+00:00,0.0,28.3
2023-07-15 21:00:00+00:00,0.0,28.1
2023-07-15 22:00:00+00:00,43.1,28.39
2023-07-15 23:00:00+00:00,149.5,28.83
2023-07-16 00:00:00+00:00,282.48,29.32
2023-07-16 01:00:00+00:00,407.6,29.81
2023-07-16 02:00:00+00:00,502.15,30.3
2023-07-16 03:00:00+00:00,561.97,30.83
2023-07-16 04:00:00+00:00,535.22,31.39
2023-07-16 05:00:00+00:00,607.62,31.73
2023-07-16 06:00:00+00:00,476.85,31.89
2023-07-16 07:00:00+00:00,413.2,31.84
2023-07-16 08:00:00+00:00,290.62,31.47
2023-07-16 09:00:00+00:00,154.32,30.79
2023-07-16 10:00:00+00:00,35.17,29.99
2023-07-16 11:00:00+00:00,0.0,29.31
2023-07-16 12:00:00+00:00,0.0,28.88
2023-07-16 13:00:00+00:00,0.0,28.5
2023-07-16 14:00:00+00:00,0.0,28.14
2023-07-16 15:00:00+00:00,0.0,27.88
2023-07-16 16:00:00+00:00,0.0,27.93
2023-07-16 17:00:00+00:00,0.0,28.11
2023-07-16 18:00:00+00:00,0.0,28.33
2023-07-16 19:00:00+00:00,0.0,28.41
2023-07-16 20:00:00+00:00,0.0,28.38
2023-07-16 21:00:00+00:00,0.0,28.57
2023-07-16 22:00:00+00:00,34.12,28.63
2023-07-16 23:00:00+00:00,95.53,28.86
2023-07-17 00:00:00+00:00,211.25,29.24
2023-07-17 01:00:00+00:00,208.68,29.58
2023-07-17 02:00:00+00:00,423.25,29.73
2023-07-17 03:00:00+00:00,438.67,29.91
2023-07-17 04:00:00+00:00,418.38,30.04
2023-07-17 05:00:00+00:00,490.08,29.98
2023-07-17 06:00:00+00:00,377.0,29.96
2023-07-17 07:00:00+00:00,338.58,29.71
2023-07-17 08:00:00+00:00,205.6,29.44
2023-07-17 09:00:00+00:00,109.1,29.25
2023-07-17 10:00:00+00:00,25.85,29.08
2023-07-17 11:00:00+00:00,0.0,29.02
2023-07-17 12:00:00+00:00,0.0,29.01
2023-07-17 13:00:00+00:00,0.0,28.99
2023-07-17 14:00:00+00:00,0.0,28.97
2023-07-17 15:00:00+00:00,0.0,29.0
2023-07-17 16:00:00+00:00,0.0,29.03
2023-07-17 17:00:00+00:00,0.0,29.05
2023-07-17 18:00:00+00:00,0.0,29.08
2023-07-17 19:00:00+00:00,0.0,29.08
2023-07-17 20:00:00+00:00,0.0,29.05
2023-07-17 21:00:00+00:00,0.0,29.03
2023-07-17 22:00:00+00:00,25.35,29.09
2023-07-17 23:00:00+00:00,76.3,29.36
2023-07-18 00:00:00+00:00,130.2,29.62
2023-07-18 01:00:00+00:00,204.4,29.87
2023-07-18 02:00:00+00:00,353.73,30.05
2023-07-18 03:00:00+00:00,433.15,30.22
2023-07-18 04:00:00+00:00,476.88,30.31
2023-07-18 05:00:00+00:00,467.42,30.32
2023-07-18 06:00:00+00:00,454.33,30.12
2023-07-18 07:00:00+00:00,362.48,29.91
2023-07-18 08:00:00+00:00,216.8,29.58
2023-07-18 09:00:00+00:00,115.7,29.25
2023-07-18 10:00:00+00:00,27.85,28.91
2023-07-18 11:00:00+00:00,0.0,28.7
2023-07-18 12:00:00+00:00,0.0,28.65
2023-07-18 13:00:00+00:00,0.0,28.63
2023-07-18 14:00:00+00:00,0.0,28.59
2023-07-18 15:00:00+00:00,0.0,28.52
2023-07-18 16:00:00+00:00,0.0,28.42
2023-07-18 17:00:00+00:00,0.0,28.35
2023-07-18 18:00:00+00:00,0.0,28.3
2023-07-18 19:00:00+00:00,0.0,28.25
2023-07-18 20:00:00+00:00,0.0,28.18
2023-07-18 21:00:00+00:00,0.0,28.13
2023-07-18 22:00:00+00:00,39.6,28.41
2023-07-18 23:00:00+00:00,116.25,28.76
2023-07-19 00:00:00+00:00,216.48,29.01
2023-07-19 01:00:00+00:00,270.05,29.39
2023-07-19 02:00:00+00:00,306.75,29.74
2023-07-19 03:00:00+00:00,318.08,30.06
2023-07-19 04:00:00+00:00,417.92,30.28
2023-07-19 05:00:00+00:00,416.02,30.36
2023-07-19 06:00:00+00:00,440.12,30.3
2023-07-19 07:00:00+00:00,270.17,30.15
2023-07-19 08:00:00+00:00,149.35,29.87
2023-07-19 09:00:00+00:00,128.6,29.52
2023-07-19 10:00:00+00:00,34.88,29.09
2023-07-19 11:00:00+00:00,0.0,28.67
2023-07-19 12:00:00+00:00,0.0,28.54
2023-07-19 13:00:00+00:00,0.0,28.43
2023-07-19 14:00:00+00:00,0.0,28.32
2023-07-19 15:00:00+00:00,0.0,28.22
2023-07-19 16:00:00+00:00,0.0,28.11
2023-07-19 17:00:00+00:00,0.0,28.03
2023-07-19 18:00:00+00:00,0.0,27.98
2023-07-19 19:00:00+00:00,0.0,27.96
2023-07-19 20:00:00+00:00,0.0,27.96
2023-07-19 21:00:00+00:00,0.0,27.95
2023-07-19 22:00:00+00:00,59.7,28.22
2023-07-19 23:00:00+00:00,211.5,28.68
2023-07-20 00:00:00+00:00,404.98,28.97
2023-07-20 01:00:00+00:00,569.45,29.35
2023-07-20 02:00:00+00:00,698.7,29.86
2023-07-20 03:00:00+00:00,786.42,30.43
2023-07-20 04:00:00+00:00,847.25,30.92
2023-07-20 05:00:00+00:00,810.75,31.14
2023-07-20 06:00:00+00:00,721.88,31.26
2023-07-20 07:00:00+00:00,623.0,31.2
2023-07-20 08:00:00+00:00,443.7,30.97
2023-07-20 09:00:00+00:00,239.38,30.67
2023-07-20 10:00:00+00:00,62.28,30.09
2023-07-20 11:00:00+00:00,0.0,29.45
2023-07-20 12:00:00+00:00,0.0,29.27
2023-07-20 13:00:00+00:00,0.0,29.22
2023-07-20 14:00:00+00:00,0.0,29.2
2023-07-20 15:00:00+00:00,0.0,29.1
2023-07-20 16:00:00+00:00,0.0,29.02
2023-07-20 17:00:00+00:00,0.0,28.97
2023-07-20 18:00:00+00:00,0.0,28.87
2023-07-20 19:00:00+00:00,0.0,28.76
2023-07-20 20:00:00+00:00,0.0,28.54
2023-07-20 21:00:00+00:00,0.0,28.32
2023-07-20 22:00:00+00:00,64.75,28.38
2023-07-20 23:00:00+00:00,231.05,28.76
2023-07-21 00:00:00+00:00,429.23,29.75
2023-07-21 01:00:00+00:00,604.97,30.14
2023-07-21 02:00:00+00:00,716.78,30.47
2023-07-21 03:00:00+00:00,775.78,30.84
2023-07-21 04:00:00+00:00,718.47,31.2
2023-07-21 05:00:00+00:00,639.08,31.44
2023-07-21 06:00:00+00:00,642.95,31.41
2023-07-21 07:00:00+00:00,550.22,31.44
2023-07-21 08:00:00+00:00,389.83,31.59
2023-07-21 09:00:00+00:00,193.43,31.45
2023-07-21 10:00:00+00:00,44.8,30.94
2023-07-21 11:00:00+00:00,0.0,30.16
2023-07-21 12:00:00+00:00,0.0,29.71
2023-07-21 13:00:00+00:00,0.0,29.45
2023-07-21 14:00:00+00:00,0.0,29.31
2023-07-21 15:00:00+00:00,0.0,29.17
2023-07-21 16:00:00+00:00,0.0,28.98
2023-07-21 17:00:00+00:00,0.0,28.81
2023-07-21 18:00:00+00:00,0.0,28.67
2023-07-21 19:00:00+00:00,0.0,28.54
2023-07-21 20:00:00+00:00,0.0,28.4
2023-07-21 21:00:00+00:00,0.0,28.28
2023-07-21 22:00:00+00:00,58.8,28.37
2023-07-21 23:00:00+00:00,212.52,28.77
2023-07-22 00:00:00+00:00,399.9,29.25
2023-07-22 01:00:00+00:00,565.22,29.8
2023-07-22 02:00:00+00:00,698.28,30.3
2023-07-22 03:00:00+00:00,812.92,30.7
2023-07-22 04:00:00+00:00,875.97,31.0
2023-07-22 05:00:00+00:00,792.72,31.29
2023-07-22 06:00:00+00:00,749.92,31.54
2023-07-22 07:00:00+00:00,598.5,31.61
2023-07-22 08:00:00+00:00,444.6,31.47
2023-07-22 09:00:00+00:00,239.88,31.23
2023-07-22 10:00:00+00:00,59.47,30.7
2023-07-22 11:00:00+00:00,0.0,29.86
2023-07-22 12:00:00+00:00,0.0,29.45
2023-07-22 13:00:00+00:00,0.0,29.22
2023-07-22 14:00:00+00:00,0.0,29.08
2023-07-22 15:00:00+00:00,0.0,28.97
2023-07-22 16:00:00+00:00,0.0,28.87
2023-07-22 17:00:00+00:00,0.0,28.76
2023-07-22 18:00:00+00:00,0.0,28.74
2023-07-22 19:00:00+00:00,0.0,28.88
2023-07-22 20:00:00+00:00,0.0,28.86
2023-07-22 21:00:00+00:00,0.0,28.78
2023-07-22 22:00:00+00:00,73.32,28.93
2023-07-22 23:00:00+00:00,230.15,29.25
2023-07-23 00:00:00+00:00,403.7,29.45
2023-07-23 01:00:00+00:00,620.45,29.8
2023-07-23 02:00:00+00:00,768.45,30.18
2023-07-23 03:00:00+00:00,851.47,30.64
2023-07-23 04:00:00+00:00,869.72,31.04
2023-07-23 05:00:00+00:00,851.0,31.3
2023-07-23 06:00:00+00:00,709.65,31.38
2023-07-23 07:00:00+00:00,554.75,31.35
2023-07-23 08:00:00+00:00,360.2,31.22
2023-07-23 09:00:00+00:00,184.4,30.86
2023-07-23 10:00:00+00:00,44.58,30.18
2023-07-23 11:00:00+00:00,0.0,29.59
2023-07-23 12:00:00+00:00,0.0,29.33
2023-07-23 13:00:00+00:00,0.0,29.21
2023-07-23 14:00:00+00:00,0.0,29.2
2023-07-23 15:00:00+00:00,0.0,29.18
2023-07-23 16:00:00+00:00,0.0,29.11
2023-07-23 17:00:00+00:00,0.0,29.06
2023-07-23 18:00:00+00:00,0.0,28.97
2023-07-23 19:00:00+00:00,0.0,28.87
2023-07-23 20:00:00+00:00,0.0,28.73
2023-07-23 21:00:00+00:00,0.0,28.56
2023-07-23 22:00:00+00:00,72.78,28.89
2023-07-23 23:00:00+00:00,251.52,29.46
2023-07-24 00:00:00+00:00,452.05,29.78
2023-07-24 01:00:00+00:00,608.97,30.18
2023-07-24 02:00:00+00:00,777.6,30.66
2023-07-24 03:00:00+00:00,896.65,31.23
2023-07-24 04:00:00+00:00,818.67,31.75
2023-07-24 05:00:00+00:00,896.53,32.04
2023-07-24 06:00:00+00:00,813.35,32.15
2023-07-24 07:00:00+00:00,672.55,32.1
2023-07-24 08:00:00+00:00,467.2,31.88
2023-07-24 09:00:00+00:00,261.2,31.46
2023-07-24 10:00:00+00:00,64.93,30.73
2023-07-24 11:00:00+00:00,0.0,29.98
2023-07-24 12:00:00+00:00,0.0,29.73
2023-07-24 13:00:00+00:00,0.0,29.58
2023-07-24 14:00:00+00:00,0.0,29.47
2023-07-24 15:00:00+00:00,0.0,29.32
2023-07-24 16:00:00+00:00,0.0,29.05
2023-07-24 17:00:00+00:00,0.0,28.74
2023-07-24 18:00:00+00:00,0.0,28.49
2023-07-24 19:00:00+00:00,0.0,28.27
2023-07-24 20:00:00+00:00,0.0,28.07
2023-07-24 21:00:00+00:00,0.0,27.95
2023-07-24 22:00:00+00:00,68.07,28.48
2023-07-24 23:00:00+00:00,267.27,29.26
2023-07-25 00:00:00+00:00,491.15,29.69
2023-07-25 01:00:00+00:00,691.55,30.23
2023-07-25 02:00:00+00:00,823.78,30.8
2023-07-25 03:00:00+00:00,930.33,31.35
2023-07-25 04:00:00+00:00,962.62,31.85
2023-07-25 05:00:00+00:00,928.3,32.27
2023-07-25 06:00:00+00:00,813.65,32.58
2023-07-25 07:00:00+00:00,682.22,32.77
2023-07-25 08:00:00+00:00,488.58,32.78
2023-07-25 09:00:00+00:00,259.58,32.7
2023-07-25 10:00:00+00:00,55.12,32.32
2023-07-25 11:00:00+00:00,0.0,31.96
2023-07-25 12:00:00+00:00,0.0,31.41
2023-07-25 13:00:00+00:00,0.0,31.02
2023-07-25 14:00:00+00:00,0.0,30.64
2023-07-25 15:00:00+00:00,0.0,30.29
2023-07-25 16:00:00+00:00,0.0,30.02
2023-07-25 17:00:00+00:00,0.0,29.75
2023-07-25 18:00:00+00:00,0.0,29.48
2023-07-25 19:00:00+00:00,0.0,29.2
2023-07-25 20:00:00+00:00,0.0,28.92
2023-07-25 21:00:00+00:00,0.0,28.58
2023-07-25 22:00:00+00:00,61.53,28.79
2023-07-25 23:00:00+00:00,240.05,29.54
2023-07-26 00:00:00+00:00,436.42,30.44
2023-07-26 01:00:00+00:00,643.45,31.33
2023-07-26 02:00:00+00:00,788.6,32.14
2023-07-26 03:00:00+00:00,878.9,32.84
2023-07-26 04:00:00+00:00,893.92,33.36
2023-07-26 05:00:00+00:00,743.53,33.64
2023-07-26 06:00:00+00:00,720.0,33.77
2023-07-26 07:00:00+00:00,596.15,33.83
2023-07-26 08:00:00+00:00,403.1,33.77
2023-07-26 09:00:00+00:00,205.5,33.44
2023-07-26 10:00:00+00:00,44.78,32.74
2023-07-26 11:00:00+00:00,0.0,32.05
2023-07-26 12:00:00+00:00,0.0,31.74
2023-07-26 13:00:00+00:00,0.0,31.36
2023-07-26 14:00:00+00:00,0.0,30.92
2023-07-26 15:00:00+00:00,0.0,30.48
2023-07-26 16:00:00+00:00,0.0,30.14
2023-07-26 17:00:00+00:00,0.0,29.92
2023-07-26 18:00:00+00:00,0.0,29.74
2023-07-26 19:00:00+00:00,0.0,29.53
2023-07-26 20:00:00+00:00,0.0,29.35
2023-07-26 21:00:00+00:00,0.0,29.11
2023-07-26 22:00:00+00:00,49.47,29.39
2023-07-26 23:00:00+00:00,222.93,30.08
2023-07-27 00:00:00+00:00,471.88,30.97
2023-07-27 01:00:00+00:00,652.25,32.04
2023-07-27 02:00:00+00:00,763.92,32.7
2023-07-27 03:00:00+00:00,795.0,33.06
2023-07-27 04:00:00+00:00,827.9,33.4
2023-07-27 05:00:00+00:00,666.8,33.64
2023-07-27 06:00:00+00:00,509.2,33.72
2023-07-27 07:00:00+00:00,332.33,33.76
2023-07-27 08:00:00+00:00,236.88,33.61
2023-07-27 09:00:00+00:00,120.75,33.29
2023-07-27 10:00:00+00:00,26.1,32.64
2023-07-27 11:00:00+00:00,0.0,31.93
2023-07-27 12:00:00+00:00,0.0,31.47
2023-07-27 13:00:00+00:00,0.0,30.94
2023-07-27 14:00:00+00:00,0.0,30.4
2023-07-27 15:00:00+00:00,0.0,30.0
2023-07-27 16:00:00+00:00,0.0,29.74
2023-07-27 17:00:00+00:00,0.0,29.47
2023-07-27 18:00:00+00:00,0.0,29.39
2023-07-27 19:00:00+00:00,0.0,29.28
2023-07-27 20:00:00+00:00,0.0,29.18
2023-07-27 21:00:00+00:00,0.0,29.17
2023-07-27 22:00:00+00:00,53.88,29.56
2023-07-27 23:00:00+00:00,224.65,30.02
2023-07-28 00:00:00+00:00,427.83,30.47
2023-07-28 01:00:00+00:00,596.25,31.06
2023-07-28 02:00:00+00:00,576.03,31.71
2023-07-28 03:00:00+00:00,510.0,32.43
2023-07-28 04:00:00+00:00,488.35,33.12
2023-07-28 05:00:00+00:00,486.5,33.54
2023-07-28 06:00:00+00:00,393.75,33.64
2023-07-28 07:00:00+00:00,451.98,33.55
2023-07-28 08:00:00+00:00,388.52,33.49
2023-07-28 09:00:00+00:00,201.07,33.35
2023-07-28 10:00:00+00:00,46.53,32.97
2023-07-28 11:00:00+00:00,0.0,32.54
2023-07-28 12:00:00+00:00,0.0,32.23
2023-07-28 13:00:00+00:00,0.0,31.75
2023-07-28 14:00:00+00:00,0.0,31.23
2023-07-28 15:00:00+00:00,0.0,30.89
2023-07-28 16:00:00+00:00,0.0,30.67
2023-07-28 17:00:00+00:00,0.0,30.5
2023-07-28 18:00:00+00:00,0.0,30.31
2023-07-28 19:00:00+00:00,0.0,30.13
2023-07-28 20:00:00+00:00,0.0,30.02
2023-07-28 21:00:00+00:00,0.0,29.85
2023-07-28 22:00:00+00:00,17.52,29.93
2023-07-28 23:00:00+00:00,55.05,30.12
2023-07-29 00:00:00+00:00,92.0,30.15
2023-07-29 01:00:00+00:00,84.4,30.31
2023-07-29 02:00:00+00:00,79.22,30.47
2023-07-29 03:00:00+00:00,120.5,30.57
2023-07-29 04:00:00+00:00,153.85,30.58
2023-07-29 05:00:00+00:00,258.58,30.51
2023-07-29 06:00:00+00:00,326.0,30.49
2023-07-29 07:00:00+00:00,299.4,30.46
2023-07-29 08:00:00+00:00,249.88,30.39
2023-07-29 09:00:00+00:00,128.6,30.25
2023-07-29 10:00:00+00:00,31.1,30.01
2023-07-29 11:00:00+00:00,0.0,29.79
2023-07-29 12:00:00+00:00,0.0,29.74
2023-07-29 13:00:00+00:00,0.0,29.69
2023-07-29 14:00:00+00:00,0.0,29.67
2023-07-29 15:00:00+00:00,0.0,29.63
2023-07-29 16:00:00+00:00,0.0,29.59
2023-07-29 17:00:00+00:00,0.0,29.52
2023-07-29 18:00:00+00:00,0.0,29.44
2023-07-29 19:00:00+00:00,0.0,29.33
2023-07-29 20:00:00+00:00,0.0,29.25
2023-07-29 21:00:00+00:00,0.0,29.14
2023-07-29 22:00:00+00:00,43.45,29.3
2023-07-29 23:00:00+00:00,148.32,29.67
2023-07-30 00:00:00+00:00,274.5,29.83
2023-07-30 01:00:00+00:00,413.2,29.9
2023-07-30 02:00:00+00:00,495.27,30.03
2023-07-30 03:00:00+00:00,575.6,30.27
2023-07-30 04:00:00+00:00,644.17,30.5
2023-07-30 05:00:00+00:00,488.25,30.63
2023-07-30 06:00:00+00:00,334.2,30.61
2023-07-30 07:00:00+00:00,285.35,30.55
2023-07-30 08:00:00+00:00,179.8,30.36
2023-07-30 09:00:00+00:00,100.93,30.01
2023-07-30 10:00:00+00:00,13.73,29.56
2023-07-30 11:00:00+00:00,0.0,29.2
2023-07-30 12:00:00+00:00,0.0,29.11
2023-07-30 13:00:00+00:00,0.0,29.06
2023-07-30 14:00:00+00:00,0.0,29.01
2023-07-30 15:00:00+00:00,0.0,28.94
2023-07-30 16:00:00+00:00,0.0,28.83
2023-07-30 17:00:00+00:00,0.0,28.69
2023-07-30 18:00:00+00:00,0.0,28.54
2023-07-30 19:00:00+00:00,0.0,28.42
2023-07-30 20:00:00+00:00,0.0,28.33
2023-07-30 21:00:00+00:00,0.0,28.3
2023-07-30 22:00:00+00:00,43.75,28.76
2023-07-30 23:00:00+00:00,191.32,29.39
2023-07-31 00:00:00+00:00,385.08,29.79
2023-07-31 01:00:00+00:00,551.4,30.21
2023-07-31 02:00:00+00:00,691.9,30.59
2023-07-31 03:00:00+00:00,773.05,30.87
2023-07-31 04:00:00+00:00,775.6,31.09
2023-07-31 05:00:00+00:00,754.12,31.28
2023-07-31 06:00:00+00:00,585.97,31.36
2023-07-31 07:00:00+00:00,461.9,31.25
2023-07-31 08:00:00+00:00,307.25,30.96
2023-07-31 09:00:00+00:00,155.98,30.49
2023-07-31 10:00:00+00:00,39.45,29.8
2023-07-31 11:00:00+00:00,0.0,29.17
2023-07-31 12:00:00+00:00,0.0,28.9
2023-07-31 13:00:00+00:00,0.0,28.72
2023-07-31 14:00:00+00:00,0.0,28.57
2023-07-31 15:00:00+00:00,0.0,28.42
2023-07-31 16:00:00+00:00,0.0,28.27
2023-07-31 17:00:00+00:00,0.0,28.19
2023-07-31 18:00:00+00:00,0.0,28.13
2023-07-31 19:00:00+00:00,0.0,28.08
2023-07-31 20:00:00+00:00,0.0,28.04
2023-07-31 21:00:00+00:00,0.0,28.01
2023-07-31 22:00:00+00:00,52.78,28.26
2023-07-31 23:00:00+00:00,207.27,28.63
2023-08-01 00:00:00+00:00,385.67,28.94
2023-08-01 01:00:00+00:00,515.35,29.25
2023-08-01 02:00:00+00:00,616.6,29.57
2023-08-01 03:00:00+00:00,654.9,29.84
2023-08-01 04:00:00+00:00,658.97,29.99
2023-08-01 05:00:00+00:00,734.15,29.99
2023-08-01 06:00:00+00:00,606.67,29.94
2023-08-01 07:00:00+00:00,474.73,29.84
2023-08-01 08:00:00+00:00,321.65,29.64
2023-08-01 09:00:00+00:00,169.25,29.44
2023-08-01 10:00:00+00:00,40.22,29.14
2023-08-01 11:00:00+00:00,0.0,28.88
2023-08-01 12:00:00+00:00,0.0,28.85
2023-08-01 13:00:00+00:00,0.0,28.84
2023-08-01 14:00:00+00:00,0.0,28.9
2023-08-01 15:00:00+00:00,0.0,28.94
2023-08-01 16:00:00+00:00,0.0,28.87
2023-08-01 17:00:00+00:00,0.0,28.86
2023-08-01 18:00:00+00:00,0.0,28.69
2023-08-01 19:00:00+00:00,0.0,28.4
2023-08-01 20:00:00+00:00,0.0,28.16
2023-08-01 21:00:00+00:00,0.0,28.0
2023-08-01 22:00:00+00:00,55.17,28.19
2023-08-01 23:00:00+00:00,240.95,28.79
2023-08-02 00:00:00+00:00,457.2,29.35
2023-08-02 01:00:00+00:00,650.1,29.8
2023-08-02 02:00:00+00:00,782.4,30.16
2023-08-02 03:00:00+00:00,887.38,30.42
2023-08-02 04:00:00+00:00,935.2,30.65
2023-08-02 05:00:00+00:00,856.05,30.88
2023-08-02 06:00:00+00:00,798.42,31.13
2023-08-02 07:00:00+00:00,651.67,31.29
2023-08-02 08:00:00+00:00,462.35,31.32
2023-08-02 09:00:00+00:00,241.8,31.31
2023-08-02 10:00:00+00:00,51.05,31.04
2023-08-02 11:00:00+00:00,0.0,30.7
2023-08-02 12:00:00+00:00,0.0,30.44
2023-08-02 13:00:00+00:00,0.0,30.1
2023-08-02 14:00:00+00:00,0.0,29.7
2023-08-02 15:00:00+00:00,0.0,29.37
2023-08-02 16:00:00+00:00,0.0,29.11
2023-08-02 17:00:00+00:00,0.0,28.92
2023-08-02 18:00:00+00:00,0.0,28.78
2023-08-02 19:00:00+00:00,0.0,28.68
2023-08-02 20:00:00+00:00,0.0,28.69
2023-08-02 21:00:00+00:00,0.0,28.62
2023-08-02 22:00:00+00:00,58.7,28.64
2023-08-02 23:00:00+00:00,250.07,29.03
2023-08-03 00:00:00+00:00,473.45,29.48
2023-08-03 01:00:00+00:00,697.88,30.1
2023-08-03 02:00:00+00:00,850.95,30.7
2023-08-03 03:00:00+00:00,946.28,31.31
2023-08-03 04:00:00+00:00,965.65,31.88
2023-08-03 05:00:00+00:00,927.15,32.32
2023-08-03 06:00:00+00:00,822.25,32.57
2023-08-03 07:00:00+00:00,662.35,32.49
2023-08-03 08:00:00+00:00,469.08,32.18
2023-08-03 09:00:00+00:00,242.77,31.7
2023-08-03 10:00:00+00:00,47.8,30.87
2023-08-03 11:00:00+00:00,0.0,30.07
2023-08-03 12:00:00+00:00,0.0,29.83
2023-08-03 13:00:00+00:00,0.0,29.72
2023-08-03 14:00:00+00:00,0.0,29.67
2023-08-03 15:00:00+00:00,0.0,29.6
2023-08-03 16:00:00+00:00,0.0,29.52
2023-08-03 17:00:00+00:00,0.0,29.45
2023-08-03 18:00:00+00:00,0.0,29.42
2023-08-03 19:00:00+00:00,0.0,29.34
2023-08-03 20:00:00+00:00,0.0,29.24
2023-08-03 21:00:00+00:00,0.0,29.14
2023-08-03 22:00:00+00:00,37.65,29.29
2023-08-03 23:00:00+00:00,152.38,29.65
2023-08-04 00:00:00+00:00,297.58,29.84
2023-08-04 01:00:00+00:00,515.42,30.01
2023-08-04 02:00:00+00:00,628.75,30.21
2023-08-04 03:00:00+00:00,730.83,30.56
2023-08-04 04:00:00+00:00,746.33,30.96
2023-08-04 05:00:00+00:00,669.58,31.27
2023-08-04 06:00:00+00:00,670.8,31.46
2023-08-04 07:00:00+00:00,518.97,31.41
2023-08-04 08:00:00+00:00,362.9,31.15
2023-08-04 09:00:00+00:00,179.12,30.68
2023-08-04 10:00:00+00:00,38.78,30.17
2023-08-04 11:00:00+00:00,0.0,29.9
2023-08-04 12:00:00+00:00,0.0,29.86
2023-08-04 13:00:00+00:00,0.0,29.84
2023-08-04 14:00:00+00:00,0.0,29.78
2023-08-04 15:00:00+00:00,0.0,29.69
2023-08-04 16:00:00+00:00,0.0,29.56
2023-08-04 17:00:00+00:00,0.0,29.47
2023-08-04 18:00:00+00:00,0.0,29.39
2023-08-04 19:00:00+00:00,0.0,29.33
2023-08-04 20:00:00+00:00,0.0,29.25
2023-08-04 21:00:00+00:00,0.0,29.18
2023-08-04 22:00:00+00:00,40.9,29.31
2023-08-04 23:00:00+00:00,180.68,29.73
2023-08-05 00:00:00+00:00,360.3,29.92
2023-08-05 01:00:00+00:00,477.58,30.12
2023-08-05 02:00:00+00:00,574.7,30.28
2023-08-05 03:00:00+00:00,712.12,30.53
2023-08-05 04:00:00+00:00,821.7,30.79
2023-08-05 05:00:00+00:00,821.15,30.94
2023-08-05 06:00:00+00:00,660.7,31.02
2023-08-05 07:00:00+00:00,578.78,31.02
2023-08-05 08:00:00+00:00,370.5,30.88
2023-08-05 09:00:00+00:00,189.7,30.58
2023-08-05 10:00:00+00:00,39.42,30.13
2023-08-05 11:00:00+00:00,0.0,29.79
2023-08-05 12:00:00+00:00,0.0,29.69
2023-08-05 13:00:00+00:00,0.0,29.61
2023-08-05 14:00:00+00:00,0.0,29.53
2023-08-05 15:00:00+00:00,0.0,29.46
2023-08-05 16:00:00+00:00,0.0,29.36
2023-08-05 17:00:00+00:00,0.0,29.27
2023-08-05 18:00:00+00:00,0.0,29.18
2023-08-05 19:00:00+00:00,0.0,29.07
2023-08-05 20:00:00+00:00,0.0,29.02
2023-08-05 21:00:00+00:00,0.0,29.02
2023-08-05 22:00:00+00:00,39.7,29.32
2023-08-05 23:00:00+00:00,188.23,29.87
2023-08-06 00:00:00+00:00,396.62,30.27
2023-08-06 01:00:00+00:00,542.38,30.63
2023-08-06 02:00:00+00:00,597.67,30.9
2023-08-06 03:00:00+00:00,666.0,31.15
2023-08-06 04:00:00+00:00,699.95,31.35
2023-08-06 05:00:00+00:00,774.2,31.5
2023-08-06 06:00:00+00:00,762.22,31.54
2023-08-06 07:00:00+00:00,647.03,31.44
2023-08-06 08:00:00+00:00,452.45,31.22
2023-08-06 09:00:00+00:00,222.98,30.88
2023-08-06 10:00:00+00:00,41.67,30.32
2023-08-06 11:00:00+00:00,0.0,29.89
2023-08-06 12:00:00+00:00,0.0,29.81
2023-08-06 13:00:00+00:00,0.0,29.74
2023-08-06 14:00:00+00:00,0.0,29.65
2023-08-06 15:00:00+00:00,0.0,29.55
2023-08-06 16:00:00+00:00,0.0,29.42
2023-08-06 17:00:00+00:00,0.0,29.28
2023-08-06 18:00:00+00:00,0.0,29.11
2023-08-06 19:00:00+00:00,0.0,28.89
2023-08-06 20:00:00+00:00,0.0,28.72
2023-08-06 21:00:00+00:00,0.0,28.63
2023-08-06 22:00:00+00:00,31.23,28.93
2023-08-06 23:00:00+00:00,150.75,29.45
2023-08-07 00:00:00+00:00,309.15,29.83
2023-08-07 01:00:00+00:00,464.75,30.27
2023-08-07 02:00:00+00:00,475.0,30.62
2023-08-07 03:00:00+00:00,529.35,30.93
2023-08-07 04:00:00+00:00,463.23,31.22
2023-08-07 05:00:00+00:00,534.17,31.47
2023-08-07 06:00:00+00:00,545.05,31.58
2023-08-07 07:00:00+00:00,527.58,31.51
2023-08-07 08:00:00+00:00,430.98,31.28
2023-08-07 09:00:00+00:00,213.27,30.96
2023-08-07 10:00:00+00:00,35.42,30.42
2023-08-07 11:00:00+00:00,0.0,29.97
2023-08-07 12:00:00+00:00,0.0,29.86
2023-08-07 13:00:00+00:00,0.0,29.76
2023-08-07 14:00:00+00:00,0.0,29.61
2023-08-07 15:00:00+00:00,0.0,29.46
2023-08-07 16:00:00+00:00,0.0,29.32
2023-08-07 17:00:00+00:00,0.0,29.21
2023-08-07 18:00:00+00:00,0.0,29.13
2023-08-07 19:00:00+00:00,0.0,29.02
2023-08-07 20:00:00+00:00,0.0,28.95
2023-08-07 21:00:00+00:00,0.0,28.85
2023-08-07 22:00:00+00:00,39.8,29.21
2023-08-07 23:00:00+00:00,169.93,29.79
2023-08-08 00:00:00+00:00,318.27,30.1
2023-08-08 01:00:00+00:00,506.42,30.41
2023-08-08 02:00:00+00:00,572.8,30.81
2023-08-08 03:00:00+00:00,732.03,31.18
2023-08-08 04:00:00+00:00,826.53,31.44
2023-08-08 05:00:00+00:00,740.58,31.64
2023-08-08 06:00:00+00:00,668.53,31.7
2023-08-08 07:00:00+00:00,561.15,31.61
2023-08-08 08:00:00+00:00,409.95,31.35
2023-08-08 09:00:00+00:00,193.85,30.97
2023-08-08 10:00:00+00:00,36.28,30.42
2023-08-08 11:00:00+00:00,0.0,29.95
2023-08-08 12:00:00+00:00,0.0,29.79
2023-08-08 13:00:00+00:00,0.0,29.68
2023-08-08 14:00:00+00:00,0.0,29.55
2023-08-08 15:00:00+00:00,0.0,29.39
2023-08-08 16:00:00+00:00,0.0,29.24
2023-08-08 17:00:00+00:00,0.0,29.11
2023-08-08 18:00:00+00:00,0.0,29.0
2023-08-08 19:00:00+00:00,0.0,28.92
2023-08-08 20:00:00+00:00,0.0,28.89
2023-08-08 21:00:00+00:00,0.0,28.85
2023-08-08 22:00:00+00:00,44.8,29.09
2023-08-08 23:00:00+00:00,150.25,29.53
2023-08-09 00:00:00+00:00,260.7,29.82
2023-08-09 01:00:00+00:00,335.38,30.24
2023-08-09 02:00:00+00:00,451.92,30.68
2023-08-09 03:00:00+00:00,620.08,31.13
2023-08-09 04:00:00+00:00,852.62,31.57
2023-08-09 05:00:00+00:00,878.9,31.94
2023-08-09 06:00:00+00:00,769.17,32.15
2023-08-09 07:00:00+00:00,621.3,32.16
2023-08-09 08:00:00+00:00,421.9,31.98
2023-08-09 09:00:00+00:00,208.3,31.64
2023-08-09 10:00:00+00:00,37.1,30.91
2023-08-09 11:00:00+00:00,0.0,30.25
2023-08-09 12:00:00+00:00,0.0,29.98
2023-08-09 13:00:00+00:00,0.0,29.81
2023-08-09 14:00:00+00:00,0.0,29.67
2023-08-09 15:00:00+00:00,0.0,29.53
2023-08-09 16:00:00+00:00,0.0,29.4
2023-08-09 17:00:00+00:00,0.0,29.26
2023-08-09 18:00:00+00:00,0.0,29.16
2023-08-09 19:00:00+00:00,0.0,29.09
2023-08-09 20:00:00+00:00,0.0,29.03
2023-08-09 21:00:00+00:00,0.0,28.98
2023-08-09 22:00:00+00:00,25.52,29.14
2023-08-09 23:00:00+00:00,144.55,29.55
2023-08-10 00:00:00+00:00,287.42,29.84
2023-08-10 01:00:00+00:00,406.3,30.1
2023-08-10 02:00:00+00:00,511.98,30.29
2023-08-10 03:00:00+00:00,575.75,30.33
2023-08-10 04:00:00+00:00,538.58,30.22
2023-08-10 05:00:00+00:00,541.3,30.07
2023-08-10 06:00:00+00:00,275.83,29.96
2023-08-10 07:00:00+00:00,228.68,29.83
2023-08-10 08:00:00+00:00,133.2,29.68
2023-08-10 09:00:00+00:00,60.47,29.57
2023-08-10 10:00:00+00:00,7.1,29.39
2023-08-10 11:00:00+00:00,0.0,29.14
2023-08-10 12:00:00+00:00,0.0,29.04
2023-08-10 13:00:00+00:00,0.0,29.05
2023-08-10 14:00:00+00:00,0.0,29.07
2023-08-10 15:00:00+00:00,0.0,29.04
2023-08-10 16:00:00+00:00,0.0,28.96
2023-08-10 17:00:00+00:00,0.0,28.82
2023-08-10 18:00:00+00:00,0.0,28.65
2023-08-10 19:00:00+00:00,0.0,28.49
2023-08-10 20:00:00+00:00,0.0,28.35
2023-08-10 21:00:00+00:00,0.0,28.21
2023-08-10 22:00:00+00:00,22.27,28.31
2023-08-10 23:00:00+00:00,108.05,28.61
2023-08-11 00:00:00+00:00,230.48,28.75
2023-08-11 01:00:00+00:00,374.33,28.86
2023-08-11 02:00:00+00:00,376.33,29.02
2023-08-11 03:00:00+00:00,421.58,29.28
2023-08-11 04:00:00+00:00,594.4,29.49
2023-08-11 05:00:00+00:00,548.28,29.39
2023-08-11 06:00:00+00:00,483.67,29.07
2023-08-11 07:00:00+00:00,370.25,28.73
2023-08-11 08:00:00+00:00,207.88,28.41
2023-08-11 09:00:00+00:00,110.32,28.22
2023-08-11 10:00:00+00:00,22.1,28.11
2023-08-11 11:00:00+00:00,0.0,28.15
2023-08-11 12:00:00+00:00,0.0,28.26
2023-08-11 13:00:00+00:00,0.0,28.34
2023-08-11 14:00:00+00:00,0.0,28.44
2023-08-11 15:00:00+00:00,0.0,28.48
2023-08-11 16:00:00+00:00,0.0,28.48
2023-08-11 17:00:00+00:00,0.0,28.45
2023-08-11 18:00:00+00:00,0.0,28.42
2023-08-11 19:00:00+00:00,0.0,28.36
2023-08-11 20:00:00+00:00,0.0,28.26
2023-08-11 21:00:00+00:00,0.0,28.15
2023-08-11 22:00:00+00:00,39.38,28.41
2023-08-11 23:00:00+00:00,190.55,28.84
2023-08-12 00:00:00+00:00,373.8,28.93
2023-08-12 01:00:00+00:00,558.12,29.18
2023-08-12 02:00:00+00:00,678.72,29.55
2023-08-12 03:00:00+00:00,728.95,30.04
2023-08-12 04:00:00+00:00,831.28,30.28
2023-08-12 05:00:00+00:00,695.95,30.16
2023-08-12 06:00:00+00:00,595.03,30.0
2023-08-12 07:00:00+00:00,470.67,29.92
2023-08-12 08:00:00+00:00,327.4,29.88
2023-08-12 09:00:00+00:00,158.18,29.74
2023-08-12 10:00:00+00:00,29.58,29.41
2023-08-12 11:00:00+00:00,0.0,29.19
2023-08-12 12:00:00+00:00,0.0,29.14
2023-08-12 13:00:00+00:00,0.0,29.1
2023-08-12 14:00:00+00:00,0.0,29.05
2023-08-12 15:00:00+00:00,0.0,28.94
2023-08-12 16:00:00+00:00,0.0,28.81
2023-08-12 17:00:00+00:00,0.0,28.68
2023-08-12 18:00:00+00:00,0.0,28.57
2023-08-12 19:00:00+00:00,0.0,28.5
2023-08-12 20:00:00+00:00,0.0,28.46
2023-08-12 21:00:00+00:00,0.0,28.43
2023-08-12 22:00:00+00:00,25.88,28.6
2023-08-12 23:00:00+00:00,123.12,29.04
2023-08-13 00:00:00+00:00,262.23,29.27
2023-08-13 01:00:00+00:00,345.45,29.46
2023-08-13 02:00:00+00:00,385.83,29.67
2023-08-13 03:00:00+00:00,221.25,29.93
2023-08-13 04:00:00+00:00,149.88,30.06
2023-08-13 05:00:00+00:00,162.4,30.2
2023-08-13 06:00:00+00:00,210.3,30.24
2023-08-13 07:00:00+00:00,147.02,30.15
2023-08-13 08:00:00+00:00,141.93,29.94
2023-08-13 09:00:00+00:00,118.57,29.71
2023-08-13 10:00:00+00:00,21.92,29.34
2023-08-13 11:00:00+00:00,0.0,29.08
2023-08-13 12:00:00+00:00,0.0,29.03
2023-08-13 13:00:00+00:00,0.0,28.99
2023-08-13 14:00:00+00:00,0.0,28.96
2023-08-13 15:00:00+00:00,0.0,28.88
2023-08-13 16:00:00+00:00,0.0,28.79
2023-08-13 17:00:00+00:00,0.0,28.72
2023-08-13 18:00:00+00:00,0.0,28.65
2023-08-13 19:00:00+00:00,0.0,28.6
2023-08-13 20:00:00+00:00,0.0,28.62
2023-08-13 21:00:00+00:00,0.0,28.62
2023-08-13 22:00:00+00:00,32.9,28.78
2023-08-13 23:00:00+00:00,158.25,29.28
2023-08-14 00:00:00+00:00,325.6,29.52
2023-08-14 01:00:00+00:00,477.4,29.77
2023-08-14 02:00:00+00:00,441.08,30.03
2023-08-14 03:00:00+00:00,442.25,30.3
2023-08-14 04:00:00+00:00,692.03,30.55
2023-08-14 05:00:00+00:00,657.8,30.69
2023-08-14 06:00:00+00:00,626.4,30.79
2023-08-14 07:00:00+00:00,554.45,30.74
2023-08-14 08:00:00+00:00,379.48,30.53
2023-08-14 09:00:00+00:00,183.8,30.25
2023-08-14 10:00:00+00:00,32.17,29.75
2023-08-14 11:00:00+00:00,0.0,29.3
2023-08-14 12:00:00+00:00,0.0,29.13
2023-08-14 13:00:00+00:00,0.0,29.0
2023-08-14 14:00:00+00:00,0.0,28.88
2023-08-14 15:00:00+00:00,0.0,28.73
2023-08-14 16:00:00+00:00,0.0,28.63
2023-08-14 17:00:00+00:00,0.0,28.54
2023-08-14 18:00:00+00:00,0.0,28.48
2023-08-14 19:00:00+00:00,0.0,28.44
2023-08-14 20:00:00+00:00,0.0,28.42
2023-08-14 21:00:00+00:00,0.0,28.45
2023-08-14 22:00:00+00:00,44.4,28.77
2023-08-14 23:00:00+00:00,219.95,29.46
2023-08-15 00:00:00+00:00,437.3,30.01
2023-08-15 01:00:00+00:00,592.6,30.48
2023-08-15 02:00:00+00:00,733.42,30.92
2023-08-15 03:00:00+00:00,813.72,31.25
2023-08-15 04:00:00+00:00,901.7,31.49
2023-08-15 05:00:00+00:00,778.7,31.55
2023-08-15 06:00:00+00:00,652.6,31.51
2023-08-15 07:00:00+00:00,510.1,31.29
2023-08-15 08:00:00+00:00,366.17,30.9
2023-08-15 09:00:00+00:00,171.2,30.37
2023-08-15 10:00:00+00:00,26.33,29.72
2023-08-15 11:00:00+00:00,0.0,29.27
2023-08-15 12:00:00+00:00,0.0,29.13
2023-08-15 13:00:00+00:00,0.0,29.05
2023-08-15 14:00:00+00:00,0.0,28.95
2023-08-15 15:00:00+00:00,0.0,28.86
2023-08-15 16:00:00+00:00,0.0,28.79
2023-08-15 17:00:00+00:00,0.0,28.71
2023-08-15 18:00:00+00:00,0.0,28.69
2023-08-15 19:00:00+00:00,0.0,28.63
2023-08-15 20:00:00+00:00,0.0,28.6
2023-08-15 21:00:00+00:00,0.0,28.57
2023-08-15 22:00:00+00:00,41.78,28.76
2023-08-15 23:00:00+00:00,205.5,29.33
2023-08-16 00:00:00+00:00,421.52,29.75
2023-08-16 01:00:00+00:00,612.65,30.13
2023-08-16 02:00:00+00:00,758.9,30.58
2023-08-16 03:00:00+00:00,831.4,31.06
2023-08-16 04:00:00+00:00,836.55,31.46
2023-08-16 05:00:00+00:00,865.38,31.73
2023-08-16 06:00:00+00:00,717.28,31.84
2023-08-16 07:00:00+00:00,587.33,31.86
2023-08-16 08:00:00+00:00,363.77,31.82
2023-08-16 09:00:00+00:00,169.02,31.6
2023-08-16 10:00:00+00:00,27.25,30.93
2023-08-16 11:00:00+00:00,0.0,30.27
2023-08-16 12:00:00+00:00,0.0,29.8
2023-08-16 13:00:00+00:00,0.0,29.47
2023-08-16 14:00:00+00:00,0.0,29.27
2023-08-16 15:00:00+00:00,0.0,29.15
2023-08-16 16:00:00+00:00,0.0,29.06
2023-08-16 17:00:00+00:00,0.0,28.96
2023-08-16 18:00:00+00:00,0.0,28.88
2023-08-16 19:00:00+00:00,0.0,28.81
2023-08-16 20:00:00+00:00,0.0,28.77
2023-08-16 21:00:00+00:00,0.0,28.74
2023-08-16 22:00:00+00:00,39.0,28.93
2023-08-16 23:00:00+00:00,196.52,29.55
2023-08-17 00:00:00+00:00,402.9,29.99
2023-08-17 01:00:00+00:00,609.8,30.4
2023-08-17 02:00:00+00:00,721.67,30.71
2023-08-17 03:00:00+00:00,756.15,31.01
2023-08-17 04:00:00+00:00,576.03,31.28
2023-08-17 05:00:00+00:00,90.32,31.36
2023-08-17 06:00:00+00:00,90.43,31.31
2023-08-17 07:00:00+00:00,103.4,31.24
2023-08-17 08:00:00+00:00,77.85,31.25
2023-08-17 09:00:00+00:00,41.9,31.02
2023-08-17 10:00:00+00:00,7.7,30.47
2023-08-17 11:00:00+00:00,0.0,29.89
2023-08-17 12:00:00+00:00,0.0,29.47
2023-08-17 13:00:00+00:00,0.0,29.2
2023-08-17 14:00:00+00:00,0.0,29.02
2023-08-17 15:00:00+00:00,0.0,28.96
2023-08-17 16:00:00+00:00,0.0,28.88
2023-08-17 17:00:00+00:00,0.0,28.79
2023-08-17 18:00:00+00:00,0.0,28.73
2023-08-17 19:00:00+00:00,0.0,28.69
2023-08-17 20:00:00+00:00,0.0,28.64
2023-08-17 21:00:00+00:00,0.0,28.64
2023-08-17 22:00:00+00:00,32.8,28.81
2023-08-17 23:00:00+00:00,133.68,29.26
2023-08-18 00:00:00+00:00,240.18,29.62
2023-08-18 01:00:00+00:00,174.45,30.14
2023-08-18 02:00:00+00:00,160.25,30.77
2023-08-18 03:00:00+00:00,113.47,31.18
2023-08-18 04:00:00+00:00,421.85,31.46
2023-08-18 05:00:00+00:00,217.73,31.69
2023-08-18 06:00:00+00:00,452.25,31.96
2023-08-18 07:00:00+00:00,385.52,31.71
2023-08-18 08:00:00+00:00,232.7,31.2
2023-08-18 09:00:00+00:00,122.35,30.68
2023-08-18 10:00:00+00:00,20.4,30.01
2023-08-18 11:00:00+00:00,0.0,29.42
2023-08-18 12:00:00+00:00,0.0,29.13
2023-08-18 13:00:00+00:00,0.0,29.03
2023-08-18 14:00:00+00:00,0.0,28.97
2023-08-18 15:00:00+00:00,0.0,28.92
2023-08-18 16:00:00+00:00,0.0,28.87
2023-08-18 17:00:00+00:00,0.0,28.76
2023-08-18 18:00:00+00:00,0.0,28.63
2023-08-18 19:00:00+00:00,0.0,28.5
2023-08-18 20:00:00+00:00,0.0,28.42
2023-08-18 21:00:00+00:00,0.0,28.36
2023-08-18 22:00:00+00:00,31.35,28.5
2023-08-18 23:00:00+00:00,147.8,28.97
2023-08-19 00:00:00+00:00,305.58,29.39
2023-08-19 01:00:00+00:00,462.12,30.04
2023-08-19 02:00:00+00:00,554.9,30.54
2023-08-19 03:00:00+00:00,655.83,30.8
2023-08-19 04:00:00+00:00,652.6,30.86
2023-08-19 05:00:00+00:00,531.85,30.85
2023-08-19 06:00:00+00:00,544.33,30.74
2023-08-19 07:00:00+00:00,472.5,30.45
2023-08-19 08:00:00+00:00,309.33,29.91
2023-08-19 09:00:00+00:00,135.07,29.37
2023-08-19 10:00:00+00:00,20.42,28.98
2023-08-19 11:00:00+00:00,0.0,28.83
2023-08-19 12:00:00+00:00,0.0,28.88
2023-08-19 13:00:00+00:00,0.0,28.91
2023-08-19 14:00:00+00:00,0.0,28.84
2023-08-19 15:00:00+00:00,0.0,28.72
2023-08-19 16:00:00+00:00,0.0,28.63
2023-08-19 17:00:00+00:00,0.0,28.52
2023-08-19 18:00:00+00:00,0.0,28.4
2023-08-19 19:00:00+00:00,0.0,28.33
2023-08-19 20:00:00+00:00,0.0,28.3
2023-08-19 21:00:00+00:00,0.0,28.3
2023-08-19 22:00:00+00:00,25.17,28.44
2023-08-19 23:00:00+00:00,135.35,29.0
2023-08-20 00:00:00+00:00,277.38,29.38
2023-08-20 01:00:00+00:00,444.05,29.64
2023-08-20 02:00:00+00:00,535.5,29.89
2023-08-20 03:00:00+00:00,530.15,30.18
2023-08-20 04:00:00+00:00,581.62,30.45
2023-08-20 05:00:00+00:00,451.58,30.62
2023-08-20 06:00:00+00:00,338.67,30.66
2023-08-20 07:00:00+00:00,350.15,30.57
2023-08-20 08:00:00+00:00,260.35,30.37
2023-08-20 09:00:00+00:00,113.6,30.01
2023-08-20 10:00:00+00:00,17.05,29.47
2023-08-20 11:00:00+00:00,0.0,29.02
2023-08-20 12:00:00+00:00,0.0,28.85
2023-08-20 13:00:00+00:00,0.0,28.72
2023-08-20 14:00:00+00:00,0.0,28.6
2023-08-20 15:00:00+00:00,0.0,28.5
2023-08-20 16:00:00+00:00,0.0,28.41
2023-08-20 17:00:00+00:00,0.0,28.32
2023-08-20 18:00:00+00:00,0.0,28.27
2023-08-20 19:00:00+00:00,0.0,28.24
2023-08-20 20:00:00+00:00,0.0,28.21
2023-08-20 21:00:00+00:00,0.0,28.26
2023-08-20 22:00:00+00:00,39.58,28.45
2023-08-20 23:00:00+00:00,198.77,28.95
2023-08-21 00:00:00+00:00,392.42,29.26
2023-08-21 01:00:00+00:00,574.42,29.54
2023-08-21 02:00:00+00:00,702.15,29.98
2023-08-21 03:00:00+00:00,754.53,30.4
2023-08-21 04:00:00+00:00,738.72,30.75
2023-08-21 05:00:00+00:00,713.55,30.92
2023-08-21 06:00:00+00:00,581.65,31.03
2023-08-21 07:00:00+00:00,424.17,30.92
2023-08-21 08:00:00+00:00,234.43,30.58
2023-08-21 09:00:00+00:00,133.38,29.98
2023-08-21 10:00:00+00:00,12.98,29.32
2023-08-21 11:00:00+00:00,0.0,28.9
2023-08-21 12:00:00+00:00,0.0,28.76
2023-08-21 13:00:00+00:00,0.0,28.71
2023-08-21 14:00:00+00:00,0.0,28.69
2023-08-21 15:00:00+00:00,0.0,28.62
2023-08-21 16:00:00+00:00,0.0,28.54
2023-08-21 17:00:00+00:00,0.0,28.46
2023-08-21 18:00:00+00:00,0.0,28.43
2023-08-21 19:00:00+00:00,0.0,28.44
2023-08-21 20:00:00+00:00,0.0,28.46
2023-08-21 21:00:00+00:00,0.0,28.49
2023-08-21 22:00:00+00:00,35.62,28.59
2023-08-21 23:00:00+00:00,193.82,29.04
2023-08-22 00:00:00+00:00,398.2,29.4
2023-08-22 01:00:00+00:00,567.05,29.72
2023-08-22 02:00:00+00:00,715.35,29.99
2023-08-22 03:00:00+00:00,806.8,30.33
2023-08-22 04:00:00+00:00,780.22,30.59
2023-08-22 05:00:00+00:00,743.88,30.79
2023-08-22 06:00:00+00:00,587.67,30.92
2023-08-22 07:00:00+00:00,480.92,30.87
2023-08-22 08:00:00+00:00,281.67,30.72
2023-08-22 09:00:00+00:00,131.62,30.42
2023-08-22 10:00:00+00:00,16.88,29.87
2023-08-22 11:00:00+00:00,0.0,29.33
2023-08-22 12:00:00+00:00,0.0,29.09
2023-08-22 13:00:00+00:00,0.0,28.92
2023-08-22 14:00:00+00:00,0.0,28.76
2023-08-22 15:00:00+00:00,0.0,28.61
2023-08-22 16:00:00+00:00,0.0,28.48
2023-08-22 17:00:00+00:00,0.0,28.38
2023-08-22 18:00:00+00:00,0.0,28.32
2023-08-22 19:00:00+00:00,0.0,28.35
2023-08-22 20:00:00+00:00,0.0,28.37
2023-08-22 21:00:00+00:00,0.0,28.41
2023-08-22 22:00:00+00:00,35.53,28.61
2023-08-22 23:00:00+00:00,191.27,29.26
2023-08-23 00:00:00+00:00,392.25,29.61
2023-08-23 01:00:00+00:00,562.78,29.91
2023-08-23 02:00:00+00:00,686.35,30.28
2023-08-23 03:00:00+00:00,781.72,30.64
2023-08-23 04:00:00+00:00,831.1,30.92
2023-08-23 05:00:00+00:00,710.58,31.11
2023-08-23 06:00:00+00:00,605.15,31.16
2023-08-23 07:00:00+00:00,428.42,31.11
2023-08-23 08:00:00+00:00,225.25,30.94
2023-08-23 09:00:00+00:00,103.35,30.59
2023-08-23 10:00:00+00:00,13.73,29.94
2023-08-23 11:00:00+00:00,0.0,29.42
2023-08-23 12:00:00+00:00,0.0,29.24
2023-08-23 13:00:00+00:00,0.0,29.08
2023-08-23 14:00:00+00:00,0.0,28.92
2023-08-23 15:00:00+00:00,0.0,28.79
2023-08-23 16:00:00+00:00,0.0,28.69
2023-08-23 17:00:00+00:00,0.0,28.57
2023-08-23 18:00:00+00:00,0.0,28.5
2023-08-23 19:00:00+00:00,0.0,28.52
2023-08-23 20:00:00+00:00,0.0,28.45
2023-08-23 21:00:00+00:00,0.0,28.31
2023-08-23 22:00:00+00:00,25.48,28.27
2023-08-23 23:00:00+00:00,109.6,28.53
2023-08-24 00:00:00+00:00,132.25,28.78
2023-08-24 01:00:00+00:00,276.38,29.12
2023-08-24 02:00:00+00:00,471.88,29.43
2023-08-24 03:00:00+00:00,594.9,29.74
2023-08-24 04:00:00+00:00,636.53,29.95
2023-08-24 05:00:00+00:00,626.12,30.03
2023-08-24 06:00:00+00:00,349.83,30.03
2023-08-24 07:00:00+00:00,188.35,29.88
2023-08-24 08:00:00+00:00,124.45,29.54
2023-08-24 09:00:00+00:00,62.55,29.23
2023-08-24 10:00:00+00:00,9.4,28.9
2023-08-24 11:00:00+00:00,0.0,28.71
2023-08-24 12:00:00+00:00,0.0,28.68
2023-08-24 13:00:00+00:00,0.0,28.64
2023-08-24 14:00:00+00:00,0.0,28.6
2023-08-24 15:00:00+00:00,0.0,28.54
2023-08-24 16:00:00+00:00,0.0,28.46
2023-08-24 17:00:00+00:00,0.0,28.54
2023-08-24 18:00:00+00:00,0.0,28.64
2023-08-24 19:00:00+00:00,0.0,28.62
2023-08-24 20:00:00+00:00,0.0,28.69
2023-08-24 21:00:00+00:00,0.0,28.65
2023-08-24 22:00:00+00:00,34.17,28.63
2023-08-24 23:00:00+00:00,204.95,29.14
2023-08-25 00:00:00+00:00,434.58,29.78
2023-08-25 01:00:00+00:00,611.7,30.33
2023-08-25 02:00:00+00:00,720.1,30.92
2023-08-25 03:00:00+00:00,794.97,31.22
2023-08-25 04:00:00+00:00,833.85,31.38
2023-08-25 05:00:00+00:00,582.62,31.45
2023-08-25 06:00:00+00:00,357.92,31.39
2023-08-25 07:00:00+00:00,245.45,31.16
2023-08-25 08:00:00+00:00,146.57,30.75
2023-08-25 09:00:00+00:00,72.75,30.17
2023-08-25 10:00:00+00:00,7.43,29.44
2023-08-25 11:00:00+00:00,0.0,28.95
2023-08-25 12:00:00+00:00,0.0,28.77
2023-08-25 13:00:00+00:00,0.0,28.64
2023-08-25 14:00:00+00:00,0.0,28.61
2023-08-25 15:00:00+00:00,0.0,28.77
2023-08-25 16:00:00+00:00,0.0,28.81
2023-08-25 17:00:00+00:00,0.0,28.83
2023-08-25 18:00:00+00:00,0.0,28.79
2023-08-25 19:00:00+00:00,0.0,28.62
2023-08-25 20:00:00+00:00,0.0,28.49
2023-08-25 21:00:00+00:00,0.0,28.47
2023-08-25 22:00:00+00:00,33.92,28.68
2023-08-25 23:00:00+00:00,194.77,29.33
2023-08-26 00:00:00+00:00,398.15,29.79
2023-08-26 01:00:00+00:00,561.5,30.35
2023-08-26 02:00:00+00:00,663.72,30.77
2023-08-26 03:00:00+00:00,667.03,31.11
2023-08-26 04:00:00+00:00,740.53,31.27
2023-08-26 05:00:00+00:00,711.28,31.32
2023-08-26 06:00:00+00:00,432.98,31.26
2023-08-26 07:00:00+00:00,372.17,30.99
2023-08-26 08:00:00+00:00,188.95,30.61
2023-08-26 09:00:00+00:00,90.85,30.1
2023-08-26 10:00:00+00:00,6.82,29.5
2023-08-26 11:00:00+00:00,0.0,29.15
2023-08-26 12:00:00+00:00,0.0,29.04
2023-08-26 13:00:00+00:00,0.0,28.99
2023-08-26 14:00:00+00:00,0.0,28.95
2023-08-26 15:00:00+00:00,0.0,28.91
2023-08-26 16:00:00+00:00,0.0,28.86
2023-08-26 17:00:00+00:00,0.0,28.82
2023-08-26 18:00:00+00:00,0.0,28.85
2023-08-26 19:00:00+00:00,0.0,28.91
2023-08-26 20:00:00+00:00,0.0,28.92
2023-08-26 21:00:00+00:00,0.0,28.84
2023-08-26 22:00:00+00:00,21.42,28.91
2023-08-26 23:00:00+00:00,128.88,29.45
2023-08-27 00:00:00+00:00,253.65,29.73
2023-08-27 01:00:00+00:00,360.33,29.95
2023-08-27 02:00:00+00:00,442.42,30.29
2023-08-27 03:00:00+00:00,519.92,30.54
2023-08-27 04:00:00+00:00,612.28,30.72
2023-08-27 05:00:00+00:00,599.45,30.74
2023-08-27 06:00:00+00:00,529.65,30.74
2023-08-27 07:00:00+00:00,374.6,30.68
2023-08-27 08:00:00+00:00,236.32,30.47
2023-08-27 09:00:00+00:00,110.28,30.06
2023-08-27 10:00:00+00:00,11.57,29.43
2023-08-27 11:00:00+00:00,0.0,29.03
2023-08-27 12:00:00+00:00,0.0,28.93
2023-08-27 13:00:00+00:00,0.0,28.85
2023-08-27 14:00:00+00:00,0.0,28.79
2023-08-27 15:00:00+00:00,0.0,28.74
2023-08-27 16:00:00+00:00,0.0,28.64
2023-08-27 17:00:00+00:00,0.0,28.55
2023-08-27 18:00:00+00:00,0.0,28.5
2023-08-27 19:00:00+00:00,0.0,28.5
2023-08-27 20:00:00+00:00,0.0,28.51
2023-08-27 21:00:00+00:00,0.0,28.49
2023-08-27 22:00:00+00:00,20.12,28.59
2023-08-27 23:00:00+00:00,119.05,29.12
2023-08-28 00:00:00+00:00,232.07,29.62
2023-08-28 01:00:00+00:00,419.8,29.99
2023-08-28 02:00:00+00:00,577.95,30.51
2023-08-28 03:00:00+00:00,725.42,30.79
2023-08-28 04:00:00+00:00,726.28,31.02
2023-08-28 05:00:00+00:00,601.55,31.05
2023-08-28 06:00:00+00:00,512.55,30.97
2023-08-28 07:00:00+00:00,281.45,30.75
2023-08-28 08:00:00+00:00,180.73,30.44
2023-08-28 09:00:00+00:00,85.78,30.06
2023-08-28 10:00:00+00:00,10.5,29.57
2023-08-28 11:00:00+00:00,0.0,29.23
2023-08-28 12:00:00+00:00,0.0,29.08
2023-08-28 13:00:00+00:00,0.0,28.99
2023-08-28 14:00:00+00:00,0.0,29.08
2023-08-28 15:00:00+00:00,0.0,28.93
2023-08-28 16:00:00+00:00,0.0,28.36
2023-08-28 17:00:00+00:00,0.0,27.79
2023-08-28 18:00:00+00:00,0.0,27.15
2023-08-28 19:00:00+00:00,0.0,26.62
2023-08-28 20:00:00+00:00,0.0,26.4
2023-08-28 21:00:00+00:00,0.0,26.44
2023-08-28 22:00:00+00:00,24.55,26.65
2023-08-28 23:00:00+00:00,149.65,27.17
2023-08-29 00:00:00+00:00,317.2,27.85
2023-08-29 01:00:00+00:00,480.12,28.55
2023-08-29 02:00:00+00:00,627.42,29.24
2023-08-29 03:00:00+00:00,746.08,29.76
2023-08-29 04:00:00+00:00,733.67,30.12
2023-08-29 05:00:00+00:00,592.88,30.39
2023-08-29 06:00:00+00:00,376.3,30.56
2023-08-29 07:00:00+00:00,199.15,30.59
2023-08-29 08:00:00+00:00,125.93,30.46
2023-08-29 09:00:00+00:00,59.8,30.3
2023-08-29 10:00:00+00:00,6.62,29.79
2023-08-29 11:00:00+00:00,0.0,29.2
2023-08-29 12:00:00+00:00,0.0,28.71
2023-08-29 13:00:00+00:00,0.0,28.28
2023-08-29 14:00:00+00:00,0.0,27.93
2023-08-29 15:00:00+00:00,0.0,27.69
2023-08-29 16:00:00+00:00,0.0,27.33
2023-08-29 17:00:00+00:00,0.0,26.79
2023-08-29 18:00:00+00:00,0.0,26.29
2023-08-29 19:00:00+00:00,0.0,25.91
2023-08-29 20:00:00+00:00,0.0,25.65
2023-08-29 21:00:00+00:00,0.0,25.48
2023-08-29 22:00:00+00:00,27.12,25.48
2023-08-29 23:00:00+00:00,166.65,25.82
2023-08-30 00:00:00+00:00,360.48,26.34
2023-08-30 01:00:00+00:00,526.67,27.1
2023-08-30 02:00:00+00:00,694.2,27.87
2023-08-30 03:00:00+00:00,781.75,28.68
2023-08-30 04:00:00+00:00,839.7,29.42
2023-08-30 05:00:00+00:00,799.7,29.98
2023-08-30 06:00:00+00:00,669.53,30.37
2023-08-30 07:00:00+00:00,441.17,30.44
2023-08-30 08:00:00+00:00,279.17,30.29
2023-08-30 09:00:00+00:00,129.38,29.99
2023-08-30 10:00:00+00:00,14.62,29.36
2023-08-30 11:00:00+00:00,0.0,28.81
2023-08-30 12:00:00+00:00,0.0,28.29
2023-08-30 13:00:00+00:00,0.0,27.61
2023-08-30 14:00:00+00:00,0.0,26.86
2023-08-30 15:00:00+00:00,0.0,26.37
2023-08-30 16:00:00+00:00,0.0,25.99
2023-08-30 17:00:00+00:00,0.0,25.79
2023-08-30 18:00:00+00:00,0.0,25.62
2023-08-30 19:00:00+00:00,0.0,25.51
2023-08-30 20:00:00+00:00,0.0,25.42
2023-08-30 21:00:00+00:00,0.0,25.34
2023-08-30 22:00:00+00:00,26.15,25.42
2023-08-30 23:00:00+00:00,135.82,25.97
2023-08-31 00:00:00+00:00,297.95,26.76
2023-08-31 01:00:00+00:00,404.85,27.83
2023-08-31 02:00:00+00:00,514.72,29.11
2023-08-31 03:00:00+00:00,595.5,30.04
2023-08-31 04:00:00+00:00,488.1,30.59
2023-08-31 05:00:00+00:00,507.8,30.93
2023-08-31 06:00:00+00:00,398.83,31.08
2023-08-31 07:00:00+00:00,323.6,31.09
2023-08-31 08:00:00+00:00,196.5,30.93
2023-08-31 09:00:00+00:00,89.85,30.49
2023-08-31 10:00:00+00:00,7.28,29.68
2023-08-31 11:00:00+00:00,0.0,29.16
2023-08-31 12:00:00+00:00,0.0,28.71
2023-08-31 13:00:00+00:00,0.0,28.2
2023-08-31 14:00:00+00:00,0.0,27.69
2023-08-31 15:00:00+00:00,0.0,27.26
2023-08-31 16:00:00+00:00,0.0,26.84
2023-08-31 17:00:00+00:00,0.0,26.52
2023-08-31 18:00:00+00:00,0.0,26.3
2023-08-31 19:00:00+00:00,0.0,26.14
2023-08-31 20:00:00+00:00,0.0,25.98
2023-08-31 21:00:00+00:00,0.0,25.8
2023-08-31 22:00:00+00:00,18.02,25.73
2023-08-31 23:00:00+00:00,99.03,26.01
2023-09-01 00:00:00+00:00,99.9,26.5
2023-09-01 01:00:00+00:00,109.62,27.11
2023-09-01 02:00:00+00:00,136.2,27.51
2023-09-01 03:00:00+00:00,108.3,28.3
2023-09-01 04:00:00+00:00,89.18,28.94
2023-09-01 05:00:00+00:00,72.85,29.18
2023-09-01 06:00:00+00:00,55.95,29.14
2023-09-01 07:00:00+00:00,40.42,28.84
2023-09-01 08:00:00+00:00,23.15,28.46
2023-09-01 09:00:00+00:00,12.77,27.99
2023-09-01 10:00:00+00:00,1.88,27.46
2023-09-01 11:00:00+00:00,0.0,27.09
2023-09-01 12:00:00+00:00,0.0,26.87
2023-09-01 13:00:00+00:00,0.0,26.66
2023-09-01 14:00:00+00:00,0.0,26.49
2023-09-01 15:00:00+00:00,0.0,26.6
2023-09-01 16:00:00+00:00,0.0,27.21
2023-09-01 17:00:00+00:00,0.0,27.75
2023-09-01 18:00:00+00:00,0.0,27.95
2023-09-01 19:00:00+00:00,0.0,27.95
2023-09-01 20:00:00+00:00,0.0,27.9
2023-09-01 21:00:00+00:00,0.0,27.94
2023-09-01 22:00:00+00:00,8.65,28.01
2023-09-01 23:00:00+00:00,35.4,28.2
2023-09-02 00:00:00+00:00,61.67,28.5
2023-09-02 01:00:00+00:00,117.45,28.88
2023-09-02 02:00:00+00:00,121.47,29.18
2023-09-02 03:00:00+00:00,187.45,29.43
2023-09-02 04:00:00+00:00,234.95,29.63
2023-09-02 05:00:00+00:00,251.38,29.73
2023-09-02 06:00:00+00:00,324.73,29.74
2023-09-02 07:00:00+00:00,257.42,29.61
2023-09-02 08:00:00+00:00,135.68,29.31
2023-09-02 09:00:00+00:00,56.7,28.92
2023-09-02 10:00:00+00:00,8.07,28.45
2023-09-02 11:00:00+00:00,0.0,28.16
2023-09-02 12:00:00+00:00,0.0,28.05
2023-09-02 13:00:00+00:00,0.0,27.97
2023-09-02 14:00:00+00:00,0.0,27.89
2023-09-02 15:00:00+00:00,0.0,27.82
2023-09-02 16:00:00+00:00,0.0,27.77
2023-09-02 17:00:00+00:00,0.0,27.73
2023-09-02 18:00:00+00:00,0.0,27.65
2023-09-02 19:00:00+00:00,0.0,27.57
2023-09-02 20:00:00+00:00,0.0,27.51
2023-09-02 21:00:00+00:00,0.0,27.39
2023-09-02 22:00:00+00:00,26.77,27.4
2023-09-02 23:00:00+00:00,181.23,27.74
2023-09-03 00:00:00+00:00,381.92,28.26
2023-09-03 01:00:00+00:00,585.0,28.91
2023-09-03 02:00:00+00:00,730.8,29.55
2023-09-03 03:00:00+00:00,811.85,30.14
2023-09-03 04:00:00+00:00,766.45,30.55
2023-09-03 05:00:00+00:00,759.67,30.76
2023-09-03 06:00:00+00:00,660.55,30.93
2023-09-03 07:00:00+00:00,499.1,31.19
2023-09-03 08:00:00+00:00,317.27,31.57
2023-09-03 09:00:00+00:00,131.6,31.43
2023-09-03 10:00:00+00:00,11.98,30.6
2023-09-03 11:00:00+00:00,0.0,29.71
2023-09-03 12:00:00+00:00,0.0,29.28
2023-09-03 13:00:00+00:00,0.0,29.09
2023-09-03 14:00:00+00:00,0.0,28.79
2023-09-03 15:00:00+00:00,0.0,28.39
2023-09-03 16:00:00+00:00,0.0,27.94
2023-09-03 17:00:00+00:00,0.0,27.54
2023-09-03 18:00:00+00:00,0.0,27.28
2023-09-03 19:00:00+00:00,0.0,27.15
2023-09-03 20:00:00+00:00,0.0,27.07
2023-09-03 21:00:00+00:00,0.0,27.02
2023-09-03 22:00:00+00:00,30.77,26.88
2023-09-03 23:00:00+00:00,185.62,26.94
2023-09-04 00:00:00+00:00,382.38,27.18
2023-09-04 01:00:00+00:00,541.3,27.86
2023-09-04 02:00:00+00:00,711.78,28.92
2023-09-04 03:00:00+00:00,811.6,29.99
2023-09-04 04:00:00+00:00,862.5,30.52
2023-09-04 05:00:00+00:00,832.12,30.88
2023-09-04 06:00:00+00:00,649.65,31.14
2023-09-04 07:00:00+00:00,456.27,31.39
2023-09-04 08:00:00+00:00,278.5,31.27
2023-09-04 09:00:00+00:00,115.53,30.67
2023-09-04 10:00:00+00:00,8.85,29.61
2023-09-04 11:00:00+00:00,0.0,29.09
2023-09-04 12:00:00+00:00,0.0,28.83
2023-09-04 13:00:00+00:00,0.0,28.59
2023-09-04 14:00:00+00:00,0.0,28.32
2023-09-04 15:00:00+00:00,0.0,28.17
2023-09-04 16:00:00+00:00,0.0,28.12
2023-09-04 17:00:00+00:00,0.0,27.98
2023-09-04 18:00:00+00:00,0.0,27.76
2023-09-04 19:00:00+00:00,0.0,27.56
2023-09-04 20:00:00+00:00,0.0,27.41
2023-09-04 21:00:00+00:00,0.0,27.17
2023-09-04 22:00:00+00:00,18.65,26.95
2023-09-04 23:00:00+00:00,101.6,27.2
2023-09-05 00:00:00+00:00,204.77,27.97
2023-09-05 01:00:00+00:00,287.8,28.88
2023-09-05 02:00:00+00:00,362.92,29.53
2023-09-05 03:00:00+00:00,412.58,30.02
2023-09-05 04:00:00+00:00,319.62,30.4
2023-09-05 05:00:00+00:00,258.2,30.61
2023-09-05 06:00:00+00:00,343.65,30.62
2023-09-05 07:00:00+00:00,174.45,30.55
2023-09-05 08:00:00+00:00,109.35,30.31
2023-09-05 09:00:00+00:00,49.92,29.95
2023-09-05 10:00:00+00:00,4.6,29.39
2023-09-05 11:00:00+00:00,0.0,29.1
2023-09-05 12:00:00+00:00,0.0,28.92
2023-09-05 13:00:00+00:00,0.0,28.78
2023-09-05 14:00:00+00:00,0.0,28.67
2023-09-05 15:00:00+00:00,0.0,28.44
2023-09-05 16:00:00+00:00,0.0,28.19
2023-09-05 17:00:00+00:00,0.0,27.96
2023-09-05 18:00:00+00:00,0.0,27.78
2023-09-05 19:00:00+00:00,0.0,27.63
2023-09-05 20:00:00+00:00,0.0,27.51
2023-09-05 21:00:00+00:00,0.0,27.35
2023-09-05 22:00:00+00:00,17.1,27.21
2023-09-05 23:00:00+00:00,117.18,27.37
2023-09-06 00:00:00+00:00,251.5,27.89
2023-09-06 01:00:00+00:00,367.2,28.7
2023-09-06 02:00:00+00:00,504.7,29.39
2023-09-06 03:00:00+00:00,513.15,29.82
2023-09-06 04:00:00+00:00,514.53,30.06
2023-09-06 05:00:00+00:00,484.55,30.23
2023-09-06 06:00:00+00:00,376.83,30.3
2023-09-06 07:00:00+00:00,301.58,30.23
2023-09-06 08:00:00+00:00,184.82,30.05
2023-09-06 09:00:00+00:00,77.8,29.69
2023-09-06 10:00:00+00:00,5.6,29.21
2023-09-06 11:00:00+00:00,0.0,28.87
2023-09-06 12:00:00+00:00,0.0,28.68
2023-09-06 13:00:00+00:00,0.0,28.52
2023-09-06 14:00:00+00:00,0.0,28.23
2023-09-06 15:00:00+00:00,0.0,27.99
2023-09-06 16:00:00+00:00,0.0,27.84
2023-09-06 17:00:00+00:00,0.0,27.7
2023-09-06 18:00:00+00:00,0.0,27.59
2023-09-06 19:00:00+00:00,0.0,27.52
2023-09-06 20:00:00+00:00,0.0,27.41
2023-09-06 21:00:00+00:00,0.0,27.3
2023-09-06 22:00:00+00:00,7.12,27.33
2023-09-06 23:00:00+00:00,40.1,27.67
2023-09-07 00:00:00+00:00,86.18,27.85
2023-09-07 01:00:00+00:00,85.62,27.97
2023-09-07 02:00:00+00:00,124.47,28.11
2023-09-07 03:00:00+00:00,187.07,28.24
2023-09-07 04:00:00+00:00,245.35,28.37
2023-09-07 05:00:00+00:00,241.73,28.46
2023-09-07 06:00:00+00:00,231.82,28.54
2023-09-07 07:00:00+00:00,187.73,28.53
2023-09-07 08:00:00+00:00,111.18,28.4
2023-09-07 09:00:00+00:00,46.65,28.16
2023-09-07 10:00:00+00:00,4.0,27.93
2023-09-07 11:00:00+00:00,0.0,27.89
2023-09-07 12:00:00+00:00,0.0,27.91
2023-09-07 13:00:00+00:00,0.0,27.91
2023-09-07 14:00:00+00:00,0.0,27.87
2023-09-07 15:00:00+00:00,0.0,27.77
2023-09-07 16:00:00+00:00,0.0,27.58
2023-09-07 17:00:00+00:00,0.0,27.44
2023-09-07 18:00:00+00:00,0.0,27.33
2023-09-07 19:00:00+00:00,0.0,27.21
2023-09-07 20:00:00+00:00,0.0,27.11
2023-09-07 21:00:00+00:00,0.0,27.03
2023-09-07 22:00:00+00:00,3.35,27.02
2023-09-07 23:00:00+00:00,15.35,27.27
2023-09-08 00:00:00+00:00,29.15,27.44
2023-09-08 01:00:00+00:00,52.42,27.6
2023-09-08 02:00:00+00:00,68.82,27.77
2023-09-08 03:00:00+00:00,81.57,27.96
2023-09-08 04:00:00+00:00,102.75,28.09
2023-09-08 05:00:00+00:00,117.32,28.09
2023-09-08 06:00:00+00:00,136.98,27.94
2023-09-08 07:00:00+00:00,204.4,27.68
2023-09-08 08:00:00+00:00,120.8,27.4
2023-09-08 09:00:00+00:00,58.75,27.2
2023-09-08 10:00:00+00:00,5.53,27.0
2023-09-08 11:00:00+00:00,0.0,26.87
2023-09-08 12:00:00+00:00,0.0,26.82
2023-09-08 13:00:00+00:00,0.0,26.81
2023-09-08 14:00:00+00:00,0.0,26.79
2023-09-08 15:00:00+00:00,0.0,26.8
2023-09-08 16:00:00+00:00,0.0,26.77
2023-09-08 17:00:00+00:00,0.0,26.71
2023-09-08 18:00:00+00:00,0.0,26.68
2023-09-08 19:00:00+00:00,0.0,26.63
2023-09-08 20:00:00+00:00,0.0,26.62
2023-09-08 21:00:00+00:00,0.0,26.57
2023-09-08 22:00:00+00:00,16.38,26.62
2023-09-08 23:00:00+00:00,109.03,26.99
2023-09-09 00:00:00+00:00,253.4,27.26
2023-09-09 01:00:00+00:00,280.08,27.56
2023-09-09 02:00:00+00:00,343.25,27.69
2023-09-09 03:00:00+00:00,378.8,27.54
2023-09-09 04:00:00+00:00,365.33,27.42
2023-09-09 05:00:00+00:00,310.45,27.43
2023-09-09 06:00:00+00:00,225.7,27.49
2023-09-09 07:00:00+00:00,236.05,27.42
2023-09-09 08:00:00+00:00,131.68,27.26
2023-09-09 09:00:00+00:00,44.2,27.08
2023-09-09 10:00:00+00:00,3.85,26.87
2023-09-09 11:00:00+00:00,0.0,26.81
2023-09-09 12:00:00+00:00,0.0,26.82
2023-09-09 13:00:00+00:00,0.0,26.83
2023-09-09 14:00:00+00:00,0.0,26.83
2023-09-09 15:00:00+00:00,0.0,26.86
2023-09-09 16:00:00+00:00,0.0,26.95
2023-09-09 17:00:00+00:00,0.0,27.02
2023-09-09 18:00:00+00:00,0.0,27.05
2023-09-09 19:00:00+00:00,0.0,27.06
2023-09-09 20:00:00+00:00,0.0,27.05
2023-09-09 21:00:00+00:00,0.0,26.91
2023-09-09 22:00:00+00:00,7.9,26.81
2023-09-09 23:00:00+00:00,33.5,26.83
2023-09-10 00:00:00+00:00,54.95,26.88
2023-09-10 01:00:00+00:00,138.07,26.93
2023-09-10 02:00:00+00:00,312.58,27.04
2023-09-10 03:00:00+00:00,303.0,27.16
2023-09-10 04:00:00+00:00,224.07,27.28
2023-09-10 05:00:00+00:00,250.23,27.34
2023-09-10 06:00:00+00:00,246.23,27.36
2023-09-10 07:00:00+00:00,191.02,27.3
2023-09-10 08:00:00+00:00,119.8,27.16
2023-09-10 09:00:00+00:00,47.72,27.01
2023-09-10 10:00:00+00:00,4.12,26.78
2023-09-10 11:00:00+00:00,0.0,26.66
2023-09-10 12:00:00+00:00,0.0,26.61
2023-09-10 13:00:00+00:00,0.0,26.55
2023-09-10 14:00:00+00:00,0.0,26.49
2023-09-10 15:00:00+00:00,0.0,26.47
2023-09-10 16:00:00+00:00,0.0,26.46
2023-09-10 17:00:00+00:00,0.0,26.47
2023-09-10 18:00:00+00:00,0.0,26.5
2023-09-10 19:00:00+00:00,0.0,26.53
2023-09-10 20:00:00+00:00,0.0,26.56
2023-09-10 21:00:00+00:00,0.0,26.59
2023-09-10 22:00:00+00:00,14.27,26.72
2023-09-10 23:00:00+00:00,83.32,27.31
2023-09-11 00:00:00+00:00,188.9,27.76
2023-09-11 01:00:00+00:00,311.62,28.24
2023-09-11 02:00:00+00:00,446.7,28.62
2023-09-11 03:00:00+00:00,561.15,28.85
2023-09-11 04:00:00+00:00,548.5,28.95
2023-09-11 05:00:00+00:00,534.25,28.99
2023-09-11 06:00:00+00:00,418.92,28.92
2023-09-11 07:00:00+00:00,257.02,28.75
2023-09-11 08:00:00+00:00,152.25,28.45
2023-09-11 09:00:00+00:00,58.3,28.05
2023-09-11 10:00:00+00:00,3.95,27.48
2023-09-11 11:00:00+00:00,0.0,27.17
2023-09-11 12:00:00+00:00,0.0,27.01
2023-09-11 13:00:00+00:00,0.0,26.87
2023-09-11 14:00:00+00:00,0.0,26.79
2023-09-11 15:00:00+00:00,0.0,26.71
2023-09-11 16:00:00+00:00,0.0,26.67
2023-09-11 17:00:00+00:00,0.0,26.62
2023-09-11 18:00:00+00:00,0.0,26.57
2023-09-11 19:00:00+00:00,0.0,26.5
2023-09-11 20:00:00+00:00,0.0,26.45
2023-09-11 21:00:00+00:00,0.0,26.38
2023-09-11 22:00:00+00:00,21.77,26.54
2023-09-11 23:00:00+00:00,149.07,27.27
2023-09-12 00:00:00+00:00,339.05,27.78
2023-09-12 01:00:00+00:00,486.85,28.31
2023-09-12 02:00:00+00:00,523.8,28.74
2023-09-12 03:00:00+00:00,570.1,29.03
2023-09-12 04:00:00+00:00,659.35,29.29
2023-09-12 05:00:00+00:00,468.17,29.4
2023-09-12 06:00:00+00:00,439.83,29.4
2023-09-12 07:00:00+00:00,300.15,29.29
2023-09-12 08:00:00+00:00,186.02,29.06
2023-09-12 09:00:00+00:00,74.68,28.64
2023-09-12 10:00:00+00:00,4.5,27.96
2023-09-12 11:00:00+00:00,0.0,27.5
2023-09-12 12:00:00+00:00,0.0,27.29
2023-09-12 13:00:00+00:00,0.0,27.15
2023-09-12 14:00:00+00:00,0.0,27.04
2023-09-12 15:00:00+00:00,0.0,26.99
2023-09-12 16:00:00+00:00,0.0,26.95
2023-09-12 17:00:00+00:00,0.0,26.92
2023-09-12 18:00:00+00:00,0.0,26.88
2023-09-12 19:00:00+00:00,0.0,26.82
2023-09-12 20:00:00+00:00,0.0,26.76
2023-09-12 21:00:00+00:00,0.0,26.72
2023-09-12 22:00:00+00:00,26.9,26.86
2023-09-12 23:00:00+00:00,152.25,27.5
2023-09-13 00:00:00+00:00,308.2,28.1
2023-09-13 01:00:00+00:00,475.6,28.66
2023-09-13 02:00:00+00:00,539.62,29.06
2023-09-13 03:00:00+00:00,585.95,29.37
2023-09-13 04:00:00+00:00,638.45,29.6
2023-09-13 05:00:00+00:00,566.83,29.7
2023-09-13 06:00:00+00:00,516.72,29.69
2023-09-13 07:00:00+00:00,385.0,29.55
2023-09-13 08:00:00+00:00,235.27,29.27
2023-09-13 09:00:00+00:00,88.97,28.82
2023-09-13 10:00:00+00:00,5.35,28.16
2023-09-13 11:00:00+00:00,0.0,27.78
2023-09-13 12:00:00+00:00,0.0,27.55
2023-09-13 13:00:00+00:00,0.0,27.39
2023-09-13 14:00:00+00:00,0.0,27.25
2023-09-13 15:00:00+00:00,0.0,27.14
2023-09-13 16:00:00+00:00,0.0,27.05
2023-09-13 17:00:00+00:00,0.0,26.97
2023-09-13 18:00:00+00:00,0.0,26.84
2023-09-13 19:00:00+00:00,0.0,26.85
2023-09-13 20:00:00+00:00,0.0,26.79
2023-09-13 21:00:00+00:00,0.0,26.66
2023-09-13 22:00:00+00:00,19.45,26.65
2023-09-13 23:00:00+00:00,112.18,26.95
2023-09-14 00:00:00+00:00,232.2,27.36
2023-09-14 01:00:00+00:00,312.4,27.79
2023-09-14 02:00:00+00:00,362.15,28.18
2023-09-14 03:00:00+00:00,367.33,28.54
2023-09-14 04:00:00+00:00,381.15,28.77
2023-09-14 05:00:00+00:00,326.95,28.81
2023-09-14 06:00:00+00:00,347.0,28.81
2023-09-14 07:00:00+00:00,278.27,28.65
2023-09-14 08:00:00+00:00,162.9,28.4
2023-09-14 09:00:00+00:00,69.25,28.1
2023-09-14 10:00:00+00:00,3.95,27.71
2023-09-14 11:00:00+00:00,0.0,27.49
2023-09-14 12:00:00+00:00,0.0,27.46
2023-09-14 13:00:00+00:00,0.0,27.48
2023-09-14 14:00:00+00:00,0.0,27.32
2023-09-14 15:00:00+00:00,0.0,27.07
2023-09-14 16:00:00+00:00,0.0,26.91
2023-09-14 17:00:00+00:00,0.0,26.78
2023-09-14 18:00:00+00:00,0.0,26.71
2023-09-14 19:00:00+00:00,0.0,26.7
2023-09-14 20:00:00+00:00,0.0,26.72
2023-09-14 21:00:00+00:00,0.0,26.78
2023-09-14 22:00:00+00:00,19.17,26.89
2023-09-14 23:00:00+00:00,127.45,27.45
2023-09-15 00:00:00+00:00,291.77,27.88
2023-09-15 01:00:00+00:00,436.9,28.34
2023-09-15 02:00:00+00:00,548.22,28.72
2023-09-15 03:00:00+00:00,621.12,28.93
2023-09-15 04:00:00+00:00,551.58,29.02
2023-09-15 05:00:00+00:00,475.5,29.0
2023-09-15 06:00:00+00:00,178.15,28.91
2023-09-15 07:00:00+00:00,70.55,28.83
2023-09-15 08:00:00+00:00,51.72,28.77
2023-09-15 09:00:00+00:00,19.52,28.45
2023-09-15 10:00:00+00:00,0.98,27.97
2023-09-15 11:00:00+00:00,0.0,27.63
2023-09-15 12:00:00+00:00,0.0,27.34
2023-09-15 13:00:00+00:00,0.0,27.11
2023-09-15 14:00:00+00:00,0.0,26.9
2023-09-15 15:00:00+00:00,0.0,26.84
2023-09-15 16:00:00+00:00,0.0,26.8
2023-09-15 17:00:00+00:00,0.0,26.73
2023-09-15 18:00:00+00:00,0.0,26.66
2023-09-15 19:00:00+00:00,0.0,26.62
2023-09-15 20:00:00+00:00,0.0,26.58
2023-09-15 21:00:00+00:00,0.0,26.59
2023-09-15 22:00:00+00:00,15.1,26.65
2023-09-15 23:00:00+00:00,114.12,27.07
2023-09-16 00:00:00+00:00,243.57,27.45
2023-09-16 01:00:00+00:00,350.12,28.01
2023-09-16 02:00:00+00:00,543.95,28.56
2023-09-16 03:00:00+00:00,431.65,28.88
2023-09-16 04:00:00+00:00,171.82,29.06
2023-09-16 05:00:00+00:00,370.95,29.14
2023-09-16 06:00:00+00:00,263.38,29.12
2023-09-16 07:00:00+00:00,264.15,29.03
2023-09-16 08:00:00+00:00,153.35,28.86
2023-09-16 09:00:00+00:00,58.62,28.58
2023-09-16 10:00:00+00:00,3.03,28.08
2023-09-16 11:00:00+00:00,0.0,27.65
2023-09-16 12:00:00+00:00,0.0,27.31
2023-09-16 13:00:00+00:00,0.0,27.07
2023-09-16 14:00:00+00:00,0.0,26.92
2023-09-16 15:00:00+00:00,0.0,26.8
2023-09-16 16:00:00+00:00,0.0,26.71
2023-09-16 17:00:00+00:00,0.0,26.63
2023-09-16 18:00:00+00:00,0.0,26.55
2023-09-16 19:00:00+00:00,0.0,26.48
2023-09-16 20:00:00+00:00,0.0,26.42
2023-09-16 21:00:00+00:00,0.0,26.38
2023-09-16 22:00:00+00:00,22.33,26.48
2023-09-16 23:00:00+00:00,142.48,27.17
2023-09-17 00:00:00+00:00,311.48,27.76
2023-09-17 01:00:00+00:00,454.48,28.38
2023-09-17 02:00:00+00:00,626.17,28.96
2023-09-17 03:00:00+00:00,728.25,29.33
2023-09-17 04:00:00+00:00,783.4,29.57
2023-09-17 05:00:00+00:00,725.03,29.74
2023-09-17 06:00:00+00:00,588.9,29.81
2023-09-17 07:00:00+00:00,459.8,29.72
2023-09-17 08:00:00+00:00,277.8,29.51
2023-09-17 09:00:00+00:00,93.62,29.14
2023-09-17 10:00:00+00:00,3.85,28.45
2023-09-17 11:00:00+00:00,0.0,27.95
2023-09-17 12:00:00+00:00,0.0,27.67
2023-09-17 13:00:00+00:00,0.0,27.47
2023-09-17 14:00:00+00:00,0.0,27.32
2023-09-17 15:00:00+00:00,0.0,27.2
2023-09-17 16:00:00+00:00,0.0,27.1
2023-09-17 17:00:00+00:00,0.0,26.99
2023-09-17 18:00:00+00:00,0.0,26.86
2023-09-17 19:00:00+00:00,0.0,26.75
2023-09-17 20:00:00+00:00,0.0,26.68
2023-09-17 21:00:00+00:00,0.0,26.64
2023-09-17 22:00:00+00:00,29.08,26.73
2023-09-17 23:00:00+00:00,188.05,27.57
2023-09-18 00:00:00+00:00,382.83,28.35
2023-09-18 01:00:00+00:00,567.42,29.05
2023-09-18 02:00:00+00:00,732.08,29.5
2023-09-18 03:00:00+00:00,793.75,29.7
2023-09-18 04:00:00+00:00,832.95,29.92
2023-09-18 05:00:00+00:00,785.3,30.05
2023-09-18 06:00:00+00:00,702.9,30.07
2023-09-18 07:00:00+00:00,548.85,29.96
2023-09-18 08:00:00+00:00,330.35,29.71
2023-09-18 09:00:00+00:00,117.22,29.39
2023-09-18 10:00:00+00:00,3.9,28.71
2023-09-18 11:00:00+00:00,0.0,28.23
2023-09-18 12:00:00+00:00,0.0,27.89
2023-09-18 13:00:00+00:00,0.0,27.66
2023-09-18 14:00:00+00:00,0.0,27.48
2023-09-18 15:00:00+00:00,0.0,27.32
2023-09-18 16:00:00+00:00,0.0,27.19
2023-09-18 17:00:00+00:00,0.0,27.13
2023-09-18 18:00:00+00:00,0.0,27.14
2023-09-18 19:00:00+00:00,0.0,27.21
2023-09-18 20:00:00+00:00,0.0,27.34
2023-09-18 21:00:00+00:00,0.0,27.47
2023-09-18 22:00:00+00:00,29.92,27.57
2023-09-18 23:00:00+00:00,184.43,27.99
2023-09-19 00:00:00+00:00,371.1,28.91
2023-09-19 01:00:00+00:00,491.67,29.62
2023-09-19 02:00:00+00:00,592.7,29.88
2023-09-19 03:00:00+00:00,663.08,30.24
2023-09-19 04:00:00+00:00,674.47,30.56
2023-09-19 05:00:00+00:00,625.0,30.69
2023-09-19 06:00:00+00:00,665.9,30.64
2023-09-19 07:00:00+00:00,520.1,30.48
2023-09-19 08:00:00+00:00,299.17,30.21
2023-09-19 09:00:00+00:00,108.12,29.94
2023-09-19 10:00:00+00:00,3.4,29.23
2023-09-19 11:00:00+00:00,0.0,28.61
2023-09-19 12:00:00+00:00,0.0,28.27
2023-09-19 13:00:00+00:00,0.0,28.1
2023-09-19 14:00:00+00:00,0.0,27.99
2023-09-19 15:00:00+00:00,0.0,27.85
2023-09-19 16:00:00+00:00,0.0,27.71
2023-09-19 17:00:00+00:00,0.0,27.6
2023-09-19 18:00:00+00:00,0.0,27.53
2023-09-19 19:00:00+00:00,0.0,27.56
2023-09-19 20:00:00+00:00,0.0,27.68
2023-09-19 21:00:00+00:00,0.0,27.77
2023-09-19 22:00:00+00:00,31.73,27.89
2023-09-19 23:00:00+00:00,212.5,28.24
2023-09-20 00:00:00+00:00,423.4,29.04
2023-09-20 01:00:00+00:00,584.42,29.91
2023-09-20 02:00:00+00:00,723.97,30.51
2023-09-20 03:00:00+00:00,819.47,30.65
2023-09-20 04:00:00+00:00,857.17,30.82
2023-09-20 05:00:00+00:00,800.7,30.9
2023-09-20 06:00:00+00:00,707.88,30.82
2023-09-20 07:00:00+00:00,530.08,30.66
2023-09-20 08:00:00+00:00,321.35,30.47
2023-09-20 09:00:00+00:00,114.03,30.22
2023-09-20 10:00:00+00:00,3.22,29.26
2023-09-20 11:00:00+00:00,0.0,28.59
2023-09-20 12:00:00+00:00,0.0,28.33
2023-09-20 13:00:00+00:00,0.0,28.24
2023-09-20 14:00:00+00:00,0.0,28.2
2023-09-20 15:00:00+00:00,0.0,28.12
2023-09-20 16:00:00+00:00,0.0,28.0
2023-09-20 17:00:00+00:00,0.0,27.87
2023-09-20 18:00:00+00:00,0.0,27.75
2023-09-20 19:00:00+00:00,0.0,27.62
2023-09-20 20:00:00+00:00,0.0,27.49
2023-09-20 21:00:00+00:00,0.0,27.35
2023-09-20 22:00:00+00:00,29.45,27.32
2023-09-20 23:00:00+00:00,211.65,27.97
2023-09-21 00:00:00+00:00,437.33,28.44
2023-09-21 01:00:00+00:00,633.83,29.02
2023-09-21 02:00:00+00:00,784.92,29.7
2023-09-21 03:00:00+00:00,840.72,30.36
2023-09-21 04:00:00+00:00,871.42,30.8
2023-09-21 05:00:00+00:00,825.12,31.03
2023-09-21 06:00:00+00:00,703.2,31.57
2023-09-21 07:00:00+00:00,509.95,31.86
2023-09-21 08:00:00+00:00,272.83,31.88
2023-09-21 09:00:00+00:00,95.03,31.57
2023-09-21 10:00:00+00:00,0.0,30.67
2023-09-21 11:00:00+00:00,0.0,29.87
2023-09-21 12:00:00+00:00,0.0,29.6
2023-09-21 13:00:00+00:00,0.0,29.19
2023-09-21 14:00:00+00:00,0.0,28.83
2023-09-21 15:00:00+00:00,0.0,28.55
2023-09-21 16:00:00+00:00,0.0,28.33
2023-09-21 17:00:00+00:00,0.0,28.17
2023-09-21 18:00:00+00:00,0.0,28.05
2023-09-21 19:00:00+00:00,0.0,27.97
2023-09-21 20:00:00+00:00,0.0,27.93
2023-09-21 21:00:00+00:00,0.0,28.07
2023-09-21 22:00:00+00:00,24.7,28.13
2023-09-21 23:00:00+00:00,172.32,28.62
2023-09-22 00:00:00+00:00,358.83,29.21
2023-09-22 01:00:00+00:00,513.95,29.78
2023-09-22 02:00:00+00:00,619.67,30.27
2023-09-22 03:00:00+00:00,687.08,30.67
2023-09-22 04:00:00+00:00,701.62,30.8
2023-09-22 05:00:00+00:00,624.28,30.95
2023-09-22 06:00:00+00:00,556.42,31.25
2023-09-22 07:00:00+00:00,385.98,31.3
2023-09-22 08:00:00+00:00,216.25,30.93
2023-09-22 09:00:00+00:00,72.78,30.55
2023-09-22 10:00:00+00:00,0.0,29.9
2023-09-22 11:00:00+00:00,0.0,29.5
2023-09-22 12:00:00+00:00,0.0,29.07
2023-09-22 13:00:00+00:00,0.0,28.67
2023-09-22 14:00:00+00:00,0.0,28.42
2023-09-22 15:00:00+00:00,0.0,28.26
2023-09-22 16:00:00+00:00,0.0,28.16
2023-09-22 17:00:00+00:00,0.0,28.06
2023-09-22 18:00:00+00:00,0.0,27.97
2023-09-22 19:00:00+00:00,0.0,27.9
2023-09-22 20:00:00+00:00,0.0,27.8
2023-09-22 21:00:00+00:00,0.0,27.69
2023-09-22 22:00:00+00:00,21.1,27.63
2023-09-22 23:00:00+00:00,164.05,28.29
2023-09-23 00:00:00+00:00,375.38,28.74
2023-09-23 01:00:00+00:00,604.62,29.24
2023-09-23 02:00:00+00:00,732.9,29.81
2023-09-23 03:00:00+00:00,795.7,30.44
2023-09-23 04:00:00+00:00,849.9,30.9
2023-09-23 05:00:00+00:00,770.12,31.13
2023-09-23 06:00:00+00:00,693.3,31.2
2023-09-23 07:00:00+00:00,501.15,31.17
2023-09-23 08:00:00+00:00,309.92,31.03
2023-09-23 09:00:00+00:00,109.95,30.69
2023-09-23 10:00:00+00:00,0.0,29.87
2023-09-23 11:00:00+00:00,0.0,29.13
2023-09-23 12:00:00+00:00,0.0,28.63
2023-09-23 13:00:00+00:00,0.0,28.38
2023-09-23 14:00:00+00:00,0.0,28.25
2023-09-23 15:00:00+00:00,0.0,28.13
2023-09-23 16:00:00+00:00,0.0,28.02
2023-09-23 17:00:00+00:00,0.0,27.91
2023-09-23 18:00:00+00:00,0.0,27.81
2023-09-23 19:00:00+00:00,0.0,27.75
2023-09-23 20:00:00+00:00,0.0,27.71
2023-09-23 21:00:00+00:00,0.0,27.67
2023-09-23 22:00:00+00:00,21.7,27.65
2023-09-23 23:00:00+00:00,152.32,28.13
2023-09-24 00:00:00+00:00,329.08,28.47
2023-09-24 01:00:00+00:00,506.1,28.85
2023-09-24 02:00:00+00:00,615.33,29.29
2023-09-24 03:00:00+00:00,715.12,29.7
2023-09-24 04:00:00+00:00,827.12,30.13
2023-09-24 05:00:00+00:00,765.08,30.48
2023-09-24 06:00:00+00:00,652.28,30.74
2023-09-24 07:00:00+00:00,477.0,30.77
2023-09-24 08:00:00+00:00,251.38,30.51
2023-09-24 09:00:00+00:00,78.1,29.81
2023-09-24 10:00:00+00:00,0.0,28.88
2023-09-24 11:00:00+00:00,0.0,28.57
2023-09-24 12:00:00+00:00,0.0,28.48
2023-09-24 13:00:00+00:00,0.0,28.36
2023-09-24 14:00:00+00:00,0.0,28.24
2023-09-24 15:00:00+00:00,0.0,28.07
2023-09-24 16:00:00+00:00,0.0,27.84
2023-09-24 17:00:00+00:00,0.0,27.67
2023-09-24 18:00:00+00:00,0.0,27.48
2023-09-24 19:00:00+00:00,0.0,27.36
2023-09-24 20:00:00+00:00,0.0,27.32
2023-09-24 21:00:00+00:00,0.0,27.34
2023-09-24 22:00:00+00:00,29.8,27.41
2023-09-24 23:00:00+00:00,218.0,28.14
2023-09-25 00:00:00+00:00,439.2,28.7
2023-09-25 01:00:00+00:00,638.28,29.33
2023-09-25 02:00:00+00:00,780.42,29.87
2023-09-25 03:00:00+00:00,851.9,30.35
2023-09-25 04:00:00+00:00,836.85,30.74
2023-09-25 05:00:00+00:00,794.28,31.0
2023-09-25 06:00:00+00:00,685.78,31.1
2023-09-25 07:00:00+00:00,509.33,31.03
2023-09-25 08:00:00+00:00,300.42,30.81
2023-09-25 09:00:00+00:00,101.3,30.04
2023-09-25 10:00:00+00:00,0.0,28.94
2023-09-25 11:00:00+00:00,0.0,28.46
2023-09-25 12:00:00+00:00,0.0,28.29
2023-09-25 13:00:00+00:00,0.0,28.19
2023-09-25 14:00:00+00:00,0.0,28.08
2023-09-25 15:00:00+00:00,0.0,27.94
2023-09-25 16:00:00+00:00,0.0,27.75
2023-09-25 17:00:00+00:00,0.0,27.56
2023-09-25 18:00:00+00:00,0.0,27.39
2023-09-25 19:00:00+00:00,0.0,27.27
2023-09-25 20:00:00+00:00,0.0,27.18
2023-09-25 21:00:00+00:00,0.0,27.1
2023-09-25 22:00:00+00:00,28.62,27.13
2023-09-25 23:00:00+00:00,194.45,27.92
2023-09-26 00:00:00+00:00,385.48,28.52
2023-09-26 01:00:00+00:00,536.9,29.24
2023-09-26 02:00:00+00:00,680.25,29.82
2023-09-26 03:00:00+00:00,768.03,30.3
2023-09-26 04:00:00+00:00,866.35,30.7
2023-09-26 05:00:00+00:00,807.55,30.95
2023-09-26 06:00:00+00:00,694.17,31.06
2023-09-26 07:00:00+00:00,523.15,31.03
2023-09-26 08:00:00+00:00,297.1,30.86
2023-09-26 09:00:00+00:00,96.12,30.36
2023-09-26 10:00:00+00:00,0.0,29.35
2023-09-26 11:00:00+00:00,0.0,28.82
2023-09-26 12:00:00+00:00,0.0,28.54
2023-09-26 13:00:00+00:00,0.0,28.38
2023-09-26 14:00:00+00:00,0.0,28.28
2023-09-26 15:00:00+00:00,0.0,28.17
2023-09-26 16:00:00+00:00,0.0,28.06
2023-09-26 17:00:00+00:00,0.0,27.95
2023-09-26 18:00:00+00:00,0.0,27.87
2023-09-26 19:00:00+00:00,0.0,27.8
2023-09-26 20:00:00+00:00,0.0,27.72
2023-09-26 21:00:00+00:00,0.0,27.65
2023-09-26 22:00:00+00:00,23.38,27.66
2023-09-26 23:00:00+00:00,184.07,28.36
2023-09-27 00:00:00+00:00,393.58,28.96
2023-09-27 01:00:00+00:00,555.45,29.62
2023-09-27 02:00:00+00:00,689.0,30.23
2023-09-27 03:00:00+00:00,764.88,30.77
2023-09-27 04:00:00+00:00,798.88,31.1
2023-09-27 05:00:00+00:00,755.25,31.29
2023-09-27 06:00:00+00:00,643.88,31.33
2023-09-27 07:00:00+00:00,458.73,31.18
2023-09-27 08:00:00+00:00,258.35,30.93
2023-09-27 09:00:00+00:00,81.2,30.43
2023-09-27 10:00:00+00:00,0.0,29.63
2023-09-27 11:00:00+00:00,0.0,29.17
2023-09-27 12:00:00+00:00,0.0,28.89
2023-09-27 13:00:00+00:00,0.0,28.68
2023-09-27 14:00:00+00:00,0.0,28.51
2023-09-27 15:00:00+00:00,0.0,28.44
2023-09-27 16:00:00+00:00,0.0,28.45
2023-09-27 17:00:00+00:00,0.0,28.44
2023-09-27 18:00:00+00:00,0.0,28.38
2023-09-27 19:00:00+00:00,0.0,28.23
2023-09-27 20:00:00+00:00,0.0,28.08
2023-09-27 21:00:00+00:00,0.0,27.97
2023-09-27 22:00:00+00:00,21.08,27.95
2023-09-27 23:00:00+00:00,170.1,28.68
2023-09-28 00:00:00+00:00,395.12,29.2
2023-09-28 01:00:00+00:00,532.08,29.7
2023-09-28 02:00:00+00:00,688.97,30.15
2023-09-28 03:00:00+00:00,787.9,30.55
2023-09-28 04:00:00+00:00,832.42,30.9
2023-09-28 05:00:00+00:00,754.85,31.04
2023-09-28 06:00:00+00:00,664.17,31.09
2023-09-28 07:00:00+00:00,488.4,31.04
2023-09-28 08:00:00+00:00,281.12,30.96
2023-09-28 09:00:00+00:00,83.78,30.65
2023-09-28 10:00:00+00:00,0.0,29.91
2023-09-28 11:00:00+00:00,0.0,29.44
2023-09-28 12:00:00+00:00,0.0,29.05
2023-09-28 13:00:00+00:00,0.0,28.72
2023-09-28 14:00:00+00:00,0.0,28.45
2023-09-28 15:00:00+00:00,0.0,28.29
2023-09-28 16:00:00+00:00,0.0,28.21
2023-09-28 17:00:00+00:00,0.0,28.21
2023-09-28 18:00:00+00:00,0.0,28.15
2023-09-28 19:00:00+00:00,0.0,28.01
2023-09-28 20:00:00+00:00,0.0,27.86
2023-09-28 21:00:00+00:00,0.0,27.67
2023-09-28 22:00:00+00:00,22.35,27.58
2023-09-28 23:00:00+00:00,176.43,28.24
2023-09-29 00:00:00+00:00,382.05,28.67
2023-09-29 01:00:00+00:00,545.5,29.2
2023-09-29 02:00:00+00:00,682.75,29.77
2023-09-29 03:00:00+00:00,783.17,30.33
2023-09-29 04:00:00+00:00,842.5,30.83
2023-09-29 05:00:00+00:00,763.12,31.13
2023-09-29 06:00:00+00:00,677.3,31.18
2023-09-29 07:00:00+00:00,490.33,31.08
2023-09-29 08:00:00+00:00,266.2,30.96
2023-09-29 09:00:00+00:00,80.5,30.74
2023-09-29 10:00:00+00:00,0.0,30.16
2023-09-29 11:00:00+00:00,0.0,29.66
2023-09-29 12:00:00+00:00,0.0,29.27
2023-09-29 13:00:00+00:00,0.0,29.02
2023-09-29 14:00:00+00:00,0.0,28.92
2023-09-29 15:00:00+00:00,0.0,28.82
2023-09-29 16:00:00+00:00,0.0,28.65
2023-09-29 17:00:00+00:00,0.0,28.67
2023-09-29 18:00:00+00:00,0.0,28.56
2023-09-29 19:00:00+00:00,0.0,28.38
2023-09-29 20:00:00+00:00,0.0,28.16
2023-09-29 21:00:00+00:00,0.0,27.87
2023-09-29 22:00:00+00:00,25.75,27.68
2023-09-29 23:00:00+00:00,200.07,28.34
2023-09-30 00:00:00+00:00,418.75,29.11
2023-09-30 01:00:00+00:00,553.05,29.73
2023-09-30 02:00:00+00:00,680.5,30.29
2023-09-30 03:00:00+00:00,759.22,30.77
2023-09-30 04:00:00+00:00,806.4,31.13
2023-09-30 05:00:00+00:00,744.28,31.28
2023-09-30 06:00:00+00:00,601.7,31.25
2023-09-30 07:00:00+00:00,447.95,31.24
2023-09-30 08:00:00+00:00,257.5,31.24
2023-09-30 09:00:00+00:00,78.15,31.07
2023-09-30 10:00:00+00:00,0.0,30.75
2023-09-30 11:00:00+00:00,0.0,30.66
2023-09-30 12:00:00+00:00,0.0,30.32
2023-09-30 13:00:00+00:00,0.0,29.94
2023-09-30 14:00:00+00:00,0.0,29.53
2023-09-30 15:00:00+00:00,0.0,29.19
2023-09-30 16:00:00+00:00,0.0,28.91
2023-09-30 17:00:00+00:00,0.0,28.66
2023-09-30 18:00:00+00:00,0.0,28.48
2023-09-30 19:00:00+00:00,0.0,28.35
2023-09-30 20:00:00+00:00,0.0,28.17
2023-09-30 21:00:00+00:00,0.0,28.02
2023-09-30 22:00:00+00:00,23.17,27.92
2023-09-30 23:00:00+00:00,187.0,28.23
2023-10-01 00:00:00+00:00,273.3,28.49
2023-10-01 01:00:00+00:00,451.58,28.96
2023-10-01 02:00:00+00:00,682.8,29.58
2023-10-01 03:00:00+00:00,805.22,30.16
2023-10-01 04:00:00+00:00,845.05,30.58
2023-10-01 05:00:00+00:00,798.08,30.75
2023-10-01 06:00:00+00:00,682.92,30.77
2023-10-01 07:00:00+00:00,495.17,30.69
2023-10-01 08:00:00+00:00,273.33,30.56
2023-10-01 09:00:00+00:00,75.8,30.21
2023-10-01 10:00:00+00:00,0.0,29.41
2023-10-01 11:00:00+00:00,0.0,28.93
2023-10-01 12:00:00+00:00,0.0,28.65
2023-10-01 13:00:00+00:00,0.0,28.52
2023-10-01 14:00:00+00:00,0.0,28.44
2023-10-01 15:00:00+00:00,0.0,28.34
2023-10-01 16:00:00+00:00,0.0,28.22
2023-10-01 17:00:00+00:00,0.0,28.12
2023-10-01 18:00:00+00:00,0.0,27.99
2023-10-01 19:00:00+00:00,0.0,27.87
2023-10-01 20:00:00+00:00,0.0,27.73
2023-10-01 21:00:00+00:00,0.0,27.61
2023-10-01 22:00:00+00:00,18.55,27.56
2023-10-01 23:00:00+00:00,136.65,28.06
2023-10-02 00:00:00+00:00,295.83,28.45
2023-10-02 01:00:00+00:00,439.38,28.9
2023-10-02 02:00:00+00:00,558.9,29.37
2023-10-02 03:00:00+00:00,693.45,29.87
2023-10-02 04:00:00+00:00,797.72,30.27
2023-10-02 05:00:00+00:00,749.65,30.53
2023-10-02 06:00:00+00:00,614.33,30.68
2023-10-02 07:00:00+00:00,471.17,30.63
2023-10-02 08:00:00+00:00,241.62,30.45
2023-10-02 09:00:00+00:00,60.55,30.03
2023-10-02 10:00:00+00:00,0.0,29.33
2023-10-02 11:00:00+00:00,0.0,29.08
2023-10-02 12:00:00+00:00,0.0,28.91
2023-10-02 13:00:00+00:00,0.0,28.73
2023-10-02 14:00:00+00:00,0.0,28.5
2023-10-02 15:00:00+00:00,0.0,28.26
2023-10-02 16:00:00+00:00,0.0,28.09
2023-10-02 17:00:00+00:00,0.0,28.12
2023-10-02 18:00:00+00:00,0.0,28.22
2023-10-02 19:00:00+00:00,0.0,28.22
2023-10-02 20:00:00+00:00,0.0,28.07
2023-10-02 21:00:00+00:00,0.0,27.92
2023-10-02 22:00:00+00:00,17.88,27.82
2023-10-02 23:00:00+00:00,136.05,28.14
2023-10-03 00:00:00+00:00,298.95,28.69
2023-10-03 01:00:00+00:00,441.83,29.28
2023-10-03 02:00:00+00:00,607.28,29.9
2023-10-03 03:00:00+00:00,720.85,30.39
2023-10-03 04:00:00+00:00,778.7,30.75
2023-10-03 05:00:00+00:00,736.35,31.01
2023-10-03 06:00:00+00:00,638.85,31.19
2023-10-03 07:00:00+00:00,455.25,31.02
2023-10-03 08:00:00+00:00,256.12,30.77
2023-10-03 09:00:00+00:00,67.9,30.7
2023-10-03 10:00:00+00:00,0.0,30.39
2023-10-03 11:00:00+00:00,0.0,29.92
2023-10-03 12:00:00+00:00,0.0,29.53
2023-10-03 13:00:00+00:00,0.0,29.23
2023-10-03 14:00:00+00:00,0.0,28.96
2023-10-03 15:00:00+00:00,0.0,28.68
2023-10-03 16:00:00+00:00,0.0,28.43
2023-10-03 17:00:00+00:00,0.0,28.21
2023-10-03 18:00:00+00:00,0.0,28.03
2023-10-03 19:00:00+00:00,0.0,27.9
2023-10-03 20:00:00+00:00,0.0,27.73
2023-10-03 21:00:00+00:00,0.0,27.59
2023-10-03 22:00:00+00:00,20.58,27.58
2023-10-03 23:00:00+00:00,169.18,28.22
2023-10-04 00:00:00+00:00,369.0,28.84
2023-10-04 01:00:00+00:00,545.58,29.66
2023-10-04 02:00:00+00:00,678.53,30.37
2023-10-04 03:00:00+00:00,697.78,30.84
2023-10-04 04:00:00+00:00,762.25,31.1
2023-10-04 05:00:00+00:00,688.85,31.32
2023-10-04 06:00:00+00:00,596.3,31.4
2023-10-04 07:00:00+00:00,460.05,31.39
2023-10-04 08:00:00+00:00,235.23,31.26
2023-10-04 09:00:00+00:00,57.5,30.82
2023-10-04 10:00:00+00:00,0.0,30.05
2023-10-04 11:00:00+00:00,0.0,29.72
2023-10-04 12:00:00+00:00,0.0,29.48
2023-10-04 13:00:00+00:00,0.0,29.2
2023-10-04 14:00:00+00:00,0.0,28.8
2023-10-04 15:00:00+00:00,0.0,28.4
2023-10-04 16:00:00+00:00,0.0,28.02
2023-10-04 17:00:00+00:00,0.0,27.56
2023-10-04 18:00:00+00:00,0.0,27.12
2023-10-04 19:00:00+00:00,0.0,26.72
2023-10-04 20:00:00+00:00,0.0,26.31
2023-10-04 21:00:00+00:00,0.0,25.95
2023-10-04 22:00:00+00:00,19.02,25.69
2023-10-04 23:00:00+00:00,154.98,26.01
2023-10-05 00:00:00+00:00,344.7,26.55
2023-10-05 01:00:00+00:00,498.95,27.37
2023-10-05 02:00:00+00:00,624.88,28.2
2023-10-05 03:00:00+00:00,694.83,28.93
2023-10-05 04:00:00+00:00,715.05,29.62
2023-10-05 05:00:00+00:00,672.08,30.12
2023-10-05 06:00:00+00:00,560.62,30.34
2023-10-05 07:00:00+00:00,387.02,30.34
2023-10-05 08:00:00+00:00,209.3,30.1
2023-10-05 09:00:00+00:00,50.67,29.5
2023-10-05 10:00:00+00:00,0.0,28.67
2023-10-05 11:00:00+00:00,0.0,28.25
2023-10-05 12:00:00+00:00,0.0,27.8
2023-10-05 13:00:00+00:00,0.0,27.14
2023-10-05 14:00:00+00:00,0.0,26.33
2023-10-05 15:00:00+00:00,0.0,25.69
2023-10-05 16:00:00+00:00,0.0,25.24
2023-10-05 17:00:00+00:00,0.0,24.89
2023-10-05 18:00:00+00:00,0.0,24.66
2023-10-05 19:00:00+00:00,0.0,24.51
2023-10-05 20:00:00+00:00,0.0,24.42
2023-10-05 21:00:00+00:00,0.0,24.3
2023-10-05 22:00:00+00:00,14.77,24.2
2023-10-05 23:00:00+00:00,138.4,24.76
2023-10-06 00:00:00+00:00,297.12,25.52
2023-10-06 01:00:00+00:00,426.17,26.46
2023-10-06 02:00:00+00:00,497.98,27.28
2023-10-06 03:00:00+00:00,527.83,27.94
2023-10-06 04:00:00+00:00,512.83,28.51
2023-10-06 05:00:00+00:00,396.52,28.96
2023-10-06 06:00:00+00:00,246.88,29.25
2023-10-06 07:00:00+00:00,97.9,29.35
2023-10-06 08:00:00+00:00,66.18,29.17
2023-10-06 09:00:00+00:00,6.53,28.59
2023-10-06 10:00:00+00:00,0.0,27.79
2023-10-06 11:00:00+00:00,0.0,27.32
2023-10-06 12:00:00+00:00,0.0,26.85
2023-10-06 13:00:00+00:00,0.0,26.35
2023-10-06 14:00:00+00:00,0.0,25.57
2023-10-06 15:00:00+00:00,0.0,24.79
2023-10-06 16:00:00+00:00,0.0,24.28
2023-10-06 17:00:00+00:00,0.0,23.85
2023-10-06 18:00:00+00:00,0.0,23.41
2023-10-06 19:00:00+00:00,0.0,22.99
2023-10-06 20:00:00+00:00,0.0,22.72
2023-10-06 21:00:00+00:00,0.0,22.48
2023-10-06 22:00:00+00:00,6.78,22.29
2023-10-06 23:00:00+00:00,46.85,22.48
2023-10-07 00:00:00+00:00,101.2,23.17
2023-10-07 01:00:00+00:00,177.18,24.31
2023-10-07 02:00:00+00:00,181.52,25.57
2023-10-07 03:00:00+00:00,223.23,26.41
2023-10-07 04:00:00+00:00,141.6,26.93
2023-10-07 05:00:00+00:00,122.82,27.18
2023-10-07 06:00:00+00:00,115.75,27.19
2023-10-07 07:00:00+00:00,89.32,26.97
2023-10-07 08:00:00+00:00,55.25,26.41
2023-10-07 09:00:00+00:00,16.42,25.56
2023-10-07 10:00:00+00:00,0.0,24.76
2023-10-07 11:00:00+00:00,0.0,24.12
2023-10-07 12:00:00+00:00,0.0,23.53
2023-10-07 13:00:00+00:00,0.0,22.96
2023-10-07 14:00:00+00:00,0.0,22.57
2023-10-07 15:00:00+00:00,0.0,22.45
2023-10-07 16:00:00+00:00,0.0,22.42
2023-10-07 17:00:00+00:00,0.0,22.32
2023-10-07 18:00:00+00:00,0.0,22.15
2023-10-07 19:00:00+00:00,0.0,21.93
2023-10-07 20:00:00+00:00,0.0,21.79
2023-10-07 21:00:00+00:00,0.0,21.61
2023-10-07 22:00:00+00:00,5.43,21.52
2023-10-07 23:00:00+00:00,34.97,21.71
2023-10-08 00:00:00+00:00,68.35,22.45
2023-10-08 01:00:00+00:00,94.15,23.62
2023-10-08 02:00:00+00:00,91.93,24.8
2023-10-08 03:00:00+00:00,90.82,25.64
2023-10-08 04:00:00+00:00,123.62,26.22
2023-10-08 05:00:00+00:00,141.88,26.59
2023-10-08 06:00:00+00:00,67.72,26.7
2023-10-08 07:00:00+00:00,84.1,26.51
2023-10-08 08:00:00+00:00,49.7,26.18
2023-10-08 09:00:00+00:00,14.25,25.81
2023-10-08 10:00:00+00:00,0.0,25.4
2023-10-08 11:00:00+00:00,0.0,24.91
2023-10-08 12:00:00+00:00,0.0,24.3
2023-10-08 13:00:00+00:00,0.0,23.64
2023-10-08 14:00:00+00:00,0.0,23.0
2023-10-08 15:00:00+00:00,0.0,22.55
2023-10-08 16:00:00+00:00,0.0,22.44
2023-10-08 17:00:00+00:00,0.0,22.52
2023-10-08 18:00:00+00:00,0.0,22.72
2023-10-08 19:00:00+00:00,0.0,22.93
2023-10-08 20:00:00+00:00,0.0,23.17
2023-10-08 21:00:00+00:00,0.0,23.6
2023-10-08 22:00:00+00:00,3.85,23.87
2023-10-08 23:00:00+00:00,23.88,23.88
2023-10-09 00:00:00+00:00,37.97,24.0
2023-10-09 01:00:00+00:00,54.0,24.43
2023-10-09 02:00:00+00:00,58.75,24.99
2023-10-09 03:00:00+00:00,70.47,25.42
2023-10-09 04:00:00+00:00,96.53,25.73
2023-10-09 05:00:00+00:00,87.38,26.02
2023-10-09 06:00:00+00:00,60.35,26.21
2023-10-09 07:00:00+00:00,42.4,26.26
2023-10-09 08:00:00+00:00,29.3,26.25
2023-10-09 09:00:00+00:00,10.1,26.21
2023-10-09 10:00:00+00:00,0.0,26.1
2023-10-09 11:00:00+00:00,0.0,25.89
2023-10-09 12:00:00+00:00,0.0,25.64
2023-10-09 13:00:00+00:00,0.0,25.38
2023-10-09 14:00:00+00:00,0.0,25.17
2023-10-09 15:00:00+00:00,0.0,24.95
2023-10-09 16:00:00+00:00,0.0,24.67
2023-10-09 17:00:00+00:00,0.0,24.37
2023-10-09 18:00:00+00:00,0.0,24.05
2023-10-09 19:00:00+00:00,0.0,23.84
2023-10-09 20:00:00+00:00,0.0,23.67
2023-10-09 21:00:00+00:00,0.0,23.47
2023-10-09 22:00:00+00:00,8.25,23.25
2023-10-09 23:00:00+00:00,77.9,23.2
2023-10-10 00:00:00+00:00,173.23,23.57
2023-10-10 01:00:00+00:00,279.33,24.32
2023-10-10 02:00:00+00:00,407.38,25.36
2023-10-10 03:00:00+00:00,459.65,26.23
2023-10-10 04:00:00+00:00,465.4,26.75
2023-10-10 05:00:00+00:00,376.2,27.06
2023-10-10 06:00:00+00:00,292.0,27.26
2023-10-10 07:00:00+00:00,185.15,27.32
2023-10-10 08:00:00+00:00,93.3,27.26
2023-10-10 09:00:00+00:00,15.18,26.96
2023-10-10 10:00:00+00:00,0.0,26.42
2023-10-10 11:00:00+00:00,0.0,26.17
2023-10-10 12:00:00+00:00,0.0,25.91
2023-10-10 13:00:00+00:00,0.0,25.57
2023-10-10 14:00:00+00:00,0.0,25.28
2023-10-10 15:00:00+00:00,0.0,25.04
2023-10-10 16:00:00+00:00,0.0,24.85
2023-10-10 17:00:00+00:00,0.0,24.52
2023-10-10 18:00:00+00:00,0.0,24.1
2023-10-10 19:00:00+00:00,0.0,23.71
2023-10-10 20:00:00+00:00,0.0,23.48
2023-10-10 21:00:00+00:00,0.0,23.3
2023-10-10 22:00:00+00:00,12.6,23.11
2023-10-10 23:00:00+00:00,107.6,23.25
2023-10-11 00:00:00+00:00,251.15,23.66
2023-10-11 01:00:00+00:00,432.33,24.45
2023-10-11 02:00:00+00:00,582.08,25.35
2023-10-11 03:00:00+00:00,592.78,26.21
2023-10-11 04:00:00+00:00,569.38,26.88
2023-10-11 05:00:00+00:00,453.73,27.38
2023-10-11 06:00:00+00:00,438.62,27.64
2023-10-11 07:00:00+00:00,290.83,27.76
2023-10-11 08:00:00+00:00,141.95,27.67
2023-10-11 09:00:00+00:00,29.7,27.24
2023-10-11 10:00:00+00:00,0.0,26.57
2023-10-11 11:00:00+00:00,0.0,26.21
2023-10-11 12:00:00+00:00,0.0,25.84
2023-10-11 13:00:00+00:00,0.0,25.42
2023-10-11 14:00:00+00:00,0.0,25.03
2023-10-11 15:00:00+00:00,0.0,24.66
2023-10-11 16:00:00+00:00,0.0,24.28
2023-10-11 17:00:00+00:00,0.0,23.83
2023-10-11 18:00:00+00:00,0.0,23.45
2023-10-11 19:00:00+00:00,0.0,23.22
2023-10-11 20:00:00+00:00,0.0,23.1
2023-10-11 21:00:00+00:00,0.0,23.02
2023-10-11 22:00:00+00:00,12.98,22.93
2023-10-11 23:00:00+00:00,119.55,23.23
2023-10-12 00:00:00+00:00,283.75,23.78
2023-10-12 01:00:00+00:00,497.23,24.52
2023-10-12 02:00:00+00:00,639.0,25.17
2023-10-12 03:00:00+00:00,693.0,25.67
2023-10-12 04:00:00+00:00,709.1,26.12
2023-10-12 05:00:00+00:00,607.35,26.48
2023-10-12 06:00:00+00:00,452.98,26.68
2023-10-12 07:00:00+00:00,307.55,26.79
2023-10-12 08:00:00+00:00,147.15,26.8
2023-10-12 09:00:00+00:00,24.2,26.6
2023-10-12 10:00:00+00:00,0.0,26.08
2023-10-12 11:00:00+00:00,0.0,25.96
2023-10-12 12:00:00+00:00,0.0,25.88
2023-10-12 13:00:00+00:00,0.0,25.78
2023-10-12 14:00:00+00:00,0.0,25.61
2023-10-12 15:00:00+00:00,0.0,25.43
2023-10-12 16:00:00+00:00,0.0,25.19
2023-10-12 17:00:00+00:00,0.0,24.92
2023-10-12 18:00:00+00:00,0.0,24.6
2023-10-12 19:00:00+00:00,0.0,24.26
2023-10-12 20:00:00+00:00,0.0,23.89
2023-10-12 21:00:00+00:00,0.0,23.48
2023-10-12 22:00:00+00:00,16.25,23.13
2023-10-12 23:00:00+00:00,165.1,23.3
2023-10-13 00:00:00+00:00,372.02,23.88
2023-10-13 01:00:00+00:00,613.6,24.81
2023-10-13 02:00:00+00:00,717.83,25.93
2023-10-13 03:00:00+00:00,783.2,26.83
2023-10-13 04:00:00+00:00,768.45,27.51
2023-10-13 05:00:00+00:00,589.75,27.97
2023-10-13 06:00:00+00:00,491.73,28.22
2023-10-13 07:00:00+00:00,294.75,28.26
2023-10-13 08:00:00+00:00,154.25,28.07
2023-10-13 09:00:00+00:00,27.7,27.61
2023-10-13 10:00:00+00:00,0.0,26.84
2023-10-13 11:00:00+00:00,0.0,26.46
2023-10-13 12:00:00+00:00,0.0,26.09
2023-10-13 13:00:00+00:00,0.0,25.67
2023-10-13 14:00:00+00:00,0.0,25.23
2023-10-13 15:00:00+00:00,0.0,24.84
2023-10-13 16:00:00+00:00,0.0,24.49
2023-10-13 17:00:00+00:00,0.0,24.07
2023-10-13 18:00:00+00:00,0.0,23.71
2023-10-13 19:00:00+00:00,0.0,23.46
2023-10-13 20:00:00+00:00,0.0,23.23
2023-10-13 21:00:00+00:00,0.0,22.95
2023-10-13 22:00:00+00:00,15.27,22.61
2023-10-13 23:00:00+00:00,155.23,22.97
2023-10-14 00:00:00+00:00,354.0,23.68
2023-10-14 01:00:00+00:00,551.62,24.59
2023-10-14 02:00:00+00:00,706.22,25.55
2023-10-14 03:00:00+00:00,792.42,26.46
2023-10-14 04:00:00+00:00,838.78,27.11
2023-10-14 05:00:00+00:00,744.78,27.55
2023-10-14 06:00:00+00:00,647.22,27.77
2023-10-14 07:00:00+00:00,444.1,27.89
2023-10-14 08:00:00+00:00,222.52,27.87
2023-10-14 09:00:00+00:00,40.65,27.44
2023-10-14 10:00:00+00:00,0.0,26.98
2023-10-14 11:00:00+00:00,0.0,26.63
2023-10-14 12:00:00+00:00,0.0,26.24
2023-10-14 13:00:00+00:00,0.0,25.9
2023-10-14 14:00:00+00:00,0.0,25.55
2023-10-14 15:00:00+00:00,0.0,25.26
2023-10-14 16:00:00+00:00,0.0,25.03
2023-10-14 17:00:00+00:00,0.0,24.77
2023-10-14 18:00:00+00:00,0.0,24.48
2023-10-14 19:00:00+00:00,0.0,24.13
2023-10-14 20:00:00+00:00,0.0,23.77
2023-10-14 21:00:00+00:00,0.0,23.39
2023-10-14 22:00:00+00:00,12.5,23.09
2023-10-14 23:00:00+00:00,124.9,23.43
2023-10-15 00:00:00+00:00,277.25,24.17
2023-10-15 01:00:00+00:00,421.15,25.07
2023-10-15 02:00:00+00:00,573.75,25.94
2023-10-15 03:00:00+00:00,629.17,26.69
2023-10-15 04:00:00+00:00,731.53,27.32
2023-10-15 05:00:00+00:00,666.2,27.84
2023-10-15 06:00:00+00:00,527.15,28.2
2023-10-15 07:00:00+00:00,327.12,28.34
2023-10-15 08:00:00+00:00,160.55,28.32
2023-10-15 09:00:00+00:00,31.0,27.81
2023-10-15 10:00:00+00:00,0.0,26.89
2023-10-15 11:00:00+00:00,0.0,26.46
2023-10-15 12:00:00+00:00,0.0,26.04
2023-10-15 13:00:00+00:00,0.0,25.62
2023-10-15 14:00:00+00:00,0.0,25.2
2023-10-15 15:00:00+00:00,0.0,24.87
2023-10-15 16:00:00+00:00,0.0,24.55
2023-10-15 17:00:00+00:00,0.0,24.14
2023-10-15 18:00:00+00:00,0.0,23.67
2023-10-15 19:00:00+00:00,0.0,23.18
2023-10-15 20:00:00+00:00,0.0,22.78
2023-10-15 21:00:00+00:00,0.0,22.41
2023-10-15 22:00:00+00:00,13.18,22.1
2023-10-15 23:00:00+00:00,114.2,22.26
2023-10-16 00:00:00+00:00,261.75,23.03
2023-10-16 01:00:00+00:00,416.77,24.54
2023-10-16 02:00:00+00:00,511.2,25.74
2023-10-16 03:00:00+00:00,627.17,26.59
2023-10-16 04:00:00+00:00,641.58,27.2
2023-10-16 05:00:00+00:00,566.35,27.68
2023-10-16 06:00:00+00:00,524.03,27.97
2023-10-16 07:00:00+00:00,362.65,28.12
2023-10-16 08:00:00+00:00,175.45,28.06
2023-10-16 09:00:00+00:00,31.8,27.45
2023-10-16 10:00:00+00:00,0.0,26.5
2023-10-16 11:00:00+00:00,0.0,26.07
2023-10-16 12:00:00+00:00,0.0,25.75
2023-10-16 13:00:00+00:00,0.0,25.43
2023-10-16 14:00:00+00:00,0.0,25.12
2023-10-16 15:00:00+00:00,0.0,24.9
2023-10-16 16:00:00+00:00,0.0,24.82
2023-10-16 17:00:00+00:00,0.0,24.77
2023-10-16 18:00:00+00:00,0.0,24.69
2023-10-16 19:00:00+00:00,0.0,24.55
2023-10-16 20:00:00+00:00,0.0,24.4
2023-10-16 21:00:00+00:00,0.0,24.26
2023-10-16 22:00:00+00:00,9.48,24.14
2023-10-16 23:00:00+00:00,84.85,24.28
2023-10-17 00:00:00+00:00,182.5,24.52
2023-10-17 01:00:00+00:00,293.65,24.8
2023-10-17 02:00:00+00:00,441.33,24.86
2023-10-17 03:00:00+00:00,547.05,24.87
2023-10-17 04:00:00+00:00,454.3,24.92
2023-10-17 05:00:00+00:00,457.58,25.05
2023-10-17 06:00:00+00:00,295.25,25.38
2023-10-17 07:00:00+00:00,178.18,25.83
2023-10-17 08:00:00+00:00,89.88,25.99
2023-10-17 09:00:00+00:00,15.1,25.56
2023-10-17 10:00:00+00:00,0.0,24.97
2023-10-17 11:00:00+00:00,0.0,24.75
2023-10-17 12:00:00+00:00,0.0,24.55
2023-10-17 13:00:00+00:00,0.0,24.28
2023-10-17 14:00:00+00:00,0.0,24.04
2023-10-17 15:00:00+00:00,0.0,23.87
2023-10-17 16:00:00+00:00,0.0,23.81
2023-10-17 17:00:00+00:00,0.0,23.77
2023-10-17 18:00:00+00:00,0.0,23.84
2023-10-17 19:00:00+00:00,0.0,23.99
2023-10-17 20:00:00+00:00,0.0,24.11
2023-10-17 21:00:00+00:00,0.0,24.11
2023-10-17 22:00:00+00:00,5.72,24.03
2023-10-17 23:00:00+00:00,63.17,24.24
2023-10-18 00:00:00+00:00,132.45,24.83
2023-10-18 01:00:00+00:00,220.73,25.59
2023-10-18 02:00:00+00:00,246.07,26.2
2023-10-18 03:00:00+00:00,185.77,26.4
2023-10-18 04:00:00+00:00,270.48,26.33
2023-10-18 05:00:00+00:00,150.43,26.14
2023-10-18 06:00:00+00:00,93.7,25.99
2023-10-18 07:00:00+00:00,96.25,25.92
2023-10-18 08:00:00+00:00,53.75,25.74
2023-10-18 09:00:00+00:00,11.27,25.52
2023-10-18 10:00:00+00:00,0.0,25.39
2023-10-18 11:00:00+00:00,0.0,25.42
2023-10-18 12:00:00+00:00,0.0,25.44
2023-10-18 13:00:00+00:00,0.0,25.47
2023-10-18 14:00:00+00:00,0.0,25.5
2023-10-18 15:00:00+00:00,0.0,25.52
2023-10-18 16:00:00+00:00,0.0,25.56
2023-10-18 17:00:00+00:00,0.0,25.52
2023-10-18 18:00:00+00:00,0.0,25.46
2023-10-18 19:00:00+00:00,0.0,25.43
2023-10-18 20:00:00+00:00,0.0,25.45
2023-10-18 21:00:00+00:00,0.0,25.42
2023-10-18 22:00:00+00:00,6.35,25.36
2023-10-18 23:00:00+00:00,76.9,25.45
2023-10-19 00:00:00+00:00,135.77,25.66
2023-10-19 01:00:00+00:00,201.6,26.01
2023-10-19 02:00:00+00:00,239.32,26.34
2023-10-19 03:00:00+00:00,270.5,26.56
2023-10-19 04:00:00+00:00,250.1,26.68
2023-10-19 05:00:00+00:00,194.5,26.74
2023-10-19 06:00:00+00:00,182.12,26.74
2023-10-19 07:00:00+00:00,139.18,26.67
2023-10-19 08:00:00+00:00,83.07,26.54
2023-10-19 09:00:00+00:00,16.17,26.27
2023-10-19 10:00:00+00:00,0.0,25.95
2023-10-19 11:00:00+00:00,0.0,25.82
2023-10-19 12:00:00+00:00,0.0,25.71
2023-10-19 13:00:00+00:00,0.0,25.57
2023-10-19 14:00:00+00:00,0.0,25.42
2023-10-19 15:00:00+00:00,0.0,25.3
2023-10-19 16:00:00+00:00,0.0,25.24
2023-10-19 17:00:00+00:00,0.0,25.17
2023-10-19 18:00:00+00:00,0.0,25.09
2023-10-19 19:00:00+00:00,0.0,24.91
2023-10-19 20:00:00+00:00,0.0,24.77
2023-10-19 21:00:00+00:00,0.0,24.74
2023-10-19 22:00:00+00:00,9.05,24.76
2023-10-19 23:00:00+00:00,97.7,25.04
2023-10-20 00:00:00+00:00,209.65,25.38
2023-10-20 01:00:00+00:00,326.92,25.79
2023-10-20 02:00:00+00:00,334.98,26.33
2023-10-20 03:00:00+00:00,286.25,26.71
2023-10-20 04:00:00+00:00,269.4,26.68
2023-10-20 05:00:00+00:00,197.35,26.27
2023-10-20 06:00:00+00:00,154.12,25.51
2023-10-20 07:00:00+00:00,97.5,24.75
2023-10-20 08:00:00+00:00,77.32,24.14
2023-10-20 09:00:00+00:00,14.5,23.74
2023-10-20 10:00:00+00:00,0.0,23.49
2023-10-20 11:00:00+00:00,0.0,23.26
2023-10-20 12:00:00+00:00,0.0,22.94
2023-10-20 13:00:00+00:00,0.0,22.49
2023-10-20 14:00:00+00:00,0.0,22.09
2023-10-20 15:00:00+00:00,0.0,21.69
2023-10-20 16:00:00+00:00,0.0,21.32
2023-10-20 17:00:00+00:00,0.0,21.09
2023-10-20 18:00:00+00:00,0.0,20.87
2023-10-20 19:00:00+00:00,0.0,20.6
2023-10-20 20:00:00+00:00,0.0,20.33
2023-10-20 21:00:00+00:00,0.0,20.12
2023-10-20 22:00:00+00:00,4.0,19.94
2023-10-20 23:00:00+00:00,41.8,19.91
2023-10-21 00:00:00+00:00,86.32,20.1
2023-10-21 01:00:00+00:00,124.6,20.55
2023-10-21 02:00:00+00:00,193.8,21.37
2023-10-21 03:00:00+00:00,303.9,22.39
2023-10-21 04:00:00+00:00,319.33,23.13
2023-10-21 05:00:00+00:00,253.82,23.64
2023-10-21 06:00:00+00:00,246.93,23.93
2023-10-21 07:00:00+00:00,147.52,23.89
2023-10-21 08:00:00+00:00,86.72,23.62
2023-10-21 09:00:00+00:00,12.48,23.09
2023-10-21 10:00:00+00:00,0.0,22.49
2023-10-21 11:00:00+00:00,0.0,22.02
2023-10-21 12:00:00+00:00,0.0,21.55
2023-10-21 13:00:00+00:00,0.0,21.07
2023-10-21 14:00:00+00:00,0.0,20.62
2023-10-21 15:00:00+00:00,0.0,20.35
2023-10-21 16:00:00+00:00,0.0,20.22
2023-10-21 17:00:00+00:00,0.0,20.14
2023-10-21 18:00:00+00:00,0.0,20.11
2023-10-21 19:00:00+00:00,0.0,20.12
2023-10-21 20:00:00+00:00,0.0,20.19
2023-10-21 21:00:00+00:00,0.0,20.18
2023-10-21 22:00:00+00:00,10.02,20.25
2023-10-21 23:00:00+00:00,98.72,20.8
2023-10-22 00:00:00+00:00,226.05,21.44
2023-10-22 01:00:00+00:00,385.98,22.14
2023-10-22 02:00:00+00:00,494.6,22.97
2023-10-22 03:00:00+00:00,514.05,23.81
2023-10-22 04:00:00+00:00,455.45,24.47
2023-10-22 05:00:00+00:00,412.33,25.0
2023-10-22 06:00:00+00:00,424.1,25.36
2023-10-22 07:00:00+00:00,283.0,25.53
2023-10-22 08:00:00+00:00,140.45,25.45
2023-10-22 09:00:00+00:00,22.95,25.08
2023-10-22 10:00:00+00:00,0.0,24.49
2023-10-22 11:00:00+00:00,0.0,24.23
2023-10-22 12:00:00+00:00,0.0,23.88
2023-10-22 13:00:00+00:00,0.0,23.59
2023-10-22 14:00:00+00:00,0.0,23.36
2023-10-22 15:00:00+00:00,0.0,23.2
2023-10-22 16:00:00+00:00,0.0,23.09
2023-10-22 17:00:00+00:00,0.0,22.97
2023-10-22 18:00:00+00:00,0.0,22.84
2023-10-22 19:00:00+00:00,0.0,22.72
2023-10-22 20:00:00+00:00,0.0,22.56
2023-10-22 21:00:00+00:00,0.0,22.4
2023-10-22 22:00:00+00:00,9.52,22.3
2023-10-22 23:00:00+00:00,104.88,22.82
2023-10-23 00:00:00+00:00,242.43,23.49
2023-10-23 01:00:00+00:00,416.75,24.5
2023-10-23 02:00:00+00:00,541.25,25.45
2023-10-23 03:00:00+00:00,689.55,26.27
2023-10-23 04:00:00+00:00,722.2,27.05
2023-10-23 05:00:00+00:00,641.97,27.63
2023-10-23 06:00:00+00:00,545.88,27.77
2023-10-23 07:00:00+00:00,358.17,27.81
2023-10-23 08:00:00+00:00,158.82,27.7
2023-10-23 09:00:00+00:00,19.92,27.24
2023-10-23 10:00:00+00:00,0.0,26.47
2023-10-23 11:00:00+00:00,0.0,26.21
2023-10-23 12:00:00+00:00,0.0,25.99
2023-10-23 13:00:00+00:00,0.0,25.59
2023-10-23 14:00:00+00:00,0.0,25.14
2023-10-23 15:00:00+00:00,0.0,24.82
2023-10-23 16:00:00+00:00,0.0,24.63
2023-10-23 17:00:00+00:00,0.0,24.53
2023-10-23 18:00:00+00:00,0.0,24.48
2023-10-23 19:00:00+00:00,0.0,24.4
2023-10-23 20:00:00+00:00,0.0,24.25
2023-10-23 21:00:00+00:00,0.0,24.11
2023-10-23 22:00:00+00:00,12.1,23.98
2023-10-23 23:00:00+00:00,126.75,24.52
2023-10-24 00:00:00+00:00,283.2,25.14
2023-10-24 01:00:00+00:00,430.5,26.01
2023-10-24 02:00:00+00:00,609.17,26.91
2023-10-24 03:00:00+00:00,734.28,27.65
2023-10-24 04:00:00+00:00,780.67,28.02
2023-10-24 05:00:00+00:00,712.28,28.22
2023-10-24 06:00:00+00:00,597.65,28.32
2023-10-24 07:00:00+00:00,422.2,28.25
2023-10-24 08:00:00+00:00,215.3,28.01
2023-10-24 09:00:00+00:00,32.35,27.48
2023-10-24 10:00:00+00:00,0.0,26.69
2023-10-24 11:00:00+00:00,0.0,26.37
2023-10-24 12:00:00+00:00,0.0,25.97
2023-10-24 13:00:00+00:00,0.0,25.72
2023-10-24 14:00:00+00:00,0.0,25.59
2023-10-24 15:00:00+00:00,0.0,25.49
2023-10-24 16:00:00+00:00,0.0,25.37
2023-10-24 17:00:00+00:00,0.0,25.22
2023-10-24 18:00:00+00:00,0.0,25.07
2023-10-24 19:00:00+00:00,0.0,24.88
2023-10-24 20:00:00+00:00,0.0,24.7
2023-10-24 21:00:00+00:00,0.0,24.54
2023-10-24 22:00:00+00:00,12.32,24.42
2023-10-24 23:00:00+00:00,129.7,25.17
2023-10-25 00:00:00+00:00,245.0,25.96
2023-10-25 01:00:00+00:00,364.1,26.69
2023-10-25 02:00:00+00:00,487.65,27.44
2023-10-25 03:00:00+00:00,623.4,27.85
2023-10-25 04:00:00+00:00,710.5,28.12
2023-10-25 05:00:00+00:00,700.3,28.33
2023-10-25 06:00:00+00:00,586.2,28.41
2023-10-25 07:00:00+00:00,375.27,28.32
2023-10-25 08:00:00+00:00,175.23,27.97
2023-10-25 09:00:00+00:00,23.55,27.35
2023-10-25 10:00:00+00:00,0.0,26.52
2023-10-25 11:00:00+00:00,0.0,26.05
2023-10-25 12:00:00+00:00,0.0,25.79
2023-10-25 13:00:00+00:00,0.0,25.67
2023-10-25 14:00:00+00:00,0.0,25.57
2023-10-25 15:00:00+00:00,0.0,25.48
2023-10-25 16:00:00+00:00,0.0,25.37
2023-10-25 17:00:00+00:00,0.0,25.2
2023-10-25 18:00:00+00:00,0.0,25.05
2023-10-25 19:00:00+00:00,0.0,24.97
2023-10-25 20:00:00+00:00,0.0,24.94
2023-10-25 21:00:00+00:00,0.0,24.86
2023-10-25 22:00:00+00:00,10.23,24.75
2023-10-25 23:00:00+00:00,101.65,25.26
2023-10-26 00:00:00+00:00,253.77,25.92
2023-10-26 01:00:00+00:00,386.9,26.5
2023-10-26 02:00:00+00:00,486.83,27.1
2023-10-26 03:00:00+00:00,661.12,27.67
2023-10-26 04:00:00+00:00,656.53,28.05
2023-10-26 05:00:00+00:00,607.47,28.11
2023-10-26 06:00:00+00:00,589.4,28.11
2023-10-26 07:00:00+00:00,403.08,27.99
2023-10-26 08:00:00+00:00,194.45,27.78
2023-10-26 09:00:00+00:00,25.48,27.34
2023-10-26 10:00:00+00:00,0.0,26.38
2023-10-26 11:00:00+00:00,0.0,25.84
2023-10-26 12:00:00+00:00,0.0,25.52
2023-10-26 13:00:00+00:00,0.0,25.32
2023-10-26 14:00:00+00:00,0.0,25.24
2023-10-26 15:00:00+00:00,0.0,25.16
2023-10-26 16:00:00+00:00,0.0,25.17
2023-10-26 17:00:00+00:00,0.0,25.29
2023-10-26 18:00:00+00:00,0.0,25.16
2023-10-26 19:00:00+00:00,0.0,24.8
2023-10-26 20:00:00+00:00,0.0,24.52
2023-10-26 21:00:00+00:00,0.0,24.29
2023-10-26 22:00:00+00:00,9.95,24.11
2023-10-26 23:00:00+00:00,128.57,24.69
2023-10-27 00:00:00+00:00,325.27,25.37
2023-10-27 01:00:00+00:00,511.88,26.24
2023-10-27 02:00:00+00:00,660.72,27.15
2023-10-27 03:00:00+00:00,719.9,27.78
2023-10-27 04:00:00+00:00,728.3,28.06
2023-10-27 05:00:00+00:00,571.03,28.48
2023-10-27 06:00:00+00:00,414.6,28.8
2023-10-27 07:00:00+00:00,280.02,28.82
2023-10-27 08:00:00+00:00,128.4,28.59
2023-10-27 09:00:00+00:00,19.1,28.13
2023-10-27 10:00:00+00:00,0.0,27.37
2023-10-27 11:00:00+00:00,0.0,26.93
2023-10-27 12:00:00+00:00,0.0,26.8
2023-10-27 13:00:00+00:00,0.0,26.74
2023-10-27 14:00:00+00:00,0.0,26.49
2023-10-27 15:00:00+00:00,0.0,26.16
2023-10-27 16:00:00+00:00,0.0,25.91
2023-10-27 17:00:00+00:00,0.0,25.65
2023-10-27 18:00:00+00:00,0.0,25.4
2023-10-27 19:00:00+00:00,0.0,25.19
2023-10-27 20:00:00+00:00,0.0,25.03
2023-10-27 21:00:00+00:00,0.0,24.99
2023-10-27 22:00:00+00:00,5.93,24.97
2023-10-27 23:00:00+00:00,69.05,25.31
2023-10-28 00:00:00+00:00,152.07,25.69
2023-10-28 01:00:00+00:00,188.15,26.05
2023-10-28 02:00:00+00:00,305.62,26.52
2023-10-28 03:00:00+00:00,427.25,26.86
2023-10-28 04:00:00+00:00,411.58,27.26
2023-10-28 05:00:00+00:00,368.85,27.63
2023-10-28 06:00:00+00:00,285.2,27.74
2023-10-28 07:00:00+00:00,197.1,27.64
2023-10-28 08:00:00+00:00,91.72,27.47
2023-10-28 09:00:00+00:00,12.0,27.18
2023-10-28 10:00:00+00:00,0.0,26.7
2023-10-28 11:00:00+00:00,0.0,26.42
2023-10-28 12:00:00+00:00,0.0,26.11
2023-10-28 13:00:00+00:00,0.0,25.81
2023-10-28 14:00:00+00:00,0.0,25.59
2023-10-28 15:00:00+00:00,0.0,25.41
2023-10-28 16:00:00+00:00,0.0,25.26
2023-10-28 17:00:00+00:00,0.0,25.07
2023-10-28 18:00:00+00:00,0.0,24.86
2023-10-28 19:00:00+00:00,0.0,24.65
2023-10-28 20:00:00+00:00,0.0,24.48
2023-10-28 21:00:00+00:00,0.0,24.33
2023-10-28 22:00:00+00:00,7.38,24.24
2023-10-28 23:00:00+00:00,81.57,24.64
2023-10-29 00:00:00+00:00,197.15,24.9
2023-10-29 01:00:00+00:00,350.58,25.33
2023-10-29 02:00:00+00:00,422.35,25.9
2023-10-29 03:00:00+00:00,511.17,26.35
2023-10-29 04:00:00+00:00,533.83,26.75
2023-10-29 05:00:00+00:00,526.53,27.03
2023-10-29 06:00:00+00:00,424.17,27.19
2023-10-29 07:00:00+00:00,273.0,27.22
2023-10-29 08:00:00+00:00,122.47,27.1
2023-10-29 09:00:00+00:00,15.15,26.74
2023-10-29 10:00:00+00:00,0.0,26.18
2023-10-29 11:00:00+00:00,0.0,25.92
2023-10-29 12:00:00+00:00,0.0,25.68
2023-10-29 13:00:00+00:00,0.0,25.36
2023-10-29 14:00:00+00:00,0.0,25.01
2023-10-29 15:00:00+00:00,0.0,24.75
2023-10-29 16:00:00+00:00,0.0,24.57
2023-10-29 17:00:00+00:00,0.0,24.44
2023-10-29 18:00:00+00:00,0.0,24.3
2023-10-29 19:00:00+00:00,0.0,24.14
2023-10-29 20:00:00+00:00,0.0,23.98
2023-10-29 21:00:00+00:00,0.0,23.89
2023-10-29 22:00:00+00:00,8.02,23.84
2023-10-29 23:00:00+00:00,99.82,24.14
2023-10-30 00:00:00+00:00,233.1,24.57
2023-10-30 01:00:00+00:00,417.92,25.17
2023-10-30 02:00:00+00:00,524.95,25.97
2023-10-30 03:00:00+00:00,650.58,26.66
2023-10-30 04:00:00+00:00,715.45,27.17
2023-10-30 05:00:00+00:00,633.28,27.56
2023-10-30 06:00:00+00:00,536.5,27.76
2023-10-30 07:00:00+00:00,349.25,27.74
2023-10-30 08:00:00+00:00,164.6,27.52
2023-10-30 09:00:00+00:00,20.33,26.93
2023-10-30 10:00:00+00:00,0.0,26.21
2023-10-30 11:00:00+00:00,0.0,25.82
2023-10-30 12:00:00+00:00,0.0,25.42
2023-10-30 13:00:00+00:00,0.0,25.0
2023-10-30 14:00:00+00:00,0.0,24.66
2023-10-30 15:00:00+00:00,0.0,24.35
2023-10-30 16:00:00+00:00,0.0,24.03
2023-10-30 17:00:00+00:00,0.0,23.67
2023-10-30 18:00:00+00:00,0.0,23.3
2023-10-30 19:00:00+00:00,0.0,23.01
2023-10-30 20:00:00+00:00,0.0,22.92
2023-10-30 21:00:00+00:00,0.0,22.7
2023-10-30 22:00:00+00:00,10.75,22.52
2023-10-30 23:00:00+00:00,162.38,23.1
2023-10-31 00:00:00+00:00,383.45,23.8
2023-10-31 01:00:00+00:00,579.1,24.71
2023-10-31 02:00:00+00:00,725.55,25.51
2023-10-31 03:00:00+00:00,788.55,26.2
2023-10-31 04:00:00+00:00,793.97,26.76
2023-10-31 05:00:00+00:00,723.7,27.2
2023-10-31 06:00:00+00:00,590.12,27.52
2023-10-31 07:00:00+00:00,407.73,27.61
2023-10-31 08:00:00+00:00,197.7,27.51
2023-10-31 09:00:00+00:00,24.17,27.0
2023-10-31 10:00:00+00:00,0.0,26.26
2023-10-31 11:00:00+00:00,0.0,25.69
2023-10-31 12:00:00+00:00,0.0,25.02
2023-10-31 13:00:00+00:00,0.0,24.41
2023-10-31 14:00:00+00:00,0.0,23.96
2023-10-31 15:00:00+00:00,0.0,23.82
2023-10-31 16:00:00+00:00,0.0,23.73
2023-10-31 17:00:00+00:00,0.0,23.63
2023-10-31 18:00:00+00:00,0.0,23.59
2023-10-31 19:00:00+00:00,0.0,23.44
2023-10-31 20:00:00+00:00,0.0,23.25
2023-10-31 21:00:00+00:00,0.0,22.9
2023-10-31 22:00:00+00:00,10.3,22.62
2023-10-31 23:00:00+00:00,154.9,23.12
2023-11-01 00:00:00+00:00,382.05,23.85
2023-11-01 01:00:00+00:00,580.22,24.64
2023-11-01 02:00:00+00:00,730.47,25.51
2023-11-01 03:00:00+00:00,820.58,26.21
2023-11-01 04:00:00+00:00,824.78,26.83
2023-11-01 05:00:00+00:00,759.3,27.31
2023-11-01 06:00:00+00:00,622.38,27.6
2023-11-01 07:00:00+00:00,418.73,27.72
2023-11-01 08:00:00+00:00,197.93,27.62
2023-11-01 09:00:00+00:00,21.6,27.18
2023-11-01 10:00:00+00:00,0.0,26.45
2023-11-01 11:00:00+00:00,0.0,26.03
2023-11-01 12:00:00+00:00,0.0,25.51
2023-11-01 13:00:00+00:00,0.0,25.0
2023-11-01 14:00:00+00:00,0.0,24.58
2023-11-01 15:00:00+00:00,0.0,24.38
2023-11-01 16:00:00+00:00,0.0,24.26
2023-11-01 17:00:00+00:00,0.0,24.15
2023-11-01 18:00:00+00:00,0.0,23.94
2023-11-01 19:00:00+00:00,0.0,23.64
2023-11-01 20:00:00+00:00,0.0,23.31
2023-11-01 21:00:00+00:00,0.0,23.06
2023-11-01 22:00:00+00:00,8.25,22.89
2023-11-01 23:00:00+00:00,124.05,23.54
2023-11-02 00:00:00+00:00,304.15,24.43
2023-11-02 01:00:00+00:00,510.0,25.43
2023-11-02 02:00:00+00:00,677.25,26.38
2023-11-02 03:00:00+00:00,741.28,26.97
2023-11-02 04:00:00+00:00,760.45,27.42
2023-11-02 05:00:00+00:00,678.3,27.71
2023-11-02 06:00:00+00:00,537.6,27.84
2023-11-02 07:00:00+00:00,374.4,27.76
2023-11-02 08:00:00+00:00,186.0,27.52
2023-11-02 09:00:00+00:00,22.25,27.04
2023-11-02 10:00:00+00:00,0.0,26.34
2023-11-02 11:00:00+00:00,0.0,25.97
2023-11-02 12:00:00+00:00,0.0,25.7
2023-11-02 13:00:00+00:00,0.0,25.51
2023-11-02 14:00:00+00:00,0.0,25.36
2023-11-02 15:00:00+00:00,0.0,25.37
2023-11-02 16:00:00+00:00,0.0,25.34
2023-11-02 17:00:00+00:00,0.0,25.1
2023-11-02 18:00:00+00:00,0.0,24.78
2023-11-02 19:00:00+00:00,0.0,24.43
2023-11-02 20:00:00+00:00,0.0,24.19
2023-11-02 21:00:00+00:00,0.0,23.99
2023-11-02 22:00:00+00:00,8.07,23.86
2023-11-02 23:00:00+00:00,122.03,24.26
2023-11-03 00:00:00+00:00,310.65,24.94
2023-11-03 01:00:00+00:00,511.0,25.78
2023-11-03 02:00:00+00:00,648.67,26.85
2023-11-03 03:00:00+00:00,738.28,27.57
2023-11-03 04:00:00+00:00,717.7,27.84
2023-11-03 05:00:00+00:00,667.95,28.05
2023-11-03 06:00:00+00:00,547.47,28.24
2023-11-03 07:00:00+00:00,376.3,28.0
2023-11-03 08:00:00+00:00,176.5,27.61
2023-11-03 09:00:00+00:00,19.85,27.16
2023-11-03 10:00:00+00:00,0.0,26.58
2023-11-03 11:00:00+00:00,0.0,26.31
2023-11-03 12:00:00+00:00,0.0,26.01
2023-11-03 13:00:00+00:00,0.0,25.75
2023-11-03 14:00:00+00:00,0.0,25.52
2023-11-03 15:00:00+00:00,0.0,25.23
2023-11-03 16:00:00+00:00,0.0,24.95
2023-11-03 17:00:00+00:00,0.0,24.79
2023-11-03 18:00:00+00:00,0.0,24.62
2023-11-03 19:00:00+00:00,0.0,24.47
2023-11-03 20:00:00+00:00,0.0,24.34
2023-11-03 21:00:00+00:00,0.0,24.28
2023-11-03 22:00:00+00:00,8.5,24.26
2023-11-03 23:00:00+00:00,135.93,24.83
2023-11-04 00:00:00+00:00,339.75,25.54
2023-11-04 01:00:00+00:00,529.17,26.19
2023-11-04 02:00:00+00:00,668.6,26.9
2023-11-04 03:00:00+00:00,738.28,27.41
2023-11-04 04:00:00+00:00,761.22,27.71
2023-11-04 05:00:00+00:00,697.4,27.89
2023-11-04 06:00:00+00:00,574.53,27.89
2023-11-04 07:00:00+00:00,395.98,27.73
2023-11-04 08:00:00+00:00,190.07,27.38
2023-11-04 09:00:00+00:00,21.0,26.62
2023-11-04 10:00:00+00:00,0.0,25.72
2023-11-04 11:00:00+00:00,0.0,25.44
2023-11-04 12:00:00+00:00,0.0,25.25
2023-11-04 13:00:00+00:00,0.0,25.08
2023-11-04 14:00:00+00:00,0.0,24.94
2023-11-04 15:00:00+00:00,0.0,24.82
2023-11-04 16:00:00+00:00,0.0,24.71
2023-11-04 17:00:00+00:00,0.0,24.67
2023-11-04 18:00:00+00:00,0.0,24.64
2023-11-04 19:00:00+00:00,0.0,24.61
2023-11-04 20:00:00+00:00,0.0,24.5
2023-11-04 21:00:00+00:00,0.0,24.35
2023-11-04 22:00:00+00:00,9.48,24.2
2023-11-04 23:00:00+00:00,149.35,24.75
2023-11-05 00:00:00+00:00,350.42,25.64
2023-11-05 01:00:00+00:00,528.05,26.37
2023-11-05 02:00:00+00:00,655.3,27.14
2023-11-05 03:00:00+00:00,754.62,27.73
2023-11-05 04:00:00+00:00,765.05,28.06
2023-11-05 05:00:00+00:00,702.88,28.22
2023-11-05 06:00:00+00:00,579.5,28.24
2023-11-05 07:00:00+00:00,386.88,28.13
2023-11-05 08:00:00+00:00,181.65,27.91
2023-11-05 09:00:00+00:00,18.62,27.44
2023-11-05 10:00:00+00:00,0.0,26.71
2023-11-05 11:00:00+00:00,0.0,26.49
2023-11-05 12:00:00+00:00,0.0,26.34
2023-11-05 13:00:00+00:00,0.0,26.31
2023-11-05 14:00:00+00:00,0.0,26.36
2023-11-05 15:00:00+00:00,0.0,26.27
2023-11-05 16:00:00+00:00,0.0,26.05
2023-11-05 17:00:00+00:00,0.0,25.71
2023-11-05 18:00:00+00:00,0.0,25.34
2023-11-05 19:00:00+00:00,0.0,24.99
2023-11-05 20:00:00+00:00,0.0,24.58
2023-11-05 21:00:00+00:00,0.0,24.38
2023-11-05 22:00:00+00:00,8.57,24.31
2023-11-05 23:00:00+00:00,137.23,24.84
2023-11-06 00:00:00+00:00,350.38,25.54
2023-11-06 01:00:00+00:00,536.47,26.15
2023-11-06 02:00:00+00:00,645.92,26.27
2023-11-06 03:00:00+00:00,705.03,26.46
2023-11-06 04:00:00+00:00,712.62,27.13
2023-11-06 05:00:00+00:00,638.28,27.8
2023-11-06 06:00:00+00:00,533.75,28.22
2023-11-06 07:00:00+00:00,358.4,28.27
2023-11-06 08:00:00+00:00,164.95,27.81
2023-11-06 09:00:00+00:00,16.98,26.87
2023-11-06 10:00:00+00:00,0.0,25.92
2023-11-06 11:00:00+00:00,0.0,25.25
2023-11-06 12:00:00+00:00,0.0,24.67
2023-11-06 13:00:00+00:00,0.0,24.18
2023-11-06 14:00:00+00:00,0.0,23.72
2023-11-06 15:00:00+00:00,0.0,23.31
2023-11-06 16:00:00+00:00,0.0,23.05
2023-11-06 17:00:00+00:00,0.0,22.83
2023-11-06 18:00:00+00:00,0.0,22.54
2023-11-06 19:00:00+00:00,0.0,22.28
2023-11-06 20:00:00+00:00,0.0,22.18
2023-11-06 21:00:00+00:00,0.0,22.36
2023-11-06 22:00:00+00:00,5.35,22.59
2023-11-06 23:00:00+00:00,82.5,23.06
2023-11-07 00:00:00+00:00,203.75,23.63
2023-11-07 01:00:00+00:00,353.5,24.25
2023-11-07 02:00:00+00:00,433.52,24.59
2023-11-07 03:00:00+00:00,367.5,24.33
2023-11-07 04:00:00+00:00,320.27,24.53
2023-11-07 05:00:00+00:00,269.98,25.17
2023-11-07 06:00:00+00:00,220.85,25.91
2023-11-07 07:00:00+00:00,168.15,26.25
2023-11-07 08:00:00+00:00,76.18,26.24
2023-11-07 09:00:00+00:00,9.27,25.84
2023-11-07 10:00:00+00:00,0.0,25.22
2023-11-07 11:00:00+00:00,0.0,25.02
2023-11-07 12:00:00+00:00,0.0,24.76
2023-11-07 13:00:00+00:00,0.0,24.53
2023-11-07 14:00:00+00:00,0.0,24.37
2023-11-07 15:00:00+00:00,0.0,24.38
2023-11-07 16:00:00+00:00,0.0,24.43
2023-11-07 17:00:00+00:00,0.0,24.46
2023-11-07 18:00:00+00:00,0.0,24.49
2023-11-07 19:00:00+00:00,0.0,24.46
2023-11-07 20:00:00+00:00,0.0,24.36
2023-11-07 21:00:00+00:00,0.0,24.16
2023-11-07 22:00:00+00:00,4.45,23.9
2023-11-07 23:00:00+00:00,72.25,24.16
2023-11-08 00:00:00+00:00,179.65,24.79
2023-11-08 01:00:00+00:00,289.67,25.38
2023-11-08 02:00:00+00:00,345.9,25.93
2023-11-08 03:00:00+00:00,454.2,26.29
2023-11-08 04:00:00+00:00,414.95,26.53
2023-11-08 05:00:00+00:00,356.0,26.56
2023-11-08 06:00:00+00:00,263.92,26.55
2023-11-08 07:00:00+00:00,154.3,26.47
2023-11-08 08:00:00+00:00,59.8,26.22
2023-11-08 09:00:00+00:00,8.1,25.68
2023-11-08 10:00:00+00:00,0.0,25.16
2023-11-08 11:00:00+00:00,0.0,25.01
2023-11-08 12:00:00+00:00,0.0,24.89
2023-11-08 13:00:00+00:00,0.0,24.78
2023-11-08 14:00:00+00:00,0.0,24.66
2023-11-08 15:00:00+00:00,0.0,24.6
2023-11-08 16:00:00+00:00,0.0,24.56
2023-11-08 17:00:00+00:00,0.0,24.51
2023-11-08 18:00:00+00:00,0.0,24.45
2023-11-08 19:00:00+00:00,0.0,24.38
2023-11-08 20:00:00+00:00,0.0,24.35
2023-11-08 21:00:00+00:00,0.0,24.33
2023-11-08 22:00:00+00:00,5.45,24.24
2023-11-08 23:00:00+00:00,76.78,24.64
2023-11-09 00:00:00+00:00,205.6,25.34
2023-11-09 01:00:00+00:00,336.0,26.04
2023-11-09 02:00:00+00:00,430.42,26.65
2023-11-09 03:00:00+00:00,425.25,27.11
2023-11-09 04:00:00+00:00,465.88,27.43
2023-11-09 05:00:00+00:00,482.9,27.6
2023-11-09 06:00:00+00:00,324.88,27.62
2023-11-09 07:00:00+00:00,227.55,27.47
2023-11-09 08:00:00+00:00,98.03,27.13
2023-11-09 09:00:00+00:00,11.75,26.47
2023-11-09 10:00:00+00:00,0.0,25.78
2023-11-09 11:00:00+00:00,0.0,25.58
2023-11-09 12:00:00+00:00,0.0,25.4
2023-11-09 13:00:00+00:00,0.0,25.25
2023-11-09 14:00:00+00:00,0.0,25.12
2023-11-09 15:00:00+00:00,0.0,25.0
2023-11-09 16:00:00+00:00,0.0,24.91
2023-11-09 17:00:00+00:00,0.0,24.81
2023-11-09 18:00:00+00:00,0.0,24.71
2023-11-09 19:00:00+00:00,0.0,24.62
2023-11-09 20:00:00+00:00,0.0,24.53
2023-11-09 21:00:00+00:00,0.0,24.48
2023-11-09 22:00:00+00:00,5.18,24.44
2023-11-09 23:00:00+00:00,76.75,25.05
2023-11-10 00:00:00+00:00,196.07,25.95
2023-11-10 01:00:00+00:00,358.62,26.9
2023-11-10 02:00:00+00:00,487.15,27.6
2023-11-10 03:00:00+00:00,617.0,27.95
2023-11-10 04:00:00+00:00,638.62,28.35
2023-11-10 05:00:00+00:00,491.45,28.64
2023-11-10 06:00:00+00:00,454.98,28.65
2023-11-10 07:00:00+00:00,275.95,28.53
2023-11-10 08:00:00+00:00,133.12,28.22
2023-11-10 09:00:00+00:00,14.07,27.57
2023-11-10 10:00:00+00:00,0.0,26.82
2023-11-10 11:00:00+00:00,0.0,26.56
2023-11-10 12:00:00+00:00,0.0,26.27
2023-11-10 13:00:00+00:00,0.0,25.95
2023-11-10 14:00:00+00:00,0.0,25.7
2023-11-10 15:00:00+00:00,0.0,25.52
2023-11-10 16:00:00+00:00,0.0,25.33
2023-11-10 17:00:00+00:00,0.0,25.11
2023-11-10 18:00:00+00:00,0.0,24.83
2023-11-10 19:00:00+00:00,0.0,24.53
2023-11-10 20:00:00+00:00,0.0,24.28
2023-11-10 21:00:00+00:00,0.0,24.05
2023-11-10 22:00:00+00:00,3.0,23.9
2023-11-10 23:00:00+00:00,40.62,24.13
2023-11-11 00:00:00+00:00,111.68,24.76
2023-11-11 01:00:00+00:00,137.88,25.77
2023-11-11 02:00:00+00:00,204.73,26.73
2023-11-11 03:00:00+00:00,211.15,27.37
2023-11-11 04:00:00+00:00,212.05,27.64
2023-11-11 05:00:00+00:00,237.12,27.69
2023-11-11 06:00:00+00:00,226.98,27.43
2023-11-11 07:00:00+00:00,144.98,27.03
2023-11-11 08:00:00+00:00,58.9,26.5
2023-11-11 09:00:00+00:00,5.95,25.82
2023-11-11 10:00:00+00:00,0.0,25.15
2023-11-11 11:00:00+00:00,0.0,24.91
2023-11-11 12:00:00+00:00,0.0,24.75
2023-11-11 13:00:00+00:00,0.0,24.59
2023-11-11 14:00:00+00:00,0.0,24.41
2023-11-11 15:00:00+00:00,0.0,24.26
2023-11-11 16:00:00+00:00,0.0,24.12
2023-11-11 17:00:00+00:00,0.0,23.94
2023-11-11 18:00:00+00:00,0.0,23.69
2023-11-11 19:00:00+00:00,0.0,23.3
2023-11-11 20:00:00+00:00,0.0,22.71
2023-11-11 21:00:00+00:00,0.0,22.05
2023-11-11 22:00:00+00:00,4.2,21.33
2023-11-11 23:00:00+00:00,78.47,20.94
2023-11-12 00:00:00+00:00,198.0,21.28
2023-11-12 01:00:00+00:00,312.05,22.26
2023-11-12 02:00:00+00:00,459.05,23.43
2023-11-12 03:00:00+00:00,546.75,24.45
2023-11-12 04:00:00+00:00,580.45,25.19
2023-11-12 05:00:00+00:00,428.38,25.73
2023-11-12 06:00:00+00:00,362.92,26.07
2023-11-12 07:00:00+00:00,231.27,26.15
2023-11-12 08:00:00+00:00,104.5,25.88
2023-11-12 09:00:00+00:00,8.68,25.12
2023-11-12 10:00:00+00:00,0.0,24.08
2023-11-12 11:00:00+00:00,0.0,22.87
2023-11-12 12:00:00+00:00,0.0,21.24
2023-11-12 13:00:00+00:00,0.0,19.61
2023-11-12 14:00:00+00:00,0.0,18.76
2023-11-12 15:00:00+00:00,0.0,18.45
2023-11-12 16:00:00+00:00,0.0,18.39
2023-11-12 17:00:00+00:00,0.0,18.32
2023-11-12 18:00:00+00:00,0.0,18.26
2023-11-12 19:00:00+00:00,0.0,18.19
2023-11-12 20:00:00+00:00,0.0,18.15
2023-11-12 21:00:00+00:00,0.0,18.05
2023-11-12 22:00:00+00:00,4.35,17.9
2023-11-12 23:00:00+00:00,90.88,17.86
2023-11-13 00:00:00+00:00,246.12,18.21
2023-11-13 01:00:00+00:00,403.77,19.01
2023-11-13 02:00:00+00:00,546.0,20.19
2023-11-13 03:00:00+00:00,638.35,21.38
2023-11-13 04:00:00+00:00,645.12,22.33
2023-11-13 05:00:00+00:00,533.97,23.0
2023-11-13 06:00:00+00:00,287.35,23.46
2023-11-13 07:00:00+00:00,181.7,23.67
2023-11-13 08:00:00+00:00,75.88,23.62
2023-11-13 09:00:00+00:00,9.07,22.98
2023-11-13 10:00:00+00:00,0.0,22.18
2023-11-13 11:00:00+00:00,0.0,21.56
2023-11-13 12:00:00+00:00,0.0,20.62
2023-11-13 13:00:00+00:00,0.0,19.39
2023-11-13 14:00:00+00:00,0.0,18.2
2023-11-13 15:00:00+00:00,0.0,17.53
2023-11-13 16:00:00+00:00,0.0,17.32
2023-11-13 17:00:00+00:00,0.0,17.18
2023-11-13 18:00:00+00:00,0.0,17.1
2023-11-13 19:00:00+00:00,0.0,17.01
2023-11-13 20:00:00+00:00,0.0,16.83
2023-11-13 21:00:00+00:00,0.0,16.61
2023-11-13 22:00:00+00:00,3.6,16.4
2023-11-13 23:00:00+00:00,65.07,16.63
2023-11-14 00:00:00+00:00,182.75,17.34
2023-11-14 01:00:00+00:00,298.02,18.3
2023-11-14 02:00:00+00:00,420.83,19.52
2023-11-14 03:00:00+00:00,481.12,20.77
2023-11-14 04:00:00+00:00,516.78,21.76
2023-11-14 05:00:00+00:00,508.77,22.48
2023-11-14 06:00:00+00:00,366.92,22.96
2023-11-14 07:00:00+00:00,239.93,23.23
2023-11-14 08:00:00+00:00,102.95,23.22
2023-11-14 09:00:00+00:00,11.95,22.69
2023-11-14 10:00:00+00:00,0.0,22.06
2023-11-14 11:00:00+00:00,0.0,21.83
2023-11-14 12:00:00+00:00,0.0,21.36
2023-11-14 13:00:00+00:00,0.0,20.82
2023-11-14 14:00:00+00:00,0.0,20.28
2023-11-14 15:00:00+00:00,0.0,19.8
2023-11-14 16:00:00+00:00,0.0,19.39
2023-11-14 17:00:00+00:00,0.0,19.09
2023-11-14 18:00:00+00:00,0.0,18.88
2023-11-14 19:00:00+00:00,0.0,18.76
2023-11-14 20:00:00+00:00,0.0,18.71
2023-11-14 21:00:00+00:00,0.0,18.62
2023-11-14 22:00:00+00:00,4.25,18.51
2023-11-14 23:00:00+00:00,96.12,18.93
2023-11-15 00:00:00+00:00,278.35,19.77
2023-11-15 01:00:00+00:00,465.45,20.85
2023-11-15 02:00:00+00:00,635.53,22.24
2023-11-15 03:00:00+00:00,733.83,23.33
2023-11-15 04:00:00+00:00,759.62,24.11
2023-11-15 05:00:00+00:00,680.15,24.7
2023-11-15 06:00:00+00:00,559.67,25.07
2023-11-15 07:00:00+00:00,368.83,25.21
2023-11-15 08:00:00+00:00,157.95,25.1
2023-11-15 09:00:00+00:00,12.6,24.41
2023-11-15 10:00:00+00:00,0.0,23.67
2023-11-15 11:00:00+00:00,0.0,23.5
2023-11-15 12:00:00+00:00,0.0,23.38
2023-11-15 13:00:00+00:00,0.0,23.25
2023-11-15 14:00:00+00:00,0.0,23.03
2023-11-15 15:00:00+00:00,0.0,22.81
2023-11-15 16:00:00+00:00,0.0,22.6
2023-11-15 17:00:00+00:00,0.0,22.22
2023-11-15 18:00:00+00:00,0.0,21.8
2023-11-15 19:00:00+00:00,0.0,21.41
2023-11-15 20:00:00+00:00,0.0,20.98
2023-11-15 21:00:00+00:00,0.0,20.68
2023-11-15 22:00:00+00:00,2.67,19.95
2023-11-15 23:00:00+00:00,47.9,19.02
2023-11-16 00:00:00+00:00,120.38,19.55
2023-11-16 01:00:00+00:00,198.52,20.87
2023-11-16 02:00:00+00:00,267.25,21.42
2023-11-16 03:00:00+00:00,385.73,21.49
2023-11-16 04:00:00+00:00,479.6,21.6
2023-11-16 05:00:00+00:00,411.3,21.65
2023-11-16 06:00:00+00:00,315.27,21.5
2023-11-16 07:00:00+00:00,215.98,21.13
2023-11-16 08:00:00+00:00,97.03,20.5
2023-11-16 09:00:00+00:00,10.1,19.78
2023-11-16 10:00:00+00:00,0.0,19.13
2023-11-16 11:00:00+00:00,0.0,18.7
2023-11-16 12:00:00+00:00,0.0,18.2
2023-11-16 13:00:00+00:00,0.0,17.62
2023-11-16 14:00:00+00:00,0.0,17.09
2023-11-16 15:00:00+00:00,0.0,16.68
2023-11-16 16:00:00+00:00,0.0,16.28
2023-11-16 17:00:00+00:00,0.0,15.87
2023-11-16 18:00:00+00:00,0.0,15.52
2023-11-16 19:00:00+00:00,0.0,15.15
2023-11-16 20:00:00+00:00,0.0,14.78
2023-11-16 21:00:00+00:00,0.0,14.47
2023-11-16 22:00:00+00:00,4.72,14.22
2023-11-16 23:00:00+00:00,125.68,14.54
2023-11-17 00:00:00+00:00,341.02,15.4
2023-11-17 01:00:00+00:00,538.67,16.53
2023-11-17 02:00:00+00:00,691.12,18.02
2023-11-17 03:00:00+00:00,778.5,19.47
2023-11-17 04:00:00+00:00,794.38,20.58
2023-11-17 05:00:00+00:00,739.42,21.47
2023-11-17 06:00:00+00:00,604.28,21.98
2023-11-17 07:00:00+00:00,413.05,22.1
2023-11-17 08:00:00+00:00,187.9,21.71
2023-11-17 09:00:00+00:00,15.98,20.38
2023-11-17 10:00:00+00:00,0.0,19.17
2023-11-17 11:00:00+00:00,0.0,18.65
2023-11-17 12:00:00+00:00,0.0,18.23
2023-11-17 13:00:00+00:00,0.0,17.83
2023-11-17 14:00:00+00:00,0.0,17.42
2023-11-17 15:00:00+00:00,0.0,17.07
2023-11-17 16:00:00+00:00,0.0,16.72
2023-11-17 17:00:00+00:00,0.0,16.38
2023-11-17 18:00:00+00:00,0.0,16.05
2023-11-17 19:00:00+00:00,0.0,15.72
2023-11-17 20:00:00+00:00,0.0,15.4
2023-11-17 21:00:00+00:00,0.0,15.08
2023-11-17 22:00:00+00:00,4.65,14.86
2023-11-17 23:00:00+00:00,130.48,15.4
2023-11-18 00:00:00+00:00,346.77,16.76
2023-11-18 01:00:00+00:00,541.7,18.01
2023-11-18 02:00:00+00:00,688.25,19.38
2023-11-18 03:00:00+00:00,793.12,20.45
2023-11-18 04:00:00+00:00,796.53,21.35
2023-11-18 05:00:00+00:00,729.08,22.03
2023-11-18 06:00:00+00:00,594.88,22.56
2023-11-18 07:00:00+00:00,403.8,22.77
2023-11-18 08:00:00+00:00,181.27,22.63
2023-11-18 09:00:00+00:00,14.62,21.49
2023-11-18 10:00:00+00:00,0.0,20.56
2023-11-18 11:00:00+00:00,0.0,20.16
2023-11-18 12:00:00+00:00,0.0,19.75
2023-11-18 13:00:00+00:00,0.0,19.36
2023-11-18 14:00:00+00:00,0.0,19.0
2023-11-18 15:00:00+00:00,0.0,18.7
2023-11-18 16:00:00+00:00,0.0,18.44
2023-11-18 17:00:00+00:00,0.0,18.19
2023-11-18 18:00:00+00:00,0.0,17.94
2023-11-18 19:00:00+00:00,0.0,17.66
2023-11-18 20:00:00+00:00,0.0,17.42
2023-11-18 21:00:00+00:00,0.0,17.27
2023-11-18 22:00:00+00:00,3.1,17.07
2023-11-18 23:00:00+00:00,88.53,17.39
2023-11-19 00:00:00+00:00,262.85,18.63
2023-11-19 01:00:00+00:00,466.02,19.57
2023-11-19 02:00:00+00:00,620.33,20.67
2023-11-19 03:00:00+00:00,679.12,21.5
2023-11-19 04:00:00+00:00,709.47,22.1
2023-11-19 05:00:00+00:00,678.22,22.5
2023-11-19 06:00:00+00:00,558.47,22.72
2023-11-19 07:00:00+00:00,366.27,22.81
2023-11-19 08:00:00+00:00,168.73,22.69
2023-11-19 09:00:00+00:00,12.88,22.08
2023-11-19 10:00:00+00:00,0.0,21.78
2023-11-19 11:00:00+00:00,0.0,21.67
2023-11-19 12:00:00+00:00,0.0,21.49
2023-11-19 13:00:00+00:00,0.0,21.29
2023-11-19 14:00:00+00:00,0.0,20.94
2023-11-19 15:00:00+00:00,0.0,20.56
2023-11-19 16:00:00+00:00,0.0,20.39
2023-11-19 17:00:00+00:00,0.0,20.06
2023-11-19 18:00:00+00:00,0.0,19.61
2023-11-19 19:00:00+00:00,0.0,19.1
2023-11-19 20:00:00+00:00,0.0,18.66
2023-11-19 21:00:00+00:00,0.0,18.34
2023-11-19 22:00:00+00:00,3.15,18.02
2023-11-19 23:00:00+00:00,88.9,18.29
2023-11-20 00:00:00+00:00,269.08,19.59
2023-11-20 01:00:00+00:00,454.6,20.54
2023-11-20 02:00:00+00:00,659.9,21.6
2023-11-20 03:00:00+00:00,736.97,22.42
2023-11-20 04:00:00+00:00,770.85,23.08
2023-11-20 05:00:00+00:00,674.35,23.56
2023-11-20 06:00:00+00:00,570.85,23.81
2023-11-20 07:00:00+00:00,384.58,23.84
2023-11-20 08:00:00+00:00,172.8,23.59
2023-11-20 09:00:00+00:00,13.68,22.68
2023-11-20 10:00:00+00:00,0.0,21.99
2023-11-20 11:00:00+00:00,0.0,21.7
2023-11-20 12:00:00+00:00,0.0,21.42
2023-11-20 13:00:00+00:00,0.0,21.13
2023-11-20 14:00:00+00:00,0.0,20.92
2023-11-20 15:00:00+00:00,0.0,20.74
2023-11-20 16:00:00+00:00,0.0,20.63
2023-11-20 17:00:00+00:00,0.0,20.35
2023-11-20 18:00:00+00:00,0.0,20.04
2023-11-20 19:00:00+00:00,0.0,19.74
2023-11-20 20:00:00+00:00,0.0,19.49
2023-11-20 21:00:00+00:00,0.0,19.29
2023-11-20 22:00:00+00:00,3.2,19.02
2023-11-20 23:00:00+00:00,112.05,19.38
2023-11-21 00:00:00+00:00,323.17,20.79
2023-11-21 01:00:00+00:00,515.67,21.71
2023-11-21 02:00:00+00:00,666.5,22.62
2023-11-21 03:00:00+00:00,749.95,23.46
2023-11-21 04:00:00+00:00,771.03,24.06
2023-11-21 05:00:00+00:00,703.4,24.31
2023-11-21 06:00:00+00:00,573.83,24.34
2023-11-21 07:00:00+00:00,392.05,24.22
2023-11-21 08:00:00+00:00,176.4,23.96
2023-11-21 09:00:00+00:00,14.77,23.05
2023-11-21 10:00:00+00:00,0.0,22.17
2023-11-21 11:00:00+00:00,0.0,21.68
2023-11-21 12:00:00+00:00,0.0,21.33
2023-11-21 13:00:00+00:00,0.0,21.11
2023-11-21 14:00:00+00:00,0.0,21.0
2023-11-21 15:00:00+00:00,0.0,20.95
2023-11-21 16:00:00+00:00,0.0,20.92
2023-11-21 17:00:00+00:00,0.0,20.74
2023-11-21 18:00:00+00:00,0.0,20.44
2023-11-21 19:00:00+00:00,0.0,20.04
2023-11-21 20:00:00+00:00,0.0,19.6
2023-11-21 21:00:00+00:00,0.0,19.19
2023-11-21 22:00:00+00:00,0.0,18.81
2023-11-21 23:00:00+00:00,120.2,19.12
2023-11-22 00:00:00+00:00,323.17,20.6
2023-11-22 01:00:00+00:00,514.67,21.58
2023-11-22 02:00:00+00:00,661.55,22.7
2023-11-22 03:00:00+00:00,708.97,23.65
2023-11-22 04:00:00+00:00,747.03,24.21
2023-11-22 05:00:00+00:00,683.12,24.53
2023-11-22 06:00:00+00:00,563.53,24.88
2023-11-22 07:00:00+00:00,381.83,25.01
2023-11-22 08:00:00+00:00,171.9,24.75
2023-11-22 09:00:00+00:00,14.48,23.95
2023-11-22 10:00:00+00:00,0.0,23.07
2023-11-22 11:00:00+00:00,0.0,22.62
2023-11-22 12:00:00+00:00,0.0,22.37
2023-11-22 13:00:00+00:00,0.0,21.89
2023-11-22 14:00:00+00:00,0.0,21.45
2023-11-22 15:00:00+00:00,0.0,21.25
2023-11-22 16:00:00+00:00,0.0,21.15
2023-11-22 17:00:00+00:00,0.0,21.22
2023-11-22 18:00:00+00:00,0.0,21.38
2023-11-22 19:00:00+00:00,0.0,21.42
2023-11-22 20:00:00+00:00,0.0,21.14
2023-11-22 21:00:00+00:00,0.0,20.39
2023-11-22 22:00:00+00:00,0.0,19.82
2023-11-22 23:00:00+00:00,99.6,19.64
2023-11-23 00:00:00+00:00,282.8,20.63
2023-11-23 01:00:00+00:00,477.08,21.83
2023-11-23 02:00:00+00:00,631.15,23.32
2023-11-23 03:00:00+00:00,745.03,24.18
2023-11-23 04:00:00+00:00,765.12,24.64
2023-11-23 05:00:00+00:00,691.28,24.98
2023-11-23 06:00:00+00:00,562.0,25.34
2023-11-23 07:00:00+00:00,380.65,25.6
2023-11-23 08:00:00+00:00,167.35,25.56
2023-11-23 09:00:00+00:00,13.55,24.83
2023-11-23 10:00:00+00:00,0.0,24.24
2023-11-23 11:00:00+00:00,0.0,23.82
2023-11-23 12:00:00+00:00,0.0,23.38
2023-11-23 13:00:00+00:00,0.0,23.09
2023-11-23 14:00:00+00:00,0.0,22.7
2023-11-23 15:00:00+00:00,0.0,22.2
2023-11-23 16:00:00+00:00,0.0,21.57
2023-11-23 17:00:00+00:00,0.0,20.87
2023-11-23 18:00:00+00:00,0.0,20.25
2023-11-23 19:00:00+00:00,0.0,19.77
2023-11-23 20:00:00+00:00,0.0,19.4
2023-11-23 21:00:00+00:00,0.0,19.13
2023-11-23 22:00:00+00:00,0.0,19.06
2023-11-23 23:00:00+00:00,109.82,19.68
2023-11-24 00:00:00+00:00,316.38,20.96
2023-11-24 01:00:00+00:00,509.62,22.72
2023-11-24 02:00:00+00:00,656.28,24.06
2023-11-24 03:00:00+00:00,739.72,24.66
2023-11-24 04:00:00+00:00,694.3,24.98
2023-11-24 05:00:00+00:00,643.88,25.14
2023-11-24 06:00:00+00:00,514.6,25.13
2023-11-24 07:00:00+00:00,340.48,24.98
2023-11-24 08:00:00+00:00,140.88,24.57
2023-11-24 09:00:00+00:00,11.2,23.4
2023-11-24 10:00:00+00:00,0.0,22.42
2023-11-24 11:00:00+00:00,0.0,22.03
2023-11-24 12:00:00+00:00,0.0,21.66
2023-11-24 13:00:00+00:00,0.0,21.33
2023-11-24 14:00:00+00:00,0.0,20.98
2023-11-24 15:00:00+00:00,0.0,20.71
2023-11-24 16:00:00+00:00,0.0,20.4
2023-11-24 17:00:00+00:00,0.0,20.02
2023-11-24 18:00:00+00:00,0.0,19.55
2023-11-24 19:00:00+00:00,0.0,19.05
2023-11-24 20:00:00+00:00,0.0,18.58
2023-11-24 21:00:00+00:00,0.0,18.21
2023-11-24 22:00:00+00:00,0.0,17.95
2023-11-24 23:00:00+00:00,101.12,18.27
2023-11-25 00:00:00+00:00,297.45,19.29
2023-11-25 01:00:00+00:00,489.6,20.39
2023-11-25 02:00:00+00:00,632.08,21.54
2023-11-25 03:00:00+00:00,717.17,22.6
2023-11-25 04:00:00+00:00,742.45,23.52
2023-11-25 05:00:00+00:00,683.05,24.24
2023-11-25 06:00:00+00:00,560.0,24.66
2023-11-25 07:00:00+00:00,381.77,24.73
2023-11-25 08:00:00+00:00,170.3,24.47
2023-11-25 09:00:00+00:00,13.65,23.38
2023-11-25 10:00:00+00:00,0.0,22.4
2023-11-25 11:00:00+00:00,0.0,21.87
2023-11-25 12:00:00+00:00,0.0,21.38
2023-11-25 13:00:00+00:00,0.0,20.99
2023-11-25 14:00:00+00:00,0.0,20.71
2023-11-25 15:00:00+00:00,0.0,20.5
2023-11-25 16:00:00+00:00,0.0,20.33
2023-11-25 17:00:00+00:00,0.0,20.13
2023-11-25 18:00:00+00:00,0.0,19.9
2023-11-25 19:00:00+00:00,0.0,19.65
2023-11-25 20:00:00+00:00,0.0,19.33
2023-11-25 21:00:00+00:00,0.0,18.96
2023-11-25 22:00:00+00:00,0.0,18.62
2023-11-25 23:00:00+00:00,107.47,18.94
2023-11-26 00:00:00+00:00,310.35,20.0
2023-11-26 01:00:00+00:00,499.65,21.08
2023-11-26 02:00:00+00:00,643.33,22.38
2023-11-26 03:00:00+00:00,731.08,23.39
2023-11-26 04:00:00+00:00,739.05,24.19
2023-11-26 05:00:00+00:00,681.72,24.64
2023-11-26 06:00:00+00:00,516.38,24.82
2023-11-26 07:00:00+00:00,367.52,24.89
2023-11-26 08:00:00+00:00,161.82,24.69
2023-11-26 09:00:00+00:00,13.18,23.88
2023-11-26 10:00:00+00:00,0.0,23.34
2023-11-26 11:00:00+00:00,0.0,22.91
2023-11-26 12:00:00+00:00,0.0,22.43
2023-11-26 13:00:00+00:00,0.0,21.85
2023-11-26 14:00:00+00:00,0.0,21.16
2023-11-26 15:00:00+00:00,0.0,20.5
2023-11-26 16:00:00+00:00,0.0,19.94
2023-11-26 17:00:00+00:00,0.0,19.46
2023-11-26 18:00:00+00:00,0.0,19.01
2023-11-26 19:00:00+00:00,0.0,18.57
2023-11-26 20:00:00+00:00,0.0,18.11
2023-11-26 21:00:00+00:00,0.0,17.74
2023-11-26 22:00:00+00:00,0.0,17.49
2023-11-26 23:00:00+00:00,102.75,17.91
2023-11-27 00:00:00+00:00,304.55,19.26
2023-11-27 01:00:00+00:00,493.62,21.0
2023-11-27 02:00:00+00:00,636.45,22.9
2023-11-27 03:00:00+00:00,724.28,24.22
2023-11-27 04:00:00+00:00,730.4,24.85
2023-11-27 05:00:00+00:00,672.45,25.26
2023-11-27 06:00:00+00:00,488.75,25.56
2023-11-27 07:00:00+00:00,341.25,25.65
2023-11-27 08:00:00+00:00,142.38,25.36
2023-11-27 09:00:00+00:00,11.77,24.16
2023-11-27 10:00:00+00:00,0.0,23.29
2023-11-27 11:00:00+00:00,0.0,22.83
2023-11-27 12:00:00+00:00,0.0,22.37
2023-11-27 13:00:00+00:00,0.0,21.7
2023-11-27 14:00:00+00:00,0.0,20.95
2023-11-27 15:00:00+00:00,0.0,20.34
2023-11-27 16:00:00+00:00,0.0,19.73
2023-11-27 17:00:00+00:00,0.0,19.09
2023-11-27 18:00:00+00:00,0.0,18.41
2023-11-27 19:00:00+00:00,0.0,17.71
2023-11-27 20:00:00+00:00,0.0,17.08
2023-11-27 21:00:00+00:00,0.0,16.57
2023-11-27 22:00:00+00:00,0.0,16.18
2023-11-27 23:00:00+00:00,100.65,16.42
2023-11-28 00:00:00+00:00,304.58,17.35
2023-11-28 01:00:00+00:00,495.52,19.36
2023-11-28 02:00:00+00:00,640.55,22.46
2023-11-28 03:00:00+00:00,724.4,23.65
2023-11-28 04:00:00+00:00,735.92,24.42
2023-11-28 05:00:00+00:00,676.35,24.87
2023-11-28 06:00:00+00:00,522.12,25.05
2023-11-28 07:00:00+00:00,343.8,24.95
2023-11-28 08:00:00+00:00,147.07,24.53
2023-11-28 09:00:00+00:00,11.62,23.2
2023-11-28 10:00:00+00:00,0.0,22.19
2023-11-28 11:00:00+00:00,0.0,21.9
2023-11-28 12:00:00+00:00,0.0,21.79
2023-11-28 13:00:00+00:00,0.0,21.64
2023-11-28 14:00:00+00:00,0.0,21.51
2023-11-28 15:00:00+00:00,0.0,21.41
2023-11-28 16:00:00+00:00,0.0,21.17
2023-11-28 17:00:00+00:00,0.0,20.95
2023-11-28 18:00:00+00:00,0.0,20.72
2023-11-28 19:00:00+00:00,0.0,20.56
2023-11-28 20:00:00+00:00,0.0,20.44
2023-11-28 21:00:00+00:00,0.0,20.33
2023-11-28 22:00:00+00:00,0.0,20.21
2023-11-28 23:00:00+00:00,56.85,20.45
2023-11-29 00:00:00+00:00,154.2,21.19
2023-11-29 01:00:00+00:00,249.35,22.11
2023-11-29 02:00:00+00:00,333.92,23.08
2023-11-29 03:00:00+00:00,357.95,23.79
2023-11-29 04:00:00+00:00,345.77,24.2
2023-11-29 05:00:00+00:00,333.62,24.41
2023-11-29 06:00:00+00:00,262.98,24.45
2023-11-29 07:00:00+00:00,177.73,24.34
2023-11-29 08:00:00+00:00,77.45,24.06
2023-11-29 09:00:00+00:00,9.85,23.41
2023-11-29 10:00:00+00:00,0.0,22.82
2023-11-29 11:00:00+00:00,0.0,22.58
2023-11-29 12:00:00+00:00,0.0,22.42
2023-11-29 13:00:00+00:00,0.0,22.28
2023-11-29 14:00:00+00:00,0.0,22.13
2023-11-29 15:00:00+00:00,0.0,22.0
2023-11-29 16:00:00+00:00,0.0,21.86
2023-11-29 17:00:00+00:00,0.0,21.74
2023-11-29 18:00:00+00:00,0.0,21.6
2023-11-29 19:00:00+00:00,0.0,21.43
2023-11-29 20:00:00+00:00,0.0,21.22
2023-11-29 21:00:00+00:00,0.0,21.02
2023-11-29 22:00:00+00:00,0.0,20.78
2023-11-29 23:00:00+00:00,51.2,20.81
2023-11-30 00:00:00+00:00,156.73,21.44
2023-11-30 01:00:00+00:00,262.35,22.71
2023-11-30 02:00:00+00:00,338.33,24.13
2023-11-30 03:00:00+00:00,394.95,24.91
2023-11-30 04:00:00+00:00,441.83,25.45
2023-11-30 05:00:00+00:00,368.65,25.8
2023-11-30 06:00:00+00:00,325.7,25.93
2023-11-30 07:00:00+00:00,199.93,25.86
2023-11-30 08:00:00+00:00,89.55,25.54
2023-11-30 09:00:00+00:00,6.8,24.67
2023-11-30 10:00:00+00:00,0.0,23.92
2023-11-30 11:00:00+00:00,0.0,23.47
2023-11-30 12:00:00+00:00,0.0,22.72
2023-11-30 13:00:00+00:00,0.0,21.44
2023-11-30 14:00:00+00:00,0.0,20.1
2023-11-30 15:00:00+00:00,0.0,19.12
2023-11-30 16:00:00+00:00,0.0,18.76
2023-11-30 17:00:00+00:00,0.0,18.61
2023-11-30 18:00:00+00:00,0.0,18.4
2023-11-30 19:00:00+00:00,0.0,18.12
2023-11-30 20:00:00+00:00,0.0,17.73
2023-11-30 21:00:00+00:00,0.0,17.24
2023-11-30 22:00:00+00:00,0.0,16.77
2023-11-30 23:00:00+00:00,52.3,16.52
2023-12-01 00:00:00+00:00,105.82,16.74
2023-12-01 01:00:00+00:00,188.93,17.54
2023-12-01 02:00:00+00:00,326.65,19.22
2023-12-01 03:00:00+00:00,444.67,20.69
2023-12-01 04:00:00+00:00,528.95,21.84
2023-12-01 05:00:00+00:00,460.5,22.58
2023-12-01 06:00:00+00:00,430.73,22.96
2023-12-01 07:00:00+00:00,257.83,23.12
2023-12-01 08:00:00+00:00,104.8,22.87
2023-12-01 09:00:00+00:00,8.95,22.02
2023-12-01 10:00:00+00:00,0.0,20.89
2023-12-01 11:00:00+00:00,0.0,19.8
2023-12-01 12:00:00+00:00,0.0,18.54
2023-12-01 13:00:00+00:00,0.0,17.55
2023-12-01 14:00:00+00:00,0.0,16.95
2023-12-01 15:00:00+00:00,0.0,16.67
2023-12-01 16:00:00+00:00,0.0,16.51
2023-12-01 17:00:00+00:00,0.0,16.48
2023-12-01 18:00:00+00:00,0.0,16.48
2023-12-01 19:00:00+00:00,0.0,16.48
2023-12-01 20:00:00+00:00,0.0,16.48
2023-12-01 21:00:00+00:00,0.0,16.41
2023-12-01 22:00:00+00:00,0.0,16.29
2023-12-01 23:00:00+00:00,50.58,16.32
2023-12-02 00:00:00+00:00,173.88,16.75
2023-12-02 01:00:00+00:00,291.33,17.43
2023-12-02 02:00:00+00:00,471.77,18.33
2023-12-02 03:00:00+00:00,555.35,19.39
2023-12-02 04:00:00+00:00,598.1,20.27
2023-12-02 05:00:00+00:00,484.42,20.96
2023-12-02 06:00:00+00:00,435.48,21.57
2023-12-02 07:00:00+00:00,263.95,22.07
2023-12-02 08:00:00+00:00,113.15,22.29
2023-12-02 09:00:00+00:00,9.93,21.97
2023-12-02 10:00:00+00:00,0.0,21.7
2023-12-02 11:00:00+00:00,0.0,21.41
2023-12-02 12:00:00+00:00,0.0,21.05
2023-12-02 13:00:00+00:00,0.0,20.71
2023-12-02 14:00:00+00:00,0.0,20.32
2023-12-02 15:00:00+00:00,0.0,19.94
2023-12-02 16:00:00+00:00,0.0,19.53
2023-12-02 17:00:00+00:00,0.0,19.09
2023-12-02 18:00:00+00:00,0.0,18.71
2023-12-02 19:00:00+00:00,0.0,18.46
2023-12-02 20:00:00+00:00,0.0,18.36
2023-12-02 21:00:00+00:00,0.0,18.24
2023-12-02 22:00:00+00:00,0.0,18.02
2023-12-02 23:00:00+00:00,36.33,18.11
2023-12-03 00:00:00+00:00,98.05,18.72
2023-12-03 01:00:00+00:00,148.32,19.73
2023-12-03 02:00:00+00:00,277.12,21.0
2023-12-03 03:00:00+00:00,433.12,22.02
2023-12-03 04:00:00+00:00,521.92,22.77
2023-12-03 05:00:00+00:00,460.08,23.43
2023-12-03 06:00:00+00:00,341.02,23.71
2023-12-03 07:00:00+00:00,229.98,23.74
2023-12-03 08:00:00+00:00,97.65,23.59
2023-12-03 09:00:00+00:00,8.27,22.94
2023-12-03 10:00:00+00:00,0.0,22.46
2023-12-03 11:00:00+00:00,0.0,22.06
2023-12-03 12:00:00+00:00,0.0,21.35
2023-12-03 13:00:00+00:00,0.0,20.55
2023-12-03 14:00:00+00:00,0.0,19.88
2023-12-03 15:00:00+00:00,0.0,19.33
2023-12-03 16:00:00+00:00,0.0,18.92
2023-12-03 17:00:00+00:00,0.0,18.57
2023-12-03 18:00:00+00:00,0.0,18.34
2023-12-03 19:00:00+00:00,0.0,18.17
2023-12-03 20:00:00+00:00,0.0,18.03
2023-12-03 21:00:00+00:00,0.0,17.9
2023-12-03 22:00:00+00:00,0.0,17.83
2023-12-03 23:00:00+00:00,46.38,18.08
2023-12-04 00:00:00+00:00,130.62,18.74
2023-12-04 01:00:00+00:00,212.7,19.48
2023-12-04 02:00:00+00:00,366.9,20.58
2023-12-04 03:00:00+00:00,527.35,21.75
2023-12-04 04:00:00+00:00,625.25,22.7
2023-12-04 05:00:00+00:00,580.03,23.43
2023-12-04 06:00:00+00:00,449.4,23.78
2023-12-04 07:00:00+00:00,285.55,23.87
2023-12-04 08:00:00+00:00,112.65,23.68
2023-12-04 09:00:00+00:00,9.0,22.82
2023-12-04 10:00:00+00:00,0.0,21.91
2023-12-04 11:00:00+00:00,0.0,20.96
2023-12-04 12:00:00+00:00,0.0,19.85
2023-12-04 13:00:00+00:00,0.0,19.17
2023-12-04 14:00:00+00:00,0.0,18.85
2023-12-04 15:00:00+00:00,0.0,18.87
2023-12-04 16:00:00+00:00,0.0,18.82
2023-12-04 17:00:00+00:00,0.0,18.58
2023-12-04 18:00:00+00:00,0.0,18.32
2023-12-04 19:00:00+00:00,0.0,18.12
2023-12-04 20:00:00+00:00,0.0,17.96
2023-12-04 21:00:00+00:00,0.0,17.77
2023-12-04 22:00:00+00:00,0.0,17.31
2023-12-04 23:00:00+00:00,66.18,17.43
2023-12-05 00:00:00+00:00,242.07,18.08
2023-12-05 01:00:00+00:00,436.95,18.99
2023-12-05 02:00:00+00:00,579.6,20.27
2023-12-05 03:00:00+00:00,666.38,21.62
2023-12-05 04:00:00+00:00,670.17,22.58
2023-12-05 05:00:00+00:00,581.62,23.36
2023-12-05 06:00:00+00:00,477.67,23.8
2023-12-05 07:00:00+00:00,319.77,23.83
2023-12-05 08:00:00+00:00,134.2,23.64
2023-12-05 09:00:00+00:00,12.05,23.04
2023-12-05 10:00:00+00:00,0.0,22.6
2023-12-05 11:00:00+00:00,0.0,22.32
2023-12-05 12:00:00+00:00,0.0,21.99
2023-12-05 13:00:00+00:00,0.0,21.41
2023-12-05 14:00:00+00:00,0.0,20.75
2023-12-05 15:00:00+00:00,0.0,20.36
2023-12-05 16:00:00+00:00,0.0,20.12
2023-12-05 17:00:00+00:00,0.0,19.87
2023-12-05 18:00:00+00:00,0.0,19.77
2023-12-05 19:00:00+00:00,0.0,19.64
2023-12-05 20:00:00+00:00,0.0,19.55
2023-12-05 21:00:00+00:00,0.0,19.34
2023-12-05 22:00:00+00:00,0.0,19.08
2023-12-05 23:00:00+00:00,27.8,18.91
2023-12-06 00:00:00+00:00,89.2,18.8
2023-12-06 01:00:00+00:00,140.5,18.81
2023-12-06 02:00:00+00:00,133.6,19.46
2023-12-06 03:00:00+00:00,191.45,20.38
2023-12-06 04:00:00+00:00,239.18,21.14
2023-12-06 05:00:00+00:00,314.23,22.11
2023-12-06 06:00:00+00:00,387.58,22.91
2023-12-06 07:00:00+00:00,250.5,23.19
2023-12-06 08:00:00+00:00,104.0,22.99
2023-12-06 09:00:00+00:00,10.43,22.03
2023-12-06 10:00:00+00:00,0.0,21.02
2023-12-06 11:00:00+00:00,0.0,20.28
2023-12-06 12:00:00+00:00,0.0,19.63
2023-12-06 13:00:00+00:00,0.0,19.22
2023-12-06 14:00:00+00:00,0.0,18.86
2023-12-06 15:00:00+00:00,0.0,18.54
2023-12-06 16:00:00+00:00,0.0,18.25
2023-12-06 17:00:00+00:00,0.0,17.84
2023-12-06 18:00:00+00:00,0.0,17.41
2023-12-06 19:00:00+00:00,0.0,17.04
2023-12-06 20:00:00+00:00,0.0,16.7
2023-12-06 21:00:00+00:00,0.0,16.34
2023-12-06 22:00:00+00:00,0.0,15.96
2023-12-06 23:00:00+00:00,72.22,16.15
2023-12-07 00:00:00+00:00,266.35,17.11
2023-12-07 01:00:00+00:00,464.35,18.57
2023-12-07 02:00:00+00:00,618.15,20.51
2023-12-07 03:00:00+00:00,727.05,22.2
2023-12-07 04:00:00+00:00,742.8,23.43
2023-12-07 05:00:00+00:00,688.65,24.12
2023-12-07 06:00:00+00:00,557.88,24.33
2023-12-07 07:00:00+00:00,381.48,24.23
2023-12-07 08:00:00+00:00,169.32,23.85
2023-12-07 09:00:00+00:00,13.8,22.86
2023-12-07 10:00:00+00:00,0.0,22.34
2023-12-07 11:00:00+00:00,0.0,22.06
2023-12-07 12:00:00+00:00,0.0,21.37
2023-12-07 13:00:00+00:00,0.0,20.61
2023-12-07 14:00:00+00:00,0.0,19.98
2023-12-07 15:00:00+00:00,0.0,19.5
2023-12-07 16:00:00+00:00,0.0,19.05
2023-12-07 17:00:00+00:00,0.0,18.64
2023-12-07 18:00:00+00:00,0.0,18.28
2023-12-07 19:00:00+00:00,0.0,18.0
2023-12-07 20:00:00+00:00,0.0,17.78
2023-12-07 21:00:00+00:00,0.0,17.5
2023-12-07 22:00:00+00:00,0.0,17.14
2023-12-07 23:00:00+00:00,46.6,17.31
2023-12-08 00:00:00+00:00,173.43,19.06
2023-12-08 01:00:00+00:00,321.3,20.92
2023-12-08 02:00:00+00:00,580.4,22.31
2023-12-08 03:00:00+00:00,553.12,23.1
2023-12-08 04:00:00+00:00,669.65,23.58
2023-12-08 05:00:00+00:00,577.8,23.79
2023-12-08 06:00:00+00:00,485.65,23.76
2023-12-08 07:00:00+00:00,312.35,23.56
2023-12-08 08:00:00+00:00,136.93,23.15
2023-12-08 09:00:00+00:00,11.02,22.29
2023-12-08 10:00:00+00:00,0.0,21.58
2023-12-08 11:00:00+00:00,0.0,21.31
2023-12-08 12:00:00+00:00,0.0,21.12
2023-12-08 13:00:00+00:00,0.0,21.01
2023-12-08 14:00:00+00:00,0.0,20.94
2023-12-08 15:00:00+00:00,0.0,20.87
2023-12-08 16:00:00+00:00,0.0,20.83
2023-12-08 17:00:00+00:00,0.0,20.81
2023-12-08 18:00:00+00:00,0.0,20.79
2023-12-08 19:00:00+00:00,0.0,20.75
2023-12-08 20:00:00+00:00,0.0,20.66
2023-12-08 21:00:00+00:00,0.0,20.6
2023-12-08 22:00:00+00:00,0.0,20.61
2023-12-08 23:00:00+00:00,52.53,21.08
2023-12-09 00:00:00+00:00,193.52,22.32
2023-12-09 01:00:00+00:00,345.08,23.32
2023-12-09 02:00:00+00:00,460.42,24.05
2023-12-09 03:00:00+00:00,514.58,24.52
2023-12-09 04:00:00+00:00,514.92,24.85
2023-12-09 05:00:00+00:00,473.38,25.06
2023-12-09 06:00:00+00:00,343.75,25.0
2023-12-09 07:00:00+00:00,223.07,24.76
2023-12-09 08:00:00+00:00,94.93,24.33
2023-12-09 09:00:00+00:00,9.12,23.57
2023-12-09 10:00:00+00:00,0.0,22.9
2023-12-09 11:00:00+00:00,0.0,22.65
2023-12-09 12:00:00+00:00,0.0,22.42
2023-12-09 13:00:00+00:00,0.0,22.24
2023-12-09 14:00:00+00:00,0.0,22.08
2023-12-09 15:00:00+00:00,0.0,21.95
2023-12-09 16:00:00+00:00,0.0,21.83
2023-12-09 17:00:00+00:00,0.0,21.7
2023-12-09 18:00:00+00:00,0.0,21.59
2023-12-09 19:00:00+00:00,0.0,21.45
2023-12-09 20:00:00+00:00,0.0,21.35
2023-12-09 21:00:00+00:00,0.0,21.3
2023-12-09 22:00:00+00:00,0.0,21.24
2023-12-09 23:00:00+00:00,52.85,21.69
2023-12-10 00:00:00+00:00,207.85,22.87
2023-12-10 01:00:00+00:00,384.42,24.04
2023-12-10 02:00:00+00:00,532.35,25.07
2023-12-10 03:00:00+00:00,615.03,25.91
2023-12-10 04:00:00+00:00,624.35,26.4
2023-12-10 05:00:00+00:00,548.95,26.54
2023-12-10 06:00:00+00:00,399.45,26.42
2023-12-10 07:00:00+00:00,276.38,26.09
2023-12-10 08:00:00+00:00,130.77,25.49
2023-12-10 09:00:00+00:00,13.15,24.46
2023-12-10 10:00:00+00:00,0.0,23.58
2023-12-10 11:00:00+00:00,0.0,23.19
2023-12-10 12:00:00+00:00,0.0,22.9
2023-12-10 13:00:00+00:00,0.0,22.74
2023-12-10 14:00:00+00:00,0.0,22.63
2023-12-10 15:00:00+00:00,0.0,22.51
2023-12-10 16:00:00+00:00,0.0,22.39
2023-12-10 17:00:00+00:00,0.0,22.28
2023-12-10 18:00:00+00:00,0.0,22.19
2023-12-10 19:00:00+00:00,0.0,22.13
2023-12-10 20:00:00+00:00,0.0,22.05
2023-12-10 21:00:00+00:00,0.0,21.93
2023-12-10 22:00:00+00:00,0.0,21.78
2023-12-10 23:00:00+00:00,56.75,22.05
2023-12-11 00:00:00+00:00,208.05,23.18
2023-12-11 01:00:00+00:00,340.88,24.46
2023-12-11 02:00:00+00:00,440.45,25.99
2023-12-11 03:00:00+00:00,502.2,26.84
2023-12-11 04:00:00+00:00,470.35,27.23
2023-12-11 05:00:00+00:00,503.17,27.33
2023-12-11 06:00:00+00:00,420.42,27.24
2023-12-11 07:00:00+00:00,292.23,26.97
2023-12-11 08:00:00+00:00,135.77,26.44
2023-12-11 09:00:00+00:00,13.7,25.3
2023-12-11 10:00:00+00:00,0.0,24.27
2023-12-11 11:00:00+00:00,0.0,23.81
2023-12-11 12:00:00+00:00,0.0,23.47
2023-12-11 13:00:00+00:00,0.0,23.19
2023-12-11 14:00:00+00:00,0.0,23.02
2023-12-11 15:00:00+00:00,0.0,23.04
2023-12-11 16:00:00+00:00,0.0,22.94
2023-12-11 17:00:00+00:00,0.0,22.66
2023-12-11 18:00:00+00:00,0.0,22.59
2023-12-11 19:00:00+00:00,0.0,22.24
2023-12-11 20:00:00+00:00,0.0,21.93
2023-12-11 21:00:00+00:00,0.0,21.31
2023-12-11 22:00:00+00:00,0.0,20.23
2023-12-11 23:00:00+00:00,57.88,19.66
2023-12-12 00:00:00+00:00,222.9,20.07
2023-12-12 01:00:00+00:00,392.12,21.05
2023-12-12 02:00:00+00:00,528.15,22.35
2023-12-12 03:00:00+00:00,620.5,23.64
2023-12-12 04:00:00+00:00,643.08,24.82
2023-12-12 05:00:00+00:00,568.8,25.64
2023-12-12 06:00:00+00:00,458.52,26.1
2023-12-12 07:00:00+00:00,282.1,26.34
2023-12-12 08:00:00+00:00,122.28,26.24
2023-12-12 09:00:00+00:00,9.48,25.18
2023-12-12 10:00:00+00:00,0.0,24.28
2023-12-12 11:00:00+00:00,0.0,23.72
2023-12-12 12:00:00+00:00,0.0,23.2
2023-12-12 13:00:00+00:00,0.0,22.53
2023-12-12 14:00:00+00:00,0.0,21.76
2023-12-12 15:00:00+00:00,0.0,21.27
2023-12-12 16:00:00+00:00,0.0,21.06
2023-12-12 17:00:00+00:00,0.0,20.91
2023-12-12 18:00:00+00:00,0.0,20.74
2023-12-12 19:00:00+00:00,0.0,20.57
2023-12-12 20:00:00+00:00,0.0,20.36
2023-12-12 21:00:00+00:00,0.0,20.19
2023-12-12 22:00:00+00:00,0.0,20.1
2023-12-12 23:00:00+00:00,26.58,20.46
2023-12-13 00:00:00+00:00,104.95,21.54
2023-12-13 01:00:00+00:00,171.62,22.73
2023-12-13 02:00:00+00:00,195.38,23.73
2023-12-13 03:00:00+00:00,297.42,24.4
2023-12-13 04:00:00+00:00,315.88,24.68
2023-12-13 05:00:00+00:00,273.1,24.73
2023-12-13 06:00:00+00:00,237.48,24.65
2023-12-13 07:00:00+00:00,164.0,24.41
2023-12-13 08:00:00+00:00,81.07,23.96
2023-12-13 09:00:00+00:00,9.8,23.28
2023-12-13 10:00:00+00:00,0.0,22.62
2023-12-13 11:00:00+00:00,0.0,22.19
2023-12-13 12:00:00+00:00,0.0,21.82
2023-12-13 13:00:00+00:00,0.0,21.54
2023-12-13 14:00:00+00:00,0.0,21.34
2023-12-13 15:00:00+00:00,0.0,21.23
2023-12-13 16:00:00+00:00,0.0,21.14
2023-12-13 17:00:00+00:00,0.0,21.05
2023-12-13 18:00:00+00:00,0.0,20.98
2023-12-13 19:00:00+00:00,0.0,20.95
2023-12-13 20:00:00+00:00,0.0,20.96
2023-12-13 21:00:00+00:00,0.0,20.94
2023-12-13 22:00:00+00:00,0.0,20.91
2023-12-13 23:00:00+00:00,34.4,21.25
2023-12-14 00:00:00+00:00,121.65,22.15
2023-12-14 01:00:00+00:00,198.45,23.24
2023-12-14 02:00:00+00:00,256.9,24.22
2023-12-14 03:00:00+00:00,325.02,24.86
2023-12-14 04:00:00+00:00,384.0,25.19
2023-12-14 05:00:00+00:00,373.12,25.29
2023-12-14 06:00:00+00:00,303.35,25.29
2023-12-14 07:00:00+00:00,184.0,25.16
2023-12-14 08:00:00+00:00,89.53,24.78
2023-12-14 09:00:00+00:00,9.4,23.95
2023-12-14 10:00:00+00:00,0.0,23.18
2023-12-14 11:00:00+00:00,0.0,22.88
2023-12-14 12:00:00+00:00,0.0,22.57
2023-12-14 13:00:00+00:00,0.0,22.35
2023-12-14 14:00:00+00:00,0.0,22.27
2023-12-14 15:00:00+00:00,0.0,22.25
2023-12-14 16:00:00+00:00,0.0,22.24
2023-12-14 17:00:00+00:00,0.0,22.2
2023-12-14 18:00:00+00:00,0.0,22.18
2023-12-14 19:00:00+00:00,0.0,22.19
2023-12-14 20:00:00+00:00,0.0,22.23
2023-12-14 21:00:00+00:00,0.0,22.19
2023-12-14 22:00:00+00:00,0.0,22.08
2023-12-14 23:00:00+00:00,45.55,22.48
2023-12-15 00:00:00+00:00,183.4,23.49
2023-12-15 01:00:00+00:00,327.05,24.64
2023-12-15 02:00:00+00:00,512.22,25.53
2023-12-15 03:00:00+00:00,511.25,26.11
2023-12-15 04:00:00+00:00,435.23,26.54
2023-12-15 05:00:00+00:00,427.12,26.69
2023-12-15 06:00:00+00:00,421.0,26.62
2023-12-15 07:00:00+00:00,281.05,26.34
2023-12-15 08:00:00+00:00,134.12,25.84
2023-12-15 09:00:00+00:00,14.18,24.98
2023-12-15 10:00:00+00:00,0.0,24.2
2023-12-15 11:00:00+00:00,0.0,23.84
2023-12-15 12:00:00+00:00,0.0,23.58
2023-12-15 13:00:00+00:00,0.0,23.65
2023-12-15 14:00:00+00:00,0.0,22.09
2023-12-15 15:00:00+00:00,0.0,19.08
2023-12-15 16:00:00+00:00,0.0,18.7
2023-12-15 17:00:00+00:00,0.0,19.48
2023-12-15 18:00:00+00:00,0.0,19.2
2023-12-15 19:00:00+00:00,0.0,17.76
2023-12-15 20:00:00+00:00,0.0,16.81
2023-12-15 21:00:00+00:00,0.0,16.04
2023-12-15 22:00:00+00:00,0.0,15.02
2023-12-15 23:00:00+00:00,29.0,13.97
2023-12-16 00:00:00+00:00,141.18,13.83
2023-12-16 01:00:00+00:00,243.48,14.69
2023-12-16 02:00:00+00:00,338.67,16.06
2023-12-16 03:00:00+00:00,483.85,16.84
2023-12-16 04:00:00+00:00,503.52,17.04
2023-12-16 05:00:00+00:00,394.0,16.96
2023-12-16 06:00:00+00:00,210.38,16.66
2023-12-16 07:00:00+00:00,143.95,16.38
2023-12-16 08:00:00+00:00,66.78,16.11
2023-12-16 09:00:00+00:00,6.28,15.66
2023-12-16 10:00:00+00:00,0.0,15.11
2023-12-16 11:00:00+00:00,0.0,14.36
2023-12-16 12:00:00+00:00,0.0,13.48
2023-12-16 13:00:00+00:00,0.0,12.76
2023-12-16 14:00:00+00:00,0.0,12.16
2023-12-16 15:00:00+00:00,0.0,11.53
2023-12-16 16:00:00+00:00,0.0,11.11
2023-12-16 17:00:00+00:00,0.0,10.85
2023-12-16 18:00:00+00:00,0.0,10.61
2023-12-16 19:00:00+00:00,0.0,10.47
2023-12-16 20:00:00+00:00,0.0,10.36
2023-12-16 21:00:00+00:00,0.0,10.2
2023-12-16 22:00:00+00:00,0.0,10.08
2023-12-16 23:00:00+00:00,23.12,10.13
2023-12-17 00:00:00+00:00,99.57,10.63
2023-12-17 01:00:00+00:00,169.85,11.53
2023-12-17 02:00:00+00:00,229.43,12.66
2023-12-17 03:00:00+00:00,283.35,13.68
2023-12-17 04:00:00+00:00,278.25,14.58
2023-12-17 05:00:00+00:00,215.7,15.33
2023-12-17 06:00:00+00:00,173.88,15.82
2023-12-17 07:00:00+00:00,118.18,16.05
2023-12-17 08:00:00+00:00,60.95,16.05
2023-12-17 09:00:00+00:00,7.35,15.74
2023-12-17 10:00:00+00:00,0.0,15.4
2023-12-17 11:00:00+00:00,0.0,15.05
2023-12-17 12:00:00+00:00,0.0,14.54
2023-12-17 13:00:00+00:00,0.0,13.89
2023-12-17 14:00:00+00:00,0.0,13.24
2023-12-17 15:00:00+00:00,0.0,12.95
2023-12-17 16:00:00+00:00,0.0,13.02
2023-12-17 17:00:00+00:00,0.0,13.18
2023-12-17 18:00:00+00:00,0.0,13.43
2023-12-17 19:00:00+00:00,0.0,13.75
2023-12-17 20:00:00+00:00,0.0,14.08
2023-12-17 21:00:00+00:00,0.0,14.23
2023-12-17 22:00:00+00:00,0.0,14.26
2023-12-17 23:00:00+00:00,23.98,14.53
2023-12-18 00:00:00+00:00,105.65,15.39
2023-12-18 01:00:00+00:00,180.32,16.44
2023-12-18 02:00:00+00:00,250.43,17.5
2023-12-18 03:00:00+00:00,243.27,18.25
2023-12-18 04:00:00+00:00,265.08,18.83
2023-12-18 05:00:00+00:00,237.93,19.21
2023-12-18 06:00:00+00:00,136.25,19.38
2023-12-18 07:00:00+00:00,99.28,19.34
2023-12-18 08:00:00+00:00,53.67,19.08
2023-12-18 09:00:00+00:00,6.9,18.63
2023-12-18 10:00:00+00:00,0.0,18.27
2023-12-18 11:00:00+00:00,0.0,18.03
2023-12-18 12:00:00+00:00,0.0,17.59
2023-12-18 13:00:00+00:00,0.0,17.0
2023-12-18 14:00:00+00:00,0.0,16.16
2023-12-18 15:00:00+00:00,0.0,15.55
2023-12-18 16:00:00+00:00,0.0,15.37
2023-12-18 17:00:00+00:00,0.0,15.2
2023-12-18 18:00:00+00:00,0.0,14.61
2023-12-18 19:00:00+00:00,0.0,13.82
2023-12-18 20:00:00+00:00,0.0,13.37
2023-12-18 21:00:00+00:00,0.0,13.1
2023-12-18 22:00:00+00:00,0.0,12.82
2023-12-18 23:00:00+00:00,24.92,12.71
2023-12-19 00:00:00+00:00,90.2,13.12
2023-12-19 01:00:00+00:00,134.07,13.85
2023-12-19 02:00:00+00:00,161.5,14.96
2023-12-19 03:00:00+00:00,217.18,16.2
2023-12-19 04:00:00+00:00,240.43,17.08
2023-12-19 05:00:00+00:00,279.9,17.86
2023-12-19 06:00:00+00:00,310.77,18.25
2023-12-19 07:00:00+00:00,220.6,18.04
2023-12-19 08:00:00+00:00,108.32,17.12
2023-12-19 09:00:00+00:00,12.5,16.11
2023-12-19 10:00:00+00:00,0.0,15.42
2023-12-19 11:00:00+00:00,0.0,14.79
2023-12-19 12:00:00+00:00,0.0,13.88
2023-12-19 13:00:00+00:00,0.0,12.88
2023-12-19 14:00:00+00:00,0.0,12.08
2023-12-19 15:00:00+00:00,0.0,11.59
2023-12-19 16:00:00+00:00,0.0,11.36
2023-12-19 17:00:00+00:00,0.0,11.27
2023-12-19 18:00:00+00:00,0.0,11.18
2023-12-19 19:00:00+00:00,0.0,11.05
2023-12-19 20:00:00+00:00,0.0,10.82
2023-12-19 21:00:00+00:00,0.0,10.66
2023-12-19 22:00:00+00:00,0.0,10.37
2023-12-19 23:00:00+00:00,22.08,10.25
2023-12-20 00:00:00+00:00,92.95,10.56
2023-12-20 01:00:00+00:00,158.9,11.31
2023-12-20 02:00:00+00:00,204.25,12.54
2023-12-20 03:00:00+00:00,253.7,13.85
2023-12-20 04:00:00+00:00,329.5,15.06
2023-12-20 05:00:00+00:00,334.42,15.91
2023-12-20 06:00:00+00:00,217.45,16.44
2023-12-20 07:00:00+00:00,148.12,16.69
2023-12-20 08:00:00+00:00,68.95,16.53
2023-12-20 09:00:00+00:00,9.93,15.87
2023-12-20 10:00:00+00:00,0.0,14.99
2023-12-20 11:00:00+00:00,0.0,13.73
2023-12-20 12:00:00+00:00,0.0,12.0
2023-12-20 13:00:00+00:00,0.0,10.37
2023-12-20 14:00:00+00:00,0.0,9.35
2023-12-20 15:00:00+00:00,0.0,9.03
2023-12-20 16:00:00+00:00,0.0,8.99
2023-12-20 17:00:00+00:00,0.0,8.99
2023-12-20 18:00:00+00:00,0.0,9.05
2023-12-20 19:00:00+00:00,0.0,9.18
2023-12-20 20:00:00+00:00,0.0,9.22
2023-12-20 21:00:00+00:00,0.0,9.16
2023-12-20 22:00:00+00:00,0.0,9.15
2023-12-20 23:00:00+00:00,11.35,9.19
2023-12-21 00:00:00+00:00,72.22,9.51
2023-12-21 01:00:00+00:00,133.38,10.17
2023-12-21 02:00:00+00:00,183.75,11.07
2023-12-21 03:00:00+00:00,246.77,11.76
2023-12-21 04:00:00+00:00,234.02,12.31
2023-12-21 05:00:00+00:00,237.77,12.92
2023-12-21 06:00:00+00:00,176.7,13.48
2023-12-21 07:00:00+00:00,116.47,13.86
2023-12-21 08:00:00+00:00,51.7,13.95
2023-12-21 09:00:00+00:00,5.15,13.61
2023-12-21 10:00:00+00:00,0.0,12.8
2023-12-21 11:00:00+00:00,0.0,11.63
2023-12-21 12:00:00+00:00,0.0,10.59
2023-12-21 13:00:00+00:00,0.0,9.9
2023-12-21 14:00:00+00:00,0.0,9.59
2023-12-21 15:00:00+00:00,0.0,9.47
2023-12-21 16:00:00+00:00,0.0,9.31
2023-12-21 17:00:00+00:00,0.0,8.98
2023-12-21 18:00:00+00:00,0.0,8.67
2023-12-21 19:00:00+00:00,0.0,8.43
2023-12-21 20:00:00+00:00,0.0,8.19
2023-12-21 21:00:00+00:00,0.0,7.86
2023-12-21 22:00:00+00:00,0.0,7.41
2023-12-21 23:00:00+00:00,28.65,7.22
2023-12-22 00:00:00+00:00,118.38,7.58
2023-12-22 01:00:00+00:00,199.45,8.58
2023-12-22 02:00:00+00:00,316.27,10.19
2023-12-22 03:00:00+00:00,326.38,11.71
2023-12-22 04:00:00+00:00,341.23,12.72
2023-12-22 05:00:00+00:00,328.98,13.51
2023-12-22 06:00:00+00:00,250.45,13.86
2023-12-22 07:00:00+00:00,164.05,13.92
2023-12-22 08:00:00+00:00,70.8,13.96
2023-12-22 09:00:00+00:00,6.03,13.84
2023-12-22 10:00:00+00:00,0.0,13.77
2023-12-22 11:00:00+00:00,0.0,13.63
2023-12-22 12:00:00+00:00,0.0,13.21
2023-12-22 13:00:00+00:00,0.0,12.51
2023-12-22 14:00:00+00:00,0.0,11.55
2023-12-22 15:00:00+00:00,0.0,11.03
2023-12-22 16:00:00+00:00,0.0,10.77
2023-12-22 17:00:00+00:00,0.0,10.45
2023-12-22 18:00:00+00:00,0.0,10.12
2023-12-22 19:00:00+00:00,0.0,9.83
2023-12-22 20:00:00+00:00,0.0,9.59
2023-12-22 21:00:00+00:00,0.0,9.44
2023-12-22 22:00:00+00:00,0.0,9.34
2023-12-22 23:00:00+00:00,18.35,9.33
2023-12-23 00:00:00+00:00,76.57,9.58
2023-12-23 01:00:00+00:00,131.95,10.2
2023-12-23 02:00:00+00:00,175.65,11.27
2023-12-23 03:00:00+00:00,278.8,12.57
2023-12-23 04:00:00+00:00,273.3,13.57
2023-12-23 05:00:00+00:00,265.17,14.54
2023-12-23 06:00:00+00:00,229.55,15.35
2023-12-23 07:00:00+00:00,167.85,15.72
2023-12-23 08:00:00+00:00,82.8,15.67
2023-12-23 09:00:00+00:00,11.88,14.92
2023-12-23 10:00:00+00:00,0.0,14.19
2023-12-23 11:00:00+00:00,0.0,13.6
2023-12-23 12:00:00+00:00,0.0,12.45
2023-12-23 13:00:00+00:00,0.0,10.97
2023-12-23 14:00:00+00:00,0.0,10.06
2023-12-23 15:00:00+00:00,0.0,9.73
2023-12-23 16:00:00+00:00,0.0,9.58
2023-12-23 17:00:00+00:00,0.0,9.37
2023-12-23 18:00:00+00:00,0.0,9.1
2023-12-23 19:00:00+00:00,0.0,8.84
2023-12-23 20:00:00+00:00,0.0,8.64
2023-12-23 21:00:00+00:00,0.0,8.47
2023-12-23 22:00:00+00:00,0.0,8.32
2023-12-23 23:00:00+00:00,40.33,8.37
2023-12-24 00:00:00+00:00,204.9,9.07
2023-12-24 01:00:00+00:00,388.15,10.41
2023-12-24 02:00:00+00:00,571.55,12.19
2023-12-24 03:00:00+00:00,671.67,13.93
2023-12-24 04:00:00+00:00,713.58,15.4
2023-12-24 05:00:00+00:00,673.08,16.61
2023-12-24 06:00:00+00:00,549.33,17.48
2023-12-24 07:00:00+00:00,382.15,17.93
2023-12-24 08:00:00+00:00,181.77,17.85
2023-12-24 09:00:00+00:00,20.98,16.69
2023-12-24 10:00:00+00:00,0.0,15.44
2023-12-24 11:00:00+00:00,0.0,14.41
2023-12-24 12:00:00+00:00,0.0,13.31
2023-12-24 13:00:00+00:00,0.0,12.44
2023-12-24 14:00:00+00:00,0.0,11.82
2023-12-24 15:00:00+00:00,0.0,11.37
2023-12-24 16:00:00+00:00,0.0,10.96
2023-12-24 17:00:00+00:00,0.0,10.62
2023-12-24 18:00:00+00:00,0.0,10.27
2023-12-24 19:00:00+00:00,0.0,10.03
2023-12-24 20:00:00+00:00,0.0,10.06
2023-12-24 21:00:00+00:00,0.0,10.12
2023-12-24 22:00:00+00:00,0.0,10.05
2023-12-24 23:00:00+00:00,36.17,10.3
2023-12-25 00:00:00+00:00,183.4,11.32
2023-12-25 01:00:00+00:00,354.27,12.75
2023-12-25 02:00:00+00:00,511.38,14.61
2023-12-25 03:00:00+00:00,630.7,15.91
2023-12-25 04:00:00+00:00,722.95,16.93
2023-12-25 05:00:00+00:00,669.58,17.76
2023-12-25 06:00:00+00:00,533.62,18.35
2023-12-25 07:00:00+00:00,362.15,18.66
2023-12-25 08:00:00+00:00,166.1,18.54
2023-12-25 09:00:00+00:00,18.6,17.57
2023-12-25 10:00:00+00:00,0.0,17.15
2023-12-25 11:00:00+00:00,0.0,16.84
2023-12-25 12:00:00+00:00,0.0,16.39
2023-12-25 13:00:00+00:00,0.0,15.92
2023-12-25 14:00:00+00:00,0.0,15.37
2023-12-25 15:00:00+00:00,0.0,14.82
2023-12-25 16:00:00+00:00,0.0,14.44
2023-12-25 17:00:00+00:00,0.0,14.14
2023-12-25 18:00:00+00:00,0.0,13.84
2023-12-25 19:00:00+00:00,0.0,13.66
2023-12-25 20:00:00+00:00,0.0,13.58
2023-12-25 21:00:00+00:00,0.0,13.42
2023-12-25 22:00:00+00:00,0.0,13.2
2023-12-25 23:00:00+00:00,31.27,13.4
2023-12-26 00:00:00+00:00,152.23,14.45
2023-12-26 01:00:00+00:00,278.3,15.33
2023-12-26 02:00:00+00:00,415.35,16.56
2023-12-26 03:00:00+00:00,519.17,17.74
2023-12-26 04:00:00+00:00,579.28,18.72
2023-12-26 05:00:00+00:00,551.33,19.47
2023-12-26 06:00:00+00:00,460.67,20.01
2023-12-26 07:00:00+00:00,297.2,20.2
2023-12-26 08:00:00+00:00,143.35,20.13
2023-12-26 09:00:00+00:00,17.27,19.24
2023-12-26 10:00:00+00:00,0.0,18.59
2023-12-26 11:00:00+00:00,0.0,18.19
2023-12-26 12:00:00+00:00,0.0,17.82
2023-12-26 13:00:00+00:00,0.0,17.48
2023-12-26 14:00:00+00:00,0.0,16.96
2023-12-26 15:00:00+00:00,0.0,16.67
2023-12-26 16:00:00+00:00,0.0,16.44
2023-12-26 17:00:00+00:00,0.0,16.1
2023-12-26 18:00:00+00:00,0.0,15.72
2023-12-26 19:00:00+00:00,0.0,15.3
2023-12-26 20:00:00+00:00,0.0,14.92
2023-12-26 21:00:00+00:00,0.0,14.6
2023-12-26 22:00:00+00:00,0.0,14.3
2023-12-26 23:00:00+00:00,36.6,14.42
2023-12-27 00:00:00+00:00,168.98,15.72
2023-12-27 01:00:00+00:00,323.88,16.86
2023-12-27 02:00:00+00:00,424.6,18.77
2023-12-27 03:00:00+00:00,510.3,19.96
2023-12-27 04:00:00+00:00,469.75,20.53
2023-12-27 05:00:00+00:00,446.33,21.13
2023-12-27 06:00:00+00:00,367.1,21.66
2023-12-27 07:00:00+00:00,232.8,21.82
2023-12-27 08:00:00+00:00,112.6,21.39
2023-12-27 09:00:00+00:00,9.0,20.15
2023-12-27 10:00:00+00:00,0.0,19.36
2023-12-27 11:00:00+00:00,0.0,18.92
2023-12-27 12:00:00+00:00,0.0,18.62
2023-12-27 13:00:00+00:00,0.0,18.52
2023-12-27 14:00:00+00:00,0.0,18.6
2023-12-27 15:00:00+00:00,0.0,18.37
2023-12-27 16:00:00+00:00,0.0,17.91
2023-12-27 17:00:00+00:00,0.0,17.45
2023-12-27 18:00:00+00:00,0.0,16.83
2023-12-27 19:00:00+00:00,0.0,16.27
2023-12-27 20:00:00+00:00,0.0,15.87
2023-12-27 21:00:00+00:00,0.0,15.53
2023-12-27 22:00:00+00:00,0.0,15.22
2023-12-27 23:00:00+00:00,38.17,15.41
2023-12-28 00:00:00+00:00,184.1,16.48
2023-12-28 01:00:00+00:00,325.1,17.85
2023-12-28 02:00:00+00:00,460.98,19.89
2023-12-28 03:00:00+00:00,592.6,20.87
2023-12-28 04:00:00+00:00,630.8,21.76
2023-12-28 05:00:00+00:00,533.58,22.56
2023-12-28 06:00:00+00:00,471.02,23.13
2023-12-28 07:00:00+00:00,327.67,23.32
2023-12-28 08:00:00+00:00,160.2,23.02
2023-12-28 09:00:00+00:00,21.12,21.49
2023-12-28 10:00:00+00:00,0.0,20.18
2023-12-28 11:00:00+00:00,0.0,19.52
2023-12-28 12:00:00+00:00,0.0,19.16
2023-12-28 13:00:00+00:00,0.0,19.09
2023-12-28 14:00:00+00:00,0.0,19.13
2023-12-28 15:00:00+00:00,0.0,18.96
2023-12-28 16:00:00+00:00,0.0,18.34
2023-12-28 17:00:00+00:00,0.0,17.89
2023-12-28 18:00:00+00:00,0.0,17.39
2023-12-28 19:00:00+00:00,0.0,16.97
2023-12-28 20:00:00+00:00,0.0,16.6
2023-12-28 21:00:00+00:00,0.0,16.22
2023-12-28 22:00:00+00:00,0.0,15.87
2023-12-28 23:00:00+00:00,41.95,16.04
2023-12-29 00:00:00+00:00,196.95,16.97
2023-12-29 01:00:00+00:00,354.58,18.6
2023-12-29 02:00:00+00:00,515.58,20.29
2023-12-29 03:00:00+00:00,590.75,21.18
2023-12-29 04:00:00+00:00,591.47,21.83
2023-12-29 05:00:00+00:00,510.27,22.43
2023-12-29 06:00:00+00:00,454.1,22.89
2023-12-29 07:00:00+00:00,308.85,22.99
2023-12-29 08:00:00+00:00,144.93,22.71
2023-12-29 09:00:00+00:00,18.92,21.72
2023-12-29 10:00:00+00:00,0.0,20.7
2023-12-29 11:00:00+00:00,0.0,20.12
2023-12-29 12:00:00+00:00,0.0,19.75
2023-12-29 13:00:00+00:00,0.0,19.47
2023-12-29 14:00:00+00:00,0.0,19.3
2023-12-29 15:00:00+00:00,0.0,19.18
2023-12-29 16:00:00+00:00,0.0,18.98
2023-12-29 17:00:00+00:00,0.0,18.76
2023-12-29 18:00:00+00:00,0.0,18.49
2023-12-29 19:00:00+00:00,0.0,18.24
2023-12-29 20:00:00+00:00,0.0,18.07
2023-12-29 21:00:00+00:00,0.0,17.98
2023-12-29 22:00:00+00:00,0.0,17.94
2023-12-29 23:00:00+00:00,38.28,18.1
2023-12-30 00:00:00+00:00,184.98,18.63
2023-12-30 01:00:00+00:00,340.33,19.31
2023-12-30 02:00:00+00:00,503.38,20.25
2023-12-30 03:00:00+00:00,565.45,20.93
2023-12-30 04:00:00+00:00,595.12,21.34
2023-12-30 05:00:00+00:00,481.27,21.65
2023-12-30 06:00:00+00:00,325.02,22.0
2023-12-30 07:00:00+00:00,234.18,22.31
2023-12-30 08:00:00+00:00,111.72,22.12
2023-12-30 09:00:00+00:00,17.95,20.88
2023-12-30 10:00:00+00:00,0.0,19.96
2023-12-30 11:00:00+00:00,0.0,19.49
2023-12-30 12:00:00+00:00,0.0,19.06
2023-12-30 13:00:00+00:00,0.0,18.7
2023-12-30 14:00:00+00:00,0.0,18.54
2023-12-30 15:00:00+00:00,0.0,18.43
2023-12-30 16:00:00+00:00,0.0,18.2
2023-12-30 17:00:00+00:00,0.0,17.84
2023-12-30 18:00:00+00:00,0.0,17.67
2023-12-30 19:00:00+00:00,0.0,17.55
2023-12-30 20:00:00+00:00,0.0,17.39
2023-12-30 21:00:00+00:00,0.0,17.36
2023-12-30 22:00:00+00:00,0.0,17.37
2023-12-30 23:00:00+00:00,42.88,17.72
2023-12-31 00:00:00+00:00,219.57,18.39
2023-12-31 01:00:00+00:00,406.58,19.26
2023-12-31 02:00:00+00:00,558.25,21.02
2023-12-31 03:00:00+00:00,642.47,22.72
2023-12-31 04:00:00+00:00,661.35,24.05
2023-12-31 05:00:00+00:00,612.92,25.05
2023-12-31 06:00:00+00:00,483.73,25.52
2023-12-31 07:00:00+00:00,333.92,25.56
2023-12-31 08:00:00+00:00,164.95,25.29
2023-12-31 09:00:00+00:00,21.15,24.61
2023-12-31 10:00:00+00:00,0.0,23.87
2023-12-31 11:00:00+00:00,0.0,22.93
2023-12-31 12:00:00+00:00,0.0,21.78
2023-12-31 13:00:00+00:00,0.0,20.77
2023-12-31 14:00:00+00:00,0.0,20.23
2023-12-31 15:00:00+00:00,0.0,20.0
2023-12-31 16:00:00+00:00,0.0,19.84
2023-12-31 17:00:00+00:00,0.0,19.62
2023-12-31 18:00:00+00:00,0.0,19.4
2023-12-31 19:00:00+00:00,0.0,19.15
2023-12-31 20:00:00+00:00,0.0,18.86
2023-12-31 21:00:00+00:00,0.0,18.58
2023-12-31 22:00:00+00:00,0.0,18.34
2023-12-31 23:00:00+00:00,31.95,18.32
