timestamp,ghi_wm2,temp_c
2024-01-01 00:00:00+00:00,0.0,7.35
2024-01-01 01:00:00+00:00,0.0,7.22
2024-01-01 02:00:00+00:00,0.0,7.07
2024-01-01 03:00:00+00:00,0.0,6.91
2024-01-01 04:00:00+00:00,0.0,6.69
2024-01-01 05:00:00+00:00,0.0,6.48
2024-01-01 06:00:00+00:00,0.0,6.1
2024-01-01 07:00:00+00:00,0.0,5.75
2024-01-01 08:00:00+00:00,9.85,5.68
2024-01-01 09:00:00+00:00,52.33,6.06
2024-01-01 10:00:00+00:00,91.57,6.71
2024-01-01 11:00:00+00:00,120.22,7.32
2024-01-01 12:00:00+00:00,101.03,7.76
2024-01-01 13:00:00+00:00,66.95,8.01
2024-01-01 14:00:00+00:00,50.53,7.68
2024-01-01 15:00:00+00:00,13.5,7.35
2024-01-01 16:00:00+00:00,0.0,7.37
2024-01-01 17:00:00+00:00,0.0,7.57
2024-01-01 18:00:00+00:00,0.0,7.9
2024-01-01 19:00:00+00:00,0.0,8.54
2024-01-01 20:00:00+00:00,0.0,9.2
2024-01-01 21:00:00+00:00,0.0,9.78
2024-01-01 22:00:00+00:00,0.0,10.29
2024-01-01 23:00:00+00:00,0.0,10.59
2024-01-02 00:00:00+00:00,0.0,10.73
2024-01-02 01:00:00+00:00,0.0,10.65
2024-01-02 02:00:00+00:00,0.0,10.71
2024-01-02 03:00:00+00:00,0.0,10.8
2024-01-02 04:00:00+00:00,0.0,10.65
2024-01-02 05:00:00+00:00,0.0,10.45
2024-01-02 06:00:00+00:00,0.0,10.13
2024-01-02 07:00:00+00:00,0.0,9.73
2024-01-02 08:00:00+00:00,3.28,10.08
2024-01-02 09:00:00+00:00,24.65,10.83
2024-01-02 10:00:00+00:00,49.12,11.53
2024-01-02 11:00:00+00:00,68.0,12.01
2024-01-02 12:00:00+00:00,69.3,12.33
2024-01-02 13:00:00+00:00,56.85,12.64
2024-01-02 14:00:00+00:00,36.42,12.66
2024-01-02 15:00:00+00:00,12.07,11.95
2024-01-02 16:00:00+00:00,0.0,11.37
2024-01-02 17:00:00+00:00,0.0,10.51
2024-01-02 18:00:00+00:00,0.0,9.54
2024-01-02 19:00:00+00:00,0.0,9.27
2024-01-02 20:00:00+00:00,0.0,9.01
2024-01-02 21:00:00+00:00,0.0,8.77
2024-01-02 22:00:00+00:00,0.0,8.39
2024-01-02 23:00:00+00:00,0.0,8.23
2024-01-03 00:00:00+00:00,0.0,8.46
2024-01-03 01:00:00+00:00,0.0,8.82
2024-01-03 02:00:00+00:00,0.0,9.12
2024-01-03 03:00:00+00:00,0.0,9.15
2024-01-03 04:00:00+00:00,0.0,8.96
2024-01-03 05:00:00+00:00,0.0,8.55
2024-01-03 06:00:00+00:00,0.0,8.26
2024-01-03 07:00:00+00:00,0.0,8.3
2024-01-03 08:00:00+00:00,12.4,8.56
2024-01-03 09:00:00+00:00,72.7,8.95
2024-01-03 10:00:00+00:00,130.32,9.4
2024-01-03 11:00:00+00:00,163.75,9.65
2024-01-03 12:00:00+00:00,163.5,9.62
2024-01-03 13:00:00+00:00,134.73,9.48
2024-01-03 14:00:00+00:00,83.07,9.29
2024-01-03 15:00:00+00:00,23.85,8.97
2024-01-03 16:00:00+00:00,0.0,8.67
2024-01-03 17:00:00+00:00,0.0,8.42
2024-01-03 18:00:00+00:00,0.0,8.05
2024-01-03 19:00:00+00:00,0.0,7.64
2024-01-03 20:00:00+00:00,0.0,7.43
2024-01-03 21:00:00+00:00,0.0,7.38
2024-01-03 22:00:00+00:00,0.0,7.56
2024-01-03 23:00:00+00:00,0.0,7.78
2024-01-04 00:00:00+00:00,0.0,7.83
2024-01-04 01:00:00+00:00,0.0,7.72
2024-01-04 02:00:00+00:00,0.0,7.57
2024-01-04 03:00:00+00:00,0.0,7.27
2024-01-04 04:00:00+00:00,0.0,6.71
2024-01-04 05:00:00+00:00,0.0,6.0
2024-01-04 06:00:00+00:00,0.0,5.25
2024-01-04 07:00:00+00:00,0.0,4.71
2024-01-04 08:00:00+00:00,13.65,4.8
2024-01-04 09:00:00+00:00,65.82,5.38
2024-01-04 10:00:00+00:00,102.53,6.25
2024-01-04 11:00:00+00:00,128.82,7.17
2024-01-04 12:00:00+00:00,101.55,7.51
2024-01-04 13:00:00+00:00,21.42,7.46
2024-01-04 14:00:00+00:00,21.52,7.24
2024-01-04 15:00:00+00:00,9.12,6.88
2024-01-04 16:00:00+00:00,0.0,7.03
2024-01-04 17:00:00+00:00,0.0,7.07
2024-01-04 18:00:00+00:00,0.0,7.18
2024-01-04 19:00:00+00:00,0.0,7.88
2024-01-04 20:00:00+00:00,0.0,8.04
2024-01-04 21:00:00+00:00,0.0,7.77
2024-01-04 22:00:00+00:00,0.0,7.26
2024-01-04 23:00:00+00:00,0.0,6.32
2024-01-05 00:00:00+00:00,0.0,5.5
2024-01-05 01:00:00+00:00,0.0,5.09
2024-01-05 02:00:00+00:00,0.0,4.35
2024-01-05 03:00:00+00:00,0.0,4.2
2024-01-05 04:00:00+00:00,0.0,4.3
2024-01-05 05:00:00+00:00,0.0,4.43
2024-01-05 06:00:00+00:00,0.0,4.54
2024-01-05 07:00:00+00:00,0.0,4.57
2024-01-05 08:00:00+00:00,9.85,4.52
2024-01-05 09:00:00+00:00,59.33,4.83
2024-01-05 10:00:00+00:00,108.72,5.42
2024-01-05 11:00:00+00:00,143.48,6.11
2024-01-05 12:00:00+00:00,153.15,6.68
2024-01-05 13:00:00+00:00,126.97,6.84
2024-01-05 14:00:00+00:00,79.9,6.53
2024-01-05 15:00:00+00:00,22.7,5.67
2024-01-05 16:00:00+00:00,0.0,4.67
2024-01-05 17:00:00+00:00,0.0,4.68
2024-01-05 18:00:00+00:00,0.0,4.62
2024-01-05 19:00:00+00:00,0.0,4.71
2024-01-05 20:00:00+00:00,0.0,4.7
2024-01-05 21:00:00+00:00,0.0,4.44
2024-01-05 22:00:00+00:00,0.0,4.26
2024-01-05 23:00:00+00:00,0.0,3.89
2024-01-06 00:00:00+00:00,0.0,3.49
2024-01-06 01:00:00+00:00,0.0,3.22
2024-01-06 02:00:00+00:00,0.0,2.87
2024-01-06 03:00:00+00:00,0.0,2.66
2024-01-06 04:00:00+00:00,0.0,2.45
2024-01-06 05:00:00+00:00,0.0,2.34
2024-01-06 06:00:00+00:00,0.0,2.15
2024-01-06 07:00:00+00:00,0.0,2.2
2024-01-06 08:00:00+00:00,10.57,2.39
2024-01-06 09:00:00+00:00,68.2,3.12
2024-01-06 10:00:00+00:00,129.65,4.11
2024-01-06 11:00:00+00:00,166.0,5.15
2024-01-06 12:00:00+00:00,172.52,5.82
2024-01-06 13:00:00+00:00,148.75,5.81
2024-01-06 14:00:00+00:00,97.82,5.41
2024-01-06 15:00:00+00:00,32.72,4.27
2024-01-06 16:00:00+00:00,0.0,3.26
2024-01-06 17:00:00+00:00,0.0,2.89
2024-01-06 18:00:00+00:00,0.0,2.4
2024-01-06 19:00:00+00:00,0.0,2.03
2024-01-06 20:00:00+00:00,0.0,1.63
2024-01-06 21:00:00+00:00,0.0,1.28
2024-01-06 22:00:00+00:00,0.0,0.98
2024-01-06 23:00:00+00:00,0.0,0.77
2024-01-07 00:00:00+00:00,0.0,0.44
2024-01-07 01:00:00+00:00,0.0,-0.14
2024-01-07 02:00:00+00:00,0.0,-0.36
2024-01-07 03:00:00+00:00,0.0,-0.42
2024-01-07 04:00:00+00:00,0.0,-0.5
2024-01-07 05:00:00+00:00,0.0,-0.36
2024-01-07 06:00:00+00:00,0.0,-0.28
2024-01-07 07:00:00+00:00,0.0,-0.15
2024-01-07 08:00:00+00:00,13.57,0.2
2024-01-07 09:00:00+00:00,82.5,1.24
2024-01-07 10:00:00+00:00,153.07,2.53
2024-01-07 11:00:00+00:00,196.25,3.71
2024-01-07 12:00:00+00:00,199.05,4.39
2024-01-07 13:00:00+00:00,167.93,4.55
2024-01-07 14:00:00+00:00,105.4,4.15
2024-01-07 15:00:00+00:00,32.03,3.12
2024-01-07 16:00:00+00:00,0.0,2.28
2024-01-07 17:00:00+00:00,0.0,1.34
2024-01-07 18:00:00+00:00,0.0,0.5
2024-01-07 19:00:00+00:00,0.0,-0.08
2024-01-07 20:00:00+00:00,0.0,-0.29
2024-01-07 21:00:00+00:00,0.0,-0.25
2024-01-07 22:00:00+00:00,0.0,0.16
2024-01-07 23:00:00+00:00,0.0,0.13
2024-01-08 00:00:00+00:00,0.0,-0.08
2024-01-08 01:00:00+00:00,0.0,-0.04
2024-01-08 02:00:00+00:00,0.0,0.23
2024-01-08 03:00:00+00:00,0.0,0.61
2024-01-08 04:00:00+00:00,0.0,0.71
2024-01-08 05:00:00+00:00,0.0,0.54
2024-01-08 06:00:00+00:00,0.0,0.7
2024-01-08 07:00:00+00:00,0.0,0.77
2024-01-08 08:00:00+00:00,10.38,1.06
2024-01-08 09:00:00+00:00,71.2,1.9
2024-01-08 10:00:00+00:00,131.65,2.66
2024-01-08 11:00:00+00:00,164.88,2.92
2024-01-08 12:00:00+00:00,163.48,2.75
2024-01-08 13:00:00+00:00,153.8,2.32
2024-01-08 14:00:00+00:00,101.53,1.77
2024-01-08 15:00:00+00:00,33.0,0.99
2024-01-08 16:00:00+00:00,0.0,0.4
2024-01-08 17:00:00+00:00,0.0,0.18
2024-01-08 18:00:00+00:00,0.0,0.04
2024-01-08 19:00:00+00:00,0.0,-0.3
2024-01-08 20:00:00+00:00,0.0,-0.46
2024-01-08 21:00:00+00:00,0.0,-0.58
2024-01-08 22:00:00+00:00,0.0,-0.84
2024-01-08 23:00:00+00:00,0.0,-1.45
2024-01-09 00:00:00+00:00,0.0,-1.66
2024-01-09 01:00:00+00:00,0.0,-1.66
2024-01-09 02:00:00+00:00,0.0,-1.7
2024-01-09 03:00:00+00:00,0.0,-1.81
2024-01-09 04:00:00+00:00,0.0,-1.86
2024-01-09 05:00:00+00:00,0.0,-1.92
2024-01-09 06:00:00+00:00,0.0,-1.89
2024-01-09 07:00:00+00:00,0.0,-1.84
2024-01-09 08:00:00+00:00,13.4,-1.66
2024-01-09 09:00:00+00:00,91.28,-0.36
2024-01-09 10:00:00+00:00,174.9,1.11
2024-01-09 11:00:00+00:00,233.95,2.22
2024-01-09 12:00:00+00:00,270.55,2.81
2024-01-09 13:00:00+00:00,233.98,2.9
2024-01-09 14:00:00+00:00,159.0,2.35
2024-01-09 15:00:00+00:00,59.35,1.11
2024-01-09 16:00:00+00:00,0.0,-0.33
2024-01-09 17:00:00+00:00,0.0,-0.96
2024-01-09 18:00:00+00:00,0.0,-1.25
2024-01-09 19:00:00+00:00,0.0,-1.39
2024-01-09 20:00:00+00:00,0.0,-1.09
2024-01-09 21:00:00+00:00,0.0,-1.55
2024-01-09 22:00:00+00:00,0.0,-2.22
2024-01-09 23:00:00+00:00,0.0,-2.44
2024-01-10 00:00:00+00:00,0.0,-2.54
2024-01-10 01:00:00+00:00,0.0,-2.59
2024-01-10 02:00:00+00:00,0.0,-2.58
2024-01-10 03:00:00+00:00,0.0,-2.58
2024-01-10 04:00:00+00:00,0.0,-2.56
2024-01-10 05:00:00+00:00,0.0,-2.54
2024-01-10 06:00:00+00:00,0.0,-2.54
2024-01-10 07:00:00+00:00,0.0,-2.51
2024-01-10 08:00:00+00:00,19.3,-1.75
2024-01-10 09:00:00+00:00,114.38,0.25
2024-01-10 10:00:00+00:00,203.45,1.88
2024-01-10 11:00:00+00:00,257.4,3.34
2024-01-10 12:00:00+00:00,265.65,4.18
2024-01-10 13:00:00+00:00,233.6,4.13
2024-01-10 14:00:00+00:00,156.02,3.24
2024-01-10 15:00:00+00:00,58.15,1.21
2024-01-10 16:00:00+00:00,0.0,-0.15
2024-01-10 17:00:00+00:00,0.0,0.06
2024-01-10 18:00:00+00:00,0.0,-0.45
2024-01-10 19:00:00+00:00,0.0,-1.35
2024-01-10 20:00:00+00:00,0.0,-1.69
2024-01-10 21:00:00+00:00,0.0,-1.91
2024-01-10 22:00:00+00:00,0.0,-2.22
2024-01-10 23:00:00+00:00,0.0,-2.48
2024-01-11 00:00:00+00:00,0.0,-2.63
2024-01-11 01:00:00+00:00,0.0,-2.66
2024-01-11 02:00:00+00:00,0.0,-2.61
2024-01-11 03:00:00+00:00,0.0,-2.51
2024-01-11 04:00:00+00:00,0.0,-2.43
2024-01-11 05:00:00+00:00,0.0,-2.26
2024-01-11 06:00:00+00:00,0.0,-2.09
2024-01-11 07:00:00+00:00,0.0,-1.74
2024-01-11 08:00:00+00:00,15.57,-0.84
2024-01-11 09:00:00+00:00,70.35,0.81
2024-01-11 10:00:00+00:00,118.72,2.1
2024-01-11 11:00:00+00:00,161.7,3.53
2024-01-11 12:00:00+00:00,159.9,4.31
2024-01-11 13:00:00+00:00,137.65,4.22
2024-01-11 14:00:00+00:00,94.07,3.56
2024-01-11 15:00:00+00:00,46.67,2.68
2024-01-11 16:00:00+00:00,0.0,2.14
2024-01-11 17:00:00+00:00,0.0,2.25
2024-01-11 18:00:00+00:00,0.0,2.2
2024-01-11 19:00:00+00:00,0.0,2.51
2024-01-11 20:00:00+00:00,0.0,2.76
2024-01-11 21:00:00+00:00,0.0,2.83
2024-01-11 22:00:00+00:00,0.0,2.86
2024-01-11 23:00:00+00:00,0.0,2.85
2024-01-12 00:00:00+00:00,0.0,2.96
2024-01-12 01:00:00+00:00,0.0,3.02
2024-01-12 02:00:00+00:00,0.0,3.13
2024-01-12 03:00:00+00:00,0.0,3.1
2024-01-12 04:00:00+00:00,0.0,3.08
2024-01-12 05:00:00+00:00,0.0,3.08
2024-01-12 06:00:00+00:00,0.0,3.04
2024-01-12 07:00:00+00:00,0.0,2.98
2024-01-12 08:00:00+00:00,17.48,3.17
2024-01-12 09:00:00+00:00,41.17,3.87
2024-01-12 10:00:00+00:00,76.97,4.72
2024-01-12 11:00:00+00:00,91.1,5.47
2024-01-12 12:00:00+00:00,96.7,5.77
2024-01-12 13:00:00+00:00,85.8,5.78
2024-01-12 14:00:00+00:00,63.22,5.49
2024-01-12 15:00:00+00:00,28.92,4.49
2024-01-12 16:00:00+00:00,0.0,3.51
2024-01-12 17:00:00+00:00,0.0,3.19
2024-01-12 18:00:00+00:00,0.0,2.89
2024-01-12 19:00:00+00:00,0.0,2.63
2024-01-12 20:00:00+00:00,0.0,2.41
2024-01-12 21:00:00+00:00,0.0,2.18
2024-01-12 22:00:00+00:00,0.0,1.8
2024-01-12 23:00:00+00:00,0.0,1.3
2024-01-13 00:00:00+00:00,0.0,0.8
2024-01-13 01:00:00+00:00,0.0,-0.08
2024-01-13 02:00:00+00:00,0.0,-0.62
2024-01-13 03:00:00+00:00,0.0,-0.15
2024-01-13 04:00:00+00:00,0.0,0.28
2024-01-13 05:00:00+00:00,0.0,-0.07
2024-01-13 06:00:00+00:00,0.0,-0.57
2024-01-13 07:00:00+00:00,0.0,-1.3
2024-01-13 08:00:00+00:00,15.1,-0.77
2024-01-13 09:00:00+00:00,57.17,0.27
2024-01-13 10:00:00+00:00,120.12,1.25
2024-01-13 11:00:00+00:00,153.9,2.47
2024-01-13 12:00:00+00:00,155.52,3.16
2024-01-13 13:00:00+00:00,138.27,3.43
2024-01-13 14:00:00+00:00,94.22,3.23
2024-01-13 15:00:00+00:00,44.1,2.22
2024-01-13 16:00:00+00:00,0.0,1.23
2024-01-13 17:00:00+00:00,0.0,1.12
2024-01-13 18:00:00+00:00,0.0,1.09
2024-01-13 19:00:00+00:00,0.0,1.14
2024-01-13 20:00:00+00:00,0.0,1.28
2024-01-13 21:00:00+00:00,0.0,1.28
2024-01-13 22:00:00+00:00,0.0,1.12
2024-01-13 23:00:00+00:00,0.0,1.05
2024-01-14 00:00:00+00:00,0.0,0.88
2024-01-14 01:00:00+00:00,0.0,0.61
2024-01-14 02:00:00+00:00,0.0,0.41
2024-01-14 03:00:00+00:00,0.0,0.31
2024-01-14 04:00:00+00:00,0.0,0.26
2024-01-14 05:00:00+00:00,0.0,0.27
2024-01-14 06:00:00+00:00,0.0,0.35
2024-01-14 07:00:00+00:00,0.0,0.5
2024-01-14 08:00:00+00:00,15.57,0.38
2024-01-14 09:00:00+00:00,82.72,0.7
2024-01-14 10:00:00+00:00,155.45,1.2
2024-01-14 11:00:00+00:00,197.93,2.02
2024-01-14 12:00:00+00:00,215.73,3.63
2024-01-14 13:00:00+00:00,171.45,4.49
2024-01-14 14:00:00+00:00,111.5,4.34
2024-01-14 15:00:00+00:00,49.0,3.37
2024-01-14 16:00:00+00:00,0.0,2.67
2024-01-14 17:00:00+00:00,0.0,2.93
2024-01-14 18:00:00+00:00,0.0,3.12
2024-01-14 19:00:00+00:00,0.0,2.87
2024-01-14 20:00:00+00:00,0.0,1.85
2024-01-14 21:00:00+00:00,0.0,0.79
2024-01-14 22:00:00+00:00,0.0,-0.34
2024-01-14 23:00:00+00:00,0.0,-1.12
2024-01-15 00:00:00+00:00,0.0,-1.64
2024-01-15 01:00:00+00:00,0.0,-2.3
2024-01-15 02:00:00+00:00,0.0,-2.49
2024-01-15 03:00:00+00:00,0.0,-2.74
2024-01-15 04:00:00+00:00,0.0,-2.77
2024-01-15 05:00:00+00:00,0.0,-3.01
2024-01-15 06:00:00+00:00,0.0,-3.21
2024-01-15 07:00:00+00:00,0.0,-3.18
2024-01-15 08:00:00+00:00,25.45,-2.57
2024-01-15 09:00:00+00:00,132.73,-1.32
2024-01-15 10:00:00+00:00,228.62,0.21
2024-01-15 11:00:00+00:00,287.1,1.34
2024-01-15 12:00:00+00:00,298.62,1.74
2024-01-15 13:00:00+00:00,255.68,1.74
2024-01-15 14:00:00+00:00,179.43,1.13
2024-01-15 15:00:00+00:00,82.22,-0.91
2024-01-15 16:00:00+00:00,0.0,-3.07
2024-01-15 17:00:00+00:00,0.0,-3.4
2024-01-15 18:00:00+00:00,0.0,-3.65
2024-01-15 19:00:00+00:00,0.0,-3.7
2024-01-15 20:00:00+00:00,0.0,-3.33
2024-01-15 21:00:00+00:00,0.0,-2.72
2024-01-15 22:00:00+00:00,0.0,-2.52
2024-01-15 23:00:00+00:00,0.0,-2.45
2024-01-16 00:00:00+00:00,0.0,-2.86
2024-01-16 01:00:00+00:00,0.0,-3.06
2024-01-16 02:00:00+00:00,0.0,-3.26
2024-01-16 03:00:00+00:00,0.0,-3.3
2024-01-16 04:00:00+00:00,0.0,-3.34
2024-01-16 05:00:00+00:00,0.0,-3.4
2024-01-16 06:00:00+00:00,0.0,-3.48
2024-01-16 07:00:00+00:00,0.0,-3.71
2024-01-16 08:00:00+00:00,19.83,-2.83
2024-01-16 09:00:00+00:00,108.22,-1.26
2024-01-16 10:00:00+00:00,193.85,0.34
2024-01-16 11:00:00+00:00,251.88,2.25
2024-01-16 12:00:00+00:00,271.12,3.24
2024-01-16 13:00:00+00:00,252.48,3.36
2024-01-16 14:00:00+00:00,169.4,2.47
2024-01-16 15:00:00+00:00,73.53,-0.16
2024-01-16 16:00:00+00:00,0.0,-1.89
2024-01-16 17:00:00+00:00,0.0,-1.87
2024-01-16 18:00:00+00:00,0.0,-1.87
2024-01-16 19:00:00+00:00,0.0,-1.68
2024-01-16 20:00:00+00:00,0.0,-1.57
2024-01-16 21:00:00+00:00,0.0,-1.58
2024-01-16 22:00:00+00:00,0.0,-1.5
2024-01-16 23:00:00+00:00,0.0,-1.54
2024-01-17 00:00:00+00:00,0.0,-1.23
2024-01-17 01:00:00+00:00,0.0,-0.92
2024-01-17 02:00:00+00:00,0.0,-0.44
2024-01-17 03:00:00+00:00,0.0,0.04
2024-01-17 04:00:00+00:00,0.0,0.16
2024-01-17 05:00:00+00:00,0.0,0.05
2024-01-17 06:00:00+00:00,0.0,-0.25
2024-01-17 07:00:00+00:00,0.0,-0.82
2024-01-17 08:00:00+00:00,12.4,-0.81
2024-01-17 09:00:00+00:00,55.55,-0.02
2024-01-17 10:00:00+00:00,102.55,0.5
2024-01-17 11:00:00+00:00,131.2,1.09
2024-01-17 12:00:00+00:00,158.35,1.45
2024-01-17 13:00:00+00:00,140.9,1.49
2024-01-17 14:00:00+00:00,99.6,1.27
2024-01-17 15:00:00+00:00,48.35,0.86
2024-01-17 16:00:00+00:00,0.0,0.4
2024-01-17 17:00:00+00:00,0.0,-0.26
2024-01-17 18:00:00+00:00,0.0,-1.15
2024-01-17 19:00:00+00:00,0.0,-1.93
2024-01-17 20:00:00+00:00,0.0,-2.58
2024-01-17 21:00:00+00:00,0.0,-3.09
2024-01-17 22:00:00+00:00,0.0,-3.45
2024-01-17 23:00:00+00:00,0.0,-3.71
2024-01-18 00:00:00+00:00,0.0,-3.85
2024-01-18 01:00:00+00:00,0.0,-4.09
2024-01-18 02:00:00+00:00,0.0,-4.2
2024-01-18 03:00:00+00:00,0.0,-4.34
2024-01-18 04:00:00+00:00,0.0,-4.48
2024-01-18 05:00:00+00:00,0.0,-4.54
2024-01-18 06:00:00+00:00,0.0,-4.73
2024-01-18 07:00:00+00:00,0.0,-4.79
2024-01-18 08:00:00+00:00,30.27,-4.3
2024-01-18 09:00:00+00:00,141.88,-2.89
2024-01-18 10:00:00+00:00,238.35,-0.85
2024-01-18 11:00:00+00:00,296.42,0.71
2024-01-18 12:00:00+00:00,306.73,1.69
2024-01-18 13:00:00+00:00,273.27,2.05
2024-01-18 14:00:00+00:00,196.8,1.68
2024-01-18 15:00:00+00:00,88.97,-0.24
2024-01-18 16:00:00+00:00,5.47,-1.87
2024-01-18 17:00:00+00:00,0.0,-1.95
2024-01-18 18:00:00+00:00,0.0,-2.15
2024-01-18 19:00:00+00:00,0.0,-2.41
2024-01-18 20:00:00+00:00,0.0,-2.69
2024-01-18 21:00:00+00:00,0.0,-2.78
2024-01-18 22:00:00+00:00,0.0,-2.71
2024-01-18 23:00:00+00:00,0.0,-2.58
2024-01-19 00:00:00+00:00,0.0,-2.6
2024-01-19 01:00:00+00:00,0.0,-2.66
2024-01-19 02:00:00+00:00,0.0,-2.6
2024-01-19 03:00:00+00:00,0.0,-2.69
2024-01-19 04:00:00+00:00,0.0,-2.68
2024-01-19 05:00:00+00:00,0.0,-2.87
2024-01-19 06:00:00+00:00,0.0,-2.98
2024-01-19 07:00:00+00:00,0.0,-3.12
2024-01-19 08:00:00+00:00,30.05,-2.86
2024-01-19 09:00:00+00:00,133.27,-1.7
2024-01-19 10:00:00+00:00,232.65,-0.07
2024-01-19 11:00:00+00:00,289.3,1.7
2024-01-19 12:00:00+00:00,299.08,2.91
2024-01-19 13:00:00+00:00,266.77,3.28
2024-01-19 14:00:00+00:00,185.62,2.62
2024-01-19 15:00:00+00:00,86.68,0.33
2024-01-19 16:00:00+00:00,5.9,-1.23
2024-01-19 17:00:00+00:00,0.0,-1.2
2024-01-19 18:00:00+00:00,0.0,-1.2
2024-01-19 19:00:00+00:00,0.0,-1.19
2024-01-19 20:00:00+00:00,0.0,-1.17
2024-01-19 21:00:00+00:00,0.0,-1.23
2024-01-19 22:00:00+00:00,0.0,-1.19
2024-01-19 23:00:00+00:00,0.0,-1.02
2024-01-20 00:00:00+00:00,0.0,-0.69
2024-01-20 01:00:00+00:00,0.0,-0.29
2024-01-20 02:00:00+00:00,0.0,0.2
2024-01-20 03:00:00+00:00,0.0,0.3
2024-01-20 04:00:00+00:00,0.0,0.09
2024-01-20 05:00:00+00:00,0.0,0.29
2024-01-20 06:00:00+00:00,0.0,0.89
2024-01-20 07:00:00+00:00,0.0,1.26
2024-01-20 08:00:00+00:00,16.3,1.52
2024-01-20 09:00:00+00:00,60.78,2.46
2024-01-20 10:00:00+00:00,107.15,3.4
2024-01-20 11:00:00+00:00,135.98,4.1
2024-01-20 12:00:00+00:00,157.12,4.37
2024-01-20 13:00:00+00:00,133.15,4.22
2024-01-20 14:00:00+00:00,91.78,3.58
2024-01-20 15:00:00+00:00,40.62,2.25
2024-01-20 16:00:00+00:00,3.72,1.2
2024-01-20 17:00:00+00:00,0.0,0.97
2024-01-20 18:00:00+00:00,0.0,0.95
2024-01-20 19:00:00+00:00,0.0,1.14
2024-01-20 20:00:00+00:00,0.0,1.3
2024-01-20 21:00:00+00:00,0.0,1.51
2024-01-20 22:00:00+00:00,0.0,1.65
2024-01-20 23:00:00+00:00,0.0,1.8
2024-01-21 00:00:00+00:00,0.0,1.95
2024-01-21 01:00:00+00:00,0.0,2.18
2024-01-21 02:00:00+00:00,0.0,2.86
2024-01-21 03:00:00+00:00,0.0,4.05
2024-01-21 04:00:00+00:00,0.0,4.57
2024-01-21 05:00:00+00:00,0.0,5.15
2024-01-21 06:00:00+00:00,0.0,6.04
2024-01-21 07:00:00+00:00,0.0,6.97
2024-01-21 08:00:00+00:00,21.05,7.5
2024-01-21 09:00:00+00:00,82.5,7.99
2024-01-21 10:00:00+00:00,131.07,8.84
2024-01-21 11:00:00+00:00,162.88,9.5
2024-01-21 12:00:00+00:00,161.88,10.05
2024-01-21 13:00:00+00:00,132.82,9.95
2024-01-21 14:00:00+00:00,94.72,9.52
2024-01-21 15:00:00+00:00,39.2,9.14
2024-01-21 16:00:00+00:00,2.55,8.94
2024-01-21 17:00:00+00:00,0.0,9.17
2024-01-21 18:00:00+00:00,0.0,9.68
2024-01-21 19:00:00+00:00,0.0,10.45
2024-01-21 20:00:00+00:00,0.0,10.84
2024-01-21 21:00:00+00:00,0.0,10.86
2024-01-21 22:00:00+00:00,0.0,11.04
2024-01-21 23:00:00+00:00,0.0,11.31
2024-01-22 00:00:00+00:00,0.0,11.44
2024-01-22 01:00:00+00:00,0.0,11.51
2024-01-22 02:00:00+00:00,0.0,11.63
2024-01-22 03:00:00+00:00,0.0,11.15
2024-01-22 04:00:00+00:00,0.0,10.31
2024-01-22 05:00:00+00:00,0.0,9.43
2024-01-22 06:00:00+00:00,0.0,8.42
2024-01-22 07:00:00+00:00,0.0,7.6
2024-01-22 08:00:00+00:00,32.83,7.47
2024-01-22 09:00:00+00:00,127.93,8.15
2024-01-22 10:00:00+00:00,206.07,9.0
2024-01-22 11:00:00+00:00,249.65,9.68
2024-01-22 12:00:00+00:00,256.95,9.96
2024-01-22 13:00:00+00:00,229.8,9.82
2024-01-22 14:00:00+00:00,165.85,9.18
2024-01-22 15:00:00+00:00,79.65,8.21
2024-01-22 16:00:00+00:00,7.55,7.2
2024-01-22 17:00:00+00:00,0.0,6.81
2024-01-22 18:00:00+00:00,0.0,6.72
2024-01-22 19:00:00+00:00,0.0,6.54
2024-01-22 20:00:00+00:00,0.0,6.27
2024-01-22 21:00:00+00:00,0.0,5.88
2024-01-22 22:00:00+00:00,0.0,5.46
2024-01-22 23:00:00+00:00,0.0,5.04
2024-01-23 00:00:00+00:00,0.0,4.31
2024-01-23 01:00:00+00:00,0.0,3.52
2024-01-23 02:00:00+00:00,0.0,3.19
2024-01-23 03:00:00+00:00,0.0,3.08
2024-01-23 04:00:00+00:00,0.0,3.15
2024-01-23 05:00:00+00:00,0.0,3.32
2024-01-23 06:00:00+00:00,0.0,3.6
2024-01-23 07:00:00+00:00,0.0,3.89
2024-01-23 08:00:00+00:00,18.08,4.71
2024-01-23 09:00:00+00:00,86.32,5.87
2024-01-23 10:00:00+00:00,155.25,7.23
2024-01-23 11:00:00+00:00,200.45,8.44
2024-01-23 12:00:00+00:00,207.9,9.22
2024-01-23 13:00:00+00:00,181.25,9.88
2024-01-23 14:00:00+00:00,124.8,10.59
2024-01-23 15:00:00+00:00,57.03,11.13
2024-01-23 16:00:00+00:00,5.0,11.38
2024-01-23 17:00:00+00:00,0.0,11.48
2024-01-23 18:00:00+00:00,0.0,11.54
2024-01-23 19:00:00+00:00,0.0,11.54
2024-01-23 20:00:00+00:00,0.0,11.49
2024-01-23 21:00:00+00:00,0.0,11.44
2024-01-23 22:00:00+00:00,0.0,11.47
2024-01-23 23:00:00+00:00,0.0,11.53
2024-01-24 00:00:00+00:00,0.0,11.35
2024-01-24 01:00:00+00:00,0.0,10.86
2024-01-24 02:00:00+00:00,0.0,10.23
2024-01-24 03:00:00+00:00,0.0,9.41
2024-01-24 04:00:00+00:00,0.0,8.77
2024-01-24 05:00:00+00:00,0.0,8.26
2024-01-24 06:00:00+00:00,0.0,7.89
2024-01-24 07:00:00+00:00,0.0,7.65
2024-01-24 08:00:00+00:00,27.67,7.81
2024-01-24 09:00:00+00:00,113.97,8.64
2024-01-24 10:00:00+00:00,198.02,9.56
2024-01-24 11:00:00+00:00,246.62,10.09
2024-01-24 12:00:00+00:00,254.7,10.3
2024-01-24 13:00:00+00:00,223.52,10.23
2024-01-24 14:00:00+00:00,160.18,9.89
2024-01-24 15:00:00+00:00,78.1,9.09
2024-01-24 16:00:00+00:00,8.02,7.71
2024-01-24 17:00:00+00:00,0.0,6.52
2024-01-24 18:00:00+00:00,0.0,5.93
2024-01-24 19:00:00+00:00,0.0,5.41
2024-01-24 20:00:00+00:00,0.0,5.35
2024-01-24 21:00:00+00:00,0.0,5.3
2024-01-24 22:00:00+00:00,0.0,5.25
2024-01-24 23:00:00+00:00,0.0,5.23
2024-01-25 00:00:00+00:00,0.0,4.97
2024-01-25 01:00:00+00:00,0.0,4.7
2024-01-25 02:00:00+00:00,0.0,4.93
2024-01-25 03:00:00+00:00,0.0,5.18
2024-01-25 04:00:00+00:00,0.0,5.64
2024-01-25 05:00:00+00:00,0.0,6.41
2024-01-25 06:00:00+00:00,0.0,7.18
2024-01-25 07:00:00+00:00,0.0,7.9
2024-01-25 08:00:00+00:00,22.27,8.67
2024-01-25 09:00:00+00:00,85.5,9.26
2024-01-25 10:00:00+00:00,139.27,9.67
2024-01-25 11:00:00+00:00,174.5,10.16
2024-01-25 12:00:00+00:00,178.2,10.65
2024-01-25 13:00:00+00:00,125.57,11.14
2024-01-25 14:00:00+00:00,91.72,11.23
2024-01-25 15:00:00+00:00,45.88,10.57
2024-01-25 16:00:00+00:00,6.75,9.84
2024-01-25 17:00:00+00:00,0.0,9.7
2024-01-25 18:00:00+00:00,0.0,9.37
2024-01-25 19:00:00+00:00,0.0,8.97
2024-01-25 20:00:00+00:00,0.0,8.76
2024-01-25 21:00:00+00:00,0.0,8.85
2024-01-25 22:00:00+00:00,0.0,9.39
2024-01-25 23:00:00+00:00,0.0,10.01
2024-01-26 00:00:00+00:00,0.0,10.3
2024-01-26 01:00:00+00:00,0.0,10.7
2024-01-26 02:00:00+00:00,0.0,11.25
2024-01-26 03:00:00+00:00,0.0,11.54
2024-01-26 04:00:00+00:00,0.0,11.18
2024-01-26 05:00:00+00:00,0.0,9.37
2024-01-26 06:00:00+00:00,0.0,7.21
2024-01-26 07:00:00+00:00,0.0,6.25
2024-01-26 08:00:00+00:00,45.95,6.12
2024-01-26 09:00:00+00:00,164.48,6.66
2024-01-26 10:00:00+00:00,264.8,7.43
2024-01-26 11:00:00+00:00,326.83,8.09
2024-01-26 12:00:00+00:00,342.33,8.56
2024-01-26 13:00:00+00:00,309.15,8.68
2024-01-26 14:00:00+00:00,231.68,8.33
2024-01-26 15:00:00+00:00,121.05,6.84
2024-01-26 16:00:00+00:00,15.23,4.26
2024-01-26 17:00:00+00:00,0.0,3.39
2024-01-26 18:00:00+00:00,0.0,2.85
2024-01-26 19:00:00+00:00,0.0,2.34
2024-01-26 20:00:00+00:00,0.0,1.74
2024-01-26 21:00:00+00:00,0.0,1.27
2024-01-26 22:00:00+00:00,0.0,0.92
2024-01-26 23:00:00+00:00,0.0,0.57
2024-01-27 00:00:00+00:00,0.0,0.29
2024-01-27 01:00:00+00:00,0.0,0.02
2024-01-27 02:00:00+00:00,0.0,-0.35
2024-01-27 03:00:00+00:00,0.0,-0.5
2024-01-27 04:00:00+00:00,0.0,0.19
2024-01-27 05:00:00+00:00,0.0,0.85
2024-01-27 06:00:00+00:00,0.0,1.33
2024-01-27 07:00:00+00:00,0.0,1.78
2024-01-27 08:00:00+00:00,31.9,2.88
2024-01-27 09:00:00+00:00,96.4,5.16
2024-01-27 10:00:00+00:00,160.07,6.96
2024-01-27 11:00:00+00:00,195.68,8.29
2024-01-27 12:00:00+00:00,216.68,8.58
2024-01-27 13:00:00+00:00,203.88,8.44
2024-01-27 14:00:00+00:00,149.93,7.79
2024-01-27 15:00:00+00:00,72.07,5.67
2024-01-27 16:00:00+00:00,10.27,4.55
2024-01-27 17:00:00+00:00,0.0,4.62
2024-01-27 18:00:00+00:00,0.0,3.96
2024-01-27 19:00:00+00:00,0.0,3.19
2024-01-27 20:00:00+00:00,0.0,3.99
2024-01-27 21:00:00+00:00,0.0,4.38
2024-01-27 22:00:00+00:00,0.0,3.95
2024-01-27 23:00:00+00:00,0.0,3.64
2024-01-28 00:00:00+00:00,0.0,3.59
2024-01-28 01:00:00+00:00,0.0,3.41
2024-01-28 02:00:00+00:00,0.0,3.07
2024-01-28 03:00:00+00:00,0.0,3.02
2024-01-28 04:00:00+00:00,0.0,3.04
2024-01-28 05:00:00+00:00,0.0,3.11
2024-01-28 06:00:00+00:00,0.0,3.16
2024-01-28 07:00:00+00:00,0.0,3.34
2024-01-28 08:00:00+00:00,31.75,4.12
2024-01-28 09:00:00+00:00,118.62,5.4
2024-01-28 10:00:00+00:00,201.62,7.03
2024-01-28 11:00:00+00:00,253.88,8.61
2024-01-28 12:00:00+00:00,251.75,9.67
2024-01-28 13:00:00+00:00,217.95,10.05
2024-01-28 14:00:00+00:00,159.1,9.45
2024-01-28 15:00:00+00:00,80.82,8.17
2024-01-28 16:00:00+00:00,12.35,6.65
2024-01-28 17:00:00+00:00,0.0,6.26
2024-01-28 18:00:00+00:00,0.0,6.26
2024-01-28 19:00:00+00:00,0.0,6.37
2024-01-28 20:00:00+00:00,0.0,6.52
2024-01-28 21:00:00+00:00,0.0,6.74
2024-01-28 22:00:00+00:00,0.0,6.9
2024-01-28 23:00:00+00:00,0.0,6.99
2024-01-29 00:00:00+00:00,0.0,7.07
2024-01-29 01:00:00+00:00,0.0,7.14
2024-01-29 02:00:00+00:00,0.0,7.17
2024-01-29 03:00:00+00:00,0.0,7.14
2024-01-29 04:00:00+00:00,0.0,7.22
2024-01-29 05:00:00+00:00,0.0,7.37
2024-01-29 06:00:00+00:00,0.0,7.46
2024-01-29 07:00:00+00:00,0.0,7.63
2024-01-29 08:00:00+00:00,18.42,8.24
2024-01-29 09:00:00+00:00,67.6,9.04
2024-01-29 10:00:00+00:00,113.12,10.05
2024-01-29 11:00:00+00:00,142.18,11.09
2024-01-29 12:00:00+00:00,149.82,11.53
2024-01-29 13:00:00+00:00,140.3,11.15
2024-01-29 14:00:00+00:00,101.15,10.31
2024-01-29 15:00:00+00:00,53.75,9.39
2024-01-29 16:00:00+00:00,10.27,8.46
2024-01-29 17:00:00+00:00,0.0,8.17
2024-01-29 18:00:00+00:00,0.0,8.34
2024-01-29 19:00:00+00:00,0.0,8.64
2024-01-29 20:00:00+00:00,0.0,8.86
2024-01-29 21:00:00+00:00,0.0,8.85
2024-01-29 22:00:00+00:00,0.0,8.91
2024-01-29 23:00:00+00:00,0.0,9.29
2024-01-30 00:00:00+00:00,0.0,9.61
2024-01-30 01:00:00+00:00,0.0,9.8
2024-01-30 02:00:00+00:00,0.0,9.57
2024-01-30 03:00:00+00:00,0.0,8.9
2024-01-30 04:00:00+00:00,0.0,8.29
2024-01-30 05:00:00+00:00,0.0,7.88
2024-01-30 06:00:00+00:00,0.0,7.47
2024-01-30 07:00:00+00:00,0.0,6.85
2024-01-30 08:00:00+00:00,37.55,6.5
2024-01-30 09:00:00+00:00,103.97,6.98
2024-01-30 10:00:00+00:00,145.85,7.73
2024-01-30 11:00:00+00:00,147.75,8.26
2024-01-30 12:00:00+00:00,83.38,8.47
2024-01-30 13:00:00+00:00,138.45,8.53
2024-01-30 14:00:00+00:00,102.6,8.46
2024-01-30 15:00:00+00:00,61.17,7.51
2024-01-30 16:00:00+00:00,10.9,5.95
2024-01-30 17:00:00+00:00,0.0,5.01
2024-01-30 18:00:00+00:00,0.0,3.97
2024-01-30 19:00:00+00:00,0.0,3.76
2024-01-30 20:00:00+00:00,0.0,3.54
2024-01-30 21:00:00+00:00,0.0,3.28
2024-01-30 22:00:00+00:00,0.0,3.36
2024-01-30 23:00:00+00:00,0.0,3.48
2024-01-31 00:00:00+00:00,0.0,3.24
2024-01-31 01:00:00+00:00,0.0,2.25
2024-01-31 02:00:00+00:00,0.0,1.33
2024-01-31 03:00:00+00:00,0.0,1.04
2024-01-31 04:00:00+00:00,0.0,1.46
2024-01-31 05:00:00+00:00,0.0,2.05
2024-01-31 06:00:00+00:00,0.0,2.33
2024-01-31 07:00:00+00:00,0.0,2.7
2024-01-31 08:00:00+00:00,28.75,4.48
2024-01-31 09:00:00+00:00,86.03,5.79
2024-01-31 10:00:00+00:00,127.9,6.93
2024-01-31 11:00:00+00:00,131.12,7.61
2024-01-31 12:00:00+00:00,125.57,8.02
2024-01-31 13:00:00+00:00,132.75,8.28
2024-01-31 14:00:00+00:00,92.3,8.33
2024-01-31 15:00:00+00:00,45.92,8.22
2024-01-31 16:00:00+00:00,8.2,8.03
2024-01-31 17:00:00+00:00,0.0,8.09
2024-01-31 18:00:00+00:00,0.0,8.62
2024-01-31 19:00:00+00:00,0.0,9.38
2024-01-31 20:00:00+00:00,0.0,9.5
2024-01-31 21:00:00+00:00,0.0,9.22
2024-01-31 22:00:00+00:00,0.0,8.68
2024-01-31 23:00:00+00:00,0.0,8.33
2024-02-01 00:00:00+00:00,0.0,8.04
2024-02-01 01:00:00+00:00,0.0,7.3
2024-02-01 02:00:00+00:00,0.0,5.78
2024-02-01 03:00:00+00:00,0.0,4.49
2024-02-01 04:00:00+00:00,0.0,3.44
2024-02-01 05:00:00+00:00,0.0,2.1
2024-02-01 06:00:00+00:00,0.0,0.89
2024-02-01 07:00:00+00:00,0.0,0.17
2024-02-01 08:00:00+00:00,52.47,2.09
2024-02-01 09:00:00+00:00,169.93,3.75
2024-02-01 10:00:00+00:00,267.92,5.54
2024-02-01 11:00:00+00:00,327.65,7.66
2024-02-01 12:00:00+00:00,327.92,8.51
2024-02-01 13:00:00+00:00,300.83,8.65
2024-02-01 14:00:00+00:00,223.32,8.32
2024-02-01 15:00:00+00:00,118.18,6.66
2024-02-01 16:00:00+00:00,21.0,3.79
2024-02-01 17:00:00+00:00,0.0,2.9
2024-02-01 18:00:00+00:00,0.0,2.61
2024-02-01 19:00:00+00:00,0.0,2.53
2024-02-01 20:00:00+00:00,0.0,2.39
2024-02-01 21:00:00+00:00,0.0,2.31
2024-02-01 22:00:00+00:00,0.0,2.43
2024-02-01 23:00:00+00:00,0.0,2.54
2024-02-02 00:00:00+00:00,0.0,2.6
2024-02-02 01:00:00+00:00,0.0,2.71
2024-02-02 02:00:00+00:00,0.0,2.89
2024-02-02 03:00:00+00:00,0.0,3.14
2024-02-02 04:00:00+00:00,0.0,3.57
2024-02-02 05:00:00+00:00,0.0,4.11
2024-02-02 06:00:00+00:00,0.0,4.61
2024-02-02 07:00:00+00:00,0.0,5.03
2024-02-02 08:00:00+00:00,37.17,5.63
2024-02-02 09:00:00+00:00,94.53,6.69
2024-02-02 10:00:00+00:00,144.9,8.08
2024-02-02 11:00:00+00:00,169.23,9.94
2024-02-02 12:00:00+00:00,194.2,11.4
2024-02-02 13:00:00+00:00,176.45,11.89
2024-02-02 14:00:00+00:00,145.2,11.77
2024-02-02 15:00:00+00:00,82.72,11.09
2024-02-02 16:00:00+00:00,20.73,10.51
2024-02-02 17:00:00+00:00,0.0,10.26
2024-02-02 18:00:00+00:00,0.0,10.0
2024-02-02 19:00:00+00:00,0.0,9.77
2024-02-02 20:00:00+00:00,0.0,9.57
2024-02-02 21:00:00+00:00,0.0,9.45
2024-02-02 22:00:00+00:00,0.0,8.99
2024-02-02 23:00:00+00:00,0.0,8.74
2024-02-03 00:00:00+00:00,0.0,8.96
2024-02-03 01:00:00+00:00,0.0,9.02
2024-02-03 02:00:00+00:00,0.0,9.14
2024-02-03 03:00:00+00:00,0.0,9.29
2024-02-03 04:00:00+00:00,0.0,9.32
2024-02-03 05:00:00+00:00,0.0,9.35
2024-02-03 06:00:00+00:00,0.0,9.4
2024-02-03 07:00:00+00:00,0.0,9.46
2024-02-03 08:00:00+00:00,46.58,9.65
2024-02-03 09:00:00+00:00,123.7,10.18
2024-02-03 10:00:00+00:00,178.48,11.04
2024-02-03 11:00:00+00:00,206.5,12.11
2024-02-03 12:00:00+00:00,186.57,13.03
2024-02-03 13:00:00+00:00,193.77,13.49
2024-02-03 14:00:00+00:00,158.7,13.37
2024-02-03 15:00:00+00:00,96.53,12.52
2024-02-03 16:00:00+00:00,20.88,11.38
2024-02-03 17:00:00+00:00,0.0,10.86
2024-02-03 18:00:00+00:00,0.0,10.72
2024-02-03 19:00:00+00:00,0.0,10.64
2024-02-03 20:00:00+00:00,0.0,10.31
2024-02-03 21:00:00+00:00,0.0,10.01
2024-02-03 22:00:00+00:00,0.0,9.7
2024-02-03 23:00:00+00:00,0.0,9.51
2024-02-04 00:00:00+00:00,0.0,9.29
2024-02-04 01:00:00+00:00,0.0,9.25
2024-02-04 02:00:00+00:00,0.0,9.27
2024-02-04 03:00:00+00:00,0.0,9.32
2024-02-04 04:00:00+00:00,0.0,9.31
2024-02-04 05:00:00+00:00,0.0,8.93
2024-02-04 06:00:00+00:00,0.0,8.76
2024-02-04 07:00:00+00:00,0.0,8.72
2024-02-04 08:00:00+00:00,42.97,9.28
2024-02-04 09:00:00+00:00,112.57,10.31
2024-02-04 10:00:00+00:00,174.2,11.25
2024-02-04 11:00:00+00:00,211.62,12.12
2024-02-04 12:00:00+00:00,220.02,12.99
2024-02-04 13:00:00+00:00,199.05,13.34
2024-02-04 14:00:00+00:00,150.43,12.92
2024-02-04 15:00:00+00:00,81.95,12.19
2024-02-04 16:00:00+00:00,17.95,11.47
2024-02-04 17:00:00+00:00,0.0,10.91
2024-02-04 18:00:00+00:00,0.0,10.11
2024-02-04 19:00:00+00:00,0.0,9.27
2024-02-04 20:00:00+00:00,0.0,8.85
2024-02-04 21:00:00+00:00,0.0,8.61
2024-02-04 22:00:00+00:00,0.0,8.6
2024-02-04 23:00:00+00:00,0.0,8.67
2024-02-05 00:00:00+00:00,0.0,8.7
2024-02-05 01:00:00+00:00,0.0,8.45
2024-02-05 02:00:00+00:00,0.0,8.15
2024-02-05 03:00:00+00:00,0.0,7.93
2024-02-05 04:00:00+00:00,0.0,7.71
2024-02-05 05:00:00+00:00,0.0,7.54
2024-02-05 06:00:00+00:00,0.0,7.38
2024-02-05 07:00:00+00:00,0.0,7.19
2024-02-05 08:00:00+00:00,55.67,7.5
2024-02-05 09:00:00+00:00,130.95,8.4
2024-02-05 10:00:00+00:00,179.77,9.48
2024-02-05 11:00:00+00:00,210.12,10.42
2024-02-05 12:00:00+00:00,217.4,11.18
2024-02-05 13:00:00+00:00,188.55,11.48
2024-02-05 14:00:00+00:00,149.77,11.13
2024-02-05 15:00:00+00:00,82.4,10.38
2024-02-05 16:00:00+00:00,20.67,9.5
2024-02-05 17:00:00+00:00,0.0,8.85
2024-02-05 18:00:00+00:00,0.0,8.5
2024-02-05 19:00:00+00:00,0.0,8.41
2024-02-05 20:00:00+00:00,0.0,8.37
2024-02-05 21:00:00+00:00,0.0,8.59
2024-02-05 22:00:00+00:00,0.0,8.95
2024-02-05 23:00:00+00:00,0.0,9.11
2024-02-06 00:00:00+00:00,0.0,9.31
2024-02-06 01:00:00+00:00,0.0,9.68
2024-02-06 02:00:00+00:00,0.0,9.86
2024-02-06 03:00:00+00:00,0.0,9.94
2024-02-06 04:00:00+00:00,0.0,9.95
2024-02-06 05:00:00+00:00,0.0,10.02
2024-02-06 06:00:00+00:00,0.0,10.12
2024-02-06 07:00:00+00:00,0.0,10.16
2024-02-06 08:00:00+00:00,43.42,10.45
2024-02-06 09:00:00+00:00,99.78,11.0
2024-02-06 10:00:00+00:00,146.25,11.5
2024-02-06 11:00:00+00:00,155.93,11.76
2024-02-06 12:00:00+00:00,167.52,11.96
2024-02-06 13:00:00+00:00,159.75,12.03
2024-02-06 14:00:00+00:00,120.53,11.79
2024-02-06 15:00:00+00:00,64.28,11.31
2024-02-06 16:00:00+00:00,16.42,10.75
2024-02-06 17:00:00+00:00,0.0,10.56
2024-02-06 18:00:00+00:00,0.0,10.63
2024-02-06 19:00:00+00:00,0.0,10.8
2024-02-06 20:00:00+00:00,0.0,10.92
2024-02-06 21:00:00+00:00,0.0,10.82
2024-02-06 22:00:00+00:00,0.0,10.53
2024-02-06 23:00:00+00:00,0.0,9.9
2024-02-07 00:00:00+00:00,0.0,8.69
2024-02-07 01:00:00+00:00,0.0,7.35
2024-02-07 02:00:00+00:00,0.0,6.21
2024-02-07 03:00:00+00:00,0.0,5.01
2024-02-07 04:00:00+00:00,0.0,4.07
2024-02-07 05:00:00+00:00,0.0,3.55
2024-02-07 06:00:00+00:00,0.0,3.02
2024-02-07 07:00:00+00:00,0.0,2.66
2024-02-07 08:00:00+00:00,40.65,3.9
2024-02-07 09:00:00+00:00,92.82,5.12
2024-02-07 10:00:00+00:00,137.7,6.2
2024-02-07 11:00:00+00:00,158.48,6.99
2024-02-07 12:00:00+00:00,154.55,7.47
2024-02-07 13:00:00+00:00,105.43,7.61
2024-02-07 14:00:00+00:00,92.65,7.37
2024-02-07 15:00:00+00:00,56.5,6.76
2024-02-07 16:00:00+00:00,14.85,5.64
2024-02-07 17:00:00+00:00,0.0,4.89
2024-02-07 18:00:00+00:00,0.0,4.31
2024-02-07 19:00:00+00:00,0.0,4.0
2024-02-07 20:00:00+00:00,0.0,3.76
2024-02-07 21:00:00+00:00,0.0,3.41
2024-02-07 22:00:00+00:00,0.0,3.3
2024-02-07 23:00:00+00:00,0.0,2.93
2024-02-08 00:00:00+00:00,0.0,2.7
2024-02-08 01:00:00+00:00,0.0,3.25
2024-02-08 02:00:00+00:00,0.0,3.8
2024-02-08 03:00:00+00:00,0.0,4.07
2024-02-08 04:00:00+00:00,0.0,4.16
2024-02-08 05:00:00+00:00,0.0,4.21
2024-02-08 06:00:00+00:00,0.0,4.18
2024-02-08 07:00:00+00:00,0.0,4.01
2024-02-08 08:00:00+00:00,21.85,4.17
2024-02-08 09:00:00+00:00,57.9,4.84
2024-02-08 10:00:00+00:00,93.95,5.97
2024-02-08 11:00:00+00:00,118.75,7.6
2024-02-08 12:00:00+00:00,97.05,9.38
2024-02-08 13:00:00+00:00,114.5,10.4
2024-02-08 14:00:00+00:00,83.53,10.9
2024-02-08 15:00:00+00:00,47.72,10.77
2024-02-08 16:00:00+00:00,10.38,10.4
2024-02-08 17:00:00+00:00,0.0,10.15
2024-02-08 18:00:00+00:00,0.0,9.88
2024-02-08 19:00:00+00:00,0.0,9.52
2024-02-08 20:00:00+00:00,0.0,9.25
2024-02-08 21:00:00+00:00,0.0,9.14
2024-02-08 22:00:00+00:00,0.0,9.3
2024-02-08 23:00:00+00:00,0.0,9.51
2024-02-09 00:00:00+00:00,0.0,9.66
2024-02-09 01:00:00+00:00,0.0,9.77
2024-02-09 02:00:00+00:00,0.0,9.79
2024-02-09 03:00:00+00:00,0.0,9.81
2024-02-09 04:00:00+00:00,0.0,9.7
2024-02-09 05:00:00+00:00,0.0,9.46
2024-02-09 06:00:00+00:00,0.0,9.15
2024-02-09 07:00:00+00:00,2.4,9.24
2024-02-09 08:00:00+00:00,37.65,9.87
2024-02-09 09:00:00+00:00,101.12,10.55
2024-02-09 10:00:00+00:00,152.77,11.14
2024-02-09 11:00:00+00:00,172.35,11.65
2024-02-09 12:00:00+00:00,176.38,11.91
2024-02-09 13:00:00+00:00,173.07,11.97
2024-02-09 14:00:00+00:00,137.3,11.74
2024-02-09 15:00:00+00:00,82.43,11.16
2024-02-09 16:00:00+00:00,24.52,10.18
2024-02-09 17:00:00+00:00,0.0,9.33
2024-02-09 18:00:00+00:00,0.0,8.74
2024-02-09 19:00:00+00:00,0.0,8.59
2024-02-09 20:00:00+00:00,0.0,8.55
2024-02-09 21:00:00+00:00,0.0,8.7
2024-02-09 22:00:00+00:00,0.0,8.89
2024-02-09 23:00:00+00:00,0.0,8.99
2024-02-10 00:00:00+00:00,0.0,9.18
2024-02-10 01:00:00+00:00,0.0,9.25
2024-02-10 02:00:00+00:00,0.0,9.06
2024-02-10 03:00:00+00:00,0.0,8.63
2024-02-10 04:00:00+00:00,0.0,8.23
2024-02-10 05:00:00+00:00,0.0,7.8
2024-02-10 06:00:00+00:00,0.0,7.21
2024-02-10 07:00:00+00:00,3.72,7.01
2024-02-10 08:00:00+00:00,59.85,7.62
2024-02-10 09:00:00+00:00,145.1,8.24
2024-02-10 10:00:00+00:00,207.93,9.49
2024-02-10 11:00:00+00:00,249.68,10.53
2024-02-10 12:00:00+00:00,251.55,11.12
2024-02-10 13:00:00+00:00,230.0,11.13
2024-02-10 14:00:00+00:00,179.15,10.7
2024-02-10 15:00:00+00:00,109.12,9.82
2024-02-10 16:00:00+00:00,31.08,8.42
2024-02-10 17:00:00+00:00,0.0,7.71
2024-02-10 18:00:00+00:00,0.0,7.41
2024-02-10 19:00:00+00:00,0.0,7.12
2024-02-10 20:00:00+00:00,0.0,6.85
2024-02-10 21:00:00+00:00,0.0,6.54
2024-02-10 22:00:00+00:00,0.0,6.16
2024-02-10 23:00:00+00:00,0.0,5.79
2024-02-11 00:00:00+00:00,0.0,5.49
2024-02-11 01:00:00+00:00,0.0,5.38
2024-02-11 02:00:00+00:00,0.0,5.36
2024-02-11 03:00:00+00:00,0.0,5.36
2024-02-11 04:00:00+00:00,0.0,5.37
2024-02-11 05:00:00+00:00,0.0,5.41
2024-02-11 06:00:00+00:00,0.0,5.34
2024-02-11 07:00:00+00:00,3.55,5.37
2024-02-11 08:00:00+00:00,63.55,5.72
2024-02-11 09:00:00+00:00,169.7,6.16
2024-02-11 10:00:00+00:00,242.98,7.14
2024-02-11 11:00:00+00:00,301.55,8.47
2024-02-11 12:00:00+00:00,278.6,9.62
2024-02-11 13:00:00+00:00,237.57,10.02
2024-02-11 14:00:00+00:00,194.48,9.97
2024-02-11 15:00:00+00:00,125.57,9.25
2024-02-11 16:00:00+00:00,39.4,7.44
2024-02-11 17:00:00+00:00,0.0,6.79
2024-02-11 18:00:00+00:00,0.0,6.4
2024-02-11 19:00:00+00:00,0.0,5.71
2024-02-11 20:00:00+00:00,0.0,4.91
2024-02-11 21:00:00+00:00,0.0,4.24
2024-02-11 22:00:00+00:00,0.0,3.83
2024-02-11 23:00:00+00:00,0.0,3.76
2024-02-12 00:00:00+00:00,0.0,3.67
2024-02-12 01:00:00+00:00,0.0,3.81
2024-02-12 02:00:00+00:00,0.0,3.82
2024-02-12 03:00:00+00:00,0.0,3.67
2024-02-12 04:00:00+00:00,0.0,3.45
2024-02-12 05:00:00+00:00,0.0,3.33
2024-02-12 06:00:00+00:00,0.0,3.24
2024-02-12 07:00:00+00:00,5.65,3.3
2024-02-12 08:00:00+00:00,91.75,3.72
2024-02-12 09:00:00+00:00,220.5,4.8
2024-02-12 10:00:00+00:00,331.3,6.53
2024-02-12 11:00:00+00:00,414.73,7.96
2024-02-12 12:00:00+00:00,428.9,8.79
2024-02-12 13:00:00+00:00,374.48,9.13
2024-02-12 14:00:00+00:00,305.4,8.95
2024-02-12 15:00:00+00:00,192.1,7.97
2024-02-12 16:00:00+00:00,64.4,5.13
2024-02-12 17:00:00+00:00,0.0,3.54
2024-02-12 18:00:00+00:00,0.0,3.2
2024-02-12 19:00:00+00:00,0.0,3.02
2024-02-12 20:00:00+00:00,0.0,3.05
2024-02-12 21:00:00+00:00,0.0,3.0
2024-02-12 22:00:00+00:00,0.0,2.94
2024-02-12 23:00:00+00:00,0.0,2.98
2024-02-13 00:00:00+00:00,0.0,3.13
2024-02-13 01:00:00+00:00,0.0,3.06
2024-02-13 02:00:00+00:00,0.0,3.24
2024-02-13 03:00:00+00:00,0.0,3.65
2024-02-13 04:00:00+00:00,0.0,4.08
2024-02-13 05:00:00+00:00,0.0,4.48
2024-02-13 06:00:00+00:00,0.0,4.81
2024-02-13 07:00:00+00:00,4.03,5.3
2024-02-13 08:00:00+00:00,21.62,6.07
2024-02-13 09:00:00+00:00,54.6,7.11
2024-02-13 10:00:00+00:00,75.2,8.25
2024-02-13 11:00:00+00:00,131.25,9.04
2024-02-13 12:00:00+00:00,130.25,9.38
2024-02-13 13:00:00+00:00,120.12,9.14
2024-02-13 14:00:00+00:00,100.68,8.49
2024-02-13 15:00:00+00:00,57.15,8.0
2024-02-13 16:00:00+00:00,18.02,7.99
2024-02-13 17:00:00+00:00,0.0,8.57
2024-02-13 18:00:00+00:00,0.0,9.63
2024-02-13 19:00:00+00:00,0.0,10.48
2024-02-13 20:00:00+00:00,0.0,10.77
2024-02-13 21:00:00+00:00,0.0,10.52
2024-02-13 22:00:00+00:00,0.0,10.46
2024-02-13 23:00:00+00:00,0.0,10.46
2024-02-14 00:00:00+00:00,0.0,10.44
2024-02-14 01:00:00+00:00,0.0,10.36
2024-02-14 02:00:00+00:00,0.0,10.31
2024-02-14 03:00:00+00:00,0.0,10.34
2024-02-14 04:00:00+00:00,0.0,10.35
2024-02-14 05:00:00+00:00,0.0,10.51
2024-02-14 06:00:00+00:00,0.0,10.42
2024-02-14 07:00:00+00:00,4.47,10.6
2024-02-14 08:00:00+00:00,33.17,11.03
2024-02-14 09:00:00+00:00,90.15,11.43
2024-02-14 10:00:00+00:00,135.68,11.71
2024-02-14 11:00:00+00:00,152.0,12.0
2024-02-14 12:00:00+00:00,143.15,12.29
2024-02-14 13:00:00+00:00,140.88,12.68
2024-02-14 14:00:00+00:00,109.43,12.88
2024-02-14 15:00:00+00:00,70.55,12.48
2024-02-14 16:00:00+00:00,28.92,11.78
2024-02-14 17:00:00+00:00,0.0,11.16
2024-02-14 18:00:00+00:00,0.0,10.73
2024-02-14 19:00:00+00:00,0.0,10.43
2024-02-14 20:00:00+00:00,0.0,10.2
2024-02-14 21:00:00+00:00,0.0,9.97
2024-02-14 22:00:00+00:00,0.0,9.81
2024-02-14 23:00:00+00:00,0.0,10.02
2024-02-15 00:00:00+00:00,0.0,10.25
2024-02-15 01:00:00+00:00,0.0,10.56
2024-02-15 02:00:00+00:00,0.0,10.8
2024-02-15 03:00:00+00:00,0.0,10.74
2024-02-15 04:00:00+00:00,0.0,10.54
2024-02-15 05:00:00+00:00,0.0,10.26
2024-02-15 06:00:00+00:00,0.0,10.09
2024-02-15 07:00:00+00:00,7.12,10.14
2024-02-15 08:00:00+00:00,76.95,10.69
2024-02-15 09:00:00+00:00,169.7,11.81
2024-02-15 10:00:00+00:00,251.25,13.36
2024-02-15 11:00:00+00:00,309.2,14.81
2024-02-15 12:00:00+00:00,333.2,15.49
2024-02-15 13:00:00+00:00,282.62,15.27
2024-02-15 14:00:00+00:00,190.48,14.42
2024-02-15 15:00:00+00:00,125.97,13.22
2024-02-15 16:00:00+00:00,44.35,11.9
2024-02-15 17:00:00+00:00,0.0,10.94
2024-02-15 18:00:00+00:00,0.0,10.63
2024-02-15 19:00:00+00:00,0.0,10.46
2024-02-15 20:00:00+00:00,0.0,10.28
2024-02-15 21:00:00+00:00,0.0,10.19
2024-02-15 22:00:00+00:00,0.0,9.86
2024-02-15 23:00:00+00:00,0.0,9.35
2024-02-16 00:00:00+00:00,0.0,8.52
2024-02-16 01:00:00+00:00,0.0,8.49
2024-02-16 02:00:00+00:00,0.0,8.85
2024-02-16 03:00:00+00:00,0.0,9.2
2024-02-16 04:00:00+00:00,0.0,9.14
2024-02-16 05:00:00+00:00,0.0,8.71
2024-02-16 06:00:00+00:00,0.0,8.07
2024-02-16 07:00:00+00:00,10.48,7.92
2024-02-16 08:00:00+00:00,93.72,8.58
2024-02-16 09:00:00+00:00,194.52,9.7
2024-02-16 10:00:00+00:00,268.35,11.0
2024-02-16 11:00:00+00:00,313.27,12.01
2024-02-16 12:00:00+00:00,331.2,12.61
2024-02-16 13:00:00+00:00,184.77,12.84
2024-02-16 14:00:00+00:00,165.85,12.56
2024-02-16 15:00:00+00:00,115.95,11.76
2024-02-16 16:00:00+00:00,50.8,10.52
2024-02-16 17:00:00+00:00,0.0,9.58
2024-02-16 18:00:00+00:00,0.0,9.25
2024-02-16 19:00:00+00:00,0.0,8.73
2024-02-16 20:00:00+00:00,0.0,8.23
2024-02-16 21:00:00+00:00,0.0,7.82
2024-02-16 22:00:00+00:00,0.0,7.54
2024-02-16 23:00:00+00:00,0.0,7.41
2024-02-17 00:00:00+00:00,0.0,7.42
2024-02-17 01:00:00+00:00,0.0,7.47
2024-02-17 02:00:00+00:00,0.0,7.18
2024-02-17 03:00:00+00:00,0.0,6.85
2024-02-17 04:00:00+00:00,0.0,6.49
2024-02-17 05:00:00+00:00,0.0,6.33
2024-02-17 06:00:00+00:00,0.0,6.73
2024-02-17 07:00:00+00:00,10.52,7.13
2024-02-17 08:00:00+00:00,67.03,8.0
2024-02-17 09:00:00+00:00,119.25,9.22
2024-02-17 10:00:00+00:00,144.77,10.62
2024-02-17 11:00:00+00:00,151.3,12.01
2024-02-17 12:00:00+00:00,155.07,12.89
2024-02-17 13:00:00+00:00,108.43,12.91
2024-02-17 14:00:00+00:00,105.15,12.41
2024-02-17 15:00:00+00:00,72.1,11.71
2024-02-17 16:00:00+00:00,33.42,10.71
2024-02-17 17:00:00+00:00,0.0,9.96
2024-02-17 18:00:00+00:00,0.0,9.79
2024-02-17 19:00:00+00:00,0.0,9.87
2024-02-17 20:00:00+00:00,0.0,10.05
2024-02-17 21:00:00+00:00,0.0,10.37
2024-02-17 22:00:00+00:00,0.0,10.38
2024-02-17 23:00:00+00:00,0.0,10.21
2024-02-18 00:00:00+00:00,0.0,9.98
2024-02-18 01:00:00+00:00,0.0,9.92
2024-02-18 02:00:00+00:00,0.0,9.95
2024-02-18 03:00:00+00:00,0.0,9.94
2024-02-18 04:00:00+00:00,0.0,9.97
2024-02-18 05:00:00+00:00,0.0,9.84
2024-02-18 06:00:00+00:00,0.0,9.96
2024-02-18 07:00:00+00:00,6.65,10.07
2024-02-18 08:00:00+00:00,70.32,10.22
2024-02-18 09:00:00+00:00,152.62,10.59
2024-02-18 10:00:00+00:00,225.27,11.63
2024-02-18 11:00:00+00:00,277.08,13.29
2024-02-18 12:00:00+00:00,287.2,14.41
2024-02-18 13:00:00+00:00,293.27,14.67
2024-02-18 14:00:00+00:00,246.3,14.33
2024-02-18 15:00:00+00:00,176.57,13.51
2024-02-18 16:00:00+00:00,82.0,11.93
2024-02-18 17:00:00+00:00,0.0,10.15
2024-02-18 18:00:00+00:00,0.0,9.66
2024-02-18 19:00:00+00:00,0.0,9.35
2024-02-18 20:00:00+00:00,0.0,8.15
2024-02-18 21:00:00+00:00,0.0,7.15
2024-02-18 22:00:00+00:00,0.0,6.96
2024-02-18 23:00:00+00:00,0.0,7.09
2024-02-19 00:00:00+00:00,0.0,6.76
2024-02-19 01:00:00+00:00,0.0,6.65
2024-02-19 02:00:00+00:00,0.0,6.86
2024-02-19 03:00:00+00:00,0.0,6.88
2024-02-19 04:00:00+00:00,0.0,6.92
2024-02-19 05:00:00+00:00,0.0,7.0
2024-02-19 06:00:00+00:00,0.0,6.96
2024-02-19 07:00:00+00:00,11.62,7.1
2024-02-19 08:00:00+00:00,82.5,7.41
2024-02-19 09:00:00+00:00,173.3,7.97
2024-02-19 10:00:00+00:00,255.5,9.18
2024-02-19 11:00:00+00:00,302.0,11.23
2024-02-19 12:00:00+00:00,311.25,12.61
2024-02-19 13:00:00+00:00,290.05,12.71
2024-02-19 14:00:00+00:00,227.1,11.94
2024-02-19 15:00:00+00:00,142.23,10.91
2024-02-19 16:00:00+00:00,58.4,9.68
2024-02-19 17:00:00+00:00,3.53,8.01
2024-02-19 18:00:00+00:00,0.0,8.1
2024-02-19 19:00:00+00:00,0.0,7.8
2024-02-19 20:00:00+00:00,0.0,7.38
2024-02-19 21:00:00+00:00,0.0,6.92
2024-02-19 22:00:00+00:00,0.0,6.03
2024-02-19 23:00:00+00:00,0.0,5.22
2024-02-20 00:00:00+00:00,0.0,5.58
2024-02-20 01:00:00+00:00,0.0,5.89
2024-02-20 02:00:00+00:00,0.0,5.58
2024-02-20 03:00:00+00:00,0.0,5.05
2024-02-20 04:00:00+00:00,0.0,4.34
2024-02-20 05:00:00+00:00,0.0,3.98
2024-02-20 06:00:00+00:00,0.0,3.91
2024-02-20 07:00:00+00:00,14.2,4.09
2024-02-20 08:00:00+00:00,72.55,5.12
2024-02-20 09:00:00+00:00,149.23,6.46
2024-02-20 10:00:00+00:00,196.98,8.27
2024-02-20 11:00:00+00:00,235.38,10.33
2024-02-20 12:00:00+00:00,242.88,11.24
2024-02-20 13:00:00+00:00,226.65,11.01
2024-02-20 14:00:00+00:00,183.27,10.51
2024-02-20 15:00:00+00:00,113.5,10.24
2024-02-20 16:00:00+00:00,47.15,9.93
2024-02-20 17:00:00+00:00,2.83,9.45
2024-02-20 18:00:00+00:00,0.0,9.06
2024-02-20 19:00:00+00:00,0.0,8.65
2024-02-20 20:00:00+00:00,0.0,8.47
2024-02-20 21:00:00+00:00,0.0,8.36
2024-02-20 22:00:00+00:00,0.0,8.33
2024-02-20 23:00:00+00:00,0.0,8.28
2024-02-21 00:00:00+00:00,0.0,8.25
2024-02-21 01:00:00+00:00,0.0,8.24
2024-02-21 02:00:00+00:00,0.0,8.24
2024-02-21 03:00:00+00:00,0.0,8.44
2024-02-21 04:00:00+00:00,0.0,8.73
2024-02-21 05:00:00+00:00,0.0,8.81
2024-02-21 06:00:00+00:00,0.0,8.59
2024-02-21 07:00:00+00:00,6.88,8.35
2024-02-21 08:00:00+00:00,34.28,8.43
2024-02-21 09:00:00+00:00,63.7,8.76
2024-02-21 10:00:00+00:00,96.68,9.15
2024-02-21 11:00:00+00:00,109.57,9.52
2024-02-21 12:00:00+00:00,106.15,10.04
2024-02-21 13:00:00+00:00,142.95,10.19
2024-02-21 14:00:00+00:00,108.5,10.12
2024-02-21 15:00:00+00:00,66.38,10.32
2024-02-21 16:00:00+00:00,26.62,10.65
2024-02-21 17:00:00+00:00,2.67,10.86
2024-02-21 18:00:00+00:00,0.0,10.82
2024-02-21 19:00:00+00:00,0.0,10.5
2024-02-21 20:00:00+00:00,0.0,10.13
2024-02-21 21:00:00+00:00,0.0,9.65
2024-02-21 22:00:00+00:00,0.0,9.29
2024-02-21 23:00:00+00:00,0.0,9.05
2024-02-22 00:00:00+00:00,0.0,8.98
2024-02-22 01:00:00+00:00,0.0,8.93
2024-02-22 02:00:00+00:00,0.0,8.79
2024-02-22 03:00:00+00:00,0.0,8.64
2024-02-22 04:00:00+00:00,0.0,8.75
2024-02-22 05:00:00+00:00,0.0,9.08
2024-02-22 06:00:00+00:00,0.0,9.29
2024-02-22 07:00:00+00:00,11.52,9.61
2024-02-22 08:00:00+00:00,50.4,10.09
2024-02-22 09:00:00+00:00,88.25,10.71
2024-02-22 10:00:00+00:00,115.03,11.3
2024-02-22 11:00:00+00:00,128.75,11.92
2024-02-22 12:00:00+00:00,132.4,11.67
2024-02-22 13:00:00+00:00,52.3,11.04
2024-02-22 14:00:00+00:00,162.3,9.53
2024-02-22 15:00:00+00:00,114.62,7.02
2024-02-22 16:00:00+00:00,56.55,4.99
2024-02-22 17:00:00+00:00,4.75,4.36
2024-02-22 18:00:00+00:00,0.0,4.51
2024-02-22 19:00:00+00:00,0.0,4.31
2024-02-22 20:00:00+00:00,0.0,3.84
2024-02-22 21:00:00+00:00,0.0,3.45
2024-02-22 22:00:00+00:00,0.0,3.12
2024-02-22 23:00:00+00:00,0.0,2.91
2024-02-23 00:00:00+00:00,0.0,3.19
2024-02-23 01:00:00+00:00,0.0,3.73
2024-02-23 02:00:00+00:00,0.0,4.25
2024-02-23 03:00:00+00:00,0.0,4.63
2024-02-23 04:00:00+00:00,0.0,4.85
2024-02-23 05:00:00+00:00,0.0,4.72
2024-02-23 06:00:00+00:00,0.0,4.44
2024-02-23 07:00:00+00:00,27.77,4.36
2024-02-23 08:00:00+00:00,133.43,4.87
2024-02-23 09:00:00+00:00,232.9,6.27
2024-02-23 10:00:00+00:00,310.67,7.75
2024-02-23 11:00:00+00:00,347.42,8.25
2024-02-23 12:00:00+00:00,314.9,7.97
2024-02-23 13:00:00+00:00,248.95,7.5
2024-02-23 14:00:00+00:00,208.02,7.07
2024-02-23 15:00:00+00:00,144.38,6.56
2024-02-23 16:00:00+00:00,66.65,5.68
2024-02-23 17:00:00+00:00,5.57,4.7
2024-02-23 18:00:00+00:00,0.0,4.17
2024-02-23 19:00:00+00:00,0.0,3.74
2024-02-23 20:00:00+00:00,0.0,3.4
2024-02-23 21:00:00+00:00,0.0,3.14
2024-02-23 22:00:00+00:00,0.0,3.02
2024-02-23 23:00:00+00:00,0.0,2.88
2024-02-24 00:00:00+00:00,0.0,2.61
2024-02-24 01:00:00+00:00,0.0,2.37
2024-02-24 02:00:00+00:00,0.0,2.21
2024-02-24 03:00:00+00:00,0.0,2.15
2024-02-24 04:00:00+00:00,0.0,2.2
2024-02-24 05:00:00+00:00,0.0,2.05
2024-02-24 06:00:00+00:00,0.0,1.84
2024-02-24 07:00:00+00:00,27.88,1.84
2024-02-24 08:00:00+00:00,127.35,2.29
2024-02-24 09:00:00+00:00,219.85,3.31
2024-02-24 10:00:00+00:00,293.12,4.86
2024-02-24 11:00:00+00:00,333.08,6.16
2024-02-24 12:00:00+00:00,334.55,7.46
2024-02-24 13:00:00+00:00,327.42,7.76
2024-02-24 14:00:00+00:00,280.67,7.77
2024-02-24 15:00:00+00:00,203.73,7.45
2024-02-24 16:00:00+00:00,98.45,6.57
2024-02-24 17:00:00+00:00,9.27,5.82
2024-02-24 18:00:00+00:00,0.0,5.65
2024-02-24 19:00:00+00:00,0.0,5.29
2024-02-24 20:00:00+00:00,0.0,4.69
2024-02-24 21:00:00+00:00,0.0,3.84
2024-02-24 22:00:00+00:00,0.0,3.14
2024-02-24 23:00:00+00:00,0.0,2.45
2024-02-25 00:00:00+00:00,0.0,1.74
2024-02-25 01:00:00+00:00,0.0,1.29
2024-02-25 02:00:00+00:00,0.0,1.24
2024-02-25 03:00:00+00:00,0.0,1.41
2024-02-25 04:00:00+00:00,0.0,1.6
2024-02-25 05:00:00+00:00,0.0,1.77
2024-02-25 06:00:00+00:00,0.0,1.73
2024-02-25 07:00:00+00:00,21.48,2.56
2024-02-25 08:00:00+00:00,49.5,4.72
2024-02-25 09:00:00+00:00,90.45,6.74
2024-02-25 10:00:00+00:00,130.48,8.09
2024-02-25 11:00:00+00:00,148.0,8.36
2024-02-25 12:00:00+00:00,146.3,7.88
2024-02-25 13:00:00+00:00,135.88,7.42
2024-02-25 14:00:00+00:00,116.25,7.08
2024-02-25 15:00:00+00:00,84.53,6.72
2024-02-25 16:00:00+00:00,41.47,6.34
2024-02-25 17:00:00+00:00,3.08,5.96
2024-02-25 18:00:00+00:00,0.0,5.74
2024-02-25 19:00:00+00:00,0.0,5.64
2024-02-25 20:00:00+00:00,0.0,5.59
2024-02-25 21:00:00+00:00,0.0,5.61
2024-02-25 22:00:00+00:00,0.0,5.65
2024-02-25 23:00:00+00:00,0.0,5.72
2024-02-26 00:00:00+00:00,0.0,5.66
2024-02-26 01:00:00+00:00,0.0,5.48
2024-02-26 02:00:00+00:00,0.0,5.23
2024-02-26 03:00:00+00:00,0.0,4.94
2024-02-26 04:00:00+00:00,0.0,4.63
2024-02-26 05:00:00+00:00,0.0,4.36
2024-02-26 06:00:00+00:00,0.0,4.23
2024-02-26 07:00:00+00:00,21.95,4.3
2024-02-26 08:00:00+00:00,99.18,4.67
2024-02-26 09:00:00+00:00,191.55,5.18
2024-02-26 10:00:00+00:00,272.52,5.84
2024-02-26 11:00:00+00:00,317.98,6.5
2024-02-26 12:00:00+00:00,318.67,7.0
2024-02-26 13:00:00+00:00,326.67,7.29
2024-02-26 14:00:00+00:00,275.88,7.17
2024-02-26 15:00:00+00:00,196.73,6.76
2024-02-26 16:00:00+00:00,97.3,6.04
2024-02-26 17:00:00+00:00,11.77,4.86
2024-02-26 18:00:00+00:00,0.0,4.31
2024-02-26 19:00:00+00:00,0.0,3.9
2024-02-26 20:00:00+00:00,0.0,3.4
2024-02-26 21:00:00+00:00,0.0,3.01
2024-02-26 22:00:00+00:00,0.0,2.69
2024-02-26 23:00:00+00:00,0.0,2.52
2024-02-27 00:00:00+00:00,0.0,2.36
2024-02-27 01:00:00+00:00,0.0,1.72
2024-02-27 02:00:00+00:00,0.0,1.66
2024-02-27 03:00:00+00:00,0.0,1.6
2024-02-27 04:00:00+00:00,0.0,1.49
2024-02-27 05:00:00+00:00,0.0,0.64
2024-02-27 06:00:00+00:00,0.0,0.1
2024-02-27 07:00:00+00:00,25.35,1.21
2024-02-27 08:00:00+00:00,103.8,2.82
2024-02-27 09:00:00+00:00,181.18,3.96
2024-02-27 10:00:00+00:00,246.0,4.86
2024-02-27 11:00:00+00:00,281.9,5.7
2024-02-27 12:00:00+00:00,309.35,6.5
2024-02-27 13:00:00+00:00,335.9,7.3
2024-02-27 14:00:00+00:00,261.55,7.74
2024-02-27 15:00:00+00:00,178.98,7.55
2024-02-27 16:00:00+00:00,90.82,6.08
2024-02-27 17:00:00+00:00,11.27,3.72
2024-02-27 18:00:00+00:00,0.0,4.43
2024-02-27 19:00:00+00:00,0.0,5.43
2024-02-27 20:00:00+00:00,0.0,5.73
2024-02-27 21:00:00+00:00,0.0,5.79
2024-02-27 22:00:00+00:00,0.0,5.75
2024-02-27 23:00:00+00:00,0.0,5.49
2024-02-28 00:00:00+00:00,0.0,5.27
2024-02-28 01:00:00+00:00,0.0,4.83
2024-02-28 02:00:00+00:00,0.0,4.67
2024-02-28 03:00:00+00:00,0.0,4.82
2024-02-28 04:00:00+00:00,0.0,4.81
2024-02-28 05:00:00+00:00,0.0,4.78
2024-02-28 06:00:00+00:00,0.0,4.85
2024-02-28 07:00:00+00:00,17.27,5.49
2024-02-28 08:00:00+00:00,82.1,6.27
2024-02-28 09:00:00+00:00,142.95,7.2
2024-02-28 10:00:00+00:00,195.62,8.33
2024-02-28 11:00:00+00:00,221.75,10.13
2024-02-28 12:00:00+00:00,246.43,11.15
2024-02-28 13:00:00+00:00,178.77,11.5
2024-02-28 14:00:00+00:00,156.43,11.25
2024-02-28 15:00:00+00:00,110.22,10.38
2024-02-28 16:00:00+00:00,53.85,9.37
2024-02-28 17:00:00+00:00,6.65,8.79
2024-02-28 18:00:00+00:00,0.0,8.78
2024-02-28 19:00:00+00:00,0.0,9.05
2024-02-28 20:00:00+00:00,0.0,9.41
2024-02-28 21:00:00+00:00,0.0,9.83
2024-02-28 22:00:00+00:00,0.0,9.96
2024-02-28 23:00:00+00:00,0.0,10.03
2024-02-29 00:00:00+00:00,0.0,10.05
2024-02-29 01:00:00+00:00,0.0,10.11
2024-02-29 02:00:00+00:00,0.0,10.12
2024-02-29 03:00:00+00:00,0.0,10.02
2024-02-29 04:00:00+00:00,0.0,9.94
2024-02-29 05:00:00+00:00,0.0,9.9
2024-02-29 06:00:00+00:00,0.0,9.93
2024-02-29 07:00:00+00:00,19.4,9.99
2024-02-29 08:00:00+00:00,78.82,10.21
2024-02-29 09:00:00+00:00,128.77,10.43
2024-02-29 10:00:00+00:00,167.7,10.6
2024-02-29 11:00:00+00:00,170.77,10.76
2024-02-29 12:00:00+00:00,187.77,10.62
2024-02-29 13:00:00+00:00,143.88,10.44
2024-02-29 14:00:00+00:00,115.28,9.91
2024-02-29 15:00:00+00:00,77.18,9.1
2024-02-29 16:00:00+00:00,36.4,7.99
2024-02-29 17:00:00+00:00,4.88,6.89
2024-02-29 18:00:00+00:00,0.0,6.3
2024-02-29 19:00:00+00:00,0.0,6.01
2024-02-29 20:00:00+00:00,0.0,5.77
2024-02-29 21:00:00+00:00,0.0,5.54
2024-02-29 22:00:00+00:00,0.0,5.16
2024-02-29 23:00:00+00:00,0.0,4.63
2024-03-01 00:00:00+00:00,0.0,4.15
2024-03-01 01:00:00+00:00,0.0,3.91
2024-03-01 02:00:00+00:00,0.0,3.76
2024-03-01 03:00:00+00:00,0.0,3.81
2024-03-01 04:00:00+00:00,0.0,4.14
2024-03-01 05:00:00+00:00,0.0,4.66
2024-03-01 06:00:00+00:00,0.0,5.0
2024-03-01 07:00:00+00:00,25.4,4.69
2024-03-01 08:00:00+00:00,131.0,4.22
2024-03-01 09:00:00+00:00,232.12,5.18
2024-03-01 10:00:00+00:00,310.62,6.65
2024-03-01 11:00:00+00:00,356.08,6.97
2024-03-01 12:00:00+00:00,379.4,7.49
2024-03-01 13:00:00+00:00,348.52,7.7
2024-03-01 14:00:00+00:00,286.17,7.88
2024-03-01 15:00:00+00:00,192.32,7.58
2024-03-01 16:00:00+00:00,98.4,6.65
2024-03-01 17:00:00+00:00,13.23,5.62
2024-03-01 18:00:00+00:00,0.0,4.83
2024-03-01 19:00:00+00:00,0.0,4.35
2024-03-01 20:00:00+00:00,0.0,4.16
2024-03-01 21:00:00+00:00,0.0,4.05
2024-03-01 22:00:00+00:00,0.0,4.01
2024-03-01 23:00:00+00:00,0.0,4.0
2024-03-02 00:00:00+00:00,0.0,4.05
2024-03-02 01:00:00+00:00,0.0,4.17
2024-03-02 02:00:00+00:00,0.0,4.25
2024-03-02 03:00:00+00:00,0.0,4.43
2024-03-02 04:00:00+00:00,0.0,4.82
2024-03-02 05:00:00+00:00,0.0,5.13
2024-03-02 06:00:00+00:00,0.0,5.32
2024-03-02 07:00:00+00:00,28.42,5.58
2024-03-02 08:00:00+00:00,81.8,6.07
2024-03-02 09:00:00+00:00,161.7,6.48
2024-03-02 10:00:00+00:00,223.55,6.85
2024-03-02 11:00:00+00:00,250.45,7.09
2024-03-02 12:00:00+00:00,296.52,7.32
2024-03-02 13:00:00+00:00,250.07,7.58
2024-03-02 14:00:00+00:00,177.57,7.6
2024-03-02 15:00:00+00:00,135.38,7.28
2024-03-02 16:00:00+00:00,73.0,6.24
2024-03-02 17:00:00+00:00,13.95,3.56
2024-03-02 18:00:00+00:00,0.0,2.64
2024-03-02 19:00:00+00:00,0.0,2.22
2024-03-02 20:00:00+00:00,0.0,1.74
2024-03-02 21:00:00+00:00,0.0,1.48
2024-03-02 22:00:00+00:00,0.0,1.2
2024-03-02 23:00:00+00:00,0.0,0.92
2024-03-03 00:00:00+00:00,0.0,0.62
2024-03-03 01:00:00+00:00,0.0,0.76
2024-03-03 02:00:00+00:00,0.0,0.75
2024-03-03 03:00:00+00:00,0.0,0.94
2024-03-03 04:00:00+00:00,0.0,0.94
2024-03-03 05:00:00+00:00,0.0,0.95
2024-03-03 06:00:00+00:00,0.0,0.85
2024-03-03 07:00:00+00:00,57.15,1.35
2024-03-03 08:00:00+00:00,187.95,2.1
2024-03-03 09:00:00+00:00,300.7,3.16
2024-03-03 10:00:00+00:00,398.9,5.07
2024-03-03 11:00:00+00:00,461.05,6.5
2024-03-03 12:00:00+00:00,460.27,7.29
2024-03-03 13:00:00+00:00,410.45,7.71
2024-03-03 14:00:00+00:00,334.5,7.96
2024-03-03 15:00:00+00:00,236.1,7.77
2024-03-03 16:00:00+00:00,127.6,6.57
2024-03-03 17:00:00+00:00,20.7,5.48
2024-03-03 18:00:00+00:00,0.0,5.08
2024-03-03 19:00:00+00:00,0.0,4.16
2024-03-03 20:00:00+00:00,0.0,3.38
2024-03-03 21:00:00+00:00,0.0,2.88
2024-03-03 22:00:00+00:00,0.0,2.12
2024-03-03 23:00:00+00:00,0.0,1.49
2024-03-04 00:00:00+00:00,0.0,1.03
2024-03-04 01:00:00+00:00,0.0,0.71
2024-03-04 02:00:00+00:00,0.0,0.36
2024-03-04 03:00:00+00:00,0.0,-0.1
2024-03-04 04:00:00+00:00,0.0,-0.4
2024-03-04 05:00:00+00:00,0.0,-0.23
2024-03-04 06:00:00+00:00,0.0,0.91
2024-03-04 07:00:00+00:00,63.33,3.2
2024-03-04 08:00:00+00:00,181.43,5.53
2024-03-04 09:00:00+00:00,281.15,7.7
2024-03-04 10:00:00+00:00,369.65,9.59
2024-03-04 11:00:00+00:00,435.6,10.59
2024-03-04 12:00:00+00:00,447.25,10.91
2024-03-04 13:00:00+00:00,359.15,10.48
2024-03-04 14:00:00+00:00,293.33,9.56
2024-03-04 15:00:00+00:00,212.32,8.35
2024-03-04 16:00:00+00:00,111.2,7.16
2024-03-04 17:00:00+00:00,16.02,6.18
2024-03-04 18:00:00+00:00,0.0,5.91
2024-03-04 19:00:00+00:00,0.0,5.31
2024-03-04 20:00:00+00:00,0.0,4.62
2024-03-04 21:00:00+00:00,0.0,4.15
2024-03-04 22:00:00+00:00,0.0,4.16
2024-03-04 23:00:00+00:00,0.0,4.42
2024-03-05 00:00:00+00:00,0.0,4.65
2024-03-05 01:00:00+00:00,0.0,4.71
2024-03-05 02:00:00+00:00,0.0,4.65
2024-03-05 03:00:00+00:00,0.0,4.54
2024-03-05 04:00:00+00:00,0.0,4.53
2024-03-05 05:00:00+00:00,0.0,4.5
2024-03-05 06:00:00+00:00,0.0,4.58
2024-03-05 07:00:00+00:00,39.55,5.36
2024-03-05 08:00:00+00:00,124.68,6.36
2024-03-05 09:00:00+00:00,195.52,7.03
2024-03-05 10:00:00+00:00,261.83,7.57
2024-03-05 11:00:00+00:00,302.3,7.92
2024-03-05 12:00:00+00:00,350.38,8.11
2024-03-05 13:00:00+00:00,319.55,8.15
2024-03-05 14:00:00+00:00,269.62,7.99
2024-03-05 15:00:00+00:00,190.07,7.65
2024-03-05 16:00:00+00:00,100.38,6.89
2024-03-05 17:00:00+00:00,20.17,5.87
2024-03-05 18:00:00+00:00,0.0,5.52
2024-03-05 19:00:00+00:00,0.0,5.29
2024-03-05 20:00:00+00:00,0.0,4.7
2024-03-05 21:00:00+00:00,0.0,4.05
2024-03-05 22:00:00+00:00,0.0,3.49
2024-03-05 23:00:00+00:00,0.0,3.32
2024-03-06 00:00:00+00:00,0.0,3.81
2024-03-06 01:00:00+00:00,0.0,3.83
2024-03-06 02:00:00+00:00,0.0,3.62
2024-03-06 03:00:00+00:00,0.0,3.61
2024-03-06 04:00:00+00:00,0.0,3.78
2024-03-06 05:00:00+00:00,0.0,4.02
2024-03-06 06:00:00+00:00,0.0,4.24
2024-03-06 07:00:00+00:00,53.65,5.11
2024-03-06 08:00:00+00:00,146.82,6.1
2024-03-06 09:00:00+00:00,241.07,6.88
2024-03-06 10:00:00+00:00,322.75,7.87
2024-03-06 11:00:00+00:00,365.95,9.58
2024-03-06 12:00:00+00:00,424.77,10.37
2024-03-06 13:00:00+00:00,401.1,10.65
2024-03-06 14:00:00+00:00,319.45,10.74
2024-03-06 15:00:00+00:00,227.3,10.41
2024-03-06 16:00:00+00:00,124.25,9.23
2024-03-06 17:00:00+00:00,21.25,6.3
2024-03-06 18:00:00+00:00,0.0,5.02
2024-03-06 19:00:00+00:00,0.0,4.29
2024-03-06 20:00:00+00:00,0.0,3.58
2024-03-06 21:00:00+00:00,0.0,3.09
2024-03-06 22:00:00+00:00,0.0,3.3
2024-03-06 23:00:00+00:00,0.0,4.05
2024-03-07 00:00:00+00:00,0.0,4.51
2024-03-07 01:00:00+00:00,0.0,4.5
2024-03-07 02:00:00+00:00,0.0,4.34
2024-03-07 03:00:00+00:00,0.0,4.2
2024-03-07 04:00:00+00:00,0.0,4.15
2024-03-07 05:00:00+00:00,0.0,4.13
2024-03-07 06:00:00+00:00,0.0,4.25
2024-03-07 07:00:00+00:00,44.9,4.98
2024-03-07 08:00:00+00:00,109.75,6.28
2024-03-07 09:00:00+00:00,170.57,8.23
2024-03-07 10:00:00+00:00,223.1,9.88
2024-03-07 11:00:00+00:00,256.58,10.75
2024-03-07 12:00:00+00:00,241.32,10.86
2024-03-07 13:00:00+00:00,201.43,10.62
2024-03-07 14:00:00+00:00,182.9,10.14
2024-03-07 15:00:00+00:00,142.43,9.23
2024-03-07 16:00:00+00:00,89.32,7.93
2024-03-07 17:00:00+00:00,20.83,6.55
2024-03-07 18:00:00+00:00,0.0,5.67
2024-03-07 19:00:00+00:00,0.0,4.94
2024-03-07 20:00:00+00:00,0.0,4.37
2024-03-07 21:00:00+00:00,0.0,3.99
2024-03-07 22:00:00+00:00,0.0,4.06
2024-03-07 23:00:00+00:00,0.0,4.28
2024-03-08 00:00:00+00:00,0.0,4.22
2024-03-08 01:00:00+00:00,0.0,3.95
2024-03-08 02:00:00+00:00,0.0,3.99
2024-03-08 03:00:00+00:00,0.0,3.34
2024-03-08 04:00:00+00:00,0.0,3.02
2024-03-08 05:00:00+00:00,0.0,3.02
2024-03-08 06:00:00+00:00,0.0,3.03
2024-03-08 07:00:00+00:00,69.03,4.3
2024-03-08 08:00:00+00:00,180.48,5.95
2024-03-08 09:00:00+00:00,275.3,7.57
2024-03-08 10:00:00+00:00,360.08,8.7
2024-03-08 11:00:00+00:00,429.75,9.38
2024-03-08 12:00:00+00:00,487.73,9.68
2024-03-08 13:00:00+00:00,424.73,9.71
2024-03-08 14:00:00+00:00,359.17,9.52
2024-03-08 15:00:00+00:00,253.25,8.93
2024-03-08 16:00:00+00:00,130.52,7.79
2024-03-08 17:00:00+00:00,24.52,6.08
2024-03-08 18:00:00+00:00,0.0,5.67
2024-03-08 19:00:00+00:00,0.0,6.13
2024-03-08 20:00:00+00:00,0.0,6.47
2024-03-08 21:00:00+00:00,0.0,6.67
2024-03-08 22:00:00+00:00,0.0,6.86
2024-03-08 23:00:00+00:00,0.0,6.81
2024-03-09 00:00:00+00:00,0.0,6.58
2024-03-09 01:00:00+00:00,0.0,6.3
2024-03-09 02:00:00+00:00,0.0,6.3
2024-03-09 03:00:00+00:00,0.0,6.41
2024-03-09 04:00:00+00:00,0.0,6.59
2024-03-09 05:00:00+00:00,0.0,6.54
2024-03-09 06:00:00+00:00,3.08,6.27
2024-03-09 07:00:00+00:00,63.33,6.9
2024-03-09 08:00:00+00:00,178.6,8.24
2024-03-09 09:00:00+00:00,294.4,10.03
2024-03-09 10:00:00+00:00,393.58,11.39
2024-03-09 11:00:00+00:00,455.42,12.23
2024-03-09 12:00:00+00:00,445.88,12.4
2024-03-09 13:00:00+00:00,354.42,11.99
2024-03-09 14:00:00+00:00,283.98,11.59
2024-03-09 15:00:00+00:00,199.07,10.99
2024-03-09 16:00:00+00:00,105.57,10.02
2024-03-09 17:00:00+00:00,22.48,9.09
2024-03-09 18:00:00+00:00,0.0,8.68
2024-03-09 19:00:00+00:00,0.0,8.56
2024-03-09 20:00:00+00:00,0.0,8.55
2024-03-09 21:00:00+00:00,0.0,8.46
2024-03-09 22:00:00+00:00,0.0,8.3
2024-03-09 23:00:00+00:00,0.0,8.05
2024-03-10 00:00:00+00:00,0.0,7.69
2024-03-10 01:00:00+00:00,0.0,7.17
2024-03-10 02:00:00+00:00,0.0,6.89
2024-03-10 03:00:00+00:00,0.0,7.02
2024-03-10 04:00:00+00:00,0.0,7.25
2024-03-10 05:00:00+00:00,0.0,7.3
2024-03-10 06:00:00+00:00,2.8,7.28
2024-03-10 07:00:00+00:00,32.62,7.42
2024-03-10 08:00:00+00:00,99.45,7.78
2024-03-10 09:00:00+00:00,157.85,8.19
2024-03-10 10:00:00+00:00,199.25,9.15
2024-03-10 11:00:00+00:00,220.73,9.94
2024-03-10 12:00:00+00:00,217.25,10.44
2024-03-10 13:00:00+00:00,209.25,10.47
2024-03-10 14:00:00+00:00,152.12,10.33
2024-03-10 15:00:00+00:00,138.05,9.94
2024-03-10 16:00:00+00:00,71.15,9.17
2024-03-10 17:00:00+00:00,16.42,8.21
2024-03-10 18:00:00+00:00,0.0,7.69
2024-03-10 19:00:00+00:00,0.0,7.37
2024-03-10 20:00:00+00:00,0.0,7.16
2024-03-10 21:00:00+00:00,0.0,7.01
2024-03-10 22:00:00+00:00,0.0,6.6
2024-03-10 23:00:00+00:00,0.0,6.23
2024-03-11 00:00:00+00:00,0.0,6.06
2024-03-11 01:00:00+00:00,0.0,6.01
2024-03-11 02:00:00+00:00,0.0,6.02
2024-03-11 03:00:00+00:00,0.0,6.03
2024-03-11 04:00:00+00:00,0.0,6.06
2024-03-11 05:00:00+00:00,0.0,6.12
2024-03-11 06:00:00+00:00,2.5,6.24
2024-03-11 07:00:00+00:00,17.12,6.56
2024-03-11 08:00:00+00:00,81.8,7.04
2024-03-11 09:00:00+00:00,129.55,7.54
2024-03-11 10:00:00+00:00,127.35,8.06
2024-03-11 11:00:00+00:00,154.57,8.6
2024-03-11 12:00:00+00:00,152.75,9.03
2024-03-11 13:00:00+00:00,149.65,9.21
2024-03-11 14:00:00+00:00,178.0,9.21
2024-03-11 15:00:00+00:00,134.55,9.02
2024-03-11 16:00:00+00:00,80.18,8.59
2024-03-11 17:00:00+00:00,19.5,7.54
2024-03-11 18:00:00+00:00,0.0,6.66
2024-03-11 19:00:00+00:00,0.0,6.16
2024-03-11 20:00:00+00:00,0.0,5.46
2024-03-11 21:00:00+00:00,0.0,5.09
2024-03-11 22:00:00+00:00,0.0,4.89
2024-03-11 23:00:00+00:00,0.0,4.73
2024-03-12 00:00:00+00:00,0.0,4.77
2024-03-12 01:00:00+00:00,0.0,4.9
2024-03-12 02:00:00+00:00,0.0,5.1
2024-03-12 03:00:00+00:00,0.0,5.16
2024-03-12 04:00:00+00:00,0.0,5.27
2024-03-12 05:00:00+00:00,0.0,5.52
2024-03-12 06:00:00+00:00,3.7,5.74
2024-03-12 07:00:00+00:00,30.65,6.25
2024-03-12 08:00:00+00:00,74.82,7.18
2024-03-12 09:00:00+00:00,112.3,8.47
2024-03-12 10:00:00+00:00,144.9,10.03
2024-03-12 11:00:00+00:00,147.4,11.3
2024-03-12 12:00:00+00:00,145.73,12.44
2024-03-12 13:00:00+00:00,162.27,13.04
2024-03-12 14:00:00+00:00,157.35,13.14
2024-03-12 15:00:00+00:00,123.07,12.88
2024-03-12 16:00:00+00:00,72.43,12.55
2024-03-12 17:00:00+00:00,20.5,11.83
2024-03-12 18:00:00+00:00,0.0,11.38
2024-03-12 19:00:00+00:00,0.0,11.18
2024-03-12 20:00:00+00:00,0.0,10.91
2024-03-12 21:00:00+00:00,0.0,10.47
2024-03-12 22:00:00+00:00,0.0,9.86
2024-03-12 23:00:00+00:00,0.0,9.31
2024-03-13 00:00:00+00:00,0.0,9.08
2024-03-13 01:00:00+00:00,0.0,9.01
2024-03-13 02:00:00+00:00,0.0,9.14
2024-03-13 03:00:00+00:00,0.0,9.35
2024-03-13 04:00:00+00:00,0.0,9.52
2024-03-13 05:00:00+00:00,0.0,9.59
2024-03-13 06:00:00+00:00,3.83,9.62
2024-03-13 07:00:00+00:00,34.03,9.85
2024-03-13 08:00:00+00:00,87.25,10.45
2024-03-13 09:00:00+00:00,147.93,11.39
2024-03-13 10:00:00+00:00,180.93,12.32
2024-03-13 11:00:00+00:00,191.9,12.9
2024-03-13 12:00:00+00:00,162.18,12.94
2024-03-13 13:00:00+00:00,131.55,12.56
2024-03-13 14:00:00+00:00,156.68,12.38
2024-03-13 15:00:00+00:00,102.62,12.22
2024-03-13 16:00:00+00:00,57.22,11.39
2024-03-13 17:00:00+00:00,15.25,10.49
2024-03-13 18:00:00+00:00,0.0,9.83
2024-03-13 19:00:00+00:00,0.0,9.51
2024-03-13 20:00:00+00:00,0.0,9.43
2024-03-13 21:00:00+00:00,0.0,9.43
2024-03-13 22:00:00+00:00,0.0,9.38
2024-03-13 23:00:00+00:00,0.0,9.23
2024-03-14 00:00:00+00:00,0.0,9.01
2024-03-14 01:00:00+00:00,0.0,8.62
2024-03-14 02:00:00+00:00,0.0,8.33
2024-03-14 03:00:00+00:00,0.0,8.14
2024-03-14 04:00:00+00:00,0.0,8.09
2024-03-14 05:00:00+00:00,0.0,8.11
2024-03-14 06:00:00+00:00,6.95,8.34
2024-03-14 07:00:00+00:00,60.15,9.0
2024-03-14 08:00:00+00:00,154.18,9.99
2024-03-14 09:00:00+00:00,224.25,11.01
2024-03-14 10:00:00+00:00,305.88,11.87
2024-03-14 11:00:00+00:00,389.98,12.64
2024-03-14 12:00:00+00:00,389.92,13.37
2024-03-14 13:00:00+00:00,289.38,13.75
2024-03-14 14:00:00+00:00,230.62,13.72
2024-03-14 15:00:00+00:00,168.18,13.67
2024-03-14 16:00:00+00:00,101.25,13.13
2024-03-14 17:00:00+00:00,28.12,11.94
2024-03-14 18:00:00+00:00,0.0,11.35
2024-03-14 19:00:00+00:00,0.0,11.15
2024-03-14 20:00:00+00:00,0.0,11.17
2024-03-14 21:00:00+00:00,0.0,11.22
2024-03-14 22:00:00+00:00,0.0,11.0
2024-03-14 23:00:00+00:00,0.0,10.65
2024-03-15 00:00:00+00:00,0.0,10.35
2024-03-15 01:00:00+00:00,0.0,10.24
2024-03-15 02:00:00+00:00,0.0,10.12
2024-03-15 03:00:00+00:00,0.0,10.04
2024-03-15 04:00:00+00:00,0.0,10.01
2024-03-15 05:00:00+00:00,0.0,9.95
2024-03-15 06:00:00+00:00,8.43,10.16
2024-03-15 07:00:00+00:00,77.22,10.57
2024-03-15 08:00:00+00:00,172.45,11.17
2024-03-15 09:00:00+00:00,264.95,12.25
2024-03-15 10:00:00+00:00,338.38,13.64
2024-03-15 11:00:00+00:00,352.98,14.13
2024-03-15 12:00:00+00:00,386.83,14.31
2024-03-15 13:00:00+00:00,309.45,14.16
2024-03-15 14:00:00+00:00,294.2,13.92
2024-03-15 15:00:00+00:00,222.32,13.49
2024-03-15 16:00:00+00:00,139.15,12.67
2024-03-15 17:00:00+00:00,43.83,11.31
2024-03-15 18:00:00+00:00,0.0,9.91
2024-03-15 19:00:00+00:00,0.0,9.24
2024-03-15 20:00:00+00:00,0.0,8.83
2024-03-15 21:00:00+00:00,0.0,7.99
2024-03-15 22:00:00+00:00,0.0,7.24
2024-03-15 23:00:00+00:00,0.0,6.39
2024-03-16 00:00:00+00:00,0.0,5.92
2024-03-16 01:00:00+00:00,0.0,5.38
2024-03-16 02:00:00+00:00,0.0,4.68
2024-03-16 03:00:00+00:00,0.0,4.48
2024-03-16 04:00:00+00:00,0.0,4.49
2024-03-16 05:00:00+00:00,0.0,4.33
2024-03-16 06:00:00+00:00,14.27,4.54
2024-03-16 07:00:00+00:00,111.05,5.92
2024-03-16 08:00:00+00:00,212.57,7.63
2024-03-16 09:00:00+00:00,304.95,9.73
2024-03-16 10:00:00+00:00,390.08,11.15
2024-03-16 11:00:00+00:00,436.15,12.14
2024-03-16 12:00:00+00:00,399.75,12.78
2024-03-16 13:00:00+00:00,300.62,13.11
2024-03-16 14:00:00+00:00,237.85,13.01
2024-03-16 15:00:00+00:00,169.95,12.16
2024-03-16 16:00:00+00:00,96.88,10.84
2024-03-16 17:00:00+00:00,30.9,9.56
2024-03-16 18:00:00+00:00,0.0,8.81
2024-03-16 19:00:00+00:00,0.0,8.45
2024-03-16 20:00:00+00:00,0.0,8.19
2024-03-16 21:00:00+00:00,0.0,8.13
2024-03-16 22:00:00+00:00,0.0,8.21
2024-03-16 23:00:00+00:00,0.0,8.34
2024-03-17 00:00:00+00:00,0.0,8.51
2024-03-17 01:00:00+00:00,0.0,8.72
2024-03-17 02:00:00+00:00,0.0,8.98
2024-03-17 03:00:00+00:00,0.0,9.38
2024-03-17 04:00:00+00:00,0.0,9.65
2024-03-17 05:00:00+00:00,0.0,9.74
2024-03-17 06:00:00+00:00,6.75,9.83
2024-03-17 07:00:00+00:00,54.95,10.13
2024-03-17 08:00:00+00:00,117.65,10.54
2024-03-17 09:00:00+00:00,186.9,10.98
2024-03-17 10:00:00+00:00,241.73,11.51
2024-03-17 11:00:00+00:00,252.9,12.59
2024-03-17 12:00:00+00:00,260.38,14.08
2024-03-17 13:00:00+00:00,257.77,15.05
2024-03-17 14:00:00+00:00,254.02,14.96
2024-03-17 15:00:00+00:00,197.93,14.44
2024-03-17 16:00:00+00:00,117.12,13.95
2024-03-17 17:00:00+00:00,39.83,12.08
2024-03-17 18:00:00+00:00,0.0,10.52
2024-03-17 19:00:00+00:00,0.0,10.32
2024-03-17 20:00:00+00:00,0.0,10.29
2024-03-17 21:00:00+00:00,0.0,9.97
2024-03-17 22:00:00+00:00,0.0,9.06
2024-03-17 23:00:00+00:00,0.0,8.26
2024-03-18 00:00:00+00:00,0.0,7.69
2024-03-18 01:00:00+00:00,0.0,6.74
2024-03-18 02:00:00+00:00,0.0,6.06
2024-03-18 03:00:00+00:00,0.0,6.27
2024-03-18 04:00:00+00:00,0.0,6.56
2024-03-18 05:00:00+00:00,0.0,6.6
2024-03-18 06:00:00+00:00,14.0,6.56
2024-03-18 07:00:00+00:00,86.38,7.08
2024-03-18 08:00:00+00:00,156.8,8.36
2024-03-18 09:00:00+00:00,236.85,9.93
2024-03-18 10:00:00+00:00,319.3,11.29
2024-03-18 11:00:00+00:00,305.48,12.71
2024-03-18 12:00:00+00:00,303.35,13.89
2024-03-18 13:00:00+00:00,306.65,14.22
2024-03-18 14:00:00+00:00,260.05,13.94
2024-03-18 15:00:00+00:00,213.1,13.27
2024-03-18 16:00:00+00:00,130.77,12.4
2024-03-18 17:00:00+00:00,46.47,11.31
2024-03-18 18:00:00+00:00,0.0,10.2
2024-03-18 19:00:00+00:00,0.0,9.49
2024-03-18 20:00:00+00:00,0.0,8.93
2024-03-18 21:00:00+00:00,0.0,8.64
2024-03-18 22:00:00+00:00,0.0,8.38
2024-03-18 23:00:00+00:00,0.0,8.16
2024-03-19 00:00:00+00:00,0.0,8.08
2024-03-19 01:00:00+00:00,0.0,8.01
2024-03-19 02:00:00+00:00,0.0,7.92
2024-03-19 03:00:00+00:00,0.0,7.83
2024-03-19 04:00:00+00:00,0.0,7.76
2024-03-19 05:00:00+00:00,0.0,7.66
2024-03-19 06:00:00+00:00,15.27,7.83
2024-03-19 07:00:00+00:00,82.22,9.12
2024-03-19 08:00:00+00:00,145.38,10.78
2024-03-19 09:00:00+00:00,206.38,11.98
2024-03-19 10:00:00+00:00,244.4,12.44
2024-03-19 11:00:00+00:00,271.3,12.46
2024-03-19 12:00:00+00:00,265.88,12.24
2024-03-19 13:00:00+00:00,242.57,12.04
2024-03-19 14:00:00+00:00,243.82,11.89
2024-03-19 15:00:00+00:00,179.15,11.66
2024-03-19 16:00:00+00:00,106.65,11.27
2024-03-19 17:00:00+00:00,35.1,10.69
2024-03-19 18:00:00+00:00,0.0,10.14
2024-03-19 19:00:00+00:00,0.0,9.8
2024-03-19 20:00:00+00:00,0.0,9.55
2024-03-19 21:00:00+00:00,0.0,9.36
2024-03-19 22:00:00+00:00,0.0,9.18
2024-03-19 23:00:00+00:00,0.0,9.05
2024-03-20 00:00:00+00:00,0.0,8.93
2024-03-20 01:00:00+00:00,0.0,8.8
2024-03-20 02:00:00+00:00,0.0,8.6
2024-03-20 03:00:00+00:00,0.0,8.42
2024-03-20 04:00:00+00:00,0.0,8.25
2024-03-20 05:00:00+00:00,0.0,8.11
2024-03-20 06:00:00+00:00,14.6,8.26
2024-03-20 07:00:00+00:00,94.05,9.04
2024-03-20 08:00:00+00:00,187.5,9.72
2024-03-20 09:00:00+00:00,268.12,10.57
2024-03-20 10:00:00+00:00,348.6,12.27
2024-03-20 11:00:00+00:00,440.42,13.81
2024-03-20 12:00:00+00:00,425.98,14.79
2024-03-20 13:00:00+00:00,390.27,15.31
2024-03-20 14:00:00+00:00,293.95,15.55
2024-03-20 15:00:00+00:00,204.07,15.48
2024-03-20 16:00:00+00:00,115.38,14.9
2024-03-20 17:00:00+00:00,40.8,13.26
2024-03-20 18:00:00+00:00,0.0,12.27
2024-03-20 19:00:00+00:00,0.0,12.01
2024-03-20 20:00:00+00:00,0.0,11.92
2024-03-20 21:00:00+00:00,0.0,11.5
2024-03-20 22:00:00+00:00,0.0,10.68
2024-03-20 23:00:00+00:00,0.0,9.22
2024-03-21 00:00:00+00:00,0.0,7.46
2024-03-21 01:00:00+00:00,0.0,6.56
2024-03-21 02:00:00+00:00,0.0,6.22
2024-03-21 03:00:00+00:00,0.0,6.16
2024-03-21 04:00:00+00:00,0.0,6.08
2024-03-21 05:00:00+00:00,0.0,6.05
2024-03-21 06:00:00+00:00,15.4,6.18
2024-03-21 07:00:00+00:00,82.65,6.65
2024-03-21 08:00:00+00:00,161.55,7.51
2024-03-21 09:00:00+00:00,218.55,8.66
2024-03-21 10:00:00+00:00,292.67,10.31
2024-03-21 11:00:00+00:00,396.02,12.18
2024-03-21 12:00:00+00:00,408.67,13.49
2024-03-21 13:00:00+00:00,415.42,14.17
2024-03-21 14:00:00+00:00,332.95,14.35
2024-03-21 15:00:00+00:00,231.45,14.3
2024-03-21 16:00:00+00:00,134.07,13.69
2024-03-21 17:00:00+00:00,46.12,12.01
2024-03-21 18:00:00+00:00,0.0,10.22
2024-03-21 19:00:00+00:00,0.0,9.69
2024-03-21 20:00:00+00:00,0.0,9.16
2024-03-21 21:00:00+00:00,0.0,8.8
2024-03-21 22:00:00+00:00,0.0,8.48
2024-03-21 23:00:00+00:00,0.0,8.13
2024-03-22 00:00:00+00:00,0.0,7.92
2024-03-22 01:00:00+00:00,0.0,7.76
2024-03-22 02:00:00+00:00,0.0,7.62
2024-03-22 03:00:00+00:00,0.0,7.64
2024-03-22 04:00:00+00:00,0.0,7.92
2024-03-22 05:00:00+00:00,0.0,8.13
2024-03-22 06:00:00+00:00,10.9,8.44
2024-03-22 07:00:00+00:00,55.97,8.95
2024-03-22 08:00:00+00:00,115.55,9.64
2024-03-22 09:00:00+00:00,163.02,10.24
2024-03-22 10:00:00+00:00,133.7,10.53
2024-03-22 11:00:00+00:00,199.82,10.77
2024-03-22 12:00:00+00:00,209.8,10.98
2024-03-22 13:00:00+00:00,304.38,10.98
2024-03-22 14:00:00+00:00,293.88,10.74
2024-03-22 15:00:00+00:00,231.02,10.6
2024-03-22 16:00:00+00:00,171.68,10.23
2024-03-22 17:00:00+00:00,84.62,8.89
2024-03-22 18:00:00+00:00,0.0,7.33
2024-03-22 19:00:00+00:00,0.0,6.27
2024-03-22 20:00:00+00:00,0.0,5.82
2024-03-22 21:00:00+00:00,0.0,5.03
2024-03-22 22:00:00+00:00,0.0,4.48
2024-03-22 23:00:00+00:00,0.0,4.0
2024-03-23 00:00:00+00:00,0.0,3.78
2024-03-23 01:00:00+00:00,0.0,3.62
2024-03-23 02:00:00+00:00,0.0,3.38
2024-03-23 03:00:00+00:00,0.0,3.1
2024-03-23 04:00:00+00:00,0.0,2.88
2024-03-23 05:00:00+00:00,0.0,2.92
2024-03-23 06:00:00+00:00,36.83,3.19
2024-03-23 07:00:00+00:00,161.12,4.47
2024-03-23 08:00:00+00:00,264.42,6.29
2024-03-23 09:00:00+00:00,342.17,7.72
2024-03-23 10:00:00+00:00,416.88,8.47
2024-03-23 11:00:00+00:00,422.9,8.73
2024-03-23 12:00:00+00:00,374.62,8.74
2024-03-23 13:00:00+00:00,364.3,8.59
2024-03-23 14:00:00+00:00,356.4,8.37
2024-03-23 15:00:00+00:00,276.75,8.21
2024-03-23 16:00:00+00:00,176.9,7.76
2024-03-23 17:00:00+00:00,71.78,6.8
2024-03-23 18:00:00+00:00,0.0,5.56
2024-03-23 19:00:00+00:00,0.0,4.62
2024-03-23 20:00:00+00:00,0.0,3.96
2024-03-23 21:00:00+00:00,0.0,3.68
2024-03-23 22:00:00+00:00,0.0,3.45
2024-03-23 23:00:00+00:00,0.0,3.27
2024-03-24 00:00:00+00:00,0.0,3.22
2024-03-24 01:00:00+00:00,0.0,3.51
2024-03-24 02:00:00+00:00,0.0,4.1
2024-03-24 03:00:00+00:00,0.0,4.63
2024-03-24 04:00:00+00:00,0.0,5.01
2024-03-24 05:00:00+00:00,0.0,5.26
2024-03-24 06:00:00+00:00,38.08,5.49
2024-03-24 07:00:00+00:00,157.98,6.05
2024-03-24 08:00:00+00:00,256.67,6.84
2024-03-24 09:00:00+00:00,352.7,8.1
2024-03-24 10:00:00+00:00,401.52,9.53
2024-03-24 11:00:00+00:00,459.75,10.55
2024-03-24 12:00:00+00:00,500.85,11.13
2024-03-24 13:00:00+00:00,482.15,11.48
2024-03-24 14:00:00+00:00,431.85,11.56
2024-03-24 15:00:00+00:00,310.75,11.35
2024-03-24 16:00:00+00:00,212.52,10.75
2024-03-24 17:00:00+00:00,84.22,8.57
2024-03-24 18:00:00+00:00,3.95,6.15
2024-03-24 19:00:00+00:00,0.0,5.56
2024-03-24 20:00:00+00:00,0.0,5.43
2024-03-24 21:00:00+00:00,0.0,5.78
2024-03-24 22:00:00+00:00,0.0,5.75
2024-03-24 23:00:00+00:00,0.0,5.06
2024-03-25 00:00:00+00:00,0.0,4.04
2024-03-25 01:00:00+00:00,0.0,3.11
2024-03-25 02:00:00+00:00,0.0,2.84
2024-03-25 03:00:00+00:00,0.0,3.36
2024-03-25 04:00:00+00:00,0.0,4.33
2024-03-25 05:00:00+00:00,0.0,5.24
2024-03-25 06:00:00+00:00,12.77,5.98
2024-03-25 07:00:00+00:00,76.12,6.81
2024-03-25 08:00:00+00:00,144.82,7.67
2024-03-25 09:00:00+00:00,236.65,8.73
2024-03-25 10:00:00+00:00,297.9,10.18
2024-03-25 11:00:00+00:00,374.55,10.97
2024-03-25 12:00:00+00:00,396.35,11.29
2024-03-25 13:00:00+00:00,288.83,11.31
2024-03-25 14:00:00+00:00,273.12,11.14
2024-03-25 15:00:00+00:00,199.35,10.76
2024-03-25 16:00:00+00:00,108.15,10.1
2024-03-25 17:00:00+00:00,39.53,8.84
2024-03-25 18:00:00+00:00,2.47,7.82
2024-03-25 19:00:00+00:00,0.0,7.5
2024-03-25 20:00:00+00:00,0.0,7.21
2024-03-25 21:00:00+00:00,0.0,6.98
2024-03-25 22:00:00+00:00,0.0,6.72
2024-03-25 23:00:00+00:00,0.0,6.49
2024-03-26 00:00:00+00:00,0.0,6.4
2024-03-26 01:00:00+00:00,0.0,6.33
2024-03-26 02:00:00+00:00,0.0,6.18
2024-03-26 03:00:00+00:00,0.0,5.88
2024-03-26 04:00:00+00:00,0.0,5.6
2024-03-26 05:00:00+00:00,0.0,5.26
2024-03-26 06:00:00+00:00,29.77,5.69
2024-03-26 07:00:00+00:00,141.02,7.23
2024-03-26 08:00:00+00:00,262.73,8.7
2024-03-26 09:00:00+00:00,376.27,10.13
2024-03-26 10:00:00+00:00,474.1,11.04
2024-03-26 11:00:00+00:00,479.52,11.38
2024-03-26 12:00:00+00:00,455.85,11.34
2024-03-26 13:00:00+00:00,283.25,11.07
2024-03-26 14:00:00+00:00,162.02,10.74
2024-03-26 15:00:00+00:00,120.65,10.29
2024-03-26 16:00:00+00:00,74.38,9.67
2024-03-26 17:00:00+00:00,30.92,8.94
2024-03-26 18:00:00+00:00,2.1,8.44
2024-03-26 19:00:00+00:00,0.0,8.18
2024-03-26 20:00:00+00:00,0.0,8.04
2024-03-26 21:00:00+00:00,0.0,7.83
2024-03-26 22:00:00+00:00,0.0,7.36
2024-03-26 23:00:00+00:00,0.0,6.62
2024-03-27 00:00:00+00:00,0.0,5.82
2024-03-27 01:00:00+00:00,0.0,5.33
2024-03-27 02:00:00+00:00,0.0,5.1
2024-03-27 03:00:00+00:00,0.0,5.41
2024-03-27 04:00:00+00:00,0.0,5.72
2024-03-27 05:00:00+00:00,0.0,5.95
2024-03-27 06:00:00+00:00,42.25,6.3
2024-03-27 07:00:00+00:00,143.27,7.32
2024-03-27 08:00:00+00:00,228.3,8.81
2024-03-27 09:00:00+00:00,306.83,9.89
2024-03-27 10:00:00+00:00,358.35,10.49
2024-03-27 11:00:00+00:00,271.85,10.72
2024-03-27 12:00:00+00:00,318.9,10.4
2024-03-27 13:00:00+00:00,393.23,9.46
2024-03-27 14:00:00+00:00,394.5,9.37
2024-03-27 15:00:00+00:00,300.58,9.6
2024-03-27 16:00:00+00:00,175.52,9.27
2024-03-27 17:00:00+00:00,71.97,8.02
2024-03-27 18:00:00+00:00,4.9,5.92
2024-03-27 19:00:00+00:00,0.0,5.43
2024-03-27 20:00:00+00:00,0.0,5.54
2024-03-27 21:00:00+00:00,0.0,6.18
2024-03-27 22:00:00+00:00,0.0,6.81
2024-03-27 23:00:00+00:00,0.0,7.02
2024-03-28 00:00:00+00:00,0.0,7.05
2024-03-28 01:00:00+00:00,0.0,6.98
2024-03-28 02:00:00+00:00,0.0,6.68
2024-03-28 03:00:00+00:00,0.0,6.1
2024-03-28 04:00:00+00:00,0.0,5.65
2024-03-28 05:00:00+00:00,0.0,5.53
2024-03-28 06:00:00+00:00,48.1,5.3
2024-03-28 07:00:00+00:00,94.05,5.66
2024-03-28 08:00:00+00:00,178.65,6.91
2024-03-28 09:00:00+00:00,256.1,8.17
2024-03-28 10:00:00+00:00,358.27,9.12
2024-03-28 11:00:00+00:00,171.3,9.53
2024-03-28 12:00:00+00:00,238.07,9.02
2024-03-28 13:00:00+00:00,268.77,9.2
2024-03-28 14:00:00+00:00,192.02,10.18
2024-03-28 15:00:00+00:00,141.77,10.45
2024-03-28 16:00:00+00:00,87.38,10.27
2024-03-28 17:00:00+00:00,31.3,9.7
2024-03-28 18:00:00+00:00,4.35,9.28
2024-03-28 19:00:00+00:00,0.0,9.16
2024-03-28 20:00:00+00:00,0.0,9.13
2024-03-28 21:00:00+00:00,0.0,9.04
2024-03-28 22:00:00+00:00,0.0,8.82
2024-03-28 23:00:00+00:00,0.0,8.47
2024-03-29 00:00:00+00:00,0.0,8.13
2024-03-29 01:00:00+00:00,0.0,7.79
2024-03-29 02:00:00+00:00,0.0,7.69
2024-03-29 03:00:00+00:00,0.0,7.58
2024-03-29 04:00:00+00:00,0.0,7.29
2024-03-29 05:00:00+00:00,0.0,6.76
2024-03-29 06:00:00+00:00,35.85,7.04
2024-03-29 07:00:00+00:00,134.62,8.19
2024-03-29 08:00:00+00:00,232.18,9.1
2024-03-29 09:00:00+00:00,323.0,9.97
2024-03-29 10:00:00+00:00,382.02,11.07
2024-03-29 11:00:00+00:00,416.48,11.58
2024-03-29 12:00:00+00:00,466.35,11.84
2024-03-29 13:00:00+00:00,478.9,12.08
2024-03-29 14:00:00+00:00,410.8,12.14
2024-03-29 15:00:00+00:00,297.12,12.06
2024-03-29 16:00:00+00:00,197.15,11.61
2024-03-29 17:00:00+00:00,85.53,10.49
2024-03-29 18:00:00+00:00,7.3,8.72
2024-03-29 19:00:00+00:00,0.0,7.88
2024-03-29 20:00:00+00:00,0.0,7.33
2024-03-29 21:00:00+00:00,0.0,6.81
2024-03-29 22:00:00+00:00,0.0,6.31
2024-03-29 23:00:00+00:00,0.0,5.88
2024-03-30 00:00:00+00:00,0.0,5.44
2024-03-30 01:00:00+00:00,0.0,5.31
2024-03-30 02:00:00+00:00,0.0,5.79
2024-03-30 03:00:00+00:00,0.0,5.79
2024-03-30 04:00:00+00:00,0.0,5.69
2024-03-30 05:00:00+00:00,0.0,5.79
2024-03-30 06:00:00+00:00,60.2,6.35
2024-03-30 07:00:00+00:00,196.85,7.3
2024-03-30 08:00:00+00:00,336.1,8.56
2024-03-30 09:00:00+00:00,443.25,10.09
2024-03-30 10:00:00+00:00,478.85,11.4
2024-03-30 11:00:00+00:00,546.35,12.63
2024-03-30 12:00:00+00:00,601.3,13.43
2024-03-30 13:00:00+00:00,560.2,13.7
2024-03-30 14:00:00+00:00,486.85,13.66
2024-03-30 15:00:00+00:00,361.92,13.46
2024-03-30 16:00:00+00:00,232.75,12.84
2024-03-30 17:00:00+00:00,103.9,10.88
2024-03-30 18:00:00+00:00,8.73,7.9
2024-03-30 19:00:00+00:00,0.0,7.08
2024-03-30 20:00:00+00:00,0.0,6.66
2024-03-30 21:00:00+00:00,0.0,6.61
2024-03-30 22:00:00+00:00,0.0,6.78
2024-03-30 23:00:00+00:00,0.0,6.75
2024-03-31 00:00:00+00:00,0.0,6.54
2024-03-31 01:00:00+00:00,0.0,6.63
2024-03-31 02:00:00+00:00,0.0,6.92
2024-03-31 03:00:00+00:00,0.0,7.02
2024-03-31 04:00:00+00:00,0.0,6.99
2024-03-31 05:00:00+00:00,0.0,7.09
2024-03-31 06:00:00+00:00,42.1,7.53
2024-03-31 07:00:00+00:00,110.53,8.25
2024-03-31 08:00:00+00:00,173.98,9.24
2024-03-31 09:00:00+00:00,215.45,10.53
2024-03-31 10:00:00+00:00,249.85,11.58
2024-03-31 11:00:00+00:00,174.7,12.09
2024-03-31 12:00:00+00:00,217.95,12.55
2024-03-31 13:00:00+00:00,231.98,12.74
2024-03-31 14:00:00+00:00,235.1,12.76
2024-03-31 15:00:00+00:00,185.38,12.54
2024-03-31 16:00:00+00:00,124.6,11.86
2024-03-31 17:00:00+00:00,52.53,10.83
2024-03-31 18:00:00+00:00,5.43,10.06
2024-03-31 19:00:00+00:00,0.0,9.63
2024-03-31 20:00:00+00:00,0.0,9.23
2024-03-31 21:00:00+00:00,0.0,8.9
2024-03-31 22:00:00+00:00,0.0,8.57
2024-03-31 23:00:00+00:00,0.0,8.36
2024-04-01 00:00:00+00:00,0.0,8.1
2024-04-01 01:00:00+00:00,0.0,7.8
2024-04-01 02:00:00+00:00,0.0,7.68
2024-04-01 03:00:00+00:00,0.0,7.76
2024-04-01 04:00:00+00:00,0.0,7.43
2024-04-01 05:00:00+00:00,0.0,6.85
2024-04-01 06:00:00+00:00,64.65,7.04
2024-04-01 07:00:00+00:00,200.93,8.09
2024-04-01 08:00:00+00:00,336.58,9.9
2024-04-01 09:00:00+00:00,460.38,11.55
2024-04-01 10:00:00+00:00,452.58,12.58
2024-04-01 11:00:00+00:00,507.2,12.99
2024-04-01 12:00:00+00:00,431.9,13.1
2024-04-01 13:00:00+00:00,392.95,13.03
2024-04-01 14:00:00+00:00,289.83,12.75
2024-04-01 15:00:00+00:00,219.02,12.43
2024-04-01 16:00:00+00:00,131.18,11.83
2024-04-01 17:00:00+00:00,63.6,10.59
2024-04-01 18:00:00+00:00,8.2,8.89
2024-04-01 19:00:00+00:00,0.0,8.19
2024-04-01 20:00:00+00:00,0.0,7.83
2024-04-01 21:00:00+00:00,0.0,7.84
2024-04-01 22:00:00+00:00,0.0,8.07
2024-04-01 23:00:00+00:00,0.0,8.49
2024-04-02 00:00:00+00:00,0.0,8.61
2024-04-02 01:00:00+00:00,0.0,8.52
2024-04-02 02:00:00+00:00,0.0,8.27
2024-04-02 03:00:00+00:00,0.0,7.89
2024-04-02 04:00:00+00:00,0.0,7.71
2024-04-02 05:00:00+00:00,0.0,7.52
2024-04-02 06:00:00+00:00,67.82,8.18
2024-04-02 07:00:00+00:00,181.88,8.83
2024-04-02 08:00:00+00:00,288.52,9.47
2024-04-02 09:00:00+00:00,393.75,10.55
2024-04-02 10:00:00+00:00,467.12,11.79
2024-04-02 11:00:00+00:00,544.45,12.96
2024-04-02 12:00:00+00:00,458.38,13.8
2024-04-02 13:00:00+00:00,368.35,14.19
2024-04-02 14:00:00+00:00,201.93,13.81
2024-04-02 15:00:00+00:00,163.45,12.64
2024-04-02 16:00:00+00:00,109.3,11.5
2024-04-02 17:00:00+00:00,54.55,10.52
2024-04-02 18:00:00+00:00,6.18,10.03
2024-04-02 19:00:00+00:00,0.0,10.05
2024-04-02 20:00:00+00:00,0.0,10.1
2024-04-02 21:00:00+00:00,0.0,10.0
2024-04-02 22:00:00+00:00,0.0,9.87
2024-04-02 23:00:00+00:00,0.0,9.81
2024-04-03 00:00:00+00:00,0.0,9.81
2024-04-03 01:00:00+00:00,0.0,9.84
2024-04-03 02:00:00+00:00,0.0,9.81
2024-04-03 03:00:00+00:00,0.0,9.7
2024-04-03 04:00:00+00:00,0.0,9.63
2024-04-03 05:00:00+00:00,0.0,9.64
2024-04-03 06:00:00+00:00,61.15,9.99
2024-04-03 07:00:00+00:00,141.5,10.61
2024-04-03 08:00:00+00:00,198.55,11.25
2024-04-03 09:00:00+00:00,240.75,11.64
2024-04-03 10:00:00+00:00,285.7,12.5
2024-04-03 11:00:00+00:00,329.85,13.15
2024-04-03 12:00:00+00:00,318.65,13.02
2024-04-03 13:00:00+00:00,270.3,12.74
2024-04-03 14:00:00+00:00,253.3,12.78
2024-04-03 15:00:00+00:00,228.05,12.24
2024-04-03 16:00:00+00:00,146.3,11.69
2024-04-03 17:00:00+00:00,65.05,11.06
2024-04-03 18:00:00+00:00,8.7,10.19
2024-04-03 19:00:00+00:00,0.0,8.97
2024-04-03 20:00:00+00:00,0.0,8.34
2024-04-03 21:00:00+00:00,0.0,8.41
2024-04-03 22:00:00+00:00,0.0,8.62
2024-04-03 23:00:00+00:00,0.0,9.23
2024-04-04 00:00:00+00:00,0.0,10.01
2024-04-04 01:00:00+00:00,0.0,10.32
2024-04-04 02:00:00+00:00,0.0,10.46
2024-04-04 03:00:00+00:00,0.0,10.44
2024-04-04 04:00:00+00:00,0.0,10.33
2024-04-04 05:00:00+00:00,0.0,10.19
2024-04-04 06:00:00+00:00,47.35,10.01
2024-04-04 07:00:00+00:00,128.48,10.07
2024-04-04 08:00:00+00:00,225.48,11.23
2024-04-04 09:00:00+00:00,325.2,12.83
2024-04-04 10:00:00+00:00,420.17,13.88
2024-04-04 11:00:00+00:00,475.33,14.43
2024-04-04 12:00:00+00:00,459.02,14.85
2024-04-04 13:00:00+00:00,394.2,14.97
2024-04-04 14:00:00+00:00,281.15,14.84
2024-04-04 15:00:00+00:00,204.55,14.55
2024-04-04 16:00:00+00:00,128.25,13.73
2024-04-04 17:00:00+00:00,48.9,12.56
2024-04-04 18:00:00+00:00,7.47,11.61
2024-04-04 19:00:00+00:00,0.0,11.32
2024-04-04 20:00:00+00:00,0.0,11.1
2024-04-04 21:00:00+00:00,0.0,10.97
2024-04-04 22:00:00+00:00,0.0,11.14
2024-04-04 23:00:00+00:00,0.0,11.57
2024-04-05 00:00:00+00:00,0.0,11.58
2024-04-05 01:00:00+00:00,0.0,11.32
2024-04-05 02:00:00+00:00,0.0,11.06
2024-04-05 03:00:00+00:00,0.0,11.2
2024-04-05 04:00:00+00:00,0.0,11.5
2024-04-05 05:00:00+00:00,2.88,11.32
2024-04-05 06:00:00+00:00,60.75,11.61
2024-04-05 07:00:00+00:00,158.88,12.18
2024-04-05 08:00:00+00:00,276.23,12.83
2024-04-05 09:00:00+00:00,389.9,14.23
2024-04-05 10:00:00+00:00,498.25,15.36
2024-04-05 11:00:00+00:00,513.17,16.03
2024-04-05 12:00:00+00:00,523.15,16.5
2024-04-05 13:00:00+00:00,459.08,16.67
2024-04-05 14:00:00+00:00,359.12,16.46
2024-04-05 15:00:00+00:00,241.75,15.85
2024-04-05 16:00:00+00:00,142.5,14.79
2024-04-05 17:00:00+00:00,57.75,13.51
2024-04-05 18:00:00+00:00,8.43,12.27
2024-04-05 19:00:00+00:00,0.0,11.68
2024-04-05 20:00:00+00:00,0.0,11.35
2024-04-05 21:00:00+00:00,0.0,11.2
2024-04-05 22:00:00+00:00,0.0,11.64
2024-04-05 23:00:00+00:00,0.0,11.97
2024-04-06 00:00:00+00:00,0.0,12.38
2024-04-06 01:00:00+00:00,0.0,12.81
2024-04-06 02:00:00+00:00,0.0,12.93
2024-04-06 03:00:00+00:00,0.0,13.09
2024-04-06 04:00:00+00:00,0.0,12.9
2024-04-06 05:00:00+00:00,4.22,12.49
2024-04-06 06:00:00+00:00,50.55,12.74
2024-04-06 07:00:00+00:00,118.47,13.58
2024-04-06 08:00:00+00:00,189.73,14.49
2024-04-06 09:00:00+00:00,280.05,15.32
2024-04-06 10:00:00+00:00,274.33,16.15
2024-04-06 11:00:00+00:00,423.15,16.5
2024-04-06 12:00:00+00:00,488.6,16.69
2024-04-06 13:00:00+00:00,440.48,16.63
2024-04-06 14:00:00+00:00,350.67,16.76
2024-04-06 15:00:00+00:00,239.6,16.36
2024-04-06 16:00:00+00:00,147.65,15.4
2024-04-06 17:00:00+00:00,66.7,14.26
2024-04-06 18:00:00+00:00,8.38,13.03
2024-04-06 19:00:00+00:00,0.0,12.33
2024-04-06 20:00:00+00:00,0.0,11.97
2024-04-06 21:00:00+00:00,0.0,11.75
2024-04-06 22:00:00+00:00,0.0,11.65
2024-04-06 23:00:00+00:00,0.0,11.75
2024-04-07 00:00:00+00:00,0.0,11.6
2024-04-07 01:00:00+00:00,0.0,11.02
2024-04-07 02:00:00+00:00,0.0,10.24
2024-04-07 03:00:00+00:00,0.0,9.57
2024-04-07 04:00:00+00:00,0.0,9.13
2024-04-07 05:00:00+00:00,6.53,9.03
2024-04-07 06:00:00+00:00,83.78,9.96
2024-04-07 07:00:00+00:00,167.4,11.45
2024-04-07 08:00:00+00:00,245.88,12.74
2024-04-07 09:00:00+00:00,341.48,13.7
2024-04-07 10:00:00+00:00,426.38,14.42
2024-04-07 11:00:00+00:00,382.05,14.99
2024-04-07 12:00:00+00:00,405.0,15.39
2024-04-07 13:00:00+00:00,430.48,15.4
2024-04-07 14:00:00+00:00,371.95,14.75
2024-04-07 15:00:00+00:00,276.25,14.05
2024-04-07 16:00:00+00:00,194.38,13.5
2024-04-07 17:00:00+00:00,107.78,12.7
2024-04-07 18:00:00+00:00,17.33,11.43
2024-04-07 19:00:00+00:00,0.0,10.29
2024-04-07 20:00:00+00:00,0.0,9.38
2024-04-07 21:00:00+00:00,0.0,8.86
2024-04-07 22:00:00+00:00,0.0,8.46
2024-04-07 23:00:00+00:00,0.0,8.32
2024-04-08 00:00:00+00:00,0.0,8.32
2024-04-08 01:00:00+00:00,0.0,8.4
2024-04-08 02:00:00+00:00,0.0,8.39
2024-04-08 03:00:00+00:00,0.0,8.35
2024-04-08 04:00:00+00:00,0.0,8.31
2024-04-08 05:00:00+00:00,5.53,8.32
2024-04-08 06:00:00+00:00,64.62,9.06
2024-04-08 07:00:00+00:00,152.75,9.89
2024-04-08 08:00:00+00:00,239.25,10.8
2024-04-08 09:00:00+00:00,318.5,11.9
2024-04-08 10:00:00+00:00,402.95,12.88
2024-04-08 11:00:00+00:00,435.73,13.39
2024-04-08 12:00:00+00:00,441.15,13.9
2024-04-08 13:00:00+00:00,340.48,15.13
2024-04-08 14:00:00+00:00,334.88,16.06
2024-04-08 15:00:00+00:00,220.43,16.12
2024-04-08 16:00:00+00:00,137.07,15.64
2024-04-08 17:00:00+00:00,66.62,14.63
2024-04-08 18:00:00+00:00,10.57,13.13
2024-04-08 19:00:00+00:00,0.0,12.36
2024-04-08 20:00:00+00:00,0.0,11.92
2024-04-08 21:00:00+00:00,0.0,11.08
2024-04-08 22:00:00+00:00,0.0,9.61
2024-04-08 23:00:00+00:00,0.0,8.82
2024-04-09 00:00:00+00:00,0.0,8.52
2024-04-09 01:00:00+00:00,0.0,8.22
2024-04-09 02:00:00+00:00,0.0,7.92
2024-04-09 03:00:00+00:00,0.0,7.86
2024-04-09 04:00:00+00:00,0.0,8.21
2024-04-09 05:00:00+00:00,4.93,8.62
2024-04-09 06:00:00+00:00,49.12,8.94
2024-04-09 07:00:00+00:00,109.68,9.0
2024-04-09 08:00:00+00:00,180.02,8.84
2024-04-09 09:00:00+00:00,240.85,9.16
2024-04-09 10:00:00+00:00,314.23,9.38
2024-04-09 11:00:00+00:00,389.67,10.1
2024-04-09 12:00:00+00:00,405.65,10.74
2024-04-09 13:00:00+00:00,401.17,11.03
2024-04-09 14:00:00+00:00,419.0,11.37
2024-04-09 15:00:00+00:00,346.08,11.57
2024-04-09 16:00:00+00:00,238.0,11.14
2024-04-09 17:00:00+00:00,139.23,10.1
2024-04-09 18:00:00+00:00,25.52,8.71
2024-04-09 19:00:00+00:00,0.0,7.69
2024-04-09 20:00:00+00:00,0.0,6.67
2024-04-09 21:00:00+00:00,0.0,5.92
2024-04-09 22:00:00+00:00,0.0,5.37
2024-04-09 23:00:00+00:00,0.0,4.84
2024-04-10 00:00:00+00:00,0.0,4.58
2024-04-10 01:00:00+00:00,0.0,4.51
2024-04-10 02:00:00+00:00,0.0,4.46
2024-04-10 03:00:00+00:00,0.0,4.3
2024-04-10 04:00:00+00:00,0.0,4.04
2024-04-10 05:00:00+00:00,8.82,4.41
2024-04-10 06:00:00+00:00,66.15,5.26
2024-04-10 07:00:00+00:00,138.4,6.86
2024-04-10 08:00:00+00:00,207.0,9.35
2024-04-10 09:00:00+00:00,285.3,11.25
2024-04-10 10:00:00+00:00,290.25,12.21
2024-04-10 11:00:00+00:00,252.8,12.38
2024-04-10 12:00:00+00:00,318.95,12.37
2024-04-10 13:00:00+00:00,190.52,12.02
2024-04-10 14:00:00+00:00,151.8,11.74
2024-04-10 15:00:00+00:00,111.88,11.29
2024-04-10 16:00:00+00:00,75.72,10.74
2024-04-10 17:00:00+00:00,35.15,10.52
2024-04-10 18:00:00+00:00,9.32,10.33
2024-04-10 19:00:00+00:00,0.0,10.39
2024-04-10 20:00:00+00:00,0.0,10.54
2024-04-10 21:00:00+00:00,0.0,10.72
2024-04-10 22:00:00+00:00,0.0,10.78
2024-04-10 23:00:00+00:00,0.0,10.79
2024-04-11 00:00:00+00:00,0.0,10.78
2024-04-11 01:00:00+00:00,0.0,10.81
2024-04-11 02:00:00+00:00,0.0,11.0
2024-04-11 03:00:00+00:00,0.0,10.99
2024-04-11 04:00:00+00:00,0.0,10.61
2024-04-11 05:00:00+00:00,7.9,10.51
2024-04-11 06:00:00+00:00,58.1,11.09
2024-04-11 07:00:00+00:00,136.55,12.33
2024-04-11 08:00:00+00:00,220.52,14.1
2024-04-11 09:00:00+00:00,287.65,15.94
2024-04-11 10:00:00+00:00,351.5,17.27
2024-04-11 11:00:00+00:00,441.52,18.17
2024-04-11 12:00:00+00:00,472.83,18.92
2024-04-11 13:00:00+00:00,452.1,19.16
2024-04-11 14:00:00+00:00,334.83,18.86
2024-04-11 15:00:00+00:00,229.1,18.15
2024-04-11 16:00:00+00:00,146.8,17.4
2024-04-11 17:00:00+00:00,79.07,16.28
2024-04-11 18:00:00+00:00,18.88,14.54
2024-04-11 19:00:00+00:00,0.0,13.15
2024-04-11 20:00:00+00:00,0.0,12.05
2024-04-11 21:00:00+00:00,0.0,11.33
2024-04-11 22:00:00+00:00,0.0,10.77
2024-04-11 23:00:00+00:00,0.0,10.36
2024-04-12 00:00:00+00:00,0.0,10.13
2024-04-12 01:00:00+00:00,0.0,9.79
2024-04-12 02:00:00+00:00,0.0,9.13
2024-04-12 03:00:00+00:00,0.0,8.68
2024-04-12 04:00:00+00:00,0.0,8.38
2024-04-12 05:00:00+00:00,12.4,8.53
2024-04-12 06:00:00+00:00,90.8,9.37
2024-04-12 07:00:00+00:00,205.8,10.91
2024-04-12 08:00:00+00:00,329.1,12.77
2024-04-12 09:00:00+00:00,435.75,14.52
2024-04-12 10:00:00+00:00,578.8,16.03
2024-04-12 11:00:00+00:00,633.6,17.26
2024-04-12 12:00:00+00:00,648.25,18.25
2024-04-12 13:00:00+00:00,571.92,18.78
2024-04-12 14:00:00+00:00,509.17,18.79
2024-04-12 15:00:00+00:00,377.58,18.29
2024-04-12 16:00:00+00:00,239.98,17.43
2024-04-12 17:00:00+00:00,115.32,15.93
2024-04-12 18:00:00+00:00,22.25,14.07
2024-04-12 19:00:00+00:00,0.0,12.65
2024-04-12 20:00:00+00:00,0.0,11.83
2024-04-12 21:00:00+00:00,0.0,11.21
2024-04-12 22:00:00+00:00,0.0,10.76
2024-04-12 23:00:00+00:00,0.0,10.24
2024-04-13 00:00:00+00:00,0.0,9.82
2024-04-13 01:00:00+00:00,0.0,9.61
2024-04-13 02:00:00+00:00,0.0,9.6
2024-04-13 03:00:00+00:00,0.0,9.41
2024-04-13 04:00:00+00:00,0.0,9.03
2024-04-13 05:00:00+00:00,13.45,9.41
2024-04-13 06:00:00+00:00,111.85,10.55
2024-04-13 07:00:00+00:00,244.43,11.97
2024-04-13 08:00:00+00:00,385.5,13.8
2024-04-13 09:00:00+00:00,514.1,15.3
2024-04-13 10:00:00+00:00,626.4,16.53
2024-04-13 11:00:00+00:00,690.88,17.38
2024-04-13 12:00:00+00:00,682.92,18.02
2024-04-13 13:00:00+00:00,619.12,18.32
2024-04-13 14:00:00+00:00,531.15,18.11
2024-04-13 15:00:00+00:00,384.98,17.19
2024-04-13 16:00:00+00:00,254.65,16.02
2024-04-13 17:00:00+00:00,129.2,14.85
2024-04-13 18:00:00+00:00,25.75,13.56
2024-04-13 19:00:00+00:00,0.0,12.43
2024-04-13 20:00:00+00:00,0.0,11.39
2024-04-13 21:00:00+00:00,0.0,10.33
2024-04-13 22:00:00+00:00,0.0,9.64
2024-04-13 23:00:00+00:00,0.0,9.18
2024-04-14 00:00:00+00:00,0.0,8.75
2024-04-14 01:00:00+00:00,0.0,8.21
2024-04-14 02:00:00+00:00,0.0,7.71
2024-04-14 03:00:00+00:00,0.0,7.15
2024-04-14 04:00:00+00:00,0.0,6.73
2024-04-14 05:00:00+00:00,14.35,6.56
2024-04-14 06:00:00+00:00,105.35,7.37
2024-04-14 07:00:00+00:00,241.35,8.48
2024-04-14 08:00:00+00:00,383.12,9.97
2024-04-14 09:00:00+00:00,512.5,11.15
2024-04-14 10:00:00+00:00,586.25,12.42
2024-04-14 11:00:00+00:00,621.72,13.63
2024-04-14 12:00:00+00:00,621.9,14.3
2024-04-14 13:00:00+00:00,541.78,14.39
2024-04-14 14:00:00+00:00,421.77,13.94
2024-04-14 15:00:00+00:00,308.7,13.16
2024-04-14 16:00:00+00:00,201.95,12.23
2024-04-14 17:00:00+00:00,122.07,11.05
2024-04-14 18:00:00+00:00,29.77,9.86
2024-04-14 19:00:00+00:00,0.0,8.8
2024-04-14 20:00:00+00:00,0.0,7.71
2024-04-14 21:00:00+00:00,0.0,6.72
2024-04-14 22:00:00+00:00,0.0,5.85
2024-04-14 23:00:00+00:00,0.0,5.38
2024-04-15 00:00:00+00:00,0.0,5.44
2024-04-15 01:00:00+00:00,0.0,5.46
2024-04-15 02:00:00+00:00,0.0,5.36
2024-04-15 03:00:00+00:00,0.0,5.79
2024-04-15 04:00:00+00:00,0.0,6.35
2024-04-15 05:00:00+00:00,13.73,6.95
2024-04-15 06:00:00+00:00,108.75,7.94
2024-04-15 07:00:00+00:00,205.02,8.87
2024-04-15 08:00:00+00:00,308.48,9.71
2024-04-15 09:00:00+00:00,379.42,10.39
2024-04-15 10:00:00+00:00,524.05,10.75
2024-04-15 11:00:00+00:00,606.55,10.53
2024-04-15 12:00:00+00:00,579.12,10.43
2024-04-15 13:00:00+00:00,539.45,10.47
2024-04-15 14:00:00+00:00,476.0,10.25
2024-04-15 15:00:00+00:00,371.58,9.82
2024-04-15 16:00:00+00:00,257.65,9.24
2024-04-15 17:00:00+00:00,154.98,8.51
2024-04-15 18:00:00+00:00,41.17,7.37
2024-04-15 19:00:00+00:00,0.0,6.38
2024-04-15 20:00:00+00:00,0.0,5.88
2024-04-15 21:00:00+00:00,0.0,5.65
2024-04-15 22:00:00+00:00,0.0,5.65
2024-04-15 23:00:00+00:00,0.0,5.77
2024-04-16 00:00:00+00:00,0.0,5.93
2024-04-16 01:00:00+00:00,0.0,6.06
2024-04-16 02:00:00+00:00,0.0,6.31
2024-04-16 03:00:00+00:00,0.0,6.36
2024-04-16 04:00:00+00:00,0.0,6.07
2024-04-16 05:00:00+00:00,16.7,5.9
2024-04-16 06:00:00+00:00,100.78,6.85
2024-04-16 07:00:00+00:00,182.25,8.6
2024-04-16 08:00:00+00:00,289.2,10.02
2024-04-16 09:00:00+00:00,391.92,10.94
2024-04-16 10:00:00+00:00,436.33,11.63
2024-04-16 11:00:00+00:00,592.65,12.16
2024-04-16 12:00:00+00:00,488.35,12.47
2024-04-16 13:00:00+00:00,492.35,12.52
2024-04-16 14:00:00+00:00,420.23,12.2
2024-04-16 15:00:00+00:00,352.95,11.6
2024-04-16 16:00:00+00:00,241.0,10.95
2024-04-16 17:00:00+00:00,141.68,9.94
2024-04-16 18:00:00+00:00,33.47,7.89
2024-04-16 19:00:00+00:00,0.0,5.99
2024-04-16 20:00:00+00:00,0.0,5.09
2024-04-16 21:00:00+00:00,0.0,4.26
2024-04-16 22:00:00+00:00,0.0,3.71
2024-04-16 23:00:00+00:00,0.0,3.4
2024-04-17 00:00:00+00:00,0.0,3.28
2024-04-17 01:00:00+00:00,0.0,3.59
2024-04-17 02:00:00+00:00,0.0,4.01
2024-04-17 03:00:00+00:00,0.0,3.65
2024-04-17 04:00:00+00:00,0.0,3.32
2024-04-17 05:00:00+00:00,20.25,3.24
2024-04-17 06:00:00+00:00,93.85,3.64
2024-04-17 07:00:00+00:00,185.3,4.95
2024-04-17 08:00:00+00:00,296.12,6.84
2024-04-17 09:00:00+00:00,442.25,8.4
2024-04-17 10:00:00+00:00,561.17,9.53
2024-04-17 11:00:00+00:00,635.47,10.34
2024-04-17 12:00:00+00:00,517.47,10.58
2024-04-17 13:00:00+00:00,549.17,10.29
2024-04-17 14:00:00+00:00,448.6,10.07
2024-04-17 15:00:00+00:00,304.38,9.89
2024-04-17 16:00:00+00:00,195.85,9.38
2024-04-17 17:00:00+00:00,103.72,8.44
2024-04-17 18:00:00+00:00,29.23,7.13
2024-04-17 19:00:00+00:00,0.0,6.03
2024-04-17 20:00:00+00:00,0.0,5.46
2024-04-17 21:00:00+00:00,0.0,4.92
2024-04-17 22:00:00+00:00,0.0,4.48
2024-04-17 23:00:00+00:00,0.0,4.27
2024-04-18 00:00:00+00:00,0.0,4.24
2024-04-18 01:00:00+00:00,0.0,4.23
2024-04-18 02:00:00+00:00,0.0,4.1
2024-04-18 03:00:00+00:00,0.0,3.78
2024-04-18 04:00:00+00:00,0.0,3.71
2024-04-18 05:00:00+00:00,32.5,3.65
2024-04-18 06:00:00+00:00,170.95,4.56
2024-04-18 07:00:00+00:00,314.02,6.48
2024-04-18 08:00:00+00:00,462.17,8.38
2024-04-18 09:00:00+00:00,517.67,9.89
2024-04-18 10:00:00+00:00,717.05,11.03
2024-04-18 11:00:00+00:00,712.35,12.2
2024-04-18 12:00:00+00:00,673.22,13.02
2024-04-18 13:00:00+00:00,537.83,13.21
2024-04-18 14:00:00+00:00,459.88,12.95
2024-04-18 15:00:00+00:00,336.17,12.28
2024-04-18 16:00:00+00:00,217.3,11.14
2024-04-18 17:00:00+00:00,113.22,9.92
2024-04-18 18:00:00+00:00,25.58,8.79
2024-04-18 19:00:00+00:00,0.0,8.08
2024-04-18 20:00:00+00:00,0.0,7.61
2024-04-18 21:00:00+00:00,0.0,7.12
2024-04-18 22:00:00+00:00,0.0,6.79
2024-04-18 23:00:00+00:00,0.0,6.74
2024-04-19 00:00:00+00:00,0.0,6.92
2024-04-19 01:00:00+00:00,0.0,7.14
2024-04-19 02:00:00+00:00,0.0,7.32
2024-04-19 03:00:00+00:00,0.0,7.52
2024-04-19 04:00:00+00:00,0.0,7.66
2024-04-19 05:00:00+00:00,16.35,7.87
2024-04-19 06:00:00+00:00,67.47,8.66
2024-04-19 07:00:00+00:00,168.3,9.8
2024-04-19 08:00:00+00:00,258.95,11.03
2024-04-19 09:00:00+00:00,344.58,12.01
2024-04-19 10:00:00+00:00,409.1,12.67
2024-04-19 11:00:00+00:00,451.42,13.13
2024-04-19 12:00:00+00:00,502.23,13.64
2024-04-19 13:00:00+00:00,485.3,13.62
2024-04-19 14:00:00+00:00,455.52,13.38
2024-04-19 15:00:00+00:00,366.5,12.65
2024-04-19 16:00:00+00:00,229.77,11.52
2024-04-19 17:00:00+00:00,129.55,10.28
2024-04-19 18:00:00+00:00,31.55,8.54
2024-04-19 19:00:00+00:00,0.0,6.54
2024-04-19 20:00:00+00:00,0.0,5.19
2024-04-19 21:00:00+00:00,0.0,4.16
2024-04-19 22:00:00+00:00,0.0,3.45
2024-04-19 23:00:00+00:00,0.0,3.0
2024-04-20 00:00:00+00:00,0.0,2.7
2024-04-20 01:00:00+00:00,0.0,2.32
2024-04-20 02:00:00+00:00,0.0,1.8
2024-04-20 03:00:00+00:00,0.0,1.16
2024-04-20 04:00:00+00:00,0.0,0.82
2024-04-20 05:00:00+00:00,41.85,1.15
2024-04-20 06:00:00+00:00,197.45,2.68
2024-04-20 07:00:00+00:00,368.88,5.08
2024-04-20 08:00:00+00:00,530.33,6.82
2024-04-20 09:00:00+00:00,557.97,8.13
2024-04-20 10:00:00+00:00,609.03,9.25
2024-04-20 11:00:00+00:00,548.1,10.15
2024-04-20 12:00:00+00:00,549.22,10.97
2024-04-20 13:00:00+00:00,421.2,11.51
2024-04-20 14:00:00+00:00,423.52,11.62
2024-04-20 15:00:00+00:00,351.98,11.3
2024-04-20 16:00:00+00:00,202.18,10.59
2024-04-20 17:00:00+00:00,124.8,9.39
2024-04-20 18:00:00+00:00,39.2,6.95
2024-04-20 19:00:00+00:00,0.0,4.72
2024-04-20 20:00:00+00:00,0.0,3.89
2024-04-20 21:00:00+00:00,0.0,3.63
2024-04-20 22:00:00+00:00,0.0,2.85
2024-04-20 23:00:00+00:00,0.0,2.15
2024-04-21 00:00:00+00:00,0.0,2.19
2024-04-21 01:00:00+00:00,0.0,2.49
2024-04-21 02:00:00+00:00,0.0,2.13
2024-04-21 03:00:00+00:00,0.0,1.64
2024-04-21 04:00:00+00:00,0.0,1.3
2024-04-21 05:00:00+00:00,34.3,1.73
2024-04-21 06:00:00+00:00,162.45,3.36
2024-04-21 07:00:00+00:00,305.38,5.62
2024-04-21 08:00:00+00:00,456.83,7.31
2024-04-21 09:00:00+00:00,471.3,8.64
2024-04-21 10:00:00+00:00,474.77,9.72
2024-04-21 11:00:00+00:00,460.35,10.54
2024-04-21 12:00:00+00:00,566.65,11.14
2024-04-21 13:00:00+00:00,444.45,11.45
2024-04-21 14:00:00+00:00,471.35,11.34
2024-04-21 15:00:00+00:00,337.9,10.9
2024-04-21 16:00:00+00:00,233.52,10.17
2024-04-21 17:00:00+00:00,154.68,9.09
2024-04-21 18:00:00+00:00,49.5,6.98
2024-04-21 19:00:00+00:00,0.0,4.65
2024-04-21 20:00:00+00:00,0.0,3.92
2024-04-21 21:00:00+00:00,0.0,3.35
2024-04-21 22:00:00+00:00,0.0,2.74
2024-04-21 23:00:00+00:00,0.0,2.23
2024-04-22 00:00:00+00:00,0.0,2.29
2024-04-22 01:00:00+00:00,0.0,2.32
2024-04-22 02:00:00+00:00,0.0,2.34
2024-04-22 03:00:00+00:00,0.0,1.95
2024-04-22 04:00:00+00:00,0.0,2.34
2024-04-22 05:00:00+00:00,24.4,2.78
2024-04-22 06:00:00+00:00,99.22,3.91
2024-04-22 07:00:00+00:00,186.23,5.65
2024-04-22 08:00:00+00:00,282.55,7.13
2024-04-22 09:00:00+00:00,301.4,8.16
2024-04-22 10:00:00+00:00,409.88,8.8
2024-04-22 11:00:00+00:00,425.2,8.77
2024-04-22 12:00:00+00:00,317.67,8.48
2024-04-22 13:00:00+00:00,427.35,8.23
2024-04-22 14:00:00+00:00,269.52,8.17
2024-04-22 15:00:00+00:00,163.68,8.34
2024-04-22 16:00:00+00:00,145.48,8.27
2024-04-22 17:00:00+00:00,62.33,7.79
2024-04-22 18:00:00+00:00,26.62,6.48
2024-04-22 19:00:00+00:00,0.0,5.14
2024-04-22 20:00:00+00:00,0.0,4.24
2024-04-22 21:00:00+00:00,0.0,3.28
2024-04-22 22:00:00+00:00,0.0,2.7
2024-04-22 23:00:00+00:00,0.0,2.31
2024-04-23 00:00:00+00:00,0.0,2.07
2024-04-23 01:00:00+00:00,0.0,2.07
2024-04-23 02:00:00+00:00,0.0,2.14
2024-04-23 03:00:00+00:00,0.0,2.2
2024-04-23 04:00:00+00:00,0.0,2.16
2024-04-23 05:00:00+00:00,24.35,2.79
2024-04-23 06:00:00+00:00,104.6,4.46
2024-04-23 07:00:00+00:00,195.75,5.32
2024-04-23 08:00:00+00:00,312.52,6.2
2024-04-23 09:00:00+00:00,427.27,6.97
2024-04-23 10:00:00+00:00,337.62,7.65
2024-04-23 11:00:00+00:00,491.42,8.52
2024-04-23 12:00:00+00:00,378.1,9.52
2024-04-23 13:00:00+00:00,414.3,10.25
2024-04-23 14:00:00+00:00,361.42,10.91
2024-04-23 15:00:00+00:00,257.85,10.93
2024-04-23 16:00:00+00:00,177.0,10.3
2024-04-23 17:00:00+00:00,98.43,9.46
2024-04-23 18:00:00+00:00,31.5,7.83
2024-04-23 19:00:00+00:00,0.0,5.93
2024-04-23 20:00:00+00:00,0.0,4.42
2024-04-23 21:00:00+00:00,0.0,3.0
2024-04-23 22:00:00+00:00,0.0,2.23
2024-04-23 23:00:00+00:00,0.0,1.77
2024-04-24 00:00:00+00:00,0.0,1.87
2024-04-24 01:00:00+00:00,0.0,2.17
2024-04-24 02:00:00+00:00,0.0,2.09
2024-04-24 03:00:00+00:00,0.0,2.28
2024-04-24 04:00:00+00:00,0.0,2.52
2024-04-24 05:00:00+00:00,26.1,2.98
2024-04-24 06:00:00+00:00,94.45,4.13
2024-04-24 07:00:00+00:00,178.52,5.86
2024-04-24 08:00:00+00:00,267.2,7.38
2024-04-24 09:00:00+00:00,375.58,8.42
2024-04-24 10:00:00+00:00,436.25,9.2
2024-04-24 11:00:00+00:00,449.23,9.85
2024-04-24 12:00:00+00:00,433.35,10.28
2024-04-24 13:00:00+00:00,446.73,10.38
2024-04-24 14:00:00+00:00,404.52,10.35
2024-04-24 15:00:00+00:00,322.83,10.01
2024-04-24 16:00:00+00:00,208.05,9.51
2024-04-24 17:00:00+00:00,119.38,8.71
2024-04-24 18:00:00+00:00,40.08,7.11
2024-04-24 19:00:00+00:00,0.0,4.86
2024-04-24 20:00:00+00:00,0.0,3.8
2024-04-24 21:00:00+00:00,0.0,3.25
2024-04-24 22:00:00+00:00,0.0,3.22
2024-04-24 23:00:00+00:00,0.0,3.26
2024-04-25 00:00:00+00:00,0.0,2.67
2024-04-25 01:00:00+00:00,0.0,1.74
2024-04-25 02:00:00+00:00,0.0,0.97
2024-04-25 03:00:00+00:00,0.0,0.84
2024-04-25 04:00:00+00:00,0.0,0.87
2024-04-25 05:00:00+00:00,32.55,2.27
2024-04-25 06:00:00+00:00,114.5,4.94
2024-04-25 07:00:00+00:00,195.68,7.5
2024-04-25 08:00:00+00:00,244.68,9.6
2024-04-25 09:00:00+00:00,324.7,10.77
2024-04-25 10:00:00+00:00,374.08,11.49
2024-04-25 11:00:00+00:00,393.27,11.86
2024-04-25 12:00:00+00:00,288.85,11.84
2024-04-25 13:00:00+00:00,198.65,11.57
2024-04-25 14:00:00+00:00,154.02,11.04
2024-04-25 15:00:00+00:00,132.02,10.26
2024-04-25 16:00:00+00:00,101.53,9.48
2024-04-25 17:00:00+00:00,65.53,8.89
2024-04-25 18:00:00+00:00,26.27,8.19
2024-04-25 19:00:00+00:00,0.0,7.41
2024-04-25 20:00:00+00:00,0.0,6.81
2024-04-25 21:00:00+00:00,0.0,6.08
2024-04-25 22:00:00+00:00,0.0,5.08
2024-04-25 23:00:00+00:00,0.0,4.03
2024-04-26 00:00:00+00:00,0.0,3.29
2024-04-26 01:00:00+00:00,0.0,2.73
2024-04-26 02:00:00+00:00,0.0,2.29
2024-04-26 03:00:00+00:00,0.0,1.79
2024-04-26 04:00:00+00:00,0.0,1.24
2024-04-26 05:00:00+00:00,44.17,1.99
2024-04-26 06:00:00+00:00,164.23,3.56
2024-04-26 07:00:00+00:00,273.2,5.79
2024-04-26 08:00:00+00:00,395.45,7.63
2024-04-26 09:00:00+00:00,489.33,9.31
2024-04-26 10:00:00+00:00,525.38,10.59
2024-04-26 11:00:00+00:00,491.75,11.6
2024-04-26 12:00:00+00:00,576.55,12.38
2024-04-26 13:00:00+00:00,428.45,12.87
2024-04-26 14:00:00+00:00,404.95,12.91
2024-04-26 15:00:00+00:00,302.9,12.51
2024-04-26 16:00:00+00:00,207.07,11.67
2024-04-26 17:00:00+00:00,120.0,10.55
2024-04-26 18:00:00+00:00,43.1,8.78
2024-04-26 19:00:00+00:00,0.0,7.19
2024-04-26 20:00:00+00:00,0.0,6.48
2024-04-26 21:00:00+00:00,0.0,6.1
2024-04-26 22:00:00+00:00,0.0,5.88
2024-04-26 23:00:00+00:00,0.0,5.88
2024-04-27 00:00:00+00:00,0.0,5.82
2024-04-27 01:00:00+00:00,0.0,5.72
2024-04-27 02:00:00+00:00,0.0,5.61
2024-04-27 03:00:00+00:00,0.0,5.46
2024-04-27 04:00:00+00:00,0.0,5.31
2024-04-27 05:00:00+00:00,15.07,5.34
2024-04-27 06:00:00+00:00,49.9,5.77
2024-04-27 07:00:00+00:00,82.9,6.48
2024-04-27 08:00:00+00:00,127.75,7.44
2024-04-27 09:00:00+00:00,204.62,8.33
2024-04-27 10:00:00+00:00,264.9,9.47
2024-04-27 11:00:00+00:00,313.7,10.66
2024-04-27 12:00:00+00:00,320.42,11.52
2024-04-27 13:00:00+00:00,286.0,12.12
2024-04-27 14:00:00+00:00,233.3,12.35
2024-04-27 15:00:00+00:00,176.0,12.13
2024-04-27 16:00:00+00:00,111.62,11.24
2024-04-27 17:00:00+00:00,73.28,10.16
2024-04-27 18:00:00+00:00,28.48,9.12
2024-04-27 19:00:00+00:00,0.0,8.38
2024-04-27 20:00:00+00:00,0.0,7.87
2024-04-27 21:00:00+00:00,0.0,7.52
2024-04-27 22:00:00+00:00,0.0,7.34
2024-04-27 23:00:00+00:00,0.0,7.47
2024-04-28 00:00:00+00:00,0.0,7.89
2024-04-28 01:00:00+00:00,0.0,8.09
2024-04-28 02:00:00+00:00,0.0,8.07
2024-04-28 03:00:00+00:00,0.0,8.16
2024-04-28 04:00:00+00:00,0.0,7.94
2024-04-28 05:00:00+00:00,18.67,7.84
2024-04-28 06:00:00+00:00,67.55,9.07
2024-04-28 07:00:00+00:00,122.18,9.12
2024-04-28 08:00:00+00:00,182.9,8.52
2024-04-28 09:00:00+00:00,227.18,6.9
2024-04-28 10:00:00+00:00,281.27,5.65
2024-04-28 11:00:00+00:00,333.02,6.3
2024-04-28 12:00:00+00:00,377.4,8.34
2024-04-28 13:00:00+00:00,449.62,9.91
2024-04-28 14:00:00+00:00,439.42,10.53
2024-04-28 15:00:00+00:00,348.1,10.51
2024-04-28 16:00:00+00:00,247.65,10.42
2024-04-28 17:00:00+00:00,168.15,10.14
2024-04-28 18:00:00+00:00,66.93,8.89
2024-04-28 19:00:00+00:00,0.0,7.37
2024-04-28 20:00:00+00:00,0.0,7.37
2024-04-28 21:00:00+00:00,0.0,7.01
2024-04-28 22:00:00+00:00,0.0,6.45
2024-04-28 23:00:00+00:00,0.0,5.84
2024-04-29 00:00:00+00:00,0.0,5.65
2024-04-29 01:00:00+00:00,0.0,5.64
2024-04-29 02:00:00+00:00,0.0,5.75
2024-04-29 03:00:00+00:00,0.0,5.83
2024-04-29 04:00:00+00:00,0.0,6.06
2024-04-29 05:00:00+00:00,54.83,6.72
2024-04-29 06:00:00+00:00,159.8,8.11
2024-04-29 07:00:00+00:00,255.57,10.09
2024-04-29 08:00:00+00:00,403.92,11.83
2024-04-29 09:00:00+00:00,472.88,13.11
2024-04-29 10:00:00+00:00,557.0,14.05
2024-04-29 11:00:00+00:00,578.58,14.68
2024-04-29 12:00:00+00:00,533.4,14.96
2024-04-29 13:00:00+00:00,540.92,15.02
2024-04-29 14:00:00+00:00,506.23,14.91
2024-04-29 15:00:00+00:00,344.05,14.59
2024-04-29 16:00:00+00:00,247.45,14.04
2024-04-29 17:00:00+00:00,161.3,13.19
2024-04-29 18:00:00+00:00,66.28,11.37
2024-04-29 19:00:00+00:00,0.0,9.0
2024-04-29 20:00:00+00:00,0.0,8.4
2024-04-29 21:00:00+00:00,0.0,8.09
2024-04-29 22:00:00+00:00,0.0,7.79
2024-04-29 23:00:00+00:00,0.0,7.6
2024-04-30 00:00:00+00:00,0.0,7.36
2024-04-30 01:00:00+00:00,0.0,6.96
2024-04-30 02:00:00+00:00,0.0,6.5
2024-04-30 03:00:00+00:00,0.0,6.25
2024-04-30 04:00:00+00:00,0.0,6.22
2024-04-30 05:00:00+00:00,68.55,7.91
2024-04-30 06:00:00+00:00,207.35,10.06
2024-04-30 07:00:00+00:00,341.15,12.34
2024-04-30 08:00:00+00:00,484.17,14.21
2024-04-30 09:00:00+00:00,598.97,15.51
2024-04-30 10:00:00+00:00,666.83,16.45
2024-04-30 11:00:00+00:00,704.88,16.52
2024-04-30 12:00:00+00:00,640.7,16.47
2024-04-30 13:00:00+00:00,624.1,16.69
2024-04-30 14:00:00+00:00,512.38,16.75
2024-04-30 15:00:00+00:00,441.88,16.36
2024-04-30 16:00:00+00:00,279.92,15.75
2024-04-30 17:00:00+00:00,171.43,15.03
2024-04-30 18:00:00+00:00,60.25,13.35
2024-04-30 19:00:00+00:00,3.0,10.84
2024-04-30 20:00:00+00:00,0.0,10.15
2024-04-30 21:00:00+00:00,0.0,9.65
2024-04-30 22:00:00+00:00,0.0,9.04
2024-04-30 23:00:00+00:00,0.0,8.48
2024-05-01 00:00:00+00:00,0.0,8.01
2024-05-01 01:00:00+00:00,0.0,7.6
2024-05-01 02:00:00+00:00,0.0,7.23
2024-05-01 03:00:00+00:00,0.0,6.94
2024-05-01 04:00:00+00:00,0.0,6.86
2024-05-01 05:00:00+00:00,39.7,8.29
2024-05-01 06:00:00+00:00,115.2,10.59
2024-05-01 07:00:00+00:00,201.9,12.48
2024-05-01 08:00:00+00:00,317.52,14.72
2024-05-01 09:00:00+00:00,420.6,16.48
2024-05-01 10:00:00+00:00,519.85,17.67
2024-05-01 11:00:00+00:00,557.35,18.38
2024-05-01 12:00:00+00:00,464.17,18.73
2024-05-01 13:00:00+00:00,304.6,18.8
2024-05-01 14:00:00+00:00,198.82,18.4
2024-05-01 15:00:00+00:00,168.6,17.87
2024-05-01 16:00:00+00:00,125.97,17.06
2024-05-01 17:00:00+00:00,69.62,15.93
2024-05-01 18:00:00+00:00,26.83,14.96
2024-05-01 19:00:00+00:00,2.05,14.27
2024-05-01 20:00:00+00:00,0.0,13.91
2024-05-01 21:00:00+00:00,0.0,13.62
2024-05-01 22:00:00+00:00,0.0,12.81
2024-05-01 23:00:00+00:00,0.0,11.66
2024-05-02 00:00:00+00:00,0.0,10.72
2024-05-02 01:00:00+00:00,0.0,10.07
2024-05-02 02:00:00+00:00,0.0,9.57
2024-05-02 03:00:00+00:00,0.0,9.22
2024-05-02 04:00:00+00:00,0.0,8.97
2024-05-02 05:00:00+00:00,15.1,9.16
2024-05-02 06:00:00+00:00,35.95,10.11
2024-05-02 07:00:00+00:00,81.95,11.46
2024-05-02 08:00:00+00:00,81.68,12.92
2024-05-02 09:00:00+00:00,103.12,14.43
2024-05-02 10:00:00+00:00,177.8,16.08
2024-05-02 11:00:00+00:00,185.55,17.54
2024-05-02 12:00:00+00:00,233.7,18.45
2024-05-02 13:00:00+00:00,217.18,18.94
2024-05-02 14:00:00+00:00,153.62,18.96
2024-05-02 15:00:00+00:00,92.65,18.51
2024-05-02 16:00:00+00:00,109.82,17.56
2024-05-02 17:00:00+00:00,62.97,16.2
2024-05-02 18:00:00+00:00,23.6,14.62
2024-05-02 19:00:00+00:00,1.73,12.95
2024-05-02 20:00:00+00:00,0.0,11.62
2024-05-02 21:00:00+00:00,0.0,10.89
2024-05-02 22:00:00+00:00,0.0,10.53
2024-05-02 23:00:00+00:00,0.0,10.28
2024-05-03 00:00:00+00:00,0.0,10.08
2024-05-03 01:00:00+00:00,0.0,9.91
2024-05-03 02:00:00+00:00,0.0,9.77
2024-05-03 03:00:00+00:00,0.0,9.6
2024-05-03 04:00:00+00:00,0.0,9.43
2024-05-03 05:00:00+00:00,22.23,9.35
2024-05-03 06:00:00+00:00,58.55,9.49
2024-05-03 07:00:00+00:00,96.57,9.8
2024-05-03 08:00:00+00:00,97.15,10.13
2024-05-03 09:00:00+00:00,141.82,10.3
2024-05-03 10:00:00+00:00,173.35,10.55
2024-05-03 11:00:00+00:00,255.02,10.98
2024-05-03 12:00:00+00:00,309.75,11.52
2024-05-03 13:00:00+00:00,272.0,12.02
2024-05-03 14:00:00+00:00,241.48,12.31
2024-05-03 15:00:00+00:00,185.65,12.38
2024-05-03 16:00:00+00:00,172.55,12.29
2024-05-03 17:00:00+00:00,100.03,12.04
2024-05-03 18:00:00+00:00,38.35,11.32
2024-05-03 19:00:00+00:00,3.38,10.12
2024-05-03 20:00:00+00:00,0.0,9.76
2024-05-03 21:00:00+00:00,0.0,9.23
2024-05-03 22:00:00+00:00,0.0,8.33
2024-05-03 23:00:00+00:00,0.0,7.54
2024-05-04 00:00:00+00:00,0.0,6.94
2024-05-04 01:00:00+00:00,0.0,6.54
2024-05-04 02:00:00+00:00,0.0,6.36
2024-05-04 03:00:00+00:00,0.0,6.48
2024-05-04 04:00:00+00:00,2.83,6.58
2024-05-04 05:00:00+00:00,62.12,7.41
2024-05-04 06:00:00+00:00,179.5,8.53
2024-05-04 07:00:00+00:00,305.08,10.5
2024-05-04 08:00:00+00:00,437.8,12.56
2024-05-04 09:00:00+00:00,661.78,14.17
2024-05-04 10:00:00+00:00,745.33,15.11
2024-05-04 11:00:00+00:00,772.45,15.47
2024-05-04 12:00:00+00:00,561.0,15.4
2024-05-04 13:00:00+00:00,530.97,15.24
2024-05-04 14:00:00+00:00,422.15,15.09
2024-05-04 15:00:00+00:00,360.27,15.1
2024-05-04 16:00:00+00:00,241.2,14.96
2024-05-04 17:00:00+00:00,149.43,14.41
2024-05-04 18:00:00+00:00,63.65,13.03
2024-05-04 19:00:00+00:00,5.07,10.67
2024-05-04 20:00:00+00:00,0.0,9.47
2024-05-04 21:00:00+00:00,0.0,8.59
2024-05-04 22:00:00+00:00,0.0,7.84
2024-05-04 23:00:00+00:00,0.0,7.25
2024-05-05 00:00:00+00:00,0.0,6.8
2024-05-05 01:00:00+00:00,0.0,6.42
2024-05-05 02:00:00+00:00,0.0,6.16
2024-05-05 03:00:00+00:00,0.0,6.04
2024-05-05 04:00:00+00:00,4.12,6.04
2024-05-05 05:00:00+00:00,75.32,7.4
2024-05-05 06:00:00+00:00,193.3,9.52
2024-05-05 07:00:00+00:00,304.85,12.17
2024-05-05 08:00:00+00:00,412.8,14.49
2024-05-05 09:00:00+00:00,502.4,15.82
2024-05-05 10:00:00+00:00,547.8,16.65
2024-05-05 11:00:00+00:00,521.8,17.13
2024-05-05 12:00:00+00:00,407.55,17.07
2024-05-05 13:00:00+00:00,217.02,16.44
2024-05-05 14:00:00+00:00,163.45,15.73
2024-05-05 15:00:00+00:00,137.82,14.97
2024-05-05 16:00:00+00:00,117.07,14.65
2024-05-05 17:00:00+00:00,77.4,14.41
2024-05-05 18:00:00+00:00,41.42,13.43
2024-05-05 19:00:00+00:00,4.6,11.14
2024-05-05 20:00:00+00:00,0.0,10.47
2024-05-05 21:00:00+00:00,0.0,10.15
2024-05-05 22:00:00+00:00,0.0,9.84
2024-05-05 23:00:00+00:00,0.0,9.5
2024-05-06 00:00:00+00:00,0.0,9.41
2024-05-06 01:00:00+00:00,0.0,9.17
2024-05-06 02:00:00+00:00,0.0,8.23
2024-05-06 03:00:00+00:00,0.0,7.53
2024-05-06 04:00:00+00:00,3.17,7.28
2024-05-06 05:00:00+00:00,38.38,8.95
2024-05-06 06:00:00+00:00,93.95,10.85
2024-05-06 07:00:00+00:00,157.65,12.59
2024-05-06 08:00:00+00:00,217.25,14.26
2024-05-06 09:00:00+00:00,280.7,15.58
2024-05-06 10:00:00+00:00,307.95,16.19
2024-05-06 11:00:00+00:00,275.42,15.96
2024-05-06 12:00:00+00:00,322.77,15.34
2024-05-06 13:00:00+00:00,219.77,14.8
2024-05-06 14:00:00+00:00,230.9,14.51
2024-05-06 15:00:00+00:00,134.0,14.15
2024-05-06 16:00:00+00:00,169.35,13.9
2024-05-06 17:00:00+00:00,100.68,13.52
2024-05-06 18:00:00+00:00,41.67,12.77
2024-05-06 19:00:00+00:00,4.15,11.44
2024-05-06 20:00:00+00:00,0.0,11.18
2024-05-06 21:00:00+00:00,0.0,11.07
2024-05-06 22:00:00+00:00,0.0,10.62
2024-05-06 23:00:00+00:00,0.0,9.86
2024-05-07 00:00:00+00:00,0.0,9.07
2024-05-07 01:00:00+00:00,0.0,8.59
2024-05-07 02:00:00+00:00,0.0,8.04
2024-05-07 03:00:00+00:00,0.0,7.4
2024-05-07 04:00:00+00:00,4.32,7.08
2024-05-07 05:00:00+00:00,70.78,8.47
2024-05-07 06:00:00+00:00,206.65,9.95
2024-05-07 07:00:00+00:00,355.33,12.01
2024-05-07 08:00:00+00:00,511.83,14.28
2024-05-07 09:00:00+00:00,658.33,16.04
2024-05-07 10:00:00+00:00,756.75,17.27
2024-05-07 11:00:00+00:00,757.65,18.13
2024-05-07 12:00:00+00:00,690.0,18.56
2024-05-07 13:00:00+00:00,533.47,18.51
2024-05-07 14:00:00+00:00,488.58,18.06
2024-05-07 15:00:00+00:00,377.4,17.4
2024-05-07 16:00:00+00:00,259.05,16.57
2024-05-07 17:00:00+00:00,169.77,15.88
2024-05-07 18:00:00+00:00,76.0,14.57
2024-05-07 19:00:00+00:00,7.25,11.95
2024-05-07 20:00:00+00:00,0.0,10.65
2024-05-07 21:00:00+00:00,0.0,9.73
2024-05-07 22:00:00+00:00,0.0,8.77
2024-05-07 23:00:00+00:00,0.0,7.86
2024-05-08 00:00:00+00:00,0.0,7.14
2024-05-08 01:00:00+00:00,0.0,6.54
2024-05-08 02:00:00+00:00,0.0,6.0
2024-05-08 03:00:00+00:00,0.0,5.47
2024-05-08 04:00:00+00:00,4.0,5.33
2024-05-08 05:00:00+00:00,52.53,7.29
2024-05-08 06:00:00+00:00,137.93,8.75
2024-05-08 07:00:00+00:00,253.48,11.06
2024-05-08 08:00:00+00:00,410.62,13.17
2024-05-08 09:00:00+00:00,594.15,15.06
2024-05-08 10:00:00+00:00,729.3,16.57
2024-05-08 11:00:00+00:00,757.0,17.63
2024-05-08 12:00:00+00:00,740.1,18.42
2024-05-08 13:00:00+00:00,636.22,18.9
2024-05-08 14:00:00+00:00,549.85,19.06
2024-05-08 15:00:00+00:00,463.83,18.79
2024-05-08 16:00:00+00:00,320.17,18.18
2024-05-08 17:00:00+00:00,192.75,17.26
2024-05-08 18:00:00+00:00,79.43,15.32
2024-05-08 19:00:00+00:00,7.6,12.54
2024-05-08 20:00:00+00:00,0.0,11.27
2024-05-08 21:00:00+00:00,0.0,10.27
2024-05-08 22:00:00+00:00,0.0,9.48
2024-05-08 23:00:00+00:00,0.0,9.05
2024-05-09 00:00:00+00:00,0.0,9.06
2024-05-09 01:00:00+00:00,0.0,9.05
2024-05-09 02:00:00+00:00,0.0,9.1
2024-05-09 03:00:00+00:00,0.0,8.9
2024-05-09 04:00:00+00:00,5.82,8.37
2024-05-09 05:00:00+00:00,74.18,9.85
2024-05-09 06:00:00+00:00,192.4,11.67
2024-05-09 07:00:00+00:00,338.75,13.72
2024-05-09 08:00:00+00:00,501.42,15.92
2024-05-09 09:00:00+00:00,636.03,18.04
2024-05-09 10:00:00+00:00,726.47,19.72
2024-05-09 11:00:00+00:00,771.35,20.72
2024-05-09 12:00:00+00:00,781.03,21.4
2024-05-09 13:00:00+00:00,770.45,21.82
2024-05-09 14:00:00+00:00,664.53,21.98
2024-05-09 15:00:00+00:00,513.75,21.92
2024-05-09 16:00:00+00:00,385.9,21.58
2024-05-09 17:00:00+00:00,236.77,21.04
2024-05-09 18:00:00+00:00,100.43,19.2
2024-05-09 19:00:00+00:00,9.93,16.11
2024-05-09 20:00:00+00:00,0.0,14.47
2024-05-09 21:00:00+00:00,0.0,13.19
2024-05-09 22:00:00+00:00,0.0,12.08
2024-05-09 23:00:00+00:00,0.0,11.22
2024-05-10 00:00:00+00:00,0.0,10.53
2024-05-10 01:00:00+00:00,0.0,10.04
2024-05-10 02:00:00+00:00,0.0,9.73
2024-05-10 03:00:00+00:00,0.0,9.63
2024-05-10 04:00:00+00:00,7.5,9.61
2024-05-10 05:00:00+00:00,86.8,10.91
2024-05-10 06:00:00+00:00,212.95,12.54
2024-05-10 07:00:00+00:00,358.95,14.7
2024-05-10 08:00:00+00:00,509.48,17.69
2024-05-10 09:00:00+00:00,633.92,19.21
2024-05-10 10:00:00+00:00,702.5,20.14
2024-05-10 11:00:00+00:00,761.1,20.73
2024-05-10 12:00:00+00:00,719.97,21.04
2024-05-10 13:00:00+00:00,677.72,21.14
2024-05-10 14:00:00+00:00,562.55,20.98
2024-05-10 15:00:00+00:00,449.7,20.43
2024-05-10 16:00:00+00:00,323.88,19.59
2024-05-10 17:00:00+00:00,199.38,18.21
2024-05-10 18:00:00+00:00,88.03,16.12
2024-05-10 19:00:00+00:00,10.0,13.28
2024-05-10 20:00:00+00:00,0.0,11.78
2024-05-10 21:00:00+00:00,0.0,10.9
2024-05-10 22:00:00+00:00,0.0,10.18
2024-05-10 23:00:00+00:00,0.0,9.6
2024-05-11 00:00:00+00:00,0.0,9.27
2024-05-11 01:00:00+00:00,0.0,9.32
2024-05-11 02:00:00+00:00,0.0,9.36
2024-05-11 03:00:00+00:00,0.0,9.34
2024-05-11 04:00:00+00:00,7.78,9.47
2024-05-11 05:00:00+00:00,82.07,10.68
2024-05-11 06:00:00+00:00,200.98,12.13
2024-05-11 07:00:00+00:00,349.23,14.13
2024-05-11 08:00:00+00:00,502.35,16.57
2024-05-11 09:00:00+00:00,625.45,18.73
2024-05-11 10:00:00+00:00,716.58,20.11
2024-05-11 11:00:00+00:00,756.4,20.89
2024-05-11 12:00:00+00:00,738.5,21.28
2024-05-11 13:00:00+00:00,617.78,21.31
2024-05-11 14:00:00+00:00,543.08,21.02
2024-05-11 15:00:00+00:00,445.88,20.46
2024-05-11 16:00:00+00:00,319.62,19.54
2024-05-11 17:00:00+00:00,186.0,18.16
2024-05-11 18:00:00+00:00,81.4,16.2
2024-05-11 19:00:00+00:00,10.38,13.8
2024-05-11 20:00:00+00:00,0.0,12.49
2024-05-11 21:00:00+00:00,0.0,11.74
2024-05-11 22:00:00+00:00,0.0,11.23
2024-05-11 23:00:00+00:00,0.0,10.91
2024-05-12 00:00:00+00:00,0.0,10.89
2024-05-12 01:00:00+00:00,0.0,11.04
2024-05-12 02:00:00+00:00,0.0,11.02
2024-05-12 03:00:00+00:00,0.0,10.96
2024-05-12 04:00:00+00:00,8.82,10.84
2024-05-12 05:00:00+00:00,86.45,12.4
2024-05-12 06:00:00+00:00,206.95,13.76
2024-05-12 07:00:00+00:00,346.9,15.59
2024-05-12 08:00:00+00:00,486.12,18.16
2024-05-12 09:00:00+00:00,612.25,20.38
2024-05-12 10:00:00+00:00,717.6,21.62
2024-05-12 11:00:00+00:00,742.17,22.47
2024-05-12 12:00:00+00:00,697.8,22.84
2024-05-12 13:00:00+00:00,589.47,22.94
2024-05-12 14:00:00+00:00,536.33,22.86
2024-05-12 15:00:00+00:00,406.7,22.54
2024-05-12 16:00:00+00:00,274.52,21.92
2024-05-12 17:00:00+00:00,171.8,20.69
2024-05-12 18:00:00+00:00,80.55,18.71
2024-05-12 19:00:00+00:00,10.75,16.27
2024-05-12 20:00:00+00:00,0.0,14.67
2024-05-12 21:00:00+00:00,0.0,13.61
2024-05-12 22:00:00+00:00,0.0,12.88
2024-05-12 23:00:00+00:00,0.0,12.26
2024-05-13 00:00:00+00:00,0.0,11.82
2024-05-13 01:00:00+00:00,0.0,11.42
2024-05-13 02:00:00+00:00,0.0,11.0
2024-05-13 03:00:00+00:00,0.0,10.42
2024-05-13 04:00:00+00:00,6.97,10.13
2024-05-13 05:00:00+00:00,48.3,11.49
2024-05-13 06:00:00+00:00,133.48,13.05
2024-05-13 07:00:00+00:00,211.12,14.63
2024-05-13 08:00:00+00:00,303.62,15.76
2024-05-13 09:00:00+00:00,316.73,16.76
2024-05-13 10:00:00+00:00,325.8,17.58
2024-05-13 11:00:00+00:00,412.62,18.17
2024-05-13 12:00:00+00:00,420.17,18.26
2024-05-13 13:00:00+00:00,387.85,18.17
2024-05-13 14:00:00+00:00,281.12,17.99
2024-05-13 15:00:00+00:00,235.48,17.77
2024-05-13 16:00:00+00:00,142.38,17.46
2024-05-13 17:00:00+00:00,91.15,16.97
2024-05-13 18:00:00+00:00,41.35,16.08
2024-05-13 19:00:00+00:00,6.55,14.89
2024-05-13 20:00:00+00:00,0.0,14.6
2024-05-13 21:00:00+00:00,0.0,14.57
2024-05-13 22:00:00+00:00,0.0,14.46
2024-05-13 23:00:00+00:00,0.0,14.13
2024-05-14 00:00:00+00:00,0.0,13.9
2024-05-14 01:00:00+00:00,0.0,13.63
2024-05-14 02:00:00+00:00,0.0,13.31
2024-05-14 03:00:00+00:00,0.0,13.24
2024-05-14 04:00:00+00:00,5.65,13.28
2024-05-14 05:00:00+00:00,33.72,13.48
2024-05-14 06:00:00+00:00,85.7,13.75
2024-05-14 07:00:00+00:00,145.95,13.98
2024-05-14 08:00:00+00:00,213.38,14.1
2024-05-14 09:00:00+00:00,363.1,14.11
2024-05-14 10:00:00+00:00,381.92,14.28
2024-05-14 11:00:00+00:00,392.7,14.67
2024-05-14 12:00:00+00:00,328.7,15.19
2024-05-14 13:00:00+00:00,346.67,16.09
2024-05-14 14:00:00+00:00,326.83,16.7
2024-05-14 15:00:00+00:00,291.65,16.42
2024-05-14 16:00:00+00:00,227.23,15.76
2024-05-14 17:00:00+00:00,137.02,15.05
2024-05-14 18:00:00+00:00,62.58,14.22
2024-05-14 19:00:00+00:00,12.0,13.36
2024-05-14 20:00:00+00:00,0.0,12.75
2024-05-14 21:00:00+00:00,0.0,12.53
2024-05-14 22:00:00+00:00,0.0,12.38
2024-05-14 23:00:00+00:00,0.0,12.26
2024-05-15 00:00:00+00:00,0.0,12.16
2024-05-15 01:00:00+00:00,0.0,11.52
2024-05-15 02:00:00+00:00,0.0,11.28
2024-05-15 03:00:00+00:00,0.0,11.03
2024-05-15 04:00:00+00:00,8.82,11.27
2024-05-15 05:00:00+00:00,73.85,12.1
2024-05-15 06:00:00+00:00,177.35,12.68
2024-05-15 07:00:00+00:00,315.08,13.3
2024-05-15 08:00:00+00:00,453.6,14.26
2024-05-15 09:00:00+00:00,556.38,15.62
2024-05-15 10:00:00+00:00,627.55,17.13
2024-05-15 11:00:00+00:00,668.6,18.33
2024-05-15 12:00:00+00:00,669.6,19.03
2024-05-15 13:00:00+00:00,599.2,19.36
2024-05-15 14:00:00+00:00,568.6,19.41
2024-05-15 15:00:00+00:00,527.72,19.17
2024-05-15 16:00:00+00:00,404.4,18.58
2024-05-15 17:00:00+00:00,260.08,17.71
2024-05-15 18:00:00+00:00,121.68,16.18
2024-05-15 19:00:00+00:00,17.12,13.55
2024-05-15 20:00:00+00:00,0.0,12.02
2024-05-15 21:00:00+00:00,0.0,11.26
2024-05-15 22:00:00+00:00,0.0,10.51
2024-05-15 23:00:00+00:00,0.0,9.99
2024-05-16 00:00:00+00:00,0.0,9.73
2024-05-16 01:00:00+00:00,0.0,9.7
2024-05-16 02:00:00+00:00,0.0,9.78
2024-05-16 03:00:00+00:00,0.0,9.99
2024-05-16 04:00:00+00:00,11.18,10.01
2024-05-16 05:00:00+00:00,70.05,11.09
2024-05-16 06:00:00+00:00,132.07,12.23
2024-05-16 07:00:00+00:00,191.48,12.86
2024-05-16 08:00:00+00:00,190.75,13.57
2024-05-16 09:00:00+00:00,242.23,14.18
2024-05-16 10:00:00+00:00,292.02,14.9
2024-05-16 11:00:00+00:00,275.2,15.33
2024-05-16 12:00:00+00:00,346.98,15.54
2024-05-16 13:00:00+00:00,418.48,15.66
2024-05-16 14:00:00+00:00,399.45,15.65
2024-05-16 15:00:00+00:00,349.75,15.57
2024-05-16 16:00:00+00:00,250.55,15.51
2024-05-16 17:00:00+00:00,148.0,15.15
2024-05-16 18:00:00+00:00,66.47,14.29
2024-05-16 19:00:00+00:00,10.57,12.91
2024-05-16 20:00:00+00:00,0.0,12.04
2024-05-16 21:00:00+00:00,0.0,11.37
2024-05-16 22:00:00+00:00,0.0,10.57
2024-05-16 23:00:00+00:00,0.0,9.86
2024-05-17 00:00:00+00:00,0.0,9.36
2024-05-17 01:00:00+00:00,0.0,8.99
2024-05-17 02:00:00+00:00,0.0,8.84
2024-05-17 03:00:00+00:00,0.0,9.08
2024-05-17 04:00:00+00:00,12.07,9.43
2024-05-17 05:00:00+00:00,88.2,10.98
2024-05-17 06:00:00+00:00,202.8,12.48
2024-05-17 07:00:00+00:00,344.12,14.37
2024-05-17 08:00:00+00:00,500.33,15.99
2024-05-17 09:00:00+00:00,612.92,17.37
2024-05-17 10:00:00+00:00,667.03,18.42
2024-05-17 11:00:00+00:00,726.28,19.29
2024-05-17 12:00:00+00:00,620.62,19.94
2024-05-17 13:00:00+00:00,575.33,20.1
2024-05-17 14:00:00+00:00,473.58,19.93
2024-05-17 15:00:00+00:00,377.12,19.63
2024-05-17 16:00:00+00:00,271.27,19.38
2024-05-17 17:00:00+00:00,168.48,18.91
2024-05-17 18:00:00+00:00,75.3,18.04
2024-05-17 19:00:00+00:00,15.4,16.87
2024-05-17 20:00:00+00:00,0.0,15.7
2024-05-17 21:00:00+00:00,0.0,14.64
2024-05-17 22:00:00+00:00,0.0,13.9
2024-05-17 23:00:00+00:00,0.0,13.14
2024-05-18 00:00:00+00:00,0.0,12.4
2024-05-18 01:00:00+00:00,0.0,11.67
2024-05-18 02:00:00+00:00,0.0,11.09
2024-05-18 03:00:00+00:00,0.0,11.0
2024-05-18 04:00:00+00:00,10.98,11.23
2024-05-18 05:00:00+00:00,67.8,11.78
2024-05-18 06:00:00+00:00,145.65,12.35
2024-05-18 07:00:00+00:00,239.5,13.29
2024-05-18 08:00:00+00:00,339.17,14.4
2024-05-18 09:00:00+00:00,355.6,15.67
2024-05-18 10:00:00+00:00,362.02,16.9
2024-05-18 11:00:00+00:00,401.9,18.03
2024-05-18 12:00:00+00:00,430.42,18.99
2024-05-18 13:00:00+00:00,564.97,19.63
2024-05-18 14:00:00+00:00,496.42,19.87
2024-05-18 15:00:00+00:00,422.5,19.85
2024-05-18 16:00:00+00:00,268.5,19.49
2024-05-18 17:00:00+00:00,168.6,18.79
2024-05-18 18:00:00+00:00,79.82,17.55
2024-05-18 19:00:00+00:00,13.38,15.67
2024-05-18 20:00:00+00:00,0.0,14.51
2024-05-18 21:00:00+00:00,0.0,13.83
2024-05-18 22:00:00+00:00,0.0,12.99
2024-05-18 23:00:00+00:00,0.0,11.72
2024-05-19 00:00:00+00:00,0.0,10.71
2024-05-19 01:00:00+00:00,0.0,10.06
2024-05-19 02:00:00+00:00,0.0,9.5
2024-05-19 03:00:00+00:00,0.0,8.98
2024-05-19 04:00:00+00:00,13.77,8.81
2024-05-19 05:00:00+00:00,89.5,9.62
2024-05-19 06:00:00+00:00,190.93,11.4
2024-05-19 07:00:00+00:00,284.15,13.45
2024-05-19 08:00:00+00:00,385.0,15.58
2024-05-19 09:00:00+00:00,625.7,17.56
2024-05-19 10:00:00+00:00,794.83,19.17
2024-05-19 11:00:00+00:00,864.88,20.29
2024-05-19 12:00:00+00:00,849.55,20.94
2024-05-19 13:00:00+00:00,796.4,21.2
2024-05-19 14:00:00+00:00,686.25,21.12
2024-05-19 15:00:00+00:00,574.2,20.78
2024-05-19 16:00:00+00:00,428.65,20.19
2024-05-19 17:00:00+00:00,274.42,19.13
2024-05-19 18:00:00+00:00,130.48,17.28
2024-05-19 19:00:00+00:00,21.92,14.47
2024-05-19 20:00:00+00:00,0.0,12.74
2024-05-19 21:00:00+00:00,0.0,11.63
2024-05-19 22:00:00+00:00,0.0,10.49
2024-05-19 23:00:00+00:00,0.0,9.5
2024-05-20 00:00:00+00:00,0.0,8.84
2024-05-20 01:00:00+00:00,0.0,8.5
2024-05-20 02:00:00+00:00,0.0,8.25
2024-05-20 03:00:00+00:00,0.0,7.99
2024-05-20 04:00:00+00:00,17.27,7.85
2024-05-20 05:00:00+00:00,117.38,8.65
2024-05-20 06:00:00+00:00,250.62,10.27
2024-05-20 07:00:00+00:00,398.58,12.35
2024-05-20 08:00:00+00:00,541.6,14.39
2024-05-20 09:00:00+00:00,705.53,15.94
2024-05-20 10:00:00+00:00,796.17,17.33
2024-05-20 11:00:00+00:00,845.4,18.42
2024-05-20 12:00:00+00:00,867.1,19.14
2024-05-20 13:00:00+00:00,809.97,19.54
2024-05-20 14:00:00+00:00,730.42,19.6
2024-05-20 15:00:00+00:00,603.67,19.23
2024-05-20 16:00:00+00:00,446.92,18.53
2024-05-20 17:00:00+00:00,277.17,17.52
2024-05-20 18:00:00+00:00,130.73,16.09
2024-05-20 19:00:00+00:00,21.85,14.02
2024-05-20 20:00:00+00:00,0.0,12.44
2024-05-20 21:00:00+00:00,0.0,11.45
2024-05-20 22:00:00+00:00,0.0,10.63
2024-05-20 23:00:00+00:00,0.0,10.13
2024-05-21 00:00:00+00:00,0.0,9.77
2024-05-21 01:00:00+00:00,0.0,9.51
2024-05-21 02:00:00+00:00,0.0,9.59
2024-05-21 03:00:00+00:00,0.0,9.74
2024-05-21 04:00:00+00:00,11.77,10.03
2024-05-21 05:00:00+00:00,61.47,10.67
2024-05-21 06:00:00+00:00,129.7,11.48
2024-05-21 07:00:00+00:00,208.18,12.28
2024-05-21 08:00:00+00:00,275.38,13.06
2024-05-21 09:00:00+00:00,351.92,13.98
2024-05-21 10:00:00+00:00,376.27,14.93
2024-05-21 11:00:00+00:00,170.32,15.77
2024-05-21 12:00:00+00:00,208.02,16.44
2024-05-21 13:00:00+00:00,157.6,16.94
2024-05-21 14:00:00+00:00,145.57,17.13
2024-05-21 15:00:00+00:00,117.9,16.96
2024-05-21 16:00:00+00:00,116.12,16.59
2024-05-21 17:00:00+00:00,39.33,16.04
2024-05-21 18:00:00+00:00,19.02,15.28
2024-05-21 19:00:00+00:00,7.57,14.12
2024-05-21 20:00:00+00:00,0.0,13.43
2024-05-21 21:00:00+00:00,0.0,13.13
2024-05-21 22:00:00+00:00,0.0,12.84
2024-05-21 23:00:00+00:00,0.0,12.46
2024-05-22 00:00:00+00:00,0.0,12.19
2024-05-22 01:00:00+00:00,0.0,12.07
2024-05-22 02:00:00+00:00,0.0,11.99
2024-05-22 03:00:00+00:00,0.0,11.87
2024-05-22 04:00:00+00:00,7.57,11.79
2024-05-22 05:00:00+00:00,50.05,12.14
2024-05-22 06:00:00+00:00,112.68,12.8
2024-05-22 07:00:00+00:00,183.77,13.86
2024-05-22 08:00:00+00:00,113.53,14.95
2024-05-22 09:00:00+00:00,163.88,15.65
2024-05-22 10:00:00+00:00,206.75,16.02
2024-05-22 11:00:00+00:00,226.32,16.2
2024-05-22 12:00:00+00:00,308.9,16.41
2024-05-22 13:00:00+00:00,331.55,16.54
2024-05-22 14:00:00+00:00,268.27,16.55
2024-05-22 15:00:00+00:00,251.68,16.41
2024-05-22 16:00:00+00:00,176.93,15.95
2024-05-22 17:00:00+00:00,119.28,15.13
2024-05-22 18:00:00+00:00,60.33,14.33
2024-05-22 19:00:00+00:00,12.38,13.67
2024-05-22 20:00:00+00:00,0.0,13.19
2024-05-22 21:00:00+00:00,0.0,12.82
2024-05-22 22:00:00+00:00,0.0,12.42
2024-05-22 23:00:00+00:00,0.0,12.06
2024-05-23 00:00:00+00:00,0.0,11.71
2024-05-23 01:00:00+00:00,0.0,11.36
2024-05-23 02:00:00+00:00,0.0,11.01
2024-05-23 03:00:00+00:00,0.0,10.71
2024-05-23 04:00:00+00:00,12.3,10.56
2024-05-23 05:00:00+00:00,69.45,11.32
2024-05-23 06:00:00+00:00,143.75,12.37
2024-05-23 07:00:00+00:00,219.65,13.42
2024-05-23 08:00:00+00:00,321.92,14.64
2024-05-23 09:00:00+00:00,418.33,15.78
2024-05-23 10:00:00+00:00,501.7,16.67
2024-05-23 11:00:00+00:00,561.58,17.31
2024-05-23 12:00:00+00:00,620.08,17.72
2024-05-23 13:00:00+00:00,553.08,17.8
2024-05-23 14:00:00+00:00,498.38,17.7
2024-05-23 15:00:00+00:00,361.52,17.48
2024-05-23 16:00:00+00:00,239.77,16.83
2024-05-23 17:00:00+00:00,151.3,16.01
2024-05-23 18:00:00+00:00,78.43,14.8
2024-05-23 19:00:00+00:00,16.2,12.98
2024-05-23 20:00:00+00:00,0.0,11.07
2024-05-23 21:00:00+00:00,0.0,9.82
2024-05-23 22:00:00+00:00,0.0,8.96
2024-05-23 23:00:00+00:00,0.0,8.18
2024-05-24 00:00:00+00:00,0.0,7.47
2024-05-24 01:00:00+00:00,0.0,6.81
2024-05-24 02:00:00+00:00,0.0,6.19
2024-05-24 03:00:00+00:00,0.0,5.77
2024-05-24 04:00:00+00:00,19.27,6.13
2024-05-24 05:00:00+00:00,97.38,8.33
2024-05-24 06:00:00+00:00,189.32,10.55
2024-05-24 07:00:00+00:00,301.05,12.86
2024-05-24 08:00:00+00:00,426.1,14.39
2024-05-24 09:00:00+00:00,449.08,15.57
2024-05-24 10:00:00+00:00,407.88,16.56
2024-05-24 11:00:00+00:00,484.3,17.41
2024-05-24 12:00:00+00:00,522.8,18.05
2024-05-24 13:00:00+00:00,532.5,18.39
2024-05-24 14:00:00+00:00,451.23,18.28
2024-05-24 15:00:00+00:00,357.25,17.96
2024-05-24 16:00:00+00:00,294.73,17.6
2024-05-24 17:00:00+00:00,160.65,17.19
2024-05-24 18:00:00+00:00,83.0,16.58
2024-05-24 19:00:00+00:00,18.55,15.29
2024-05-24 20:00:00+00:00,0.0,14.15
2024-05-24 21:00:00+00:00,0.0,13.26
2024-05-24 22:00:00+00:00,0.0,12.49
2024-05-24 23:00:00+00:00,0.0,11.73
2024-05-25 00:00:00+00:00,0.0,10.93
2024-05-25 01:00:00+00:00,0.0,10.11
2024-05-25 02:00:00+00:00,0.0,9.52
2024-05-25 03:00:00+00:00,0.0,8.98
2024-05-25 04:00:00+00:00,21.38,8.87
2024-05-25 05:00:00+00:00,125.35,11.05
2024-05-25 06:00:00+00:00,258.92,12.78
2024-05-25 07:00:00+00:00,405.48,14.85
2024-05-25 08:00:00+00:00,572.35,16.19
2024-05-25 09:00:00+00:00,589.08,17.27
2024-05-25 10:00:00+00:00,625.45,18.19
2024-05-25 11:00:00+00:00,673.65,18.9
2024-05-25 12:00:00+00:00,625.53,19.33
2024-05-25 13:00:00+00:00,618.05,19.56
2024-05-25 14:00:00+00:00,636.45,19.46
2024-05-25 15:00:00+00:00,486.5,19.31
2024-05-25 16:00:00+00:00,372.88,19.03
2024-05-25 17:00:00+00:00,217.32,18.39
2024-05-25 18:00:00+00:00,112.5,17.01
2024-05-25 19:00:00+00:00,24.33,14.71
2024-05-25 20:00:00+00:00,0.0,13.47
2024-05-25 21:00:00+00:00,0.0,12.91
2024-05-25 22:00:00+00:00,0.0,12.36
2024-05-25 23:00:00+00:00,0.0,11.92
2024-05-26 00:00:00+00:00,0.0,11.69
2024-05-26 01:00:00+00:00,0.0,11.7
2024-05-26 02:00:00+00:00,0.0,11.73
2024-05-26 03:00:00+00:00,0.0,11.82
2024-05-26 04:00:00+00:00,8.88,12.28
2024-05-26 05:00:00+00:00,52.17,12.94
2024-05-26 06:00:00+00:00,130.48,13.48
2024-05-26 07:00:00+00:00,221.48,14.18
2024-05-26 08:00:00+00:00,320.25,15.41
2024-05-26 09:00:00+00:00,476.8,16.97
2024-05-26 10:00:00+00:00,616.35,18.1
2024-05-26 11:00:00+00:00,686.95,18.65
2024-05-26 12:00:00+00:00,669.08,18.84
2024-05-26 13:00:00+00:00,539.67,18.81
2024-05-26 14:00:00+00:00,442.2,18.55
2024-05-26 15:00:00+00:00,379.67,18.09
2024-05-26 16:00:00+00:00,282.8,17.42
2024-05-26 17:00:00+00:00,181.55,16.57
2024-05-26 18:00:00+00:00,95.18,15.44
2024-05-26 19:00:00+00:00,23.9,13.93
2024-05-26 20:00:00+00:00,0.0,12.72
2024-05-26 21:00:00+00:00,0.0,12.01
2024-05-26 22:00:00+00:00,0.0,11.39
2024-05-26 23:00:00+00:00,0.0,10.86
2024-05-27 00:00:00+00:00,0.0,10.39
2024-05-27 01:00:00+00:00,0.0,9.88
2024-05-27 02:00:00+00:00,0.0,9.38
2024-05-27 03:00:00+00:00,0.0,8.92
2024-05-27 04:00:00+00:00,24.48,9.1
2024-05-27 05:00:00+00:00,114.43,10.42
2024-05-27 06:00:00+00:00,221.32,11.88
2024-05-27 07:00:00+00:00,342.55,13.16
2024-05-27 08:00:00+00:00,472.17,13.97
2024-05-27 09:00:00+00:00,550.92,14.34
2024-05-27 10:00:00+00:00,618.97,14.68
2024-05-27 11:00:00+00:00,599.8,15.24
2024-05-27 12:00:00+00:00,599.58,15.98
2024-05-27 13:00:00+00:00,554.2,16.07
2024-05-27 14:00:00+00:00,538.97,15.57
2024-05-27 15:00:00+00:00,435.83,15.06
2024-05-27 16:00:00+00:00,308.8,14.63
2024-05-27 17:00:00+00:00,191.85,14.39
2024-05-27 18:00:00+00:00,111.05,13.65
2024-05-27 19:00:00+00:00,29.45,11.98
2024-05-27 20:00:00+00:00,0.0,10.77
2024-05-27 21:00:00+00:00,0.0,10.39
2024-05-27 22:00:00+00:00,0.0,9.84
2024-05-27 23:00:00+00:00,0.0,9.36
2024-05-28 00:00:00+00:00,0.0,9.09
2024-05-28 01:00:00+00:00,0.0,8.93
2024-05-28 02:00:00+00:00,0.0,9.0
2024-05-28 03:00:00+00:00,0.0,9.49
2024-05-28 04:00:00+00:00,11.82,10.66
2024-05-28 05:00:00+00:00,56.17,11.68
2024-05-28 06:00:00+00:00,121.57,12.59
2024-05-28 07:00:00+00:00,160.77,13.81
2024-05-28 08:00:00+00:00,205.75,14.98
2024-05-28 09:00:00+00:00,259.4,16.22
2024-05-28 10:00:00+00:00,305.8,17.22
2024-05-28 11:00:00+00:00,279.95,17.8
2024-05-28 12:00:00+00:00,289.08,17.7
2024-05-28 13:00:00+00:00,164.93,17.31
2024-05-28 14:00:00+00:00,168.98,16.71
2024-05-28 15:00:00+00:00,136.35,16.17
2024-05-28 16:00:00+00:00,184.95,15.93
2024-05-28 17:00:00+00:00,117.28,15.51
2024-05-28 18:00:00+00:00,53.78,14.93
2024-05-28 19:00:00+00:00,14.52,14.27
2024-05-28 20:00:00+00:00,0.0,13.7
2024-05-28 21:00:00+00:00,0.0,13.35
2024-05-28 22:00:00+00:00,0.0,13.05
2024-05-28 23:00:00+00:00,0.0,12.81
2024-05-29 00:00:00+00:00,0.0,12.5
2024-05-29 01:00:00+00:00,0.0,12.17
2024-05-29 02:00:00+00:00,0.0,11.89
2024-05-29 03:00:00+00:00,0.0,11.63
2024-05-29 04:00:00+00:00,23.67,11.56
2024-05-29 05:00:00+00:00,122.45,12.12
2024-05-29 06:00:00+00:00,258.08,13.19
2024-05-29 07:00:00+00:00,421.73,14.64
2024-05-29 08:00:00+00:00,573.33,16.02
2024-05-29 09:00:00+00:00,643.3,17.15
2024-05-29 10:00:00+00:00,657.88,18.06
2024-05-29 11:00:00+00:00,637.53,18.73
2024-05-29 12:00:00+00:00,464.5,19.21
2024-05-29 13:00:00+00:00,471.65,19.4
2024-05-29 14:00:00+00:00,356.73,19.31
2024-05-29 15:00:00+00:00,274.17,18.81
2024-05-29 16:00:00+00:00,213.38,18.12
2024-05-29 17:00:00+00:00,140.48,17.36
2024-05-29 18:00:00+00:00,73.97,16.39
2024-05-29 19:00:00+00:00,19.02,14.46
2024-05-29 20:00:00+00:00,0.0,12.94
2024-05-29 21:00:00+00:00,0.0,12.42
2024-05-29 22:00:00+00:00,0.0,11.86
2024-05-29 23:00:00+00:00,0.0,11.23
2024-05-30 00:00:00+00:00,0.0,10.54
2024-05-30 01:00:00+00:00,0.0,10.07
2024-05-30 02:00:00+00:00,0.0,9.89
2024-05-30 03:00:00+00:00,0.0,9.43
2024-05-30 04:00:00+00:00,14.3,9.44
2024-05-30 05:00:00+00:00,73.82,10.56
2024-05-30 06:00:00+00:00,146.55,12.07
2024-05-30 07:00:00+00:00,225.48,13.16
2024-05-30 08:00:00+00:00,318.38,14.16
2024-05-30 09:00:00+00:00,311.83,14.92
2024-05-30 10:00:00+00:00,327.55,15.45
2024-05-30 11:00:00+00:00,394.58,15.93
2024-05-30 12:00:00+00:00,462.35,16.28
2024-05-30 13:00:00+00:00,432.9,16.45
2024-05-30 14:00:00+00:00,445.7,16.57
2024-05-30 15:00:00+00:00,385.9,16.43
2024-05-30 16:00:00+00:00,241.82,16.19
2024-05-30 17:00:00+00:00,153.4,15.56
2024-05-30 18:00:00+00:00,80.57,14.59
2024-05-30 19:00:00+00:00,19.6,13.17
2024-05-30 20:00:00+00:00,0.0,12.08
2024-05-30 21:00:00+00:00,0.0,11.52
2024-05-30 22:00:00+00:00,0.0,11.12
2024-05-30 23:00:00+00:00,0.0,10.75
2024-05-31 00:00:00+00:00,0.0,10.35
2024-05-31 01:00:00+00:00,0.0,9.99
2024-05-31 02:00:00+00:00,0.0,9.65
2024-05-31 03:00:00+00:00,0.0,9.28
2024-05-31 04:00:00+00:00,21.73,9.21
2024-05-31 05:00:00+00:00,93.72,10.03
2024-05-31 06:00:00+00:00,175.65,11.29
2024-05-31 07:00:00+00:00,230.98,12.28
2024-05-31 08:00:00+00:00,264.88,12.85
2024-05-31 09:00:00+00:00,264.15,13.0
2024-05-31 10:00:00+00:00,272.7,13.3
2024-05-31 11:00:00+00:00,270.77,14.29
2024-05-31 12:00:00+00:00,281.9,15.3
2024-05-31 13:00:00+00:00,281.67,15.67
2024-05-31 14:00:00+00:00,229.95,15.72
2024-05-31 15:00:00+00:00,186.82,15.48
2024-05-31 16:00:00+00:00,121.97,14.94
2024-05-31 17:00:00+00:00,94.35,14.32
2024-05-31 18:00:00+00:00,64.57,13.57
2024-05-31 19:00:00+00:00,19.65,12.49
2024-05-31 20:00:00+00:00,0.0,11.34
2024-05-31 21:00:00+00:00,0.0,10.53
2024-05-31 22:00:00+00:00,0.0,9.98
2024-05-31 23:00:00+00:00,0.0,9.66
2024-06-01 00:00:00+00:00,0.0,9.42
2024-06-01 01:00:00+00:00,0.0,9.22
2024-06-01 02:00:00+00:00,0.0,9.05
2024-06-01 03:00:00+00:00,0.0,8.83
2024-06-01 04:00:00+00:00,30.23,8.82
2024-06-01 05:00:00+00:00,120.07,9.19
2024-06-01 06:00:00+00:00,198.6,10.15
2024-06-01 07:00:00+00:00,261.12,11.82
2024-06-01 08:00:00+00:00,309.6,13.7
2024-06-01 09:00:00+00:00,351.23,15.24
2024-06-01 10:00:00+00:00,408.55,16.44
2024-06-01 11:00:00+00:00,432.35,17.32
2024-06-01 12:00:00+00:00,423.85,17.87
2024-06-01 13:00:00+00:00,446.35,17.98
2024-06-01 14:00:00+00:00,350.65,17.66
2024-06-01 15:00:00+00:00,286.38,17.11
2024-06-01 16:00:00+00:00,224.1,16.35
2024-06-01 17:00:00+00:00,157.23,15.49
2024-06-01 18:00:00+00:00,99.97,14.47
2024-06-01 19:00:00+00:00,33.42,13.1
2024-06-01 20:00:00+00:00,0.0,11.68
2024-06-01 21:00:00+00:00,0.0,11.24
2024-06-01 22:00:00+00:00,0.0,10.76
2024-06-01 23:00:00+00:00,0.0,9.87
2024-06-02 00:00:00+00:00,0.0,8.97
2024-06-02 01:00:00+00:00,0.0,8.26
2024-06-02 02:00:00+00:00,0.0,8.01
2024-06-02 03:00:00+00:00,0.0,7.84
2024-06-02 04:00:00+00:00,29.6,7.99
2024-06-02 05:00:00+00:00,147.2,9.07
2024-06-02 06:00:00+00:00,303.7,10.91
2024-06-02 07:00:00+00:00,475.5,12.86
2024-06-02 08:00:00+00:00,625.7,14.88
2024-06-02 09:00:00+00:00,751.05,16.58
2024-06-02 10:00:00+00:00,841.97,17.93
2024-06-02 11:00:00+00:00,885.83,19.12
2024-06-02 12:00:00+00:00,891.72,20.03
2024-06-02 13:00:00+00:00,838.28,20.67
2024-06-02 14:00:00+00:00,763.4,20.98
2024-06-02 15:00:00+00:00,638.25,20.82
2024-06-02 16:00:00+00:00,487.85,20.36
2024-06-02 17:00:00+00:00,325.62,19.67
2024-06-02 18:00:00+00:00,171.95,18.42
2024-06-02 19:00:00+00:00,46.85,15.73
2024-06-02 20:00:00+00:00,0.0,13.96
2024-06-02 21:00:00+00:00,0.0,13.26
2024-06-02 22:00:00+00:00,0.0,12.56
2024-06-02 23:00:00+00:00,0.0,11.53
2024-06-03 00:00:00+00:00,0.0,10.44
2024-06-03 01:00:00+00:00,0.0,10.14
2024-06-03 02:00:00+00:00,0.0,9.99
2024-06-03 03:00:00+00:00,0.0,9.89
2024-06-03 04:00:00+00:00,25.38,10.35
2024-06-03 05:00:00+00:00,97.55,11.5
2024-06-03 06:00:00+00:00,184.4,13.17
2024-06-03 07:00:00+00:00,300.92,15.54
2024-06-03 08:00:00+00:00,409.8,17.41
2024-06-03 09:00:00+00:00,409.5,18.47
2024-06-03 10:00:00+00:00,368.48,18.78
2024-06-03 11:00:00+00:00,357.48,18.8
2024-06-03 12:00:00+00:00,438.2,18.81
2024-06-03 13:00:00+00:00,462.58,18.82
2024-06-03 14:00:00+00:00,469.33,18.7
2024-06-03 15:00:00+00:00,378.75,18.68
2024-06-03 16:00:00+00:00,239.95,18.8
2024-06-03 17:00:00+00:00,139.9,18.72
2024-06-03 18:00:00+00:00,77.5,18.09
2024-06-03 19:00:00+00:00,23.05,16.47
2024-06-03 20:00:00+00:00,0.0,15.62
2024-06-03 21:00:00+00:00,0.0,14.99
2024-06-03 22:00:00+00:00,0.0,14.38
2024-06-03 23:00:00+00:00,0.0,13.98
2024-06-04 00:00:00+00:00,0.0,13.64
2024-06-04 01:00:00+00:00,0.0,13.3
2024-06-04 02:00:00+00:00,0.0,12.79
2024-06-04 03:00:00+00:00,0.0,12.19
2024-06-04 04:00:00+00:00,15.02,12.26
2024-06-04 05:00:00+00:00,71.4,14.16
2024-06-04 06:00:00+00:00,131.55,15.82
2024-06-04 07:00:00+00:00,211.88,17.63
2024-06-04 08:00:00+00:00,307.42,18.74
2024-06-04 09:00:00+00:00,340.83,19.49
2024-06-04 10:00:00+00:00,366.8,19.97
2024-06-04 11:00:00+00:00,409.15,20.29
2024-06-04 12:00:00+00:00,349.1,20.05
2024-06-04 13:00:00+00:00,313.33,19.69
2024-06-04 14:00:00+00:00,218.8,19.45
2024-06-04 15:00:00+00:00,156.82,18.59
2024-06-04 16:00:00+00:00,115.68,17.55
2024-06-04 17:00:00+00:00,103.8,16.64
2024-06-04 18:00:00+00:00,64.5,15.58
2024-06-04 19:00:00+00:00,24.8,14.43
2024-06-04 20:00:00+00:00,0.0,13.23
2024-06-04 21:00:00+00:00,0.0,12.26
2024-06-04 22:00:00+00:00,0.0,11.07
2024-06-04 23:00:00+00:00,0.0,9.6
2024-06-05 00:00:00+00:00,0.0,8.17
2024-06-05 01:00:00+00:00,0.0,7.15
2024-06-05 02:00:00+00:00,0.0,6.71
2024-06-05 03:00:00+00:00,0.0,5.96
2024-06-05 04:00:00+00:00,41.47,6.3
2024-06-05 05:00:00+00:00,165.32,8.33
2024-06-05 06:00:00+00:00,315.52,10.25
2024-06-05 07:00:00+00:00,475.83,12.15
2024-06-05 08:00:00+00:00,641.6,13.46
2024-06-05 09:00:00+00:00,643.47,14.48
2024-06-05 10:00:00+00:00,768.4,15.33
2024-06-05 11:00:00+00:00,749.83,15.93
2024-06-05 12:00:00+00:00,639.78,16.26
2024-06-05 13:00:00+00:00,659.88,16.38
2024-06-05 14:00:00+00:00,578.08,16.3
2024-06-05 15:00:00+00:00,542.53,16.08
2024-06-05 16:00:00+00:00,388.48,15.73
2024-06-05 17:00:00+00:00,239.18,15.19
2024-06-05 18:00:00+00:00,129.07,14.21
2024-06-05 19:00:00+00:00,39.92,11.9
2024-06-05 20:00:00+00:00,0.0,9.89
2024-06-05 21:00:00+00:00,0.0,9.54
2024-06-05 22:00:00+00:00,0.0,9.61
2024-06-05 23:00:00+00:00,0.0,9.45
2024-06-06 00:00:00+00:00,0.0,9.04
2024-06-06 01:00:00+00:00,0.0,8.66
2024-06-06 02:00:00+00:00,0.0,8.37
2024-06-06 03:00:00+00:00,0.0,8.08
2024-06-06 04:00:00+00:00,21.62,8.29
2024-06-06 05:00:00+00:00,87.95,9.56
2024-06-06 06:00:00+00:00,179.0,11.65
2024-06-06 07:00:00+00:00,297.42,13.4
2024-06-06 08:00:00+00:00,443.45,14.29
2024-06-06 09:00:00+00:00,505.7,15.12
2024-06-06 10:00:00+00:00,574.78,15.99
2024-06-06 11:00:00+00:00,616.12,16.56
2024-06-06 12:00:00+00:00,585.78,16.71
2024-06-06 13:00:00+00:00,560.58,17.08
2024-06-06 14:00:00+00:00,559.33,17.32
2024-06-06 15:00:00+00:00,459.2,17.26
2024-06-06 16:00:00+00:00,335.17,16.74
2024-06-06 17:00:00+00:00,210.55,15.89
2024-06-06 18:00:00+00:00,126.65,14.97
2024-06-06 19:00:00+00:00,45.67,13.95
2024-06-06 20:00:00+00:00,0.0,12.96
2024-06-06 21:00:00+00:00,0.0,12.17
2024-06-06 22:00:00+00:00,0.0,11.31
2024-06-06 23:00:00+00:00,0.0,10.49
2024-06-07 00:00:00+00:00,0.0,9.59
2024-06-07 01:00:00+00:00,0.0,8.32
2024-06-07 02:00:00+00:00,0.0,7.34
2024-06-07 03:00:00+00:00,0.0,6.59
2024-06-07 04:00:00+00:00,39.15,7.07
2024-06-07 05:00:00+00:00,165.52,8.77
2024-06-07 06:00:00+00:00,321.52,10.98
2024-06-07 07:00:00+00:00,487.08,13.7
2024-06-07 08:00:00+00:00,608.15,15.24
2024-06-07 09:00:00+00:00,695.62,16.43
2024-06-07 10:00:00+00:00,578.8,17.41
2024-06-07 11:00:00+00:00,524.83,18.21
2024-06-07 12:00:00+00:00,529.92,18.74
2024-06-07 13:00:00+00:00,463.58,19.04
2024-06-07 14:00:00+00:00,358.2,18.87
2024-06-07 15:00:00+00:00,327.85,18.63
2024-06-07 16:00:00+00:00,246.65,18.16
2024-06-07 17:00:00+00:00,160.75,17.33
2024-06-07 18:00:00+00:00,90.93,16.37
2024-06-07 19:00:00+00:00,31.12,14.97
2024-06-07 20:00:00+00:00,0.0,13.59
2024-06-07 21:00:00+00:00,0.0,12.41
2024-06-07 22:00:00+00:00,0.0,11.33
2024-06-07 23:00:00+00:00,0.0,10.42
2024-06-08 00:00:00+00:00,0.0,9.68
2024-06-08 01:00:00+00:00,0.0,9.0
2024-06-08 02:00:00+00:00,0.0,8.4
2024-06-08 03:00:00+00:00,0.0,8.05
2024-06-08 04:00:00+00:00,28.08,8.76
2024-06-08 05:00:00+00:00,103.97,10.37
2024-06-08 06:00:00+00:00,168.15,12.56
2024-06-08 07:00:00+00:00,247.98,14.52
2024-06-08 08:00:00+00:00,323.12,15.91
2024-06-08 09:00:00+00:00,395.85,16.89
2024-06-08 10:00:00+00:00,405.3,17.34
2024-06-08 11:00:00+00:00,388.67,17.87
2024-06-08 12:00:00+00:00,517.42,18.26
2024-06-08 13:00:00+00:00,502.6,18.23
2024-06-08 14:00:00+00:00,580.3,17.8
2024-06-08 15:00:00+00:00,501.45,17.8
2024-06-08 16:00:00+00:00,415.55,17.83
2024-06-08 17:00:00+00:00,294.08,17.12
2024-06-08 18:00:00+00:00,174.85,15.69
2024-06-08 19:00:00+00:00,63.62,13.12
2024-06-08 20:00:00+00:00,0.0,10.84
2024-06-08 21:00:00+00:00,0.0,9.82
2024-06-08 22:00:00+00:00,0.0,8.9
2024-06-08 23:00:00+00:00,0.0,8.08
2024-06-09 00:00:00+00:00,0.0,7.39
2024-06-09 01:00:00+00:00,0.0,6.66
2024-06-09 02:00:00+00:00,0.0,5.96
2024-06-09 03:00:00+00:00,0.0,5.44
2024-06-09 04:00:00+00:00,44.75,6.26
2024-06-09 05:00:00+00:00,176.0,8.71
2024-06-09 06:00:00+00:00,333.23,10.75
2024-06-09 07:00:00+00:00,493.8,13.46
2024-06-09 08:00:00+00:00,605.58,14.82
2024-06-09 09:00:00+00:00,539.5,15.76
2024-06-09 10:00:00+00:00,465.5,16.53
2024-06-09 11:00:00+00:00,444.8,17.15
2024-06-09 12:00:00+00:00,358.6,17.28
2024-06-09 13:00:00+00:00,324.88,17.11
2024-06-09 14:00:00+00:00,267.45,16.98
2024-06-09 15:00:00+00:00,262.8,16.94
2024-06-09 16:00:00+00:00,205.75,16.59
2024-06-09 17:00:00+00:00,146.77,16.09
2024-06-09 18:00:00+00:00,80.4,15.09
2024-06-09 19:00:00+00:00,29.6,13.67
2024-06-09 20:00:00+00:00,0.0,12.56
2024-06-09 21:00:00+00:00,0.0,12.13
2024-06-09 22:00:00+00:00,0.0,11.61
2024-06-09 23:00:00+00:00,0.0,11.26
2024-06-10 00:00:00+00:00,0.0,11.11
2024-06-10 01:00:00+00:00,0.0,11.13
2024-06-10 02:00:00+00:00,0.0,11.22
2024-06-10 03:00:00+00:00,0.0,11.18
2024-06-10 04:00:00+00:00,17.25,10.69
2024-06-10 05:00:00+00:00,93.72,10.17
2024-06-10 06:00:00+00:00,182.65,10.01
2024-06-10 07:00:00+00:00,288.27,10.83
2024-06-10 08:00:00+00:00,417.02,11.97
2024-06-10 09:00:00+00:00,487.77,12.76
2024-06-10 10:00:00+00:00,494.95,13.35
2024-06-10 11:00:00+00:00,625.8,13.88
2024-06-10 12:00:00+00:00,677.35,14.37
2024-06-10 13:00:00+00:00,670.65,14.65
2024-06-10 14:00:00+00:00,487.9,14.72
2024-06-10 15:00:00+00:00,438.25,14.61
2024-06-10 16:00:00+00:00,355.9,14.27
2024-06-10 17:00:00+00:00,236.07,13.74
2024-06-10 18:00:00+00:00,134.38,12.92
2024-06-10 19:00:00+00:00,48.15,11.12
2024-06-10 20:00:00+00:00,0.0,9.72
2024-06-10 21:00:00+00:00,0.0,9.62
2024-06-10 22:00:00+00:00,0.0,9.09
2024-06-10 23:00:00+00:00,0.0,8.35
2024-06-11 00:00:00+00:00,0.0,7.89
2024-06-11 01:00:00+00:00,0.0,7.4
2024-06-11 02:00:00+00:00,0.0,6.73
2024-06-11 03:00:00+00:00,0.0,6.43
2024-06-11 04:00:00+00:00,36.03,6.86
2024-06-11 05:00:00+00:00,131.82,7.81
2024-06-11 06:00:00+00:00,232.62,9.44
2024-06-11 07:00:00+00:00,340.3,10.87
2024-06-11 08:00:00+00:00,441.48,11.85
2024-06-11 09:00:00+00:00,461.38,13.11
2024-06-11 10:00:00+00:00,509.33,14.3
2024-06-11 11:00:00+00:00,537.45,15.11
2024-06-11 12:00:00+00:00,499.05,15.47
2024-06-11 13:00:00+00:00,478.08,15.42
2024-06-11 14:00:00+00:00,351.8,15.49
2024-06-11 15:00:00+00:00,312.98,15.47
2024-06-11 16:00:00+00:00,218.23,14.99
2024-06-11 17:00:00+00:00,148.5,14.04
2024-06-11 18:00:00+00:00,72.65,13.17
2024-06-11 19:00:00+00:00,30.88,11.78
2024-06-11 20:00:00+00:00,0.0,10.27
2024-06-11 21:00:00+00:00,0.0,9.56
2024-06-11 22:00:00+00:00,0.0,9.02
2024-06-11 23:00:00+00:00,0.0,8.45
2024-06-12 00:00:00+00:00,0.0,7.87
2024-06-12 01:00:00+00:00,0.0,7.58
2024-06-12 02:00:00+00:00,0.0,7.51
2024-06-12 03:00:00+00:00,0.0,7.5
2024-06-12 04:00:00+00:00,19.1,7.89
2024-06-12 05:00:00+00:00,67.62,9.29
2024-06-12 06:00:00+00:00,142.6,10.81
2024-06-12 07:00:00+00:00,262.27,12.38
2024-06-12 08:00:00+00:00,399.6,13.63
2024-06-12 09:00:00+00:00,421.55,14.47
2024-06-12 10:00:00+00:00,395.25,15.0
2024-06-12 11:00:00+00:00,496.23,15.47
2024-06-12 12:00:00+00:00,492.42,15.83
2024-06-12 13:00:00+00:00,459.77,16.24
2024-06-12 14:00:00+00:00,417.27,16.42
2024-06-12 15:00:00+00:00,399.7,16.38
2024-06-12 16:00:00+00:00,325.48,16.39
2024-06-12 17:00:00+00:00,202.27,16.02
2024-06-12 18:00:00+00:00,120.97,15.28
2024-06-12 19:00:00+00:00,45.5,13.58
2024-06-12 20:00:00+00:00,0.0,11.84
2024-06-12 21:00:00+00:00,0.0,10.88
2024-06-12 22:00:00+00:00,0.0,9.83
2024-06-12 23:00:00+00:00,0.0,8.94
2024-06-13 00:00:00+00:00,0.0,8.05
2024-06-13 01:00:00+00:00,0.0,7.16
2024-06-13 02:00:00+00:00,0.0,6.51
2024-06-13 03:00:00+00:00,0.0,6.14
2024-06-13 04:00:00+00:00,31.27,7.06
2024-06-13 05:00:00+00:00,109.03,8.83
2024-06-13 06:00:00+00:00,198.62,10.17
2024-06-13 07:00:00+00:00,288.98,12.67
2024-06-13 08:00:00+00:00,384.08,14.27
2024-06-13 09:00:00+00:00,372.58,14.82
2024-06-13 10:00:00+00:00,430.55,14.92
2024-06-13 11:00:00+00:00,318.75,14.95
2024-06-13 12:00:00+00:00,426.83,15.03
2024-06-13 13:00:00+00:00,344.52,15.0
2024-06-13 14:00:00+00:00,235.43,15.0
2024-06-13 15:00:00+00:00,161.02,14.86
2024-06-13 16:00:00+00:00,80.82,14.32
2024-06-13 17:00:00+00:00,65.8,13.69
2024-06-13 18:00:00+00:00,41.33,13.07
2024-06-13 19:00:00+00:00,17.7,12.57
2024-06-13 20:00:00+00:00,0.0,12.15
2024-06-13 21:00:00+00:00,0.0,11.79
2024-06-13 22:00:00+00:00,0.0,11.42
2024-06-13 23:00:00+00:00,0.0,11.29
2024-06-14 00:00:00+00:00,0.0,11.55
2024-06-14 01:00:00+00:00,0.0,12.04
2024-06-14 02:00:00+00:00,0.0,12.29
2024-06-14 03:00:00+00:00,0.0,12.28
2024-06-14 04:00:00+00:00,24.77,12.33
2024-06-14 05:00:00+00:00,92.32,12.81
2024-06-14 06:00:00+00:00,162.45,13.5
2024-06-14 07:00:00+00:00,288.62,14.59
2024-06-14 08:00:00+00:00,408.52,15.85
2024-06-14 09:00:00+00:00,488.67,16.87
2024-06-14 10:00:00+00:00,512.6,17.56
2024-06-14 11:00:00+00:00,588.6,18.04
2024-06-14 12:00:00+00:00,606.15,18.16
2024-06-14 13:00:00+00:00,554.9,18.08
2024-06-14 14:00:00+00:00,399.25,17.85
2024-06-14 15:00:00+00:00,366.5,17.6
2024-06-14 16:00:00+00:00,312.1,17.16
2024-06-14 17:00:00+00:00,201.6,16.36
2024-06-14 18:00:00+00:00,110.75,15.22
2024-06-14 19:00:00+00:00,42.62,13.6
2024-06-14 20:00:00+00:00,0.0,12.09
2024-06-14 21:00:00+00:00,0.0,11.55
2024-06-14 22:00:00+00:00,0.0,11.26
2024-06-14 23:00:00+00:00,0.0,10.91
2024-06-15 00:00:00+00:00,0.0,10.46
2024-06-15 01:00:00+00:00,0.0,10.01
2024-06-15 02:00:00+00:00,0.0,9.54
2024-06-15 03:00:00+00:00,0.0,9.09
2024-06-15 04:00:00+00:00,27.73,9.07
2024-06-15 05:00:00+00:00,84.38,9.95
2024-06-15 06:00:00+00:00,134.62,11.54
2024-06-15 07:00:00+00:00,180.05,13.41
2024-06-15 08:00:00+00:00,202.57,14.86
2024-06-15 09:00:00+00:00,261.17,15.7
2024-06-15 10:00:00+00:00,468.12,16.33
2024-06-15 11:00:00+00:00,638.33,17.31
2024-06-15 12:00:00+00:00,639.53,17.9
2024-06-15 13:00:00+00:00,636.03,18.05
2024-06-15 14:00:00+00:00,596.47,17.87
2024-06-15 15:00:00+00:00,462.45,17.4
2024-06-15 16:00:00+00:00,319.98,16.66
2024-06-15 17:00:00+00:00,202.25,15.83
2024-06-15 18:00:00+00:00,109.65,14.83
2024-06-15 19:00:00+00:00,38.78,13.28
2024-06-15 20:00:00+00:00,0.0,11.65
2024-06-15 21:00:00+00:00,0.0,11.17
2024-06-15 22:00:00+00:00,0.0,10.78
2024-06-15 23:00:00+00:00,0.0,10.47
2024-06-16 00:00:00+00:00,0.0,10.25
2024-06-16 01:00:00+00:00,0.0,10.14
2024-06-16 02:00:00+00:00,0.0,10.09
2024-06-16 03:00:00+00:00,0.0,9.97
2024-06-16 04:00:00+00:00,25.95,10.46
2024-06-16 05:00:00+00:00,110.9,11.66
2024-06-16 06:00:00+00:00,213.4,12.92
2024-06-16 07:00:00+00:00,342.73,14.01
2024-06-16 08:00:00+00:00,501.65,15.21
2024-06-16 09:00:00+00:00,672.4,16.43
2024-06-16 10:00:00+00:00,772.58,17.46
2024-06-16 11:00:00+00:00,790.72,18.25
2024-06-16 12:00:00+00:00,770.58,18.77
2024-06-16 13:00:00+00:00,579.5,19.23
2024-06-16 14:00:00+00:00,584.55,19.19
2024-06-16 15:00:00+00:00,482.23,19.03
2024-06-16 16:00:00+00:00,326.02,18.45
2024-06-16 17:00:00+00:00,223.27,17.75
2024-06-16 18:00:00+00:00,130.68,16.7
2024-06-16 19:00:00+00:00,50.6,14.95
2024-06-16 20:00:00+00:00,0.0,13.29
2024-06-16 21:00:00+00:00,0.0,12.57
2024-06-16 22:00:00+00:00,0.0,11.79
2024-06-16 23:00:00+00:00,0.0,11.09
2024-06-17 00:00:00+00:00,0.0,10.62
2024-06-17 01:00:00+00:00,0.0,10.09
2024-06-17 02:00:00+00:00,0.0,9.37
2024-06-17 03:00:00+00:00,0.0,8.63
2024-06-17 04:00:00+00:00,38.17,9.3
2024-06-17 05:00:00+00:00,155.98,11.05
2024-06-17 06:00:00+00:00,310.05,13.06
2024-06-17 07:00:00+00:00,470.33,15.01
2024-06-17 08:00:00+00:00,603.8,16.48
2024-06-17 09:00:00+00:00,704.12,17.71
2024-06-17 10:00:00+00:00,798.67,18.75
2024-06-17 11:00:00+00:00,787.5,19.58
2024-06-17 12:00:00+00:00,781.95,20.21
2024-06-17 13:00:00+00:00,670.3,20.59
2024-06-17 14:00:00+00:00,608.78,20.74
2024-06-17 15:00:00+00:00,506.98,20.68
2024-06-17 16:00:00+00:00,347.12,20.32
2024-06-17 17:00:00+00:00,243.02,19.56
2024-06-17 18:00:00+00:00,135.95,18.19
2024-06-17 19:00:00+00:00,48.08,16.3
2024-06-17 20:00:00+00:00,0.0,15.0
2024-06-17 21:00:00+00:00,0.0,14.32
2024-06-17 22:00:00+00:00,0.0,13.64
2024-06-17 23:00:00+00:00,0.0,13.11
2024-06-18 00:00:00+00:00,0.0,12.56
2024-06-18 01:00:00+00:00,0.0,11.91
2024-06-18 02:00:00+00:00,0.0,11.33
2024-06-18 03:00:00+00:00,0.0,10.85
2024-06-18 04:00:00+00:00,33.75,11.53
2024-06-18 05:00:00+00:00,131.4,12.16
2024-06-18 06:00:00+00:00,254.27,13.16
2024-06-18 07:00:00+00:00,387.65,14.54
2024-06-18 08:00:00+00:00,473.12,16.01
2024-06-18 09:00:00+00:00,606.72,17.3
2024-06-18 10:00:00+00:00,672.3,18.25
2024-06-18 11:00:00+00:00,610.12,19.02
2024-06-18 12:00:00+00:00,652.92,19.65
2024-06-18 13:00:00+00:00,592.92,20.15
2024-06-18 14:00:00+00:00,546.9,20.3
2024-06-18 15:00:00+00:00,474.4,20.16
2024-06-18 16:00:00+00:00,393.7,19.84
2024-06-18 17:00:00+00:00,271.15,19.26
2024-06-18 18:00:00+00:00,155.85,18.12
2024-06-18 19:00:00+00:00,57.55,16.69
2024-06-18 20:00:00+00:00,0.0,15.55
2024-06-18 21:00:00+00:00,0.0,14.79
2024-06-18 22:00:00+00:00,0.0,13.75
2024-06-18 23:00:00+00:00,0.0,12.55
2024-06-19 00:00:00+00:00,0.0,11.53
2024-06-19 01:00:00+00:00,0.0,10.71
2024-06-19 02:00:00+00:00,0.0,10.09
2024-06-19 03:00:00+00:00,0.0,9.66
2024-06-19 04:00:00+00:00,19.25,10.16
2024-06-19 05:00:00+00:00,91.55,11.46
2024-06-19 06:00:00+00:00,183.3,13.21
2024-06-19 07:00:00+00:00,297.73,14.72
2024-06-19 08:00:00+00:00,432.48,16.01
2024-06-19 09:00:00+00:00,579.45,17.02
2024-06-19 10:00:00+00:00,706.78,17.97
2024-06-19 11:00:00+00:00,755.72,18.73
2024-06-19 12:00:00+00:00,754.72,19.22
2024-06-19 13:00:00+00:00,766.7,19.44
2024-06-19 14:00:00+00:00,650.12,19.47
2024-06-19 15:00:00+00:00,612.62,19.39
2024-06-19 16:00:00+00:00,458.25,19.07
2024-06-19 17:00:00+00:00,297.95,18.37
2024-06-19 18:00:00+00:00,169.95,17.17
2024-06-19 19:00:00+00:00,63.25,14.98
2024-06-19 20:00:00+00:00,0.0,12.81
2024-06-19 21:00:00+00:00,0.0,11.75
2024-06-19 22:00:00+00:00,0.0,10.79
2024-06-19 23:00:00+00:00,0.0,9.9
2024-06-20 00:00:00+00:00,0.0,9.22
2024-06-20 01:00:00+00:00,0.0,8.66
2024-06-20 02:00:00+00:00,0.0,8.2
2024-06-20 03:00:00+00:00,0.0,8.04
2024-06-20 04:00:00+00:00,34.47,9.32
2024-06-20 05:00:00+00:00,141.15,10.97
2024-06-20 06:00:00+00:00,282.98,12.13
2024-06-20 07:00:00+00:00,446.92,13.88
2024-06-20 08:00:00+00:00,605.0,15.24
2024-06-20 09:00:00+00:00,736.2,16.12
2024-06-20 10:00:00+00:00,812.9,17.32
2024-06-20 11:00:00+00:00,818.6,18.87
2024-06-20 12:00:00+00:00,802.8,19.99
2024-06-20 13:00:00+00:00,779.72,20.62
2024-06-20 14:00:00+00:00,736.97,20.98
2024-06-20 15:00:00+00:00,638.08,21.01
2024-06-20 16:00:00+00:00,487.65,20.72
2024-06-20 17:00:00+00:00,325.83,20.15
2024-06-20 18:00:00+00:00,178.45,19.1
2024-06-20 19:00:00+00:00,62.45,16.27
2024-06-20 20:00:00+00:00,0.0,13.9
2024-06-20 21:00:00+00:00,0.0,12.77
2024-06-20 22:00:00+00:00,0.0,11.76
2024-06-20 23:00:00+00:00,0.0,10.99
2024-06-21 00:00:00+00:00,0.0,10.66
2024-06-21 01:00:00+00:00,0.0,10.63
2024-06-21 02:00:00+00:00,0.0,10.42
2024-06-21 03:00:00+00:00,0.0,10.2
2024-06-21 04:00:00+00:00,37.05,10.5
2024-06-21 05:00:00+00:00,155.35,12.91
2024-06-21 06:00:00+00:00,306.3,14.91
2024-06-21 07:00:00+00:00,465.17,17.53
2024-06-21 08:00:00+00:00,615.15,19.32
2024-06-21 09:00:00+00:00,711.17,20.71
2024-06-21 10:00:00+00:00,738.22,21.72
2024-06-21 11:00:00+00:00,784.83,22.43
2024-06-21 12:00:00+00:00,797.92,22.86
2024-06-21 13:00:00+00:00,655.88,22.8
2024-06-21 14:00:00+00:00,684.25,22.64
2024-06-21 15:00:00+00:00,551.28,22.26
2024-06-21 16:00:00+00:00,379.65,21.28
2024-06-21 17:00:00+00:00,245.65,19.95
2024-06-21 18:00:00+00:00,126.25,18.13
2024-06-21 19:00:00+00:00,46.85,16.25
2024-06-21 20:00:00+00:00,0.0,14.81
2024-06-21 21:00:00+00:00,0.0,14.01
2024-06-21 22:00:00+00:00,0.0,13.43
2024-06-21 23:00:00+00:00,0.0,12.98
2024-06-22 00:00:00+00:00,0.0,12.65
2024-06-22 01:00:00+00:00,0.0,12.46
2024-06-22 02:00:00+00:00,0.0,12.31
2024-06-22 03:00:00+00:00,0.0,12.23
2024-06-22 04:00:00+00:00,25.75,12.78
2024-06-22 05:00:00+00:00,97.47,14.0
2024-06-22 06:00:00+00:00,186.43,15.43
2024-06-22 07:00:00+00:00,291.42,16.84
2024-06-22 08:00:00+00:00,398.58,18.05
2024-06-22 09:00:00+00:00,476.92,19.09
2024-06-22 10:00:00+00:00,562.3,20.0
2024-06-22 11:00:00+00:00,602.3,20.74
2024-06-22 12:00:00+00:00,649.28,21.21
2024-06-22 13:00:00+00:00,679.58,21.39
2024-06-22 14:00:00+00:00,636.08,21.27
2024-06-22 15:00:00+00:00,558.0,21.11
2024-06-22 16:00:00+00:00,460.45,20.92
2024-06-22 17:00:00+00:00,318.45,20.43
2024-06-22 18:00:00+00:00,175.12,19.21
2024-06-22 19:00:00+00:00,65.18,16.99
2024-06-22 20:00:00+00:00,0.0,14.96
2024-06-22 21:00:00+00:00,0.0,13.92
2024-06-22 22:00:00+00:00,0.0,13.11
2024-06-22 23:00:00+00:00,0.0,12.18
2024-06-23 00:00:00+00:00,0.0,11.32
2024-06-23 01:00:00+00:00,0.0,10.63
2024-06-23 02:00:00+00:00,0.0,10.04
2024-06-23 03:00:00+00:00,0.0,9.6
2024-06-23 04:00:00+00:00,35.2,10.64
2024-06-23 05:00:00+00:00,134.18,12.83
2024-06-23 06:00:00+00:00,242.82,15.16
2024-06-23 07:00:00+00:00,330.48,17.36
2024-06-23 08:00:00+00:00,419.0,18.79
2024-06-23 09:00:00+00:00,491.3,20.03
2024-06-23 10:00:00+00:00,546.33,21.1
2024-06-23 11:00:00+00:00,549.5,22.05
2024-06-23 12:00:00+00:00,481.42,22.8
2024-06-23 13:00:00+00:00,436.73,23.31
2024-06-23 14:00:00+00:00,458.15,23.58
2024-06-23 15:00:00+00:00,433.27,23.65
2024-06-23 16:00:00+00:00,340.73,23.5
2024-06-23 17:00:00+00:00,236.75,23.04
2024-06-23 18:00:00+00:00,147.62,22.34
2024-06-23 19:00:00+00:00,58.3,20.6
2024-06-23 20:00:00+00:00,0.0,18.38
2024-06-23 21:00:00+00:00,0.0,17.13
2024-06-23 22:00:00+00:00,0.0,16.32
2024-06-23 23:00:00+00:00,0.0,15.6
2024-06-24 00:00:00+00:00,0.0,14.96
2024-06-24 01:00:00+00:00,0.0,14.37
2024-06-24 02:00:00+00:00,0.0,13.8
2024-06-24 03:00:00+00:00,0.0,13.38
2024-06-24 04:00:00+00:00,33.78,14.26
2024-06-24 05:00:00+00:00,142.43,16.41
2024-06-24 06:00:00+00:00,279.3,18.65
2024-06-24 07:00:00+00:00,424.2,20.81
2024-06-24 08:00:00+00:00,543.78,22.1
2024-06-24 09:00:00+00:00,539.17,23.03
2024-06-24 10:00:00+00:00,547.62,23.83
2024-06-24 11:00:00+00:00,620.33,24.46
2024-06-24 12:00:00+00:00,522.72,24.93
2024-06-24 13:00:00+00:00,566.45,25.2
2024-06-24 14:00:00+00:00,516.2,25.21
2024-06-24 15:00:00+00:00,451.0,25.01
2024-06-24 16:00:00+00:00,347.0,24.58
2024-06-24 17:00:00+00:00,217.9,23.87
2024-06-24 18:00:00+00:00,126.3,22.65
2024-06-24 19:00:00+00:00,50.2,19.86
2024-06-24 20:00:00+00:00,0.0,17.47
2024-06-24 21:00:00+00:00,0.0,16.46
2024-06-24 22:00:00+00:00,0.0,15.74
2024-06-24 23:00:00+00:00,0.0,15.21
2024-06-25 00:00:00+00:00,0.0,14.61
2024-06-25 01:00:00+00:00,0.0,14.2
2024-06-25 02:00:00+00:00,0.0,13.77
2024-06-25 03:00:00+00:00,0.0,13.22
2024-06-25 04:00:00+00:00,31.95,13.59
2024-06-25 05:00:00+00:00,142.12,15.77
2024-06-25 06:00:00+00:00,287.7,17.39
2024-06-25 07:00:00+00:00,446.2,20.45
2024-06-25 08:00:00+00:00,595.33,22.56
2024-06-25 09:00:00+00:00,712.8,23.79
2024-06-25 10:00:00+00:00,801.53,24.79
2024-06-25 11:00:00+00:00,819.97,25.54
2024-06-25 12:00:00+00:00,781.15,26.05
2024-06-25 13:00:00+00:00,760.58,26.32
2024-06-25 14:00:00+00:00,664.6,26.3
2024-06-25 15:00:00+00:00,542.45,26.01
2024-06-25 16:00:00+00:00,410.98,25.44
2024-06-25 17:00:00+00:00,267.6,24.5
2024-06-25 18:00:00+00:00,148.88,22.88
2024-06-25 19:00:00+00:00,54.97,20.08
2024-06-25 20:00:00+00:00,0.0,17.59
2024-06-25 21:00:00+00:00,0.0,16.48
2024-06-25 22:00:00+00:00,0.0,15.62
2024-06-25 23:00:00+00:00,0.0,14.84
2024-06-26 00:00:00+00:00,0.0,14.15
2024-06-26 01:00:00+00:00,0.0,13.56
2024-06-26 02:00:00+00:00,0.0,13.06
2024-06-26 03:00:00+00:00,0.0,12.66
2024-06-26 04:00:00+00:00,32.4,13.65
2024-06-26 05:00:00+00:00,146.18,15.31
2024-06-26 06:00:00+00:00,295.08,17.09
2024-06-26 07:00:00+00:00,452.4,19.64
2024-06-26 08:00:00+00:00,600.12,21.82
2024-06-26 09:00:00+00:00,724.97,23.45
2024-06-26 10:00:00+00:00,815.45,24.76
2024-06-26 11:00:00+00:00,852.7,25.79
2024-06-26 12:00:00+00:00,800.5,26.5
2024-06-26 13:00:00+00:00,735.4,26.94
2024-06-26 14:00:00+00:00,638.95,27.09
2024-06-26 15:00:00+00:00,528.08,26.99
2024-06-26 16:00:00+00:00,397.8,26.62
2024-06-26 17:00:00+00:00,258.38,26.18
2024-06-26 18:00:00+00:00,149.9,24.82
2024-06-26 19:00:00+00:00,55.05,21.92
2024-06-26 20:00:00+00:00,0.0,19.92
2024-06-26 21:00:00+00:00,0.0,19.0
2024-06-26 22:00:00+00:00,0.0,18.18
2024-06-26 23:00:00+00:00,0.0,17.15
2024-06-27 00:00:00+00:00,0.0,16.31
2024-06-27 01:00:00+00:00,0.0,15.88
2024-06-27 02:00:00+00:00,0.0,15.42
2024-06-27 03:00:00+00:00,0.0,14.77
2024-06-27 04:00:00+00:00,28.12,15.36
2024-06-27 05:00:00+00:00,114.93,16.53
2024-06-27 06:00:00+00:00,208.85,17.53
2024-06-27 07:00:00+00:00,323.27,18.53
2024-06-27 08:00:00+00:00,421.5,19.37
2024-06-27 09:00:00+00:00,506.62,20.42
2024-06-27 10:00:00+00:00,600.1,21.59
2024-06-27 11:00:00+00:00,686.25,22.58
2024-06-27 12:00:00+00:00,784.1,23.14
2024-06-27 13:00:00+00:00,775.08,23.26
2024-06-27 14:00:00+00:00,727.58,22.76
2024-06-27 15:00:00+00:00,607.47,21.93
2024-06-27 16:00:00+00:00,420.17,21.02
2024-06-27 17:00:00+00:00,292.7,20.0
2024-06-27 18:00:00+00:00,170.3,18.58
2024-06-27 19:00:00+00:00,67.4,16.63
2024-06-27 20:00:00+00:00,0.0,14.74
2024-06-27 21:00:00+00:00,0.0,13.54
2024-06-27 22:00:00+00:00,0.0,12.58
2024-06-27 23:00:00+00:00,0.0,11.81
2024-06-28 00:00:00+00:00,0.0,11.23
2024-06-28 01:00:00+00:00,0.0,10.8
2024-06-28 02:00:00+00:00,0.0,10.49
2024-06-28 03:00:00+00:00,0.0,10.27
2024-06-28 04:00:00+00:00,32.65,10.73
2024-06-28 05:00:00+00:00,125.97,12.19
2024-06-28 06:00:00+00:00,228.68,14.25
2024-06-28 07:00:00+00:00,326.12,15.82
2024-06-28 08:00:00+00:00,356.77,17.06
2024-06-28 09:00:00+00:00,389.12,18.2
2024-06-28 10:00:00+00:00,462.05,19.2
2024-06-28 11:00:00+00:00,450.65,20.06
2024-06-28 12:00:00+00:00,528.05,20.68
2024-06-28 13:00:00+00:00,561.38,21.04
2024-06-28 14:00:00+00:00,488.83,21.05
2024-06-28 15:00:00+00:00,398.58,20.88
2024-06-28 16:00:00+00:00,327.65,20.46
2024-06-28 17:00:00+00:00,230.9,19.62
2024-06-28 18:00:00+00:00,149.6,18.46
2024-06-28 19:00:00+00:00,64.1,16.46
2024-06-28 20:00:00+00:00,0.0,14.34
2024-06-28 21:00:00+00:00,0.0,13.26
2024-06-28 22:00:00+00:00,0.0,12.91
2024-06-28 23:00:00+00:00,0.0,12.65
2024-06-29 00:00:00+00:00,0.0,11.82
2024-06-29 01:00:00+00:00,0.0,10.57
2024-06-29 02:00:00+00:00,0.0,9.84
2024-06-29 03:00:00+00:00,0.0,9.41
2024-06-29 04:00:00+00:00,31.42,10.17
2024-06-29 05:00:00+00:00,134.73,12.0
2024-06-29 06:00:00+00:00,261.9,13.98
2024-06-29 07:00:00+00:00,409.17,16.72
2024-06-29 08:00:00+00:00,522.17,17.99
2024-06-29 09:00:00+00:00,678.22,19.18
2024-06-29 10:00:00+00:00,791.22,20.31
2024-06-29 11:00:00+00:00,848.62,21.17
2024-06-29 12:00:00+00:00,859.6,21.88
2024-06-29 13:00:00+00:00,826.25,22.36
2024-06-29 14:00:00+00:00,712.03,22.73
2024-06-29 15:00:00+00:00,563.5,22.88
2024-06-29 16:00:00+00:00,408.6,22.58
2024-06-29 17:00:00+00:00,269.45,21.91
2024-06-29 18:00:00+00:00,143.65,20.75
2024-06-29 19:00:00+00:00,48.8,18.61
2024-06-29 20:00:00+00:00,0.0,16.61
2024-06-29 21:00:00+00:00,0.0,15.69
2024-06-29 22:00:00+00:00,0.0,15.02
2024-06-29 23:00:00+00:00,0.0,15.36
2024-06-30 00:00:00+00:00,0.0,14.34
2024-06-30 01:00:00+00:00,0.0,13.13
2024-06-30 02:00:00+00:00,0.0,13.08
2024-06-30 03:00:00+00:00,0.0,12.6
2024-06-30 04:00:00+00:00,18.75,12.89
2024-06-30 05:00:00+00:00,77.12,14.2
2024-06-30 06:00:00+00:00,146.52,15.84
2024-06-30 07:00:00+00:00,192.23,16.8
2024-06-30 08:00:00+00:00,273.33,17.0
2024-06-30 09:00:00+00:00,314.08,16.97
2024-06-30 10:00:00+00:00,413.2,17.09
2024-06-30 11:00:00+00:00,544.88,17.49
2024-06-30 12:00:00+00:00,502.05,17.85
2024-06-30 13:00:00+00:00,572.2,18.3
2024-06-30 14:00:00+00:00,470.2,18.79
2024-06-30 15:00:00+00:00,301.35,19.0
2024-06-30 16:00:00+00:00,239.98,18.79
2024-06-30 17:00:00+00:00,148.1,18.11
2024-06-30 18:00:00+00:00,80.82,17.13
2024-06-30 19:00:00+00:00,30.73,15.49
2024-06-30 20:00:00+00:00,0.0,13.99
2024-06-30 21:00:00+00:00,0.0,13.39
2024-06-30 22:00:00+00:00,0.0,12.97
2024-06-30 23:00:00+00:00,0.0,12.53
2024-07-01 00:00:00+00:00,0.0,11.99
2024-07-01 01:00:00+00:00,0.0,11.41
2024-07-01 02:00:00+00:00,0.0,11.22
2024-07-01 03:00:00+00:00,0.0,10.81
2024-07-01 04:00:00+00:00,19.33,10.95
2024-07-01 05:00:00+00:00,91.4,11.81
2024-07-01 06:00:00+00:00,199.4,13.82
2024-07-01 07:00:00+00:00,329.17,15.56
2024-07-01 08:00:00+00:00,440.75,16.88
2024-07-01 09:00:00+00:00,368.17,18.03
2024-07-01 10:00:00+00:00,381.45,19.12
2024-07-01 11:00:00+00:00,389.33,20.05
2024-07-01 12:00:00+00:00,386.17,20.72
2024-07-01 13:00:00+00:00,365.4,20.75
2024-07-01 14:00:00+00:00,293.4,20.41
2024-07-01 15:00:00+00:00,195.45,19.29
2024-07-01 16:00:00+00:00,169.45,18.14
2024-07-01 17:00:00+00:00,111.5,17.15
2024-07-01 18:00:00+00:00,70.75,16.44
2024-07-01 19:00:00+00:00,27.65,15.65
2024-07-01 20:00:00+00:00,0.0,14.71
2024-07-01 21:00:00+00:00,0.0,14.49
2024-07-01 22:00:00+00:00,0.0,14.46
2024-07-01 23:00:00+00:00,0.0,14.23
2024-07-02 00:00:00+00:00,0.0,13.65
2024-07-02 01:00:00+00:00,0.0,12.88
2024-07-02 02:00:00+00:00,0.0,12.2
2024-07-02 03:00:00+00:00,0.0,11.64
2024-07-02 04:00:00+00:00,13.05,11.36
2024-07-02 05:00:00+00:00,53.6,11.88
2024-07-02 06:00:00+00:00,118.55,13.2
2024-07-02 07:00:00+00:00,210.43,14.48
2024-07-02 08:00:00+00:00,229.77,15.51
2024-07-02 09:00:00+00:00,263.62,16.24
2024-07-02 10:00:00+00:00,320.52,16.88
2024-07-02 11:00:00+00:00,384.02,17.63
2024-07-02 12:00:00+00:00,375.48,18.32
2024-07-02 13:00:00+00:00,423.3,18.7
2024-07-02 14:00:00+00:00,452.85,18.78
2024-07-02 15:00:00+00:00,424.92,18.99
2024-07-02 16:00:00+00:00,351.38,18.79
2024-07-02 17:00:00+00:00,223.4,18.19
2024-07-02 18:00:00+00:00,128.07,17.06
2024-07-02 19:00:00+00:00,48.65,15.59
2024-07-02 20:00:00+00:00,0.0,14.48
2024-07-02 21:00:00+00:00,0.0,14.04
2024-07-02 22:00:00+00:00,0.0,13.5
2024-07-02 23:00:00+00:00,0.0,12.44
2024-07-03 00:00:00+00:00,0.0,11.74
2024-07-03 01:00:00+00:00,0.0,11.38
2024-07-03 02:00:00+00:00,0.0,11.24
2024-07-03 03:00:00+00:00,0.0,11.11
2024-07-03 04:00:00+00:00,14.2,11.27
2024-07-03 05:00:00+00:00,71.0,11.88
2024-07-03 06:00:00+00:00,130.93,12.75
2024-07-03 07:00:00+00:00,192.02,14.37
2024-07-03 08:00:00+00:00,236.1,16.0
2024-07-03 09:00:00+00:00,523.4,17.4
2024-07-03 10:00:00+00:00,371.17,18.28
2024-07-03 11:00:00+00:00,373.35,19.06
2024-07-03 12:00:00+00:00,371.4,19.35
2024-07-03 13:00:00+00:00,347.92,19.26
2024-07-03 14:00:00+00:00,214.4,19.41
2024-07-03 15:00:00+00:00,177.6,19.11
2024-07-03 16:00:00+00:00,147.93,18.51
2024-07-03 17:00:00+00:00,160.3,18.03
2024-07-03 18:00:00+00:00,106.22,17.37
2024-07-03 19:00:00+00:00,46.25,16.59
2024-07-03 20:00:00+00:00,0.0,16.01
2024-07-03 21:00:00+00:00,0.0,15.74
2024-07-03 22:00:00+00:00,0.0,15.24
2024-07-03 23:00:00+00:00,0.0,14.61
2024-07-04 00:00:00+00:00,0.0,13.89
2024-07-04 01:00:00+00:00,0.0,12.86
2024-07-04 02:00:00+00:00,0.0,11.67
2024-07-04 03:00:00+00:00,0.0,10.67
2024-07-04 04:00:00+00:00,33.53,10.58
2024-07-04 05:00:00+00:00,155.57,11.4
2024-07-04 06:00:00+00:00,309.85,12.76
2024-07-04 07:00:00+00:00,454.2,14.12
2024-07-04 08:00:00+00:00,619.6,15.47
2024-07-04 09:00:00+00:00,682.4,16.71
2024-07-04 10:00:00+00:00,729.38,17.81
2024-07-04 11:00:00+00:00,697.8,18.69
2024-07-04 12:00:00+00:00,773.53,19.34
2024-07-04 13:00:00+00:00,641.92,19.7
2024-07-04 14:00:00+00:00,633.92,19.69
2024-07-04 15:00:00+00:00,487.2,19.25
2024-07-04 16:00:00+00:00,363.7,18.56
2024-07-04 17:00:00+00:00,230.43,17.83
2024-07-04 18:00:00+00:00,116.43,16.7
2024-07-04 19:00:00+00:00,38.97,15.04
2024-07-04 20:00:00+00:00,0.0,13.45
2024-07-04 21:00:00+00:00,0.0,13.05
2024-07-04 22:00:00+00:00,0.0,12.65
2024-07-04 23:00:00+00:00,0.0,12.44
2024-07-05 00:00:00+00:00,0.0,12.33
2024-07-05 01:00:00+00:00,0.0,12.32
2024-07-05 02:00:00+00:00,0.0,12.46
2024-07-05 03:00:00+00:00,0.0,12.52
2024-07-05 04:00:00+00:00,8.65,12.73
2024-07-05 05:00:00+00:00,60.22,13.41
2024-07-05 06:00:00+00:00,106.5,14.32
2024-07-05 07:00:00+00:00,167.88,15.37
2024-07-05 08:00:00+00:00,233.0,16.72
2024-07-05 09:00:00+00:00,318.6,18.31
2024-07-05 10:00:00+00:00,433.42,19.9
2024-07-05 11:00:00+00:00,536.0,21.17
2024-07-05 12:00:00+00:00,462.48,21.95
2024-07-05 13:00:00+00:00,507.45,22.1
2024-07-05 14:00:00+00:00,329.33,21.58
2024-07-05 15:00:00+00:00,227.82,20.97
2024-07-05 16:00:00+00:00,137.07,20.02
2024-07-05 17:00:00+00:00,80.45,18.94
2024-07-05 18:00:00+00:00,43.6,17.84
2024-07-05 19:00:00+00:00,21.83,16.81
2024-07-05 20:00:00+00:00,0.0,16.1
2024-07-05 21:00:00+00:00,0.0,15.9
2024-07-05 22:00:00+00:00,0.0,15.76
2024-07-05 23:00:00+00:00,0.0,15.74
2024-07-06 00:00:00+00:00,0.0,15.91
2024-07-06 01:00:00+00:00,0.0,15.84
2024-07-06 02:00:00+00:00,0.0,15.45
2024-07-06 03:00:00+00:00,0.0,14.4
2024-07-06 04:00:00+00:00,13.9,12.8
2024-07-06 05:00:00+00:00,64.68,11.86
2024-07-06 06:00:00+00:00,127.05,12.35
2024-07-06 07:00:00+00:00,197.55,13.61
2024-07-06 08:00:00+00:00,287.0,14.74
2024-07-06 09:00:00+00:00,343.48,15.4
2024-07-06 10:00:00+00:00,389.05,15.62
2024-07-06 11:00:00+00:00,483.5,15.6
2024-07-06 12:00:00+00:00,491.52,15.25
2024-07-06 13:00:00+00:00,552.88,15.44
2024-07-06 14:00:00+00:00,498.9,15.58
2024-07-06 15:00:00+00:00,451.83,15.66
2024-07-06 16:00:00+00:00,371.1,15.82
2024-07-06 17:00:00+00:00,255.38,15.69
2024-07-06 18:00:00+00:00,154.18,15.08
2024-07-06 19:00:00+00:00,57.3,13.39
2024-07-06 20:00:00+00:00,0.0,11.47
2024-07-06 21:00:00+00:00,0.0,10.85
2024-07-06 22:00:00+00:00,0.0,10.35
2024-07-06 23:00:00+00:00,0.0,9.88
2024-07-07 00:00:00+00:00,0.0,9.49
2024-07-07 01:00:00+00:00,0.0,9.14
2024-07-07 02:00:00+00:00,0.0,8.91
2024-07-07 03:00:00+00:00,0.0,8.91
2024-07-07 04:00:00+00:00,14.07,10.16
2024-07-07 05:00:00+00:00,66.85,11.51
2024-07-07 06:00:00+00:00,137.62,12.43
2024-07-07 07:00:00+00:00,221.38,13.8
2024-07-07 08:00:00+00:00,295.17,15.29
2024-07-07 09:00:00+00:00,346.02,16.4
2024-07-07 10:00:00+00:00,400.58,17.1
2024-07-07 11:00:00+00:00,561.15,17.48
2024-07-07 12:00:00+00:00,568.67,17.62
2024-07-07 13:00:00+00:00,524.1,17.5
2024-07-07 14:00:00+00:00,496.85,17.51
2024-07-07 15:00:00+00:00,446.12,17.4
2024-07-07 16:00:00+00:00,361.3,16.89
2024-07-07 17:00:00+00:00,243.48,16.44
2024-07-07 18:00:00+00:00,139.6,15.82
2024-07-07 19:00:00+00:00,49.4,14.47
2024-07-07 20:00:00+00:00,0.0,12.99
2024-07-07 21:00:00+00:00,0.0,12.31
2024-07-07 22:00:00+00:00,0.0,11.58
2024-07-07 23:00:00+00:00,0.0,10.91
2024-07-08 00:00:00+00:00,0.0,10.23
2024-07-08 01:00:00+00:00,0.0,9.53
2024-07-08 02:00:00+00:00,0.0,9.0
2024-07-08 03:00:00+00:00,0.0,8.78
2024-07-08 04:00:00+00:00,25.02,9.62
2024-07-08 05:00:00+00:00,125.18,11.51
2024-07-08 06:00:00+00:00,247.88,13.03
2024-07-08 07:00:00+00:00,385.92,15.29
2024-07-08 08:00:00+00:00,508.62,16.71
2024-07-08 09:00:00+00:00,498.83,17.75
2024-07-08 10:00:00+00:00,506.3,18.11
2024-07-08 11:00:00+00:00,297.12,18.09
2024-07-08 12:00:00+00:00,308.45,18.1
2024-07-08 13:00:00+00:00,292.48,17.73
2024-07-08 14:00:00+00:00,297.02,17.38
2024-07-08 15:00:00+00:00,227.4,17.3
2024-07-08 16:00:00+00:00,162.25,17.33
2024-07-08 17:00:00+00:00,114.15,16.67
2024-07-08 18:00:00+00:00,59.97,15.7
2024-07-08 19:00:00+00:00,21.1,14.83
2024-07-08 20:00:00+00:00,0.0,14.8
2024-07-08 21:00:00+00:00,0.0,14.92
2024-07-08 22:00:00+00:00,0.0,15.05
2024-07-08 23:00:00+00:00,0.0,15.13
2024-07-09 00:00:00+00:00,0.0,15.15
2024-07-09 01:00:00+00:00,0.0,15.11
2024-07-09 02:00:00+00:00,0.0,15.02
2024-07-09 03:00:00+00:00,0.0,14.93
2024-07-09 04:00:00+00:00,9.98,14.87
2024-07-09 05:00:00+00:00,40.88,15.1
2024-07-09 06:00:00+00:00,74.12,15.62
2024-07-09 07:00:00+00:00,124.0,16.37
2024-07-09 08:00:00+00:00,173.43,17.46
2024-07-09 09:00:00+00:00,288.0,18.93
2024-07-09 10:00:00+00:00,234.75,19.12
2024-07-09 11:00:00+00:00,223.2,18.81
2024-07-09 12:00:00+00:00,227.18,18.84
2024-07-09 13:00:00+00:00,219.57,19.85
2024-07-09 14:00:00+00:00,231.15,19.92
2024-07-09 15:00:00+00:00,192.4,20.0
2024-07-09 16:00:00+00:00,126.7,19.66
2024-07-09 17:00:00+00:00,111.25,19.07
2024-07-09 18:00:00+00:00,72.3,18.11
2024-07-09 19:00:00+00:00,30.95,16.87
2024-07-09 20:00:00+00:00,0.0,15.97
2024-07-09 21:00:00+00:00,0.0,15.78
2024-07-09 22:00:00+00:00,0.0,15.85
2024-07-09 23:00:00+00:00,0.0,15.84
2024-07-10 00:00:00+00:00,0.0,15.37
2024-07-10 01:00:00+00:00,0.0,14.82
2024-07-10 02:00:00+00:00,0.0,14.33
2024-07-10 03:00:00+00:00,0.0,13.88
2024-07-10 04:00:00+00:00,11.85,14.12
2024-07-10 05:00:00+00:00,59.25,15.06
2024-07-10 06:00:00+00:00,133.27,16.16
2024-07-10 07:00:00+00:00,207.95,17.42
2024-07-10 08:00:00+00:00,305.85,18.8
2024-07-10 09:00:00+00:00,271.75,19.77
2024-07-10 10:00:00+00:00,295.6,20.49
2024-07-10 11:00:00+00:00,393.2,21.0
2024-07-10 12:00:00+00:00,510.08,21.33
2024-07-10 13:00:00+00:00,600.62,21.34
2024-07-10 14:00:00+00:00,493.15,21.06
2024-07-10 15:00:00+00:00,420.65,20.77
2024-07-10 16:00:00+00:00,339.65,20.53
2024-07-10 17:00:00+00:00,210.43,19.88
2024-07-10 18:00:00+00:00,113.47,18.65
2024-07-10 19:00:00+00:00,36.1,16.81
2024-07-10 20:00:00+00:00,0.0,14.65
2024-07-10 21:00:00+00:00,0.0,13.55
2024-07-10 22:00:00+00:00,0.0,12.8
2024-07-10 23:00:00+00:00,0.0,12.23
2024-07-11 00:00:00+00:00,0.0,11.78
2024-07-11 01:00:00+00:00,0.0,11.4
2024-07-11 02:00:00+00:00,0.0,10.98
2024-07-11 03:00:00+00:00,0.0,10.54
2024-07-11 04:00:00+00:00,19.85,10.91
2024-07-11 05:00:00+00:00,119.47,12.43
2024-07-11 06:00:00+00:00,249.3,14.52
2024-07-11 07:00:00+00:00,396.6,16.48
2024-07-11 08:00:00+00:00,537.55,18.04
2024-07-11 09:00:00+00:00,593.9,19.25
2024-07-11 10:00:00+00:00,608.42,20.25
2024-07-11 11:00:00+00:00,678.28,21.06
2024-07-11 12:00:00+00:00,593.9,21.7
2024-07-11 13:00:00+00:00,630.15,21.99
2024-07-11 14:00:00+00:00,559.65,22.04
2024-07-11 15:00:00+00:00,413.25,21.85
2024-07-11 16:00:00+00:00,313.23,21.22
2024-07-11 17:00:00+00:00,196.55,20.69
2024-07-11 18:00:00+00:00,96.28,19.48
2024-07-11 19:00:00+00:00,35.58,17.24
2024-07-11 20:00:00+00:00,0.0,15.28
2024-07-11 21:00:00+00:00,0.0,14.59
2024-07-11 22:00:00+00:00,0.0,14.17
2024-07-11 23:00:00+00:00,0.0,13.68
2024-07-12 00:00:00+00:00,0.0,12.98
2024-07-12 01:00:00+00:00,0.0,12.37
2024-07-12 02:00:00+00:00,0.0,11.93
2024-07-12 03:00:00+00:00,0.0,11.68
2024-07-12 04:00:00+00:00,9.8,11.6
2024-07-12 05:00:00+00:00,52.6,12.09
2024-07-12 06:00:00+00:00,118.93,13.04
2024-07-12 07:00:00+00:00,195.5,14.02
2024-07-12 08:00:00+00:00,276.62,15.09
2024-07-12 09:00:00+00:00,409.38,16.01
2024-07-12 10:00:00+00:00,456.62,16.82
2024-07-12 11:00:00+00:00,597.33,17.47
2024-07-12 12:00:00+00:00,572.6,17.97
2024-07-12 13:00:00+00:00,530.75,18.36
2024-07-12 14:00:00+00:00,355.73,18.43
2024-07-12 15:00:00+00:00,256.33,18.16
2024-07-12 16:00:00+00:00,206.15,17.74
2024-07-12 17:00:00+00:00,129.57,17.08
2024-07-12 18:00:00+00:00,61.62,16.21
2024-07-12 19:00:00+00:00,18.7,14.45
2024-07-12 20:00:00+00:00,0.0,12.56
2024-07-12 21:00:00+00:00,0.0,11.51
2024-07-12 22:00:00+00:00,0.0,10.71
2024-07-12 23:00:00+00:00,0.0,10.36
2024-07-13 00:00:00+00:00,0.0,10.14
2024-07-13 01:00:00+00:00,0.0,10.12
2024-07-13 02:00:00+00:00,0.0,10.31
2024-07-13 03:00:00+00:00,0.0,10.41
2024-07-13 04:00:00+00:00,11.48,10.59
2024-07-13 05:00:00+00:00,65.7,11.48
2024-07-13 06:00:00+00:00,146.62,12.55
2024-07-13 07:00:00+00:00,239.0,13.66
2024-07-13 08:00:00+00:00,342.9,14.7
2024-07-13 09:00:00+00:00,359.42,15.61
2024-07-13 10:00:00+00:00,431.95,16.44
2024-07-13 11:00:00+00:00,519.58,17.22
2024-07-13 12:00:00+00:00,452.27,17.76
2024-07-13 13:00:00+00:00,447.85,18.16
2024-07-13 14:00:00+00:00,372.45,18.55
2024-07-13 15:00:00+00:00,270.6,18.48
2024-07-13 16:00:00+00:00,189.9,17.97
2024-07-13 17:00:00+00:00,134.73,17.39
2024-07-13 18:00:00+00:00,77.8,16.52
2024-07-13 19:00:00+00:00,25.27,15.0
2024-07-13 20:00:00+00:00,0.0,13.75
2024-07-13 21:00:00+00:00,0.0,12.92
2024-07-13 22:00:00+00:00,0.0,12.22
2024-07-13 23:00:00+00:00,0.0,11.61
2024-07-14 00:00:00+00:00,0.0,11.08
2024-07-14 01:00:00+00:00,0.0,10.59
2024-07-14 02:00:00+00:00,0.0,10.12
2024-07-14 03:00:00+00:00,0.0,9.73
2024-07-14 04:00:00+00:00,16.92,10.13
2024-07-14 05:00:00+00:00,117.2,12.29
2024-07-14 06:00:00+00:00,243.02,14.33
2024-07-14 07:00:00+00:00,395.27,16.63
2024-07-14 08:00:00+00:00,565.95,18.02
2024-07-14 09:00:00+00:00,530.5,19.15
2024-07-14 10:00:00+00:00,601.65,20.09
2024-07-14 11:00:00+00:00,595.22,20.74
2024-07-14 12:00:00+00:00,526.05,21.08
2024-07-14 13:00:00+00:00,436.88,21.01
2024-07-14 14:00:00+00:00,414.85,20.75
2024-07-14 15:00:00+00:00,418.88,20.33
2024-07-14 16:00:00+00:00,359.25,20.12
2024-07-14 17:00:00+00:00,234.9,19.76
2024-07-14 18:00:00+00:00,132.27,18.7
2024-07-14 19:00:00+00:00,41.15,16.35
2024-07-14 20:00:00+00:00,0.0,14.45
2024-07-14 21:00:00+00:00,0.0,13.63
2024-07-14 22:00:00+00:00,0.0,12.85
2024-07-14 23:00:00+00:00,0.0,12.12
2024-07-15 00:00:00+00:00,0.0,11.8
2024-07-15 01:00:00+00:00,0.0,11.81
2024-07-15 02:00:00+00:00,0.0,11.89
2024-07-15 03:00:00+00:00,0.0,11.91
2024-07-15 04:00:00+00:00,13.98,11.64
2024-07-15 05:00:00+00:00,80.35,13.02
2024-07-15 06:00:00+00:00,138.48,14.31
2024-07-15 07:00:00+00:00,205.55,15.93
2024-07-15 08:00:00+00:00,240.2,17.14
2024-07-15 09:00:00+00:00,284.27,17.89
2024-07-15 10:00:00+00:00,222.75,18.54
2024-07-15 11:00:00+00:00,237.82,19.09
2024-07-15 12:00:00+00:00,276.58,20.04
2024-07-15 13:00:00+00:00,238.23,20.51
2024-07-15 14:00:00+00:00,144.75,19.94
2024-07-15 15:00:00+00:00,126.18,18.95
2024-07-15 16:00:00+00:00,115.8,18.71
2024-07-15 17:00:00+00:00,73.4,18.62
2024-07-15 18:00:00+00:00,37.5,18.11
2024-07-15 19:00:00+00:00,8.73,17.5
2024-07-15 20:00:00+00:00,0.0,16.83
2024-07-15 21:00:00+00:00,0.0,16.21
2024-07-15 22:00:00+00:00,0.0,15.57
2024-07-15 23:00:00+00:00,0.0,14.59
2024-07-16 00:00:00+00:00,0.0,13.6
2024-07-16 01:00:00+00:00,0.0,13.07
2024-07-16 02:00:00+00:00,0.0,12.95
2024-07-16 03:00:00+00:00,0.0,12.92
2024-07-16 04:00:00+00:00,11.65,13.24
2024-07-16 05:00:00+00:00,63.62,14.26
2024-07-16 06:00:00+00:00,124.55,15.37
2024-07-16 07:00:00+00:00,203.23,16.49
2024-07-16 08:00:00+00:00,282.27,17.83
2024-07-16 09:00:00+00:00,278.75,19.0
2024-07-16 10:00:00+00:00,278.0,19.8
2024-07-16 11:00:00+00:00,287.1,20.43
2024-07-16 12:00:00+00:00,364.8,21.03
2024-07-16 13:00:00+00:00,387.38,21.17
2024-07-16 14:00:00+00:00,315.45,21.09
2024-07-16 15:00:00+00:00,283.23,20.75
2024-07-16 16:00:00+00:00,243.35,20.28
2024-07-16 17:00:00+00:00,160.65,19.85
2024-07-16 18:00:00+00:00,96.03,19.13
2024-07-16 19:00:00+00:00,29.33,17.26
2024-07-16 20:00:00+00:00,0.0,15.84
2024-07-16 21:00:00+00:00,0.0,15.28
2024-07-16 22:00:00+00:00,0.0,14.77
2024-07-16 23:00:00+00:00,0.0,14.21
2024-07-17 00:00:00+00:00,0.0,13.58
2024-07-17 01:00:00+00:00,0.0,12.79
2024-07-17 02:00:00+00:00,0.0,11.9
2024-07-17 03:00:00+00:00,0.0,11.17
2024-07-17 04:00:00+00:00,12.93,11.29
2024-07-17 05:00:00+00:00,104.5,12.99
2024-07-17 06:00:00+00:00,241.68,14.56
2024-07-17 07:00:00+00:00,407.45,16.67
2024-07-17 08:00:00+00:00,562.92,18.49
2024-07-17 09:00:00+00:00,637.12,20.0
2024-07-17 10:00:00+00:00,658.28,21.21
2024-07-17 11:00:00+00:00,692.15,22.14
2024-07-17 12:00:00+00:00,547.08,22.84
2024-07-17 13:00:00+00:00,621.85,23.31
2024-07-17 14:00:00+00:00,544.17,23.5
2024-07-17 15:00:00+00:00,418.48,23.21
2024-07-17 16:00:00+00:00,296.95,22.57
2024-07-17 17:00:00+00:00,196.12,21.76
2024-07-17 18:00:00+00:00,104.0,20.33
2024-07-17 19:00:00+00:00,31.08,18.27
2024-07-17 20:00:00+00:00,0.0,16.7
2024-07-17 21:00:00+00:00,0.0,15.45
2024-07-17 22:00:00+00:00,0.0,14.76
2024-07-17 23:00:00+00:00,0.0,14.4
2024-07-18 00:00:00+00:00,0.0,13.96
2024-07-18 01:00:00+00:00,0.0,13.11
2024-07-18 02:00:00+00:00,0.0,12.75
2024-07-18 03:00:00+00:00,0.0,12.58
2024-07-18 04:00:00+00:00,11.1,13.22
2024-07-18 05:00:00+00:00,83.07,14.73
2024-07-18 06:00:00+00:00,192.68,16.14
2024-07-18 07:00:00+00:00,327.52,18.36
2024-07-18 08:00:00+00:00,466.98,20.79
2024-07-18 09:00:00+00:00,626.88,22.85
2024-07-18 10:00:00+00:00,691.58,24.25
2024-07-18 11:00:00+00:00,791.7,25.2
2024-07-18 12:00:00+00:00,802.05,25.81
2024-07-18 13:00:00+00:00,659.62,26.06
2024-07-18 14:00:00+00:00,619.35,26.03
2024-07-18 15:00:00+00:00,578.08,25.79
2024-07-18 16:00:00+00:00,453.48,25.28
2024-07-18 17:00:00+00:00,288.77,24.34
2024-07-18 18:00:00+00:00,145.85,22.71
2024-07-18 19:00:00+00:00,37.28,20.2
2024-07-18 20:00:00+00:00,0.0,18.65
2024-07-18 21:00:00+00:00,0.0,18.01
2024-07-18 22:00:00+00:00,0.0,17.42
2024-07-18 23:00:00+00:00,0.0,16.93
2024-07-19 00:00:00+00:00,0.0,16.56
2024-07-19 01:00:00+00:00,0.0,16.18
2024-07-19 02:00:00+00:00,0.0,15.84
2024-07-19 03:00:00+00:00,0.0,15.57
2024-07-19 04:00:00+00:00,11.98,15.62
2024-07-19 05:00:00+00:00,104.2,17.75
2024-07-19 06:00:00+00:00,242.3,19.21
2024-07-19 07:00:00+00:00,399.4,21.57
2024-07-19 08:00:00+00:00,554.25,24.6
2024-07-19 09:00:00+00:00,684.08,26.21
2024-07-19 10:00:00+00:00,780.15,27.26
2024-07-19 11:00:00+00:00,827.78,27.96
2024-07-19 12:00:00+00:00,843.9,28.34
2024-07-19 13:00:00+00:00,748.92,28.43
2024-07-19 14:00:00+00:00,709.45,28.28
2024-07-19 15:00:00+00:00,584.67,27.86
2024-07-19 16:00:00+00:00,451.83,27.13
2024-07-19 17:00:00+00:00,303.52,25.92
2024-07-19 18:00:00+00:00,155.32,24.06
2024-07-19 19:00:00+00:00,40.03,21.32
2024-07-19 20:00:00+00:00,0.0,19.49
2024-07-19 21:00:00+00:00,0.0,18.48
2024-07-19 22:00:00+00:00,0.0,17.47
2024-07-19 23:00:00+00:00,0.0,16.48
2024-07-20 00:00:00+00:00,0.0,15.62
2024-07-20 01:00:00+00:00,0.0,14.89
2024-07-20 02:00:00+00:00,0.0,14.32
2024-07-20 03:00:00+00:00,0.0,14.09
2024-07-20 04:00:00+00:00,7.93,14.94
2024-07-20 05:00:00+00:00,52.78,16.42
2024-07-20 06:00:00+00:00,124.7,17.72
2024-07-20 07:00:00+00:00,209.32,19.22
2024-07-20 08:00:00+00:00,297.02,20.77
2024-07-20 09:00:00+00:00,337.35,22.16
2024-07-20 10:00:00+00:00,320.73,22.69
2024-07-20 11:00:00+00:00,312.9,22.26
2024-07-20 12:00:00+00:00,330.25,21.98
2024-07-20 13:00:00+00:00,353.33,22.44
2024-07-20 14:00:00+00:00,313.12,23.04
2024-07-20 15:00:00+00:00,248.3,23.05
2024-07-20 16:00:00+00:00,205.2,22.62
2024-07-20 17:00:00+00:00,128.07,21.87
2024-07-20 18:00:00+00:00,63.28,20.84
2024-07-20 19:00:00+00:00,18.7,19.38
2024-07-20 20:00:00+00:00,0.0,18.14
2024-07-20 21:00:00+00:00,0.0,17.5
2024-07-20 22:00:00+00:00,0.0,16.8
2024-07-20 23:00:00+00:00,0.0,16.25
2024-07-21 00:00:00+00:00,0.0,16.13
2024-07-21 01:00:00+00:00,0.0,16.0
2024-07-21 02:00:00+00:00,0.0,15.49
2024-07-21 03:00:00+00:00,0.0,15.05
2024-07-21 04:00:00+00:00,9.0,15.27
2024-07-21 05:00:00+00:00,72.55,16.87
2024-07-21 06:00:00+00:00,165.38,17.98
2024-07-21 07:00:00+00:00,260.2,18.87
2024-07-21 08:00:00+00:00,389.88,19.2
2024-07-21 09:00:00+00:00,468.8,19.42
2024-07-21 10:00:00+00:00,520.35,19.9
2024-07-21 11:00:00+00:00,465.08,20.17
2024-07-21 12:00:00+00:00,539.47,20.57
2024-07-21 13:00:00+00:00,548.33,21.5
2024-07-21 14:00:00+00:00,530.5,22.0
2024-07-21 15:00:00+00:00,477.12,22.08
2024-07-21 16:00:00+00:00,370.8,22.06
2024-07-21 17:00:00+00:00,253.8,21.59
2024-07-21 18:00:00+00:00,142.75,20.42
2024-07-21 19:00:00+00:00,36.95,18.02
2024-07-21 20:00:00+00:00,0.0,16.27
2024-07-21 21:00:00+00:00,0.0,15.18
2024-07-21 22:00:00+00:00,0.0,14.32
2024-07-21 23:00:00+00:00,0.0,13.56
2024-07-22 00:00:00+00:00,0.0,12.99
2024-07-22 01:00:00+00:00,0.0,12.45
2024-07-22 02:00:00+00:00,0.0,11.93
2024-07-22 03:00:00+00:00,0.0,11.61
2024-07-22 04:00:00+00:00,8.45,12.41
2024-07-22 05:00:00+00:00,64.07,14.81
2024-07-22 06:00:00+00:00,132.2,16.72
2024-07-22 07:00:00+00:00,204.32,18.27
2024-07-22 08:00:00+00:00,278.08,19.45
2024-07-22 09:00:00+00:00,328.2,20.62
2024-07-22 10:00:00+00:00,425.2,21.7
2024-07-22 11:00:00+00:00,532.4,22.71
2024-07-22 12:00:00+00:00,549.28,23.38
2024-07-22 13:00:00+00:00,644.17,23.74
2024-07-22 14:00:00+00:00,624.25,23.81
2024-07-22 15:00:00+00:00,543.53,23.59
2024-07-22 16:00:00+00:00,419.4,23.07
2024-07-22 17:00:00+00:00,257.65,22.15
2024-07-22 18:00:00+00:00,127.15,20.86
2024-07-22 19:00:00+00:00,28.65,19.12
2024-07-22 20:00:00+00:00,0.0,17.67
2024-07-22 21:00:00+00:00,0.0,17.08
2024-07-22 22:00:00+00:00,0.0,16.53
2024-07-22 23:00:00+00:00,0.0,16.14
2024-07-23 00:00:00+00:00,0.0,16.04
2024-07-23 01:00:00+00:00,0.0,15.94
2024-07-23 02:00:00+00:00,0.0,15.69
2024-07-23 03:00:00+00:00,0.0,15.5
2024-07-23 04:00:00+00:00,7.75,15.67
2024-07-23 05:00:00+00:00,67.55,16.35
2024-07-23 06:00:00+00:00,137.75,16.88
2024-07-23 07:00:00+00:00,217.82,17.63
2024-07-23 08:00:00+00:00,243.77,18.66
2024-07-23 09:00:00+00:00,323.12,19.79
2024-07-23 10:00:00+00:00,349.15,20.98
2024-07-23 11:00:00+00:00,463.73,22.09
2024-07-23 12:00:00+00:00,452.7,22.74
2024-07-23 13:00:00+00:00,477.52,23.13
2024-07-23 14:00:00+00:00,460.75,23.07
2024-07-23 15:00:00+00:00,372.27,23.09
2024-07-23 16:00:00+00:00,294.92,22.81
2024-07-23 17:00:00+00:00,180.68,21.95
2024-07-23 18:00:00+00:00,86.3,20.59
2024-07-23 19:00:00+00:00,20.55,18.82
2024-07-23 20:00:00+00:00,0.0,17.83
2024-07-23 21:00:00+00:00,0.0,17.23
2024-07-23 22:00:00+00:00,0.0,16.59
2024-07-23 23:00:00+00:00,0.0,15.78
2024-07-24 00:00:00+00:00,0.0,14.94
2024-07-24 01:00:00+00:00,0.0,14.39
2024-07-24 02:00:00+00:00,0.0,14.08
2024-07-24 03:00:00+00:00,0.0,13.94
2024-07-24 04:00:00+00:00,7.57,14.17
2024-07-24 05:00:00+00:00,76.28,15.46
2024-07-24 06:00:00+00:00,169.93,16.64
2024-07-24 07:00:00+00:00,267.05,18.28
2024-07-24 08:00:00+00:00,361.67,19.88
2024-07-24 09:00:00+00:00,478.02,21.32
2024-07-24 10:00:00+00:00,525.72,22.4
2024-07-24 11:00:00+00:00,535.0,23.12
2024-07-24 12:00:00+00:00,544.62,23.46
2024-07-24 13:00:00+00:00,487.1,23.7
2024-07-24 14:00:00+00:00,402.42,23.72
2024-07-24 15:00:00+00:00,357.45,23.08
2024-07-24 16:00:00+00:00,208.43,21.78
2024-07-24 17:00:00+00:00,144.85,20.18
2024-07-24 18:00:00+00:00,72.22,18.74
2024-07-24 19:00:00+00:00,16.7,16.89
2024-07-24 20:00:00+00:00,0.0,15.48
2024-07-24 21:00:00+00:00,0.0,15.07
2024-07-24 22:00:00+00:00,0.0,14.88
2024-07-24 23:00:00+00:00,0.0,14.7
2024-07-25 00:00:00+00:00,0.0,14.66
2024-07-25 01:00:00+00:00,0.0,14.65
2024-07-25 02:00:00+00:00,0.0,14.74
2024-07-25 03:00:00+00:00,0.0,14.77
2024-07-25 04:00:00+00:00,3.75,14.89
2024-07-25 05:00:00+00:00,24.92,15.34
2024-07-25 06:00:00+00:00,67.22,15.95
2024-07-25 07:00:00+00:00,107.95,16.48
2024-07-25 08:00:00+00:00,163.32,17.4
2024-07-25 09:00:00+00:00,221.27,19.35
2024-07-25 10:00:00+00:00,164.4,20.99
2024-07-25 11:00:00+00:00,226.82,21.73
2024-07-25 12:00:00+00:00,241.12,21.71
2024-07-25 13:00:00+00:00,310.95,21.18
2024-07-25 14:00:00+00:00,256.3,20.69
2024-07-25 15:00:00+00:00,150.77,20.58
2024-07-25 16:00:00+00:00,114.68,20.21
2024-07-25 17:00:00+00:00,110.68,19.64
2024-07-25 18:00:00+00:00,77.45,18.87
2024-07-25 19:00:00+00:00,20.38,18.08
2024-07-25 20:00:00+00:00,0.0,17.13
2024-07-25 21:00:00+00:00,0.0,16.56
2024-07-25 22:00:00+00:00,0.0,16.15
2024-07-25 23:00:00+00:00,0.0,15.69
2024-07-26 00:00:00+00:00,0.0,15.01
2024-07-26 01:00:00+00:00,0.0,14.49
2024-07-26 02:00:00+00:00,0.0,14.02
2024-07-26 03:00:00+00:00,0.0,13.55
2024-07-26 04:00:00+00:00,7.9,13.17
2024-07-26 05:00:00+00:00,100.03,13.82
2024-07-26 06:00:00+00:00,248.9,15.09
2024-07-26 07:00:00+00:00,418.52,16.98
2024-07-26 08:00:00+00:00,576.75,18.9
2024-07-26 09:00:00+00:00,639.45,20.3
2024-07-26 10:00:00+00:00,663.83,21.36
2024-07-26 11:00:00+00:00,683.5,22.19
2024-07-26 12:00:00+00:00,641.88,22.8
2024-07-26 13:00:00+00:00,619.67,23.02
2024-07-26 14:00:00+00:00,535.28,22.93
2024-07-26 15:00:00+00:00,441.83,22.42
2024-07-26 16:00:00+00:00,333.23,21.45
2024-07-26 17:00:00+00:00,195.55,20.7
2024-07-26 18:00:00+00:00,98.5,19.36
2024-07-26 19:00:00+00:00,21.15,17.54
2024-07-26 20:00:00+00:00,0.0,16.48
2024-07-26 21:00:00+00:00,0.0,15.68
2024-07-26 22:00:00+00:00,0.0,14.92
2024-07-26 23:00:00+00:00,0.0,14.09
2024-07-27 00:00:00+00:00,0.0,13.23
2024-07-27 01:00:00+00:00,0.0,12.26
2024-07-27 02:00:00+00:00,0.0,11.77
2024-07-27 03:00:00+00:00,0.0,11.34
2024-07-27 04:00:00+00:00,6.57,11.35
2024-07-27 05:00:00+00:00,89.1,12.71
2024-07-27 06:00:00+00:00,227.43,14.19
2024-07-27 07:00:00+00:00,385.75,16.65
2024-07-27 08:00:00+00:00,547.17,18.59
2024-07-27 09:00:00+00:00,673.5,20.07
2024-07-27 10:00:00+00:00,694.2,21.24
2024-07-27 11:00:00+00:00,664.7,22.0
2024-07-27 12:00:00+00:00,578.65,22.44
2024-07-27 13:00:00+00:00,581.2,22.58
2024-07-27 14:00:00+00:00,486.27,22.5
2024-07-27 15:00:00+00:00,369.1,22.34
2024-07-27 16:00:00+00:00,313.17,21.62
2024-07-27 17:00:00+00:00,197.98,20.57
2024-07-27 18:00:00+00:00,103.35,19.17
2024-07-27 19:00:00+00:00,23.62,16.84
2024-07-27 20:00:00+00:00,0.0,15.4
2024-07-27 21:00:00+00:00,0.0,14.54
2024-07-27 22:00:00+00:00,0.0,13.85
2024-07-27 23:00:00+00:00,0.0,13.27
2024-07-28 00:00:00+00:00,0.0,12.78
2024-07-28 01:00:00+00:00,0.0,12.41
2024-07-28 02:00:00+00:00,0.0,12.31
2024-07-28 03:00:00+00:00,0.0,12.21
2024-07-28 04:00:00+00:00,6.88,12.21
2024-07-28 05:00:00+00:00,100.8,13.83
2024-07-28 06:00:00+00:00,254.1,15.53
2024-07-28 07:00:00+00:00,417.17,18.35
2024-07-28 08:00:00+00:00,571.35,20.53
2024-07-28 09:00:00+00:00,702.25,21.91
2024-07-28 10:00:00+00:00,799.92,23.0
2024-07-28 11:00:00+00:00,790.38,23.83
2024-07-28 12:00:00+00:00,674.15,24.39
2024-07-28 13:00:00+00:00,679.95,24.68
2024-07-28 14:00:00+00:00,584.58,24.67
2024-07-28 15:00:00+00:00,485.48,24.32
2024-07-28 16:00:00+00:00,361.62,23.54
2024-07-28 17:00:00+00:00,232.45,22.3
2024-07-28 18:00:00+00:00,120.35,20.32
2024-07-28 19:00:00+00:00,24.62,17.43
2024-07-28 20:00:00+00:00,0.0,15.89
2024-07-28 21:00:00+00:00,0.0,15.08
2024-07-28 22:00:00+00:00,0.0,14.3
2024-07-28 23:00:00+00:00,0.0,13.72
2024-07-29 00:00:00+00:00,0.0,13.45
2024-07-29 01:00:00+00:00,0.0,13.21
2024-07-29 02:00:00+00:00,0.0,13.1
2024-07-29 03:00:00+00:00,0.0,13.1
2024-07-29 04:00:00+00:00,5.3,13.38
2024-07-29 05:00:00+00:00,85.7,15.57
2024-07-29 06:00:00+00:00,228.9,17.25
2024-07-29 07:00:00+00:00,386.83,19.57
2024-07-29 08:00:00+00:00,539.2,22.21
2024-07-29 09:00:00+00:00,669.2,23.8
2024-07-29 10:00:00+00:00,765.53,24.74
2024-07-29 11:00:00+00:00,821.15,25.39
2024-07-29 12:00:00+00:00,821.8,25.82
2024-07-29 13:00:00+00:00,785.38,26.03
2024-07-29 14:00:00+00:00,706.12,25.98
2024-07-29 15:00:00+00:00,587.78,25.71
2024-07-29 16:00:00+00:00,439.83,25.12
2024-07-29 17:00:00+00:00,273.95,24.05
2024-07-29 18:00:00+00:00,127.8,21.99
2024-07-29 19:00:00+00:00,21.4,19.01
2024-07-29 20:00:00+00:00,0.0,17.61
2024-07-29 21:00:00+00:00,0.0,16.8
2024-07-29 22:00:00+00:00,0.0,16.03
2024-07-29 23:00:00+00:00,0.0,15.33
2024-07-30 00:00:00+00:00,0.0,14.77
2024-07-30 01:00:00+00:00,0.0,14.41
2024-07-30 02:00:00+00:00,0.0,14.11
2024-07-30 03:00:00+00:00,0.0,13.82
2024-07-30 04:00:00+00:00,4.6,14.09
2024-07-30 05:00:00+00:00,68.43,16.01
2024-07-30 06:00:00+00:00,184.25,17.53
2024-07-30 07:00:00+00:00,307.3,19.38
2024-07-30 08:00:00+00:00,437.83,22.05
2024-07-30 09:00:00+00:00,604.72,24.5
2024-07-30 10:00:00+00:00,738.85,26.1
2024-07-30 11:00:00+00:00,804.75,27.11
2024-07-30 12:00:00+00:00,813.25,27.75
2024-07-30 13:00:00+00:00,771.4,28.15
2024-07-30 14:00:00+00:00,682.05,28.23
2024-07-30 15:00:00+00:00,542.8,27.91
2024-07-30 16:00:00+00:00,392.3,27.17
2024-07-30 17:00:00+00:00,245.4,25.94
2024-07-30 18:00:00+00:00,113.32,23.31
2024-07-30 19:00:00+00:00,18.55,20.36
2024-07-30 20:00:00+00:00,0.0,19.02
2024-07-30 21:00:00+00:00,0.0,18.17
2024-07-30 22:00:00+00:00,0.0,17.35
2024-07-30 23:00:00+00:00,0.0,16.62
2024-07-31 00:00:00+00:00,0.0,16.19
2024-07-31 01:00:00+00:00,0.0,15.97
2024-07-31 02:00:00+00:00,0.0,15.95
2024-07-31 03:00:00+00:00,0.0,15.9
2024-07-31 04:00:00+00:00,3.2,15.99
2024-07-31 05:00:00+00:00,61.58,17.07
2024-07-31 06:00:00+00:00,185.73,18.43
2024-07-31 07:00:00+00:00,333.7,20.58
2024-07-31 08:00:00+00:00,492.3,22.72
2024-07-31 09:00:00+00:00,636.28,24.56
2024-07-31 10:00:00+00:00,722.92,25.87
2024-07-31 11:00:00+00:00,742.62,26.7
2024-07-31 12:00:00+00:00,740.05,27.1
2024-07-31 13:00:00+00:00,729.45,27.08
2024-07-31 14:00:00+00:00,657.25,26.75
2024-07-31 15:00:00+00:00,550.95,26.05
2024-07-31 16:00:00+00:00,377.95,24.98
2024-07-31 17:00:00+00:00,222.0,23.44
2024-07-31 18:00:00+00:00,97.45,21.42
2024-07-31 19:00:00+00:00,13.45,19.13
2024-07-31 20:00:00+00:00,0.0,18.08
2024-07-31 21:00:00+00:00,0.0,17.54
2024-07-31 22:00:00+00:00,0.0,17.17
2024-07-31 23:00:00+00:00,0.0,17.01
2024-08-01 00:00:00+00:00,0.0,16.99
2024-08-01 01:00:00+00:00,0.0,16.96
2024-08-01 02:00:00+00:00,0.0,16.94
2024-08-01 03:00:00+00:00,0.0,16.85
2024-08-01 04:00:00+00:00,2.8,16.86
2024-08-01 05:00:00+00:00,50.3,17.91
2024-08-01 06:00:00+00:00,149.3,18.9
2024-08-01 07:00:00+00:00,252.18,20.4
2024-08-01 08:00:00+00:00,386.65,22.5
2024-08-01 09:00:00+00:00,538.7,24.41
2024-08-01 10:00:00+00:00,689.25,25.69
2024-08-01 11:00:00+00:00,770.33,26.5
2024-08-01 12:00:00+00:00,653.62,27.06
2024-08-01 13:00:00+00:00,605.5,27.39
2024-08-01 14:00:00+00:00,451.38,27.47
2024-08-01 15:00:00+00:00,297.85,27.23
2024-08-01 16:00:00+00:00,197.62,26.63
2024-08-01 17:00:00+00:00,132.57,25.55
2024-08-01 18:00:00+00:00,70.25,23.6
2024-08-01 19:00:00+00:00,12.25,21.21
2024-08-01 20:00:00+00:00,0.0,19.89
2024-08-01 21:00:00+00:00,0.0,19.02
2024-08-01 22:00:00+00:00,0.0,18.37
2024-08-01 23:00:00+00:00,0.0,17.81
2024-08-02 00:00:00+00:00,0.0,17.29
2024-08-02 01:00:00+00:00,0.0,16.84
2024-08-02 02:00:00+00:00,0.0,16.46
2024-08-02 03:00:00+00:00,0.0,16.04
2024-08-02 04:00:00+00:00,0.0,15.81
2024-08-02 05:00:00+00:00,52.45,17.24
2024-08-02 06:00:00+00:00,135.23,18.48
2024-08-02 07:00:00+00:00,236.5,20.08
2024-08-02 08:00:00+00:00,343.95,21.86
2024-08-02 09:00:00+00:00,462.12,23.69
2024-08-02 10:00:00+00:00,580.9,25.16
2024-08-02 11:00:00+00:00,686.62,26.15
2024-08-02 12:00:00+00:00,693.4,26.56
2024-08-02 13:00:00+00:00,658.9,26.4
2024-08-02 14:00:00+00:00,602.15,26.27
2024-08-02 15:00:00+00:00,502.7,26.16
2024-08-02 16:00:00+00:00,342.85,25.64
2024-08-02 17:00:00+00:00,205.2,24.4
2024-08-02 18:00:00+00:00,95.03,22.22
2024-08-02 19:00:00+00:00,13.85,20.14
2024-08-02 20:00:00+00:00,0.0,19.23
2024-08-02 21:00:00+00:00,0.0,18.47
2024-08-02 22:00:00+00:00,0.0,17.73
2024-08-02 23:00:00+00:00,0.0,17.2
2024-08-03 00:00:00+00:00,0.0,16.75
2024-08-03 01:00:00+00:00,0.0,16.31
2024-08-03 02:00:00+00:00,0.0,16.15
2024-08-03 03:00:00+00:00,0.0,16.41
2024-08-03 04:00:00+00:00,0.0,16.74
2024-08-03 05:00:00+00:00,42.6,17.35
2024-08-03 06:00:00+00:00,132.12,17.95
2024-08-03 07:00:00+00:00,230.43,18.97
2024-08-03 08:00:00+00:00,343.33,20.01
2024-08-03 09:00:00+00:00,497.83,20.42
2024-08-03 10:00:00+00:00,607.8,20.77
2024-08-03 11:00:00+00:00,621.95,21.62
2024-08-03 12:00:00+00:00,543.25,22.87
2024-08-03 13:00:00+00:00,438.73,23.7
2024-08-03 14:00:00+00:00,434.62,23.89
2024-08-03 15:00:00+00:00,421.62,23.18
2024-08-03 16:00:00+00:00,339.73,22.09
2024-08-03 17:00:00+00:00,217.25,21.28
2024-08-03 18:00:00+00:00,95.32,19.18
2024-08-03 19:00:00+00:00,14.35,16.63
2024-08-03 20:00:00+00:00,0.0,15.78
2024-08-03 21:00:00+00:00,0.0,15.44
2024-08-03 22:00:00+00:00,0.0,14.93
2024-08-03 23:00:00+00:00,0.0,14.25
2024-08-04 00:00:00+00:00,0.0,13.61
2024-08-04 01:00:00+00:00,0.0,12.98
2024-08-04 02:00:00+00:00,0.0,12.19
2024-08-04 03:00:00+00:00,0.0,12.02
2024-08-04 04:00:00+00:00,0.0,12.13
2024-08-04 05:00:00+00:00,44.62,12.86
2024-08-04 06:00:00+00:00,114.9,14.03
2024-08-04 07:00:00+00:00,196.2,16.77
2024-08-04 08:00:00+00:00,290.35,18.01
2024-08-04 09:00:00+00:00,392.2,18.61
2024-08-04 10:00:00+00:00,437.42,18.98
2024-08-04 11:00:00+00:00,523.17,19.35
2024-08-04 12:00:00+00:00,510.83,20.43
2024-08-04 13:00:00+00:00,537.42,21.14
2024-08-04 14:00:00+00:00,413.85,21.42
2024-08-04 15:00:00+00:00,390.9,21.08
2024-08-04 16:00:00+00:00,297.83,20.56
2024-08-04 17:00:00+00:00,189.8,20.06
2024-08-04 18:00:00+00:00,91.45,18.85
2024-08-04 19:00:00+00:00,13.1,16.9
2024-08-04 20:00:00+00:00,0.0,16.06
2024-08-04 21:00:00+00:00,0.0,15.52
2024-08-04 22:00:00+00:00,0.0,14.94
2024-08-04 23:00:00+00:00,0.0,14.33
2024-08-05 00:00:00+00:00,0.0,13.86
2024-08-05 01:00:00+00:00,0.0,13.56
2024-08-05 02:00:00+00:00,0.0,13.32
2024-08-05 03:00:00+00:00,0.0,12.99
2024-08-05 04:00:00+00:00,0.0,12.75
2024-08-05 05:00:00+00:00,52.88,14.53
2024-08-05 06:00:00+00:00,122.07,16.4
2024-08-05 07:00:00+00:00,186.95,18.31
2024-08-05 08:00:00+00:00,254.98,20.12
2024-08-05 09:00:00+00:00,344.38,21.77
2024-08-05 10:00:00+00:00,405.42,23.16
2024-08-05 11:00:00+00:00,532.0,24.22
2024-08-05 12:00:00+00:00,446.42,24.92
2024-08-05 13:00:00+00:00,519.42,25.21
2024-08-05 14:00:00+00:00,427.23,25.04
2024-08-05 15:00:00+00:00,383.75,24.58
2024-08-05 16:00:00+00:00,274.45,23.84
2024-08-05 17:00:00+00:00,165.05,22.79
2024-08-05 18:00:00+00:00,73.78,21.08
2024-08-05 19:00:00+00:00,9.73,18.63
2024-08-05 20:00:00+00:00,0.0,17.57
2024-08-05 21:00:00+00:00,0.0,16.93
2024-08-05 22:00:00+00:00,0.0,16.35
2024-08-05 23:00:00+00:00,0.0,15.87
2024-08-06 00:00:00+00:00,0.0,15.6
2024-08-06 01:00:00+00:00,0.0,15.58
2024-08-06 02:00:00+00:00,0.0,15.71
2024-08-06 03:00:00+00:00,0.0,15.81
2024-08-06 04:00:00+00:00,0.0,15.71
2024-08-06 05:00:00+00:00,33.1,16.74
2024-08-06 06:00:00+00:00,80.6,18.42
2024-08-06 07:00:00+00:00,133.38,20.43
2024-08-06 08:00:00+00:00,179.98,21.93
2024-08-06 09:00:00+00:00,282.33,22.93
2024-08-06 10:00:00+00:00,342.0,23.36
2024-08-06 11:00:00+00:00,376.48,23.32
2024-08-06 12:00:00+00:00,371.62,23.23
2024-08-06 13:00:00+00:00,435.1,23.22
2024-08-06 14:00:00+00:00,460.05,23.03
2024-08-06 15:00:00+00:00,389.88,22.77
2024-08-06 16:00:00+00:00,312.27,22.52
2024-08-06 17:00:00+00:00,201.45,21.79
2024-08-06 18:00:00+00:00,98.0,19.78
2024-08-06 19:00:00+00:00,12.05,16.96
2024-08-06 20:00:00+00:00,0.0,15.48
2024-08-06 21:00:00+00:00,0.0,14.5
2024-08-06 22:00:00+00:00,0.0,13.71
2024-08-06 23:00:00+00:00,0.0,13.06
2024-08-07 00:00:00+00:00,0.0,12.53
2024-08-07 01:00:00+00:00,0.0,12.04
2024-08-07 02:00:00+00:00,0.0,11.59
2024-08-07 03:00:00+00:00,0.0,11.18
2024-08-07 04:00:00+00:00,0.0,10.91
2024-08-07 05:00:00+00:00,54.38,12.9
2024-08-07 06:00:00+00:00,159.23,14.81
2024-08-07 07:00:00+00:00,275.52,17.04
2024-08-07 08:00:00+00:00,419.48,18.85
2024-08-07 09:00:00+00:00,446.35,20.29
2024-08-07 10:00:00+00:00,446.33,21.34
2024-08-07 11:00:00+00:00,392.73,22.17
2024-08-07 12:00:00+00:00,400.9,22.73
2024-08-07 13:00:00+00:00,339.17,22.88
2024-08-07 14:00:00+00:00,300.83,22.71
2024-08-07 15:00:00+00:00,251.25,21.95
2024-08-07 16:00:00+00:00,185.6,20.45
2024-08-07 17:00:00+00:00,117.45,19.04
2024-08-07 18:00:00+00:00,56.38,17.81
2024-08-07 19:00:00+00:00,7.6,16.65
2024-08-07 20:00:00+00:00,0.0,15.94
2024-08-07 21:00:00+00:00,0.0,14.9
2024-08-07 22:00:00+00:00,0.0,14.11
2024-08-07 23:00:00+00:00,0.0,13.37
2024-08-08 00:00:00+00:00,0.0,12.77
2024-08-08 01:00:00+00:00,0.0,12.26
2024-08-08 02:00:00+00:00,0.0,11.76
2024-08-08 03:00:00+00:00,0.0,11.24
2024-08-08 04:00:00+00:00,0.0,10.93
2024-08-08 05:00:00+00:00,48.42,13.07
2024-08-08 06:00:00+00:00,136.3,15.22
2024-08-08 07:00:00+00:00,221.55,17.31
2024-08-08 08:00:00+00:00,311.92,19.19
2024-08-08 09:00:00+00:00,330.45,20.82
2024-08-08 10:00:00+00:00,241.95,21.71
2024-08-08 11:00:00+00:00,235.75,21.84
2024-08-08 12:00:00+00:00,246.62,21.8
2024-08-08 13:00:00+00:00,220.98,21.71
2024-08-08 14:00:00+00:00,174.5,21.26
2024-08-08 15:00:00+00:00,115.18,20.46
2024-08-08 16:00:00+00:00,85.82,20.12
2024-08-08 17:00:00+00:00,53.03,19.71
2024-08-08 18:00:00+00:00,20.05,19.0
2024-08-08 19:00:00+00:00,3.62,18.45
2024-08-08 20:00:00+00:00,0.0,18.12
2024-08-08 21:00:00+00:00,0.0,17.98
2024-08-08 22:00:00+00:00,0.0,17.91
2024-08-08 23:00:00+00:00,0.0,17.9
2024-08-09 00:00:00+00:00,0.0,17.85
2024-08-09 01:00:00+00:00,0.0,17.76
2024-08-09 02:00:00+00:00,0.0,17.62
2024-08-09 03:00:00+00:00,0.0,17.51
2024-08-09 04:00:00+00:00,0.0,17.42
2024-08-09 05:00:00+00:00,42.1,17.63
2024-08-09 06:00:00+00:00,131.1,18.39
2024-08-09 07:00:00+00:00,239.1,19.57
2024-08-09 08:00:00+00:00,353.77,20.98
2024-08-09 09:00:00+00:00,483.48,22.18
2024-08-09 10:00:00+00:00,687.95,23.2
2024-08-09 11:00:00+00:00,732.1,23.8
2024-08-09 12:00:00+00:00,769.72,24.14
2024-08-09 13:00:00+00:00,690.28,24.32
2024-08-09 14:00:00+00:00,679.33,24.27
2024-08-09 15:00:00+00:00,545.25,24.01
2024-08-09 16:00:00+00:00,407.58,23.36
2024-08-09 17:00:00+00:00,254.07,22.09
2024-08-09 18:00:00+00:00,106.3,20.0
2024-08-09 19:00:00+00:00,8.85,17.42
2024-08-09 20:00:00+00:00,0.0,16.3
2024-08-09 21:00:00+00:00,0.0,15.47
2024-08-09 22:00:00+00:00,0.0,14.62
2024-08-09 23:00:00+00:00,0.0,13.89
2024-08-10 00:00:00+00:00,0.0,13.38
2024-08-10 01:00:00+00:00,0.0,12.96
2024-08-10 02:00:00+00:00,0.0,12.85
2024-08-10 03:00:00+00:00,0.0,13.07
2024-08-10 04:00:00+00:00,0.0,13.17
2024-08-10 05:00:00+00:00,39.88,14.53
2024-08-10 06:00:00+00:00,111.4,16.31
2024-08-10 07:00:00+00:00,182.73,18.1
2024-08-10 08:00:00+00:00,278.1,19.79
2024-08-10 09:00:00+00:00,264.88,21.35
2024-08-10 10:00:00+00:00,236.62,22.57
2024-08-10 11:00:00+00:00,244.77,23.57
2024-08-10 12:00:00+00:00,226.93,24.41
2024-08-10 13:00:00+00:00,346.92,24.87
2024-08-10 14:00:00+00:00,373.17,25.0
2024-08-10 15:00:00+00:00,378.85,24.84
2024-08-10 16:00:00+00:00,268.02,24.35
2024-08-10 17:00:00+00:00,163.07,23.62
2024-08-10 18:00:00+00:00,69.0,22.23
2024-08-10 19:00:00+00:00,6.5,20.36
2024-08-10 20:00:00+00:00,0.0,19.44
2024-08-10 21:00:00+00:00,0.0,18.55
2024-08-10 22:00:00+00:00,0.0,17.64
2024-08-10 23:00:00+00:00,0.0,16.92
2024-08-11 00:00:00+00:00,0.0,16.43
2024-08-11 01:00:00+00:00,0.0,16.15
2024-08-11 02:00:00+00:00,0.0,15.83
2024-08-11 03:00:00+00:00,0.0,15.41
2024-08-11 04:00:00+00:00,0.0,14.96
2024-08-11 05:00:00+00:00,44.6,15.55
2024-08-11 06:00:00+00:00,154.35,17.04
2024-08-11 07:00:00+00:00,282.77,19.65
2024-08-11 08:00:00+00:00,413.8,21.83
2024-08-11 09:00:00+00:00,550.45,23.5
2024-08-11 10:00:00+00:00,674.15,24.79
2024-08-11 11:00:00+00:00,723.47,25.63
2024-08-11 12:00:00+00:00,600.38,26.18
2024-08-11 13:00:00+00:00,651.9,26.48
2024-08-11 14:00:00+00:00,664.62,26.4
2024-08-11 15:00:00+00:00,544.85,25.99
2024-08-11 16:00:00+00:00,400.15,25.24
2024-08-11 17:00:00+00:00,242.75,23.98
2024-08-11 18:00:00+00:00,94.05,22.04
2024-08-11 19:00:00+00:00,6.5,19.92
2024-08-11 20:00:00+00:00,0.0,18.72
2024-08-11 21:00:00+00:00,0.0,18.09
2024-08-11 22:00:00+00:00,0.0,17.87
2024-08-11 23:00:00+00:00,0.0,17.95
2024-08-12 00:00:00+00:00,0.0,18.09
2024-08-12 01:00:00+00:00,0.0,18.22
2024-08-12 02:00:00+00:00,0.0,18.25
2024-08-12 03:00:00+00:00,0.0,18.06
2024-08-12 04:00:00+00:00,0.0,17.85
2024-08-12 05:00:00+00:00,35.8,18.35
2024-08-12 06:00:00+00:00,142.35,19.76
2024-08-12 07:00:00+00:00,279.4,21.87
2024-08-12 08:00:00+00:00,430.88,24.5
2024-08-12 09:00:00+00:00,512.2,26.73
2024-08-12 10:00:00+00:00,589.65,28.14
2024-08-12 11:00:00+00:00,576.38,29.0
2024-08-12 12:00:00+00:00,647.67,29.6
2024-08-12 13:00:00+00:00,588.97,29.93
2024-08-12 14:00:00+00:00,588.62,29.85
2024-08-12 15:00:00+00:00,469.0,29.39
2024-08-12 16:00:00+00:00,332.3,28.49
2024-08-12 17:00:00+00:00,204.35,26.95
2024-08-12 18:00:00+00:00,78.8,24.71
2024-08-12 19:00:00+00:00,5.35,22.4
2024-08-12 20:00:00+00:00,0.0,20.95
2024-08-12 21:00:00+00:00,0.0,19.72
2024-08-12 22:00:00+00:00,0.0,18.5
2024-08-12 23:00:00+00:00,0.0,17.17
2024-08-13 00:00:00+00:00,0.0,16.0
2024-08-13 01:00:00+00:00,0.0,15.33
2024-08-13 02:00:00+00:00,0.0,14.77
2024-08-13 03:00:00+00:00,0.0,14.0
2024-08-13 04:00:00+00:00,0.0,13.21
2024-08-13 05:00:00+00:00,48.1,14.36
2024-08-13 06:00:00+00:00,175.82,16.16
2024-08-13 07:00:00+00:00,317.98,18.49
2024-08-13 08:00:00+00:00,459.02,20.34
2024-08-13 09:00:00+00:00,569.38,22.03
2024-08-13 10:00:00+00:00,688.9,23.42
2024-08-13 11:00:00+00:00,751.83,24.57
2024-08-13 12:00:00+00:00,790.05,25.38
2024-08-13 13:00:00+00:00,737.65,25.85
2024-08-13 14:00:00+00:00,600.12,25.94
2024-08-13 15:00:00+00:00,523.45,25.65
2024-08-13 16:00:00+00:00,363.65,24.91
2024-08-13 17:00:00+00:00,209.02,23.4
2024-08-13 18:00:00+00:00,74.3,20.78
2024-08-13 19:00:00+00:00,4.05,18.8
2024-08-13 20:00:00+00:00,0.0,17.74
2024-08-13 21:00:00+00:00,0.0,16.83
2024-08-13 22:00:00+00:00,0.0,16.22
2024-08-13 23:00:00+00:00,0.0,15.57
2024-08-14 00:00:00+00:00,0.0,15.04
2024-08-14 01:00:00+00:00,0.0,14.57
2024-08-14 02:00:00+00:00,0.0,14.6
2024-08-14 03:00:00+00:00,0.0,14.73
2024-08-14 04:00:00+00:00,0.0,14.77
2024-08-14 05:00:00+00:00,21.52,15.43
2024-08-14 06:00:00+00:00,83.3,16.65
2024-08-14 07:00:00+00:00,150.62,18.41
2024-08-14 08:00:00+00:00,202.48,20.36
2024-08-14 09:00:00+00:00,280.23,22.1
2024-08-14 10:00:00+00:00,307.5,23.49
2024-08-14 11:00:00+00:00,314.25,24.39
2024-08-14 12:00:00+00:00,304.73,24.92
2024-08-14 13:00:00+00:00,235.62,25.14
2024-08-14 14:00:00+00:00,189.5,25.14
2024-08-14 15:00:00+00:00,174.85,24.72
2024-08-14 16:00:00+00:00,130.3,24.15
2024-08-14 17:00:00+00:00,88.82,23.39
2024-08-14 18:00:00+00:00,39.62,21.96
2024-08-14 19:00:00+00:00,2.92,20.12
2024-08-14 20:00:00+00:00,0.0,19.17
2024-08-14 21:00:00+00:00,0.0,18.43
2024-08-14 22:00:00+00:00,0.0,17.42
2024-08-14 23:00:00+00:00,0.0,16.45
2024-08-15 00:00:00+00:00,0.0,16.12
2024-08-15 01:00:00+00:00,0.0,15.26
2024-08-15 02:00:00+00:00,0.0,14.27
2024-08-15 03:00:00+00:00,0.0,13.54
2024-08-15 04:00:00+00:00,0.0,12.68
2024-08-15 05:00:00+00:00,32.9,12.77
2024-08-15 06:00:00+00:00,126.03,14.16
2024-08-15 07:00:00+00:00,238.05,16.73
2024-08-15 08:00:00+00:00,351.6,18.87
2024-08-15 09:00:00+00:00,361.48,20.49
2024-08-15 10:00:00+00:00,388.42,21.72
2024-08-15 11:00:00+00:00,363.27,22.66
2024-08-15 12:00:00+00:00,458.48,23.44
2024-08-15 13:00:00+00:00,437.08,23.82
2024-08-15 14:00:00+00:00,440.9,23.75
2024-08-15 15:00:00+00:00,289.02,23.56
2024-08-15 16:00:00+00:00,205.7,23.04
2024-08-15 17:00:00+00:00,123.78,22.17
2024-08-15 18:00:00+00:00,47.97,20.83
2024-08-15 19:00:00+00:00,0.0,19.35
2024-08-15 20:00:00+00:00,0.0,18.65
2024-08-15 21:00:00+00:00,0.0,18.43
2024-08-15 22:00:00+00:00,0.0,18.3
2024-08-15 23:00:00+00:00,0.0,18.26
2024-08-16 00:00:00+00:00,0.0,18.1
2024-08-16 01:00:00+00:00,0.0,17.9
2024-08-16 02:00:00+00:00,0.0,17.48
2024-08-16 03:00:00+00:00,0.0,16.59
2024-08-16 04:00:00+00:00,0.0,15.68
2024-08-16 05:00:00+00:00,41.4,15.41
2024-08-16 06:00:00+00:00,180.05,15.53
2024-08-16 07:00:00+00:00,337.45,16.49
2024-08-16 08:00:00+00:00,492.25,18.17
2024-08-16 09:00:00+00:00,632.0,19.61
2024-08-16 10:00:00+00:00,731.85,21.02
2024-08-16 11:00:00+00:00,777.28,22.24
2024-08-16 12:00:00+00:00,764.05,23.16
2024-08-16 13:00:00+00:00,740.15,23.88
2024-08-16 14:00:00+00:00,609.08,24.21
2024-08-16 15:00:00+00:00,528.53,24.25
2024-08-16 16:00:00+00:00,382.62,23.61
2024-08-16 17:00:00+00:00,225.75,22.08
2024-08-16 18:00:00+00:00,84.7,20.48
2024-08-16 19:00:00+00:00,0.0,18.24
2024-08-16 20:00:00+00:00,0.0,17.04
2024-08-16 21:00:00+00:00,0.0,16.04
2024-08-16 22:00:00+00:00,0.0,14.89
2024-08-16 23:00:00+00:00,0.0,13.95
2024-08-17 00:00:00+00:00,0.0,13.07
2024-08-17 01:00:00+00:00,0.0,12.23
2024-08-17 02:00:00+00:00,0.0,11.53
2024-08-17 03:00:00+00:00,0.0,10.86
2024-08-17 04:00:00+00:00,0.0,10.07
2024-08-17 05:00:00+00:00,30.0,10.37
2024-08-17 06:00:00+00:00,136.73,11.88
2024-08-17 07:00:00+00:00,248.98,14.77
2024-08-17 08:00:00+00:00,376.75,17.52
2024-08-17 09:00:00+00:00,498.73,19.22
2024-08-17 10:00:00+00:00,571.17,20.42
2024-08-17 11:00:00+00:00,587.3,21.37
2024-08-17 12:00:00+00:00,672.15,22.07
2024-08-17 13:00:00+00:00,632.83,22.53
2024-08-17 14:00:00+00:00,549.53,22.7
2024-08-17 15:00:00+00:00,425.55,22.55
2024-08-17 16:00:00+00:00,282.27,22.1
2024-08-17 17:00:00+00:00,150.98,21.21
2024-08-17 18:00:00+00:00,50.8,18.9
2024-08-17 19:00:00+00:00,0.0,16.9
2024-08-17 20:00:00+00:00,0.0,15.75
2024-08-17 21:00:00+00:00,0.0,14.82
2024-08-17 22:00:00+00:00,0.0,14.35
2024-08-17 23:00:00+00:00,0.0,13.97
2024-08-18 00:00:00+00:00,0.0,13.36
2024-08-18 01:00:00+00:00,0.0,12.41
2024-08-18 02:00:00+00:00,0.0,11.65
2024-08-18 03:00:00+00:00,0.0,11.08
2024-08-18 04:00:00+00:00,0.0,10.63
2024-08-18 05:00:00+00:00,15.02,11.42
2024-08-18 06:00:00+00:00,78.53,13.27
2024-08-18 07:00:00+00:00,167.23,15.66
2024-08-18 08:00:00+00:00,277.6,17.92
2024-08-18 09:00:00+00:00,417.73,19.4
2024-08-18 10:00:00+00:00,517.1,20.51
2024-08-18 11:00:00+00:00,615.8,21.46
2024-08-18 12:00:00+00:00,645.03,22.2
2024-08-18 13:00:00+00:00,606.95,22.71
2024-08-18 14:00:00+00:00,514.0,22.95
2024-08-18 15:00:00+00:00,367.48,22.82
2024-08-18 16:00:00+00:00,250.18,22.19
2024-08-18 17:00:00+00:00,137.88,20.69
2024-08-18 18:00:00+00:00,43.88,17.91
2024-08-18 19:00:00+00:00,0.0,15.83
2024-08-18 20:00:00+00:00,0.0,15.07
2024-08-18 21:00:00+00:00,0.0,14.34
2024-08-18 22:00:00+00:00,0.0,13.6
2024-08-18 23:00:00+00:00,0.0,12.89
2024-08-19 00:00:00+00:00,0.0,12.24
2024-08-19 01:00:00+00:00,0.0,11.65
2024-08-19 02:00:00+00:00,0.0,11.44
2024-08-19 03:00:00+00:00,0.0,11.52
2024-08-19 04:00:00+00:00,0.0,11.72
2024-08-19 05:00:00+00:00,17.6,12.15
2024-08-19 06:00:00+00:00,75.88,13.58
2024-08-19 07:00:00+00:00,150.23,15.45
2024-08-19 08:00:00+00:00,230.62,18.23
2024-08-19 09:00:00+00:00,309.4,19.59
2024-08-19 10:00:00+00:00,336.95,20.58
2024-08-19 11:00:00+00:00,299.33,21.58
2024-08-19 12:00:00+00:00,222.43,22.27
2024-08-19 13:00:00+00:00,160.93,22.32
2024-08-19 14:00:00+00:00,224.65,21.58
2024-08-19 15:00:00+00:00,183.4,20.13
2024-08-19 16:00:00+00:00,144.55,18.97
2024-08-19 17:00:00+00:00,81.3,18.28
2024-08-19 18:00:00+00:00,30.5,17.46
2024-08-19 19:00:00+00:00,0.0,16.59
2024-08-19 20:00:00+00:00,0.0,16.17
2024-08-19 21:00:00+00:00,0.0,15.88
2024-08-19 22:00:00+00:00,0.0,15.85
2024-08-19 23:00:00+00:00,0.0,16.11
2024-08-20 00:00:00+00:00,0.0,16.46
2024-08-20 01:00:00+00:00,0.0,16.64
2024-08-20 02:00:00+00:00,0.0,16.3
2024-08-20 03:00:00+00:00,0.0,16.3
2024-08-20 04:00:00+00:00,0.0,16.34
2024-08-20 05:00:00+00:00,26.65,16.76
2024-08-20 06:00:00+00:00,131.1,17.79
2024-08-20 07:00:00+00:00,261.2,19.0
2024-08-20 08:00:00+00:00,390.92,20.44
2024-08-20 09:00:00+00:00,489.77,21.73
2024-08-20 10:00:00+00:00,540.4,22.61
2024-08-20 11:00:00+00:00,632.12,22.8
2024-08-20 12:00:00+00:00,670.88,22.85
2024-08-20 13:00:00+00:00,612.65,23.04
2024-08-20 14:00:00+00:00,567.15,22.8
2024-08-20 15:00:00+00:00,472.55,21.97
2024-08-20 16:00:00+00:00,345.67,20.73
2024-08-20 17:00:00+00:00,202.85,19.3
2024-08-20 18:00:00+00:00,68.5,17.31
2024-08-20 19:00:00+00:00,0.0,15.44
2024-08-20 20:00:00+00:00,0.0,14.33
2024-08-20 21:00:00+00:00,0.0,13.44
2024-08-20 22:00:00+00:00,0.0,12.86
2024-08-20 23:00:00+00:00,0.0,12.41
2024-08-21 00:00:00+00:00,0.0,11.96
2024-08-21 01:00:00+00:00,0.0,11.73
2024-08-21 02:00:00+00:00,0.0,11.64
2024-08-21 03:00:00+00:00,0.0,11.17
2024-08-21 04:00:00+00:00,0.0,10.44
2024-08-21 05:00:00+00:00,27.83,10.84
2024-08-21 06:00:00+00:00,137.85,12.42
2024-08-21 07:00:00+00:00,267.98,14.77
2024-08-21 08:00:00+00:00,401.3,16.49
2024-08-21 09:00:00+00:00,475.08,18.01
2024-08-21 10:00:00+00:00,539.95,19.37
2024-08-21 11:00:00+00:00,415.4,20.44
2024-08-21 12:00:00+00:00,386.27,21.18
2024-08-21 13:00:00+00:00,312.45,21.34
2024-08-21 14:00:00+00:00,256.88,20.44
2024-08-21 15:00:00+00:00,198.07,19.69
2024-08-21 16:00:00+00:00,148.45,19.39
2024-08-21 17:00:00+00:00,85.85,18.5
2024-08-21 18:00:00+00:00,26.5,17.28
2024-08-21 19:00:00+00:00,0.0,15.99
2024-08-21 20:00:00+00:00,0.0,15.14
2024-08-21 21:00:00+00:00,0.0,14.58
2024-08-21 22:00:00+00:00,0.0,14.14
2024-08-21 23:00:00+00:00,0.0,13.85
2024-08-22 00:00:00+00:00,0.0,13.69
2024-08-22 01:00:00+00:00,0.0,13.68
2024-08-22 02:00:00+00:00,0.0,13.75
2024-08-22 03:00:00+00:00,0.0,13.87
2024-08-22 04:00:00+00:00,0.0,14.13
2024-08-22 05:00:00+00:00,8.0,14.67
2024-08-22 06:00:00+00:00,46.1,15.85
2024-08-22 07:00:00+00:00,97.75,17.52
2024-08-22 08:00:00+00:00,171.27,18.69
2024-08-22 09:00:00+00:00,153.98,19.03
2024-08-22 10:00:00+00:00,180.12,19.69
2024-08-22 11:00:00+00:00,272.3,20.66
2024-08-22 12:00:00+00:00,234.88,21.2
2024-08-22 13:00:00+00:00,205.02,21.22
2024-08-22 14:00:00+00:00,223.77,21.01
2024-08-22 15:00:00+00:00,271.4,20.11
2024-08-22 16:00:00+00:00,176.6,19.32
2024-08-22 17:00:00+00:00,91.78,18.74
2024-08-22 18:00:00+00:00,26.17,18.16
2024-08-22 19:00:00+00:00,0.0,17.62
2024-08-22 20:00:00+00:00,0.0,17.46
2024-08-22 21:00:00+00:00,0.0,17.45
2024-08-22 22:00:00+00:00,0.0,17.41
2024-08-22 23:00:00+00:00,0.0,17.3
2024-08-23 00:00:00+00:00,0.0,17.18
2024-08-23 01:00:00+00:00,0.0,17.04
2024-08-23 02:00:00+00:00,0.0,16.89
2024-08-23 03:00:00+00:00,0.0,16.66
2024-08-23 04:00:00+00:00,0.0,16.57
2024-08-23 05:00:00+00:00,19.27,17.01
2024-08-23 06:00:00+00:00,122.25,18.05
2024-08-23 07:00:00+00:00,269.52,19.0
2024-08-23 08:00:00+00:00,429.52,19.15
2024-08-23 09:00:00+00:00,569.03,19.37
2024-08-23 10:00:00+00:00,697.03,20.28
2024-08-23 11:00:00+00:00,772.95,21.27
2024-08-23 12:00:00+00:00,732.33,22.04
2024-08-23 13:00:00+00:00,667.22,22.38
2024-08-23 14:00:00+00:00,530.4,22.4
2024-08-23 15:00:00+00:00,378.38,21.8
2024-08-23 16:00:00+00:00,249.8,21.07
2024-08-23 17:00:00+00:00,128.55,19.85
2024-08-23 18:00:00+00:00,32.08,17.2
2024-08-23 19:00:00+00:00,0.0,15.12
2024-08-23 20:00:00+00:00,0.0,14.52
2024-08-23 21:00:00+00:00,0.0,13.95
2024-08-23 22:00:00+00:00,0.0,13.45
2024-08-23 23:00:00+00:00,0.0,13.48
2024-08-24 00:00:00+00:00,0.0,13.57
2024-08-24 01:00:00+00:00,0.0,13.81
2024-08-24 02:00:00+00:00,0.0,13.43
2024-08-24 03:00:00+00:00,0.0,13.32
2024-08-24 04:00:00+00:00,0.0,13.49
2024-08-24 05:00:00+00:00,6.43,13.84
2024-08-24 06:00:00+00:00,33.67,14.56
2024-08-24 07:00:00+00:00,35.0,15.26
2024-08-24 08:00:00+00:00,32.53,15.99
2024-08-24 09:00:00+00:00,48.8,16.64
2024-08-24 10:00:00+00:00,135.75,17.39
2024-08-24 11:00:00+00:00,203.3,17.72
2024-08-24 12:00:00+00:00,274.33,16.91
2024-08-24 13:00:00+00:00,391.1,15.47
2024-08-24 14:00:00+00:00,364.95,15.1
2024-08-24 15:00:00+00:00,340.1,16.13
2024-08-24 16:00:00+00:00,239.18,17.23
2024-08-24 17:00:00+00:00,134.8,17.32
2024-08-24 18:00:00+00:00,37.9,15.88
2024-08-24 19:00:00+00:00,0.0,14.64
2024-08-24 20:00:00+00:00,0.0,13.08
2024-08-24 21:00:00+00:00,0.0,11.82
2024-08-24 22:00:00+00:00,0.0,11.07
2024-08-24 23:00:00+00:00,0.0,10.6
2024-08-25 00:00:00+00:00,0.0,10.2
2024-08-25 01:00:00+00:00,0.0,9.94
2024-08-25 02:00:00+00:00,0.0,9.79
2024-08-25 03:00:00+00:00,0.0,9.68
2024-08-25 04:00:00+00:00,0.0,9.59
2024-08-25 05:00:00+00:00,21.58,10.03
2024-08-25 06:00:00+00:00,142.93,11.6
2024-08-25 07:00:00+00:00,289.02,13.5
2024-08-25 08:00:00+00:00,435.42,15.46
2024-08-25 09:00:00+00:00,574.97,17.25
2024-08-25 10:00:00+00:00,568.65,18.48
2024-08-25 11:00:00+00:00,536.45,19.29
2024-08-25 12:00:00+00:00,511.33,19.84
2024-08-25 13:00:00+00:00,403.7,20.23
2024-08-25 14:00:00+00:00,343.98,20.26
2024-08-25 15:00:00+00:00,271.35,19.88
2024-08-25 16:00:00+00:00,156.35,19.01
2024-08-25 17:00:00+00:00,92.3,17.82
2024-08-25 18:00:00+00:00,22.1,16.41
2024-08-25 19:00:00+00:00,0.0,15.35
2024-08-25 20:00:00+00:00,0.0,14.81
2024-08-25 21:00:00+00:00,0.0,14.64
2024-08-25 22:00:00+00:00,0.0,14.52
2024-08-25 23:00:00+00:00,0.0,14.08
2024-08-26 00:00:00+00:00,0.0,13.64
2024-08-26 01:00:00+00:00,0.0,13.35
2024-08-26 02:00:00+00:00,0.0,13.19
2024-08-26 03:00:00+00:00,0.0,13.1
2024-08-26 04:00:00+00:00,0.0,13.2
2024-08-26 05:00:00+00:00,15.23,13.52
2024-08-26 06:00:00+00:00,107.07,14.89
2024-08-26 07:00:00+00:00,223.75,16.35
2024-08-26 08:00:00+00:00,339.55,17.83
2024-08-26 09:00:00+00:00,496.1,19.2
2024-08-26 10:00:00+00:00,527.0,20.35
2024-08-26 11:00:00+00:00,461.75,21.35
2024-08-26 12:00:00+00:00,533.35,22.12
2024-08-26 13:00:00+00:00,428.7,22.55
2024-08-26 14:00:00+00:00,422.65,22.63
2024-08-26 15:00:00+00:00,300.92,22.26
2024-08-26 16:00:00+00:00,200.02,21.43
2024-08-26 17:00:00+00:00,98.5,19.81
2024-08-26 18:00:00+00:00,22.92,17.31
2024-08-26 19:00:00+00:00,0.0,15.42
2024-08-26 20:00:00+00:00,0.0,14.9
2024-08-26 21:00:00+00:00,0.0,14.47
2024-08-26 22:00:00+00:00,0.0,14.01
2024-08-26 23:00:00+00:00,0.0,13.7
2024-08-27 00:00:00+00:00,0.0,13.64
2024-08-27 01:00:00+00:00,0.0,13.67
2024-08-27 02:00:00+00:00,0.0,13.76
2024-08-27 03:00:00+00:00,0.0,13.8
2024-08-27 04:00:00+00:00,0.0,13.82
2024-08-27 05:00:00+00:00,13.43,14.34
2024-08-27 06:00:00+00:00,83.3,16.22
2024-08-27 07:00:00+00:00,164.9,17.64
2024-08-27 08:00:00+00:00,250.07,19.0
2024-08-27 09:00:00+00:00,319.3,20.26
2024-08-27 10:00:00+00:00,349.8,21.02
2024-08-27 11:00:00+00:00,482.4,21.45
2024-08-27 12:00:00+00:00,519.45,21.68
2024-08-27 13:00:00+00:00,500.55,21.77
2024-08-27 14:00:00+00:00,546.12,21.75
2024-08-27 15:00:00+00:00,416.77,21.61
2024-08-27 16:00:00+00:00,277.75,21.31
2024-08-27 17:00:00+00:00,140.32,20.13
2024-08-27 18:00:00+00:00,29.77,17.07
2024-08-27 19:00:00+00:00,0.0,15.27
2024-08-27 20:00:00+00:00,0.0,14.67
2024-08-27 21:00:00+00:00,0.0,14.19
2024-08-27 22:00:00+00:00,0.0,13.99
2024-08-27 23:00:00+00:00,0.0,14.22
2024-08-28 00:00:00+00:00,0.0,14.35
2024-08-28 01:00:00+00:00,0.0,14.26
2024-08-28 02:00:00+00:00,0.0,14.2
2024-08-28 03:00:00+00:00,0.0,14.18
2024-08-28 04:00:00+00:00,0.0,14.21
2024-08-28 05:00:00+00:00,9.98,14.63
2024-08-28 06:00:00+00:00,68.62,16.5
2024-08-28 07:00:00+00:00,150.43,17.76
2024-08-28 08:00:00+00:00,237.43,19.44
2024-08-28 09:00:00+00:00,316.27,22.14
2024-08-28 10:00:00+00:00,419.88,24.33
2024-08-28 11:00:00+00:00,456.88,25.41
2024-08-28 12:00:00+00:00,502.6,25.9
2024-08-28 13:00:00+00:00,434.3,26.17
2024-08-28 14:00:00+00:00,383.9,26.16
2024-08-28 15:00:00+00:00,273.73,25.71
2024-08-28 16:00:00+00:00,178.43,24.7
2024-08-28 17:00:00+00:00,89.25,22.94
2024-08-28 18:00:00+00:00,19.52,20.34
2024-08-28 19:00:00+00:00,0.0,18.97
2024-08-28 20:00:00+00:00,0.0,18.14
2024-08-28 21:00:00+00:00,0.0,17.19
2024-08-28 22:00:00+00:00,0.0,16.25
2024-08-28 23:00:00+00:00,0.0,15.36
2024-08-29 00:00:00+00:00,0.0,14.5
2024-08-29 01:00:00+00:00,0.0,13.61
2024-08-29 02:00:00+00:00,0.0,12.84
2024-08-29 03:00:00+00:00,0.0,12.14
2024-08-29 04:00:00+00:00,0.0,11.54
2024-08-29 05:00:00+00:00,14.62,11.65
2024-08-29 06:00:00+00:00,123.97,13.24
2024-08-29 07:00:00+00:00,269.95,15.19
2024-08-29 08:00:00+00:00,414.25,17.3
2024-08-29 09:00:00+00:00,545.72,18.9
2024-08-29 10:00:00+00:00,610.4,20.2
2024-08-29 11:00:00+00:00,606.55,21.16
2024-08-29 12:00:00+00:00,532.6,21.86
2024-08-29 13:00:00+00:00,517.15,22.24
2024-08-29 14:00:00+00:00,461.55,22.3
2024-08-29 15:00:00+00:00,359.48,22.1
2024-08-29 16:00:00+00:00,220.07,21.44
2024-08-29 17:00:00+00:00,116.9,19.91
2024-08-29 18:00:00+00:00,23.65,16.91
2024-08-29 19:00:00+00:00,0.0,15.39
2024-08-29 20:00:00+00:00,0.0,14.63
2024-08-29 21:00:00+00:00,0.0,13.79
2024-08-29 22:00:00+00:00,0.0,13.04
2024-08-29 23:00:00+00:00,0.0,12.55
2024-08-30 00:00:00+00:00,0.0,12.18
2024-08-30 01:00:00+00:00,0.0,12.01
2024-08-30 02:00:00+00:00,0.0,11.85
2024-08-30 03:00:00+00:00,0.0,11.53
2024-08-30 04:00:00+00:00,0.0,10.87
2024-08-30 05:00:00+00:00,13.45,10.75
2024-08-30 06:00:00+00:00,125.82,12.37
2024-08-30 07:00:00+00:00,280.55,14.41
2024-08-30 08:00:00+00:00,432.2,17.68
2024-08-30 09:00:00+00:00,562.8,19.65
2024-08-30 10:00:00+00:00,624.6,20.83
2024-08-30 11:00:00+00:00,615.85,21.65
2024-08-30 12:00:00+00:00,577.12,22.13
2024-08-30 13:00:00+00:00,548.58,22.21
2024-08-30 14:00:00+00:00,475.27,21.95
2024-08-30 15:00:00+00:00,370.08,21.3
2024-08-30 16:00:00+00:00,238.0,20.28
2024-08-30 17:00:00+00:00,117.6,18.89
2024-08-30 18:00:00+00:00,20.2,17.11
2024-08-30 19:00:00+00:00,0.0,15.96
2024-08-30 20:00:00+00:00,0.0,15.18
2024-08-30 21:00:00+00:00,0.0,14.3
2024-08-30 22:00:00+00:00,0.0,13.66
2024-08-30 23:00:00+00:00,0.0,13.36
2024-08-31 00:00:00+00:00,0.0,13.28
2024-08-31 01:00:00+00:00,0.0,13.27
2024-08-31 02:00:00+00:00,0.0,13.29
2024-08-31 03:00:00+00:00,0.0,13.24
2024-08-31 04:00:00+00:00,0.0,12.82
2024-08-31 05:00:00+00:00,8.73,13.01
2024-08-31 06:00:00+00:00,68.28,14.41
2024-08-31 07:00:00+00:00,134.93,16.16
2024-08-31 08:00:00+00:00,186.8,17.57
2024-08-31 09:00:00+00:00,219.2,18.26
2024-08-31 10:00:00+00:00,232.68,19.36
2024-08-31 11:00:00+00:00,253.18,20.26
2024-08-31 12:00:00+00:00,245.32,20.85
2024-08-31 13:00:00+00:00,201.43,21.19
2024-08-31 14:00:00+00:00,172.38,21.0
2024-08-31 15:00:00+00:00,134.52,20.37
2024-08-31 16:00:00+00:00,87.5,19.6
2024-08-31 17:00:00+00:00,43.42,18.65
2024-08-31 18:00:00+00:00,8.32,17.53
2024-08-31 19:00:00+00:00,0.0,16.65
2024-08-31 20:00:00+00:00,0.0,16.13
2024-08-31 21:00:00+00:00,0.0,16.02
2024-08-31 22:00:00+00:00,0.0,16.09
2024-08-31 23:00:00+00:00,0.0,16.05
2024-09-01 00:00:00+00:00,0.0,16.08
2024-09-01 01:00:00+00:00,0.0,16.05
2024-09-01 02:00:00+00:00,0.0,16.05
2024-09-01 03:00:00+00:00,0.0,16.0
2024-09-01 04:00:00+00:00,0.0,15.9
2024-09-01 05:00:00+00:00,7.7,15.94
2024-09-01 06:00:00+00:00,70.38,16.81
2024-09-01 07:00:00+00:00,176.12,18.26
2024-09-01 08:00:00+00:00,286.4,20.28
2024-09-01 09:00:00+00:00,389.7,22.52
2024-09-01 10:00:00+00:00,452.62,24.32
2024-09-01 11:00:00+00:00,520.58,25.66
2024-09-01 12:00:00+00:00,561.03,26.54
2024-09-01 13:00:00+00:00,526.45,26.97
2024-09-01 14:00:00+00:00,427.85,26.97
2024-09-01 15:00:00+00:00,312.58,26.57
2024-09-01 16:00:00+00:00,202.6,25.71
2024-09-01 17:00:00+00:00,97.55,24.15
2024-09-01 18:00:00+00:00,14.93,21.52
2024-09-01 19:00:00+00:00,0.0,20.26
2024-09-01 20:00:00+00:00,0.0,19.63
2024-09-01 21:00:00+00:00,0.0,19.08
2024-09-01 22:00:00+00:00,0.0,18.45
2024-09-01 23:00:00+00:00,0.0,17.89
2024-09-02 00:00:00+00:00,0.0,17.45
2024-09-02 01:00:00+00:00,0.0,17.09
2024-09-02 02:00:00+00:00,0.0,16.89
2024-09-02 03:00:00+00:00,0.0,16.87
2024-09-02 04:00:00+00:00,0.0,17.04
2024-09-02 05:00:00+00:00,3.5,17.36
2024-09-02 06:00:00+00:00,21.4,18.49
2024-09-02 07:00:00+00:00,53.7,19.69
2024-09-02 08:00:00+00:00,76.8,21.14
2024-09-02 09:00:00+00:00,109.15,22.23
2024-09-02 10:00:00+00:00,158.02,23.07
2024-09-02 11:00:00+00:00,257.0,23.82
2024-09-02 12:00:00+00:00,250.02,24.21
2024-09-02 13:00:00+00:00,282.17,24.16
2024-09-02 14:00:00+00:00,241.05,23.37
2024-09-02 15:00:00+00:00,195.0,22.18
2024-09-02 16:00:00+00:00,123.57,20.96
2024-09-02 17:00:00+00:00,66.07,19.6
2024-09-02 18:00:00+00:00,10.77,18.35
2024-09-02 19:00:00+00:00,0.0,17.71
2024-09-02 20:00:00+00:00,0.0,17.37
2024-09-02 21:00:00+00:00,0.0,17.1
2024-09-02 22:00:00+00:00,0.0,16.94
2024-09-02 23:00:00+00:00,0.0,16.72
2024-09-03 00:00:00+00:00,0.0,16.34
2024-09-03 01:00:00+00:00,0.0,15.66
2024-09-03 02:00:00+00:00,0.0,15.06
2024-09-03 03:00:00+00:00,0.0,14.56
2024-09-03 04:00:00+00:00,0.0,14.32
2024-09-03 05:00:00+00:00,4.8,14.49
2024-09-03 06:00:00+00:00,45.58,16.44
2024-09-03 07:00:00+00:00,108.82,17.98
2024-09-03 08:00:00+00:00,177.43,19.73
2024-09-03 09:00:00+00:00,207.1,21.31
2024-09-03 10:00:00+00:00,295.12,22.42
2024-09-03 11:00:00+00:00,332.85,23.15
2024-09-03 12:00:00+00:00,352.02,23.56
2024-09-03 13:00:00+00:00,305.0,23.61
2024-09-03 14:00:00+00:00,257.38,23.14
2024-09-03 15:00:00+00:00,215.07,22.24
2024-09-03 16:00:00+00:00,155.85,21.22
2024-09-03 17:00:00+00:00,85.82,19.78
2024-09-03 18:00:00+00:00,14.4,17.87
2024-09-03 19:00:00+00:00,0.0,16.49
2024-09-03 20:00:00+00:00,0.0,15.46
2024-09-03 21:00:00+00:00,0.0,14.67
2024-09-03 22:00:00+00:00,0.0,14.18
2024-09-03 23:00:00+00:00,0.0,14.03
2024-09-04 00:00:00+00:00,0.0,14.07
2024-09-04 01:00:00+00:00,0.0,13.85
2024-09-04 02:00:00+00:00,0.0,13.47
2024-09-04 03:00:00+00:00,0.0,13.03
2024-09-04 04:00:00+00:00,0.0,12.76
2024-09-04 05:00:00+00:00,6.68,12.52
2024-09-04 06:00:00+00:00,81.8,13.26
2024-09-04 07:00:00+00:00,193.48,14.59
2024-09-04 08:00:00+00:00,312.0,16.79
2024-09-04 09:00:00+00:00,419.58,18.38
2024-09-04 10:00:00+00:00,472.0,19.51
2024-09-04 11:00:00+00:00,480.33,20.06
2024-09-04 12:00:00+00:00,375.67,20.32
2024-09-04 13:00:00+00:00,342.45,20.25
2024-09-04 14:00:00+00:00,322.55,19.8
2024-09-04 15:00:00+00:00,258.33,18.98
2024-09-04 16:00:00+00:00,162.23,18.06
2024-09-04 17:00:00+00:00,69.82,17.0
2024-09-04 18:00:00+00:00,9.62,15.94
2024-09-04 19:00:00+00:00,0.0,15.36
2024-09-04 20:00:00+00:00,0.0,14.83
2024-09-04 21:00:00+00:00,0.0,14.15
2024-09-04 22:00:00+00:00,0.0,13.44
2024-09-04 23:00:00+00:00,0.0,12.95
2024-09-05 00:00:00+00:00,0.0,12.79
2024-09-05 01:00:00+00:00,0.0,12.62
2024-09-05 02:00:00+00:00,0.0,12.55
2024-09-05 03:00:00+00:00,0.0,12.52
2024-09-05 04:00:00+00:00,0.0,12.51
2024-09-05 05:00:00+00:00,1.7,12.47
2024-09-05 06:00:00+00:00,16.5,12.78
2024-09-05 07:00:00+00:00,43.12,13.52
2024-09-05 08:00:00+00:00,81.72,14.68
2024-09-05 09:00:00+00:00,65.55,16.01
2024-09-05 10:00:00+00:00,84.43,17.16
2024-09-05 11:00:00+00:00,125.12,18.68
2024-09-05 12:00:00+00:00,103.1,20.32
2024-09-05 13:00:00+00:00,114.6,21.05
2024-09-05 14:00:00+00:00,136.55,21.22
2024-09-05 15:00:00+00:00,116.55,21.2
2024-09-05 16:00:00+00:00,88.55,21.03
2024-09-05 17:00:00+00:00,41.62,20.26
2024-09-05 18:00:00+00:00,5.57,19.05
2024-09-05 19:00:00+00:00,0.0,18.44
2024-09-05 20:00:00+00:00,0.0,18.07
2024-09-05 21:00:00+00:00,0.0,17.74
2024-09-05 22:00:00+00:00,0.0,17.35
2024-09-05 23:00:00+00:00,0.0,17.01
2024-09-06 00:00:00+00:00,0.0,16.89
2024-09-06 01:00:00+00:00,0.0,16.96
2024-09-06 02:00:00+00:00,0.0,16.63
2024-09-06 03:00:00+00:00,0.0,16.32
2024-09-06 04:00:00+00:00,0.0,16.02
2024-09-06 05:00:00+00:00,2.8,15.88
2024-09-06 06:00:00+00:00,27.92,16.87
2024-09-06 07:00:00+00:00,73.35,17.53
2024-09-06 08:00:00+00:00,117.22,18.92
2024-09-06 09:00:00+00:00,146.55,20.56
2024-09-06 10:00:00+00:00,208.9,21.86
2024-09-06 11:00:00+00:00,251.15,22.8
2024-09-06 12:00:00+00:00,410.38,23.04
2024-09-06 13:00:00+00:00,298.12,22.85
2024-09-06 14:00:00+00:00,230.57,22.34
2024-09-06 15:00:00+00:00,168.23,21.64
2024-09-06 16:00:00+00:00,112.65,20.78
2024-09-06 17:00:00+00:00,46.85,19.66
2024-09-06 18:00:00+00:00,5.97,18.2
2024-09-06 19:00:00+00:00,0.0,17.39
2024-09-06 20:00:00+00:00,0.0,16.66
2024-09-06 21:00:00+00:00,0.0,15.9
2024-09-06 22:00:00+00:00,0.0,15.11
2024-09-06 23:00:00+00:00,0.0,14.41
2024-09-07 00:00:00+00:00,0.0,14.13
2024-09-07 01:00:00+00:00,0.0,13.78
2024-09-07 02:00:00+00:00,0.0,13.34
2024-09-07 03:00:00+00:00,0.0,12.89
2024-09-07 04:00:00+00:00,0.0,12.74
2024-09-07 05:00:00+00:00,2.28,12.75
2024-09-07 06:00:00+00:00,30.45,13.65
2024-09-07 07:00:00+00:00,92.03,14.98
2024-09-07 08:00:00+00:00,155.88,17.15
2024-09-07 09:00:00+00:00,232.57,20.05
2024-09-07 10:00:00+00:00,248.1,22.02
2024-09-07 11:00:00+00:00,276.65,23.02
2024-09-07 12:00:00+00:00,196.1,23.51
2024-09-07 13:00:00+00:00,161.55,23.51
2024-09-07 14:00:00+00:00,160.27,23.13
2024-09-07 15:00:00+00:00,134.82,22.56
2024-09-07 16:00:00+00:00,76.75,21.57
2024-09-07 17:00:00+00:00,34.95,20.16
2024-09-07 18:00:00+00:00,3.85,18.13
2024-09-07 19:00:00+00:00,0.0,17.6
2024-09-07 20:00:00+00:00,0.0,17.23
2024-09-07 21:00:00+00:00,0.0,16.76
2024-09-07 22:00:00+00:00,0.0,16.04
2024-09-07 23:00:00+00:00,0.0,15.78
2024-09-08 00:00:00+00:00,0.0,15.85
2024-09-08 01:00:00+00:00,0.0,15.61
2024-09-08 02:00:00+00:00,0.0,15.1
2024-09-08 03:00:00+00:00,0.0,14.67
2024-09-08 04:00:00+00:00,0.0,14.24
2024-09-08 05:00:00+00:00,2.95,14.05
2024-09-08 06:00:00+00:00,45.1,15.29
2024-09-08 07:00:00+00:00,115.97,16.37
2024-09-08 08:00:00+00:00,192.1,17.54
2024-09-08 09:00:00+00:00,260.45,18.59
2024-09-08 10:00:00+00:00,376.65,19.26
2024-09-08 11:00:00+00:00,429.35,19.6
2024-09-08 12:00:00+00:00,491.0,19.79
2024-09-08 13:00:00+00:00,454.88,19.85
2024-09-08 14:00:00+00:00,373.23,19.81
2024-09-08 15:00:00+00:00,273.1,19.66
2024-09-08 16:00:00+00:00,161.93,19.34
2024-09-08 17:00:00+00:00,65.6,18.48
2024-09-08 18:00:00+00:00,5.2,16.73
2024-09-08 19:00:00+00:00,0.0,15.69
2024-09-08 20:00:00+00:00,0.0,14.84
2024-09-08 21:00:00+00:00,0.0,14.32
2024-09-08 22:00:00+00:00,0.0,14.24
2024-09-08 23:00:00+00:00,0.0,14.19
2024-09-09 00:00:00+00:00,0.0,14.29
2024-09-09 01:00:00+00:00,0.0,14.58
2024-09-09 02:00:00+00:00,0.0,14.54
2024-09-09 03:00:00+00:00,0.0,14.21
2024-09-09 04:00:00+00:00,0.0,13.84
2024-09-09 05:00:00+00:00,2.45,13.52
2024-09-09 06:00:00+00:00,35.67,13.55
2024-09-09 07:00:00+00:00,104.8,14.02
2024-09-09 08:00:00+00:00,176.5,14.5
2024-09-09 09:00:00+00:00,237.45,15.51
2024-09-09 10:00:00+00:00,324.33,16.38
2024-09-09 11:00:00+00:00,346.88,16.94
2024-09-09 12:00:00+00:00,318.62,17.09
2024-09-09 13:00:00+00:00,367.95,17.25
2024-09-09 14:00:00+00:00,387.17,17.49
2024-09-09 15:00:00+00:00,284.05,17.66
2024-09-09 16:00:00+00:00,169.23,17.57
2024-09-09 17:00:00+00:00,70.4,16.26
2024-09-09 18:00:00+00:00,5.68,13.66
2024-09-09 19:00:00+00:00,0.0,12.7
2024-09-09 20:00:00+00:00,0.0,11.95
2024-09-09 21:00:00+00:00,0.0,11.39
2024-09-09 22:00:00+00:00,0.0,10.69
2024-09-09 23:00:00+00:00,0.0,10.3
2024-09-10 00:00:00+00:00,0.0,9.96
2024-09-10 01:00:00+00:00,0.0,9.85
2024-09-10 02:00:00+00:00,0.0,10.14
2024-09-10 03:00:00+00:00,0.0,10.43
2024-09-10 04:00:00+00:00,0.0,10.8
2024-09-10 05:00:00+00:00,0.0,11.28
2024-09-10 06:00:00+00:00,38.7,12.21
2024-09-10 07:00:00+00:00,104.65,13.35
2024-09-10 08:00:00+00:00,151.32,14.68
2024-09-10 09:00:00+00:00,230.55,16.01
2024-09-10 10:00:00+00:00,253.98,16.78
2024-09-10 11:00:00+00:00,333.12,17.12
2024-09-10 12:00:00+00:00,383.45,17.79
2024-09-10 13:00:00+00:00,296.8,18.34
2024-09-10 14:00:00+00:00,185.1,18.4
2024-09-10 15:00:00+00:00,166.8,17.7
2024-09-10 16:00:00+00:00,106.55,16.94
2024-09-10 17:00:00+00:00,47.58,15.84
2024-09-10 18:00:00+00:00,4.03,14.58
2024-09-10 19:00:00+00:00,0.0,13.68
2024-09-10 20:00:00+00:00,0.0,12.7
2024-09-10 21:00:00+00:00,0.0,11.72
2024-09-10 22:00:00+00:00,0.0,10.49
2024-09-10 23:00:00+00:00,0.0,9.46
2024-09-11 00:00:00+00:00,0.0,8.8
2024-09-11 01:00:00+00:00,0.0,8.37
2024-09-11 02:00:00+00:00,0.0,7.98
2024-09-11 03:00:00+00:00,0.0,7.73
2024-09-11 04:00:00+00:00,0.0,7.43
2024-09-11 05:00:00+00:00,0.0,7.17
2024-09-11 06:00:00+00:00,97.78,7.91
2024-09-11 07:00:00+00:00,231.9,9.57
2024-09-11 08:00:00+00:00,356.5,11.65
2024-09-11 09:00:00+00:00,485.4,13.17
2024-09-11 10:00:00+00:00,496.83,14.15
2024-09-11 11:00:00+00:00,530.05,14.83
2024-09-11 12:00:00+00:00,546.65,15.25
2024-09-11 13:00:00+00:00,440.7,15.29
2024-09-11 14:00:00+00:00,403.8,15.11
2024-09-11 15:00:00+00:00,310.08,14.6
2024-09-11 16:00:00+00:00,200.55,13.78
2024-09-11 17:00:00+00:00,84.07,12.48
2024-09-11 18:00:00+00:00,4.88,10.68
2024-09-11 19:00:00+00:00,0.0,9.81
2024-09-11 20:00:00+00:00,0.0,9.1
2024-09-11 21:00:00+00:00,0.0,8.51
2024-09-11 22:00:00+00:00,0.0,7.92
2024-09-11 23:00:00+00:00,0.0,7.4
2024-09-12 00:00:00+00:00,0.0,7.11
2024-09-12 01:00:00+00:00,0.0,6.95
2024-09-12 02:00:00+00:00,0.0,7.01
2024-09-12 03:00:00+00:00,0.0,6.84
2024-09-12 04:00:00+00:00,0.0,6.67
2024-09-12 05:00:00+00:00,0.0,6.63
2024-09-12 06:00:00+00:00,93.2,6.99
2024-09-12 07:00:00+00:00,238.82,8.46
2024-09-12 08:00:00+00:00,377.75,10.73
2024-09-12 09:00:00+00:00,510.75,12.52
2024-09-12 10:00:00+00:00,506.88,13.58
2024-09-12 11:00:00+00:00,530.55,14.19
2024-09-12 12:00:00+00:00,403.4,14.41
2024-09-12 13:00:00+00:00,361.27,14.23
2024-09-12 14:00:00+00:00,342.35,13.81
2024-09-12 15:00:00+00:00,247.7,13.23
2024-09-12 16:00:00+00:00,164.95,12.63
2024-09-12 17:00:00+00:00,72.25,11.54
2024-09-12 18:00:00+00:00,0.0,9.63
2024-09-12 19:00:00+00:00,0.0,8.74
2024-09-12 20:00:00+00:00,0.0,7.94
2024-09-12 21:00:00+00:00,0.0,7.2
2024-09-12 22:00:00+00:00,0.0,6.61
2024-09-12 23:00:00+00:00,0.0,6.12
2024-09-13 00:00:00+00:00,0.0,5.74
2024-09-13 01:00:00+00:00,0.0,5.43
2024-09-13 02:00:00+00:00,0.0,5.28
2024-09-13 03:00:00+00:00,0.0,5.04
2024-09-13 04:00:00+00:00,0.0,4.65
2024-09-13 05:00:00+00:00,0.0,4.44
2024-09-13 06:00:00+00:00,93.88,5.63
2024-09-13 07:00:00+00:00,243.32,7.29
2024-09-13 08:00:00+00:00,393.35,10.31
2024-09-13 09:00:00+00:00,522.5,13.13
2024-09-13 10:00:00+00:00,614.95,14.74
2024-09-13 11:00:00+00:00,638.88,15.81
2024-09-13 12:00:00+00:00,594.38,16.49
2024-09-13 13:00:00+00:00,520.05,16.88
2024-09-13 14:00:00+00:00,432.73,16.95
2024-09-13 15:00:00+00:00,299.08,16.67
2024-09-13 16:00:00+00:00,193.0,16.04
2024-09-13 17:00:00+00:00,74.93,14.19
2024-09-13 18:00:00+00:00,0.0,12.87
2024-09-13 19:00:00+00:00,0.0,12.84
2024-09-13 20:00:00+00:00,0.0,11.81
2024-09-13 21:00:00+00:00,0.0,10.8
2024-09-13 22:00:00+00:00,0.0,9.67
2024-09-13 23:00:00+00:00,0.0,8.61
2024-09-14 00:00:00+00:00,0.0,7.84
2024-09-14 01:00:00+00:00,0.0,7.22
2024-09-14 02:00:00+00:00,0.0,6.54
2024-09-14 03:00:00+00:00,0.0,6.06
2024-09-14 04:00:00+00:00,0.0,5.9
2024-09-14 05:00:00+00:00,0.0,5.88
2024-09-14 06:00:00+00:00,82.78,7.37
2024-09-14 07:00:00+00:00,229.25,9.71
2024-09-14 08:00:00+00:00,379.1,12.15
2024-09-14 09:00:00+00:00,507.98,15.46
2024-09-14 10:00:00+00:00,601.33,16.69
2024-09-14 11:00:00+00:00,626.12,17.54
2024-09-14 12:00:00+00:00,569.35,18.23
2024-09-14 13:00:00+00:00,525.25,18.71
2024-09-14 14:00:00+00:00,472.25,18.91
2024-09-14 15:00:00+00:00,356.48,18.77
2024-09-14 16:00:00+00:00,219.45,17.99
2024-09-14 17:00:00+00:00,81.88,15.63
2024-09-14 18:00:00+00:00,0.0,12.84
2024-09-14 19:00:00+00:00,0.0,11.94
2024-09-14 20:00:00+00:00,0.0,11.27
2024-09-14 21:00:00+00:00,0.0,10.59
2024-09-14 22:00:00+00:00,0.0,9.91
2024-09-14 23:00:00+00:00,0.0,9.29
2024-09-15 00:00:00+00:00,0.0,8.68
2024-09-15 01:00:00+00:00,0.0,8.13
2024-09-15 02:00:00+00:00,0.0,7.65
2024-09-15 03:00:00+00:00,0.0,7.43
2024-09-15 04:00:00+00:00,0.0,7.25
2024-09-15 05:00:00+00:00,0.0,7.08
2024-09-15 06:00:00+00:00,72.47,8.9
2024-09-15 07:00:00+00:00,212.12,11.43
2024-09-15 08:00:00+00:00,348.05,14.16
2024-09-15 09:00:00+00:00,474.8,16.33
2024-09-15 10:00:00+00:00,492.05,17.82
2024-09-15 11:00:00+00:00,480.3,19.0
2024-09-15 12:00:00+00:00,456.77,19.76
2024-09-15 13:00:00+00:00,261.0,19.89
2024-09-15 14:00:00+00:00,233.38,19.13
2024-09-15 15:00:00+00:00,168.55,18.05
2024-09-15 16:00:00+00:00,86.03,17.16
2024-09-15 17:00:00+00:00,40.03,15.41
2024-09-15 18:00:00+00:00,0.0,13.2
2024-09-15 19:00:00+00:00,0.0,13.19
2024-09-15 20:00:00+00:00,0.0,13.52
2024-09-15 21:00:00+00:00,0.0,13.2
2024-09-15 22:00:00+00:00,0.0,12.55
2024-09-15 23:00:00+00:00,0.0,12.24
2024-09-16 00:00:00+00:00,0.0,11.99
2024-09-16 01:00:00+00:00,0.0,11.97
2024-09-16 02:00:00+00:00,0.0,12.27
2024-09-16 03:00:00+00:00,0.0,12.24
2024-09-16 04:00:00+00:00,0.0,11.66
2024-09-16 05:00:00+00:00,0.0,10.6
2024-09-16 06:00:00+00:00,62.83,10.67
2024-09-16 07:00:00+00:00,205.55,11.67
2024-09-16 08:00:00+00:00,353.3,13.81
2024-09-16 09:00:00+00:00,493.8,16.43
2024-09-16 10:00:00+00:00,598.83,17.96
2024-09-16 11:00:00+00:00,631.53,18.92
2024-09-16 12:00:00+00:00,636.12,19.62
2024-09-16 13:00:00+00:00,593.33,19.99
2024-09-16 14:00:00+00:00,510.45,19.97
2024-09-16 15:00:00+00:00,373.35,19.61
2024-09-16 16:00:00+00:00,219.4,18.69
2024-09-16 17:00:00+00:00,70.5,16.14
2024-09-16 18:00:00+00:00,0.0,13.26
2024-09-16 19:00:00+00:00,0.0,12.57
2024-09-16 20:00:00+00:00,0.0,11.87
2024-09-16 21:00:00+00:00,0.0,10.94
2024-09-16 22:00:00+00:00,0.0,10.01
2024-09-16 23:00:00+00:00,0.0,9.37
2024-09-17 00:00:00+00:00,0.0,9.03
2024-09-17 01:00:00+00:00,0.0,9.07
2024-09-17 02:00:00+00:00,0.0,9.4
2024-09-17 03:00:00+00:00,0.0,9.96
2024-09-17 04:00:00+00:00,0.0,10.03
2024-09-17 05:00:00+00:00,0.0,10.1
2024-09-17 06:00:00+00:00,70.7,11.07
2024-09-17 07:00:00+00:00,215.95,12.62
2024-09-17 08:00:00+00:00,360.5,14.83
2024-09-17 09:00:00+00:00,489.42,17.04
2024-09-17 10:00:00+00:00,592.67,18.51
2024-09-17 11:00:00+00:00,608.15,19.53
2024-09-17 12:00:00+00:00,631.12,20.1
2024-09-17 13:00:00+00:00,540.25,20.38
2024-09-17 14:00:00+00:00,502.85,20.25
2024-09-17 15:00:00+00:00,366.58,19.67
2024-09-17 16:00:00+00:00,219.88,18.68
2024-09-17 17:00:00+00:00,71.53,16.93
2024-09-17 18:00:00+00:00,0.0,14.91
2024-09-17 19:00:00+00:00,0.0,14.07
2024-09-17 20:00:00+00:00,0.0,13.38
2024-09-17 21:00:00+00:00,0.0,12.84
2024-09-17 22:00:00+00:00,0.0,12.52
2024-09-17 23:00:00+00:00,0.0,12.29
2024-09-18 00:00:00+00:00,0.0,12.08
2024-09-18 01:00:00+00:00,0.0,12.3
2024-09-18 02:00:00+00:00,0.0,12.4
2024-09-18 03:00:00+00:00,0.0,12.53
2024-09-18 04:00:00+00:00,0.0,12.54
2024-09-18 05:00:00+00:00,0.0,12.51
2024-09-18 06:00:00+00:00,40.53,13.4
2024-09-18 07:00:00+00:00,113.65,14.92
2024-09-18 08:00:00+00:00,195.38,17.04
2024-09-18 09:00:00+00:00,303.38,19.08
2024-09-18 10:00:00+00:00,387.23,20.65
2024-09-18 11:00:00+00:00,556.85,21.83
2024-09-18 12:00:00+00:00,607.7,22.53
2024-09-18 13:00:00+00:00,558.95,22.77
2024-09-18 14:00:00+00:00,464.92,22.61
2024-09-18 15:00:00+00:00,336.83,22.05
2024-09-18 16:00:00+00:00,191.6,20.88
2024-09-18 17:00:00+00:00,54.3,19.16
2024-09-18 18:00:00+00:00,0.0,17.4
2024-09-18 19:00:00+00:00,0.0,16.25
2024-09-18 20:00:00+00:00,0.0,15.59
2024-09-18 21:00:00+00:00,0.0,15.3
2024-09-18 22:00:00+00:00,0.0,15.07
2024-09-18 23:00:00+00:00,0.0,14.83
2024-09-19 00:00:00+00:00,0.0,14.56
2024-09-19 01:00:00+00:00,0.0,14.32
2024-09-19 02:00:00+00:00,0.0,14.2
2024-09-19 03:00:00+00:00,0.0,14.04
2024-09-19 04:00:00+00:00,0.0,14.07
2024-09-19 05:00:00+00:00,0.0,14.24
2024-09-19 06:00:00+00:00,33.83,15.09
2024-09-19 07:00:00+00:00,113.25,16.52
2024-09-19 08:00:00+00:00,197.48,18.3
2024-09-19 09:00:00+00:00,318.2,20.25
2024-09-19 10:00:00+00:00,412.3,22.01
2024-09-19 11:00:00+00:00,540.3,23.08
2024-09-19 12:00:00+00:00,571.67,23.41
2024-09-19 13:00:00+00:00,518.12,23.49
2024-09-19 14:00:00+00:00,435.38,23.36
2024-09-19 15:00:00+00:00,313.6,22.75
2024-09-19 16:00:00+00:00,176.98,21.42
2024-09-19 17:00:00+00:00,47.22,19.3
2024-09-19 18:00:00+00:00,0.0,17.25
2024-09-19 19:00:00+00:00,0.0,16.02
2024-09-19 20:00:00+00:00,0.0,15.17
2024-09-19 21:00:00+00:00,0.0,14.71
2024-09-19 22:00:00+00:00,0.0,14.41
2024-09-19 23:00:00+00:00,0.0,14.18
2024-09-20 00:00:00+00:00,0.0,13.97
2024-09-20 01:00:00+00:00,0.0,13.84
2024-09-20 02:00:00+00:00,0.0,13.78
2024-09-20 03:00:00+00:00,0.0,13.78
2024-09-20 04:00:00+00:00,0.0,13.8
2024-09-20 05:00:00+00:00,0.0,13.84
2024-09-20 06:00:00+00:00,20.8,14.29
2024-09-20 07:00:00+00:00,63.45,15.48
2024-09-20 08:00:00+00:00,131.27,17.15
2024-09-20 09:00:00+00:00,179.1,18.77
2024-09-20 10:00:00+00:00,227.98,20.32
2024-09-20 11:00:00+00:00,250.7,21.41
2024-09-20 12:00:00+00:00,336.27,22.13
2024-09-20 13:00:00+00:00,359.12,22.42
2024-09-20 14:00:00+00:00,298.98,22.19
2024-09-20 15:00:00+00:00,219.45,21.45
2024-09-20 16:00:00+00:00,128.07,20.18
2024-09-20 17:00:00+00:00,34.8,18.14
2024-09-20 18:00:00+00:00,0.0,16.25
2024-09-20 19:00:00+00:00,0.0,15.79
2024-09-20 20:00:00+00:00,0.0,15.35
2024-09-20 21:00:00+00:00,0.0,15.3
2024-09-20 22:00:00+00:00,0.0,15.24
2024-09-20 23:00:00+00:00,0.0,15.26
2024-09-21 00:00:00+00:00,0.0,15.14
2024-09-21 01:00:00+00:00,0.0,14.94
2024-09-21 02:00:00+00:00,0.0,14.89
2024-09-21 03:00:00+00:00,0.0,14.82
2024-09-21 04:00:00+00:00,0.0,14.71
2024-09-21 05:00:00+00:00,0.0,14.63
2024-09-21 06:00:00+00:00,22.7,15.22
2024-09-21 07:00:00+00:00,100.05,16.47
2024-09-21 08:00:00+00:00,182.15,17.66
2024-09-21 09:00:00+00:00,258.6,19.17
2024-09-21 10:00:00+00:00,314.42,20.89
2024-09-21 11:00:00+00:00,299.0,22.0
2024-09-21 12:00:00+00:00,275.52,22.19
2024-09-21 13:00:00+00:00,332.25,21.72
2024-09-21 14:00:00+00:00,283.48,21.25
2024-09-21 15:00:00+00:00,191.8,20.93
2024-09-21 16:00:00+00:00,100.4,20.24
2024-09-21 17:00:00+00:00,23.95,18.24
2024-09-21 18:00:00+00:00,0.0,16.55
2024-09-21 19:00:00+00:00,0.0,16.69
2024-09-21 20:00:00+00:00,0.0,16.64
2024-09-21 21:00:00+00:00,0.0,16.61
2024-09-21 22:00:00+00:00,0.0,16.43
2024-09-21 23:00:00+00:00,0.0,16.22
2024-09-22 00:00:00+00:00,0.0,15.96
2024-09-22 01:00:00+00:00,0.0,15.89
2024-09-22 02:00:00+00:00,0.0,15.91
2024-09-22 03:00:00+00:00,0.0,15.89
2024-09-22 04:00:00+00:00,0.0,15.78
2024-09-22 05:00:00+00:00,0.0,15.58
2024-09-22 06:00:00+00:00,8.12,15.84
2024-09-22 07:00:00+00:00,42.15,16.73
2024-09-22 08:00:00+00:00,76.9,17.68
2024-09-22 09:00:00+00:00,117.4,18.59
2024-09-22 10:00:00+00:00,134.8,19.53
2024-09-22 11:00:00+00:00,204.82,20.68
2024-09-22 12:00:00+00:00,162.95,21.2
2024-09-22 13:00:00+00:00,172.75,21.26
2024-09-22 14:00:00+00:00,141.52,21.07
2024-09-22 15:00:00+00:00,96.97,20.52
2024-09-22 16:00:00+00:00,51.08,19.54
2024-09-22 17:00:00+00:00,14.38,18.0
2024-09-22 18:00:00+00:00,0.0,16.91
2024-09-22 19:00:00+00:00,0.0,16.5
2024-09-22 20:00:00+00:00,0.0,16.19
2024-09-22 21:00:00+00:00,0.0,16.09
2024-09-22 22:00:00+00:00,0.0,16.12
2024-09-22 23:00:00+00:00,0.0,16.1
2024-09-23 00:00:00+00:00,0.0,15.87
2024-09-23 01:00:00+00:00,0.0,15.55
2024-09-23 02:00:00+00:00,0.0,15.38
2024-09-23 03:00:00+00:00,0.0,15.31
2024-09-23 04:00:00+00:00,0.0,15.21
2024-09-23 05:00:00+00:00,0.0,14.92
2024-09-23 06:00:00+00:00,13.23,14.91
2024-09-23 07:00:00+00:00,57.78,15.12
2024-09-23 08:00:00+00:00,112.95,15.57
2024-09-23 09:00:00+00:00,156.1,16.35
2024-09-23 10:00:00+00:00,188.15,17.23
2024-09-23 11:00:00+00:00,190.15,17.98
2024-09-23 12:00:00+00:00,233.65,18.5
2024-09-23 13:00:00+00:00,196.98,18.8
2024-09-23 14:00:00+00:00,176.62,18.83
2024-09-23 15:00:00+00:00,110.38,18.41
2024-09-23 16:00:00+00:00,50.58,17.53
2024-09-23 17:00:00+00:00,10.77,16.33
2024-09-23 18:00:00+00:00,0.0,15.17
2024-09-23 19:00:00+00:00,0.0,14.52
2024-09-23 20:00:00+00:00,0.0,14.24
2024-09-23 21:00:00+00:00,0.0,14.03
2024-09-23 22:00:00+00:00,0.0,13.9
2024-09-23 23:00:00+00:00,0.0,13.75
2024-09-24 00:00:00+00:00,0.0,13.54
2024-09-24 01:00:00+00:00,0.0,13.34
2024-09-24 02:00:00+00:00,0.0,13.12
2024-09-24 03:00:00+00:00,0.0,12.97
2024-09-24 04:00:00+00:00,0.0,12.76
2024-09-24 05:00:00+00:00,0.0,12.47
2024-09-24 06:00:00+00:00,19.02,12.38
2024-09-24 07:00:00+00:00,90.25,12.83
2024-09-24 08:00:00+00:00,160.9,13.79
2024-09-24 09:00:00+00:00,226.85,15.26
2024-09-24 10:00:00+00:00,276.98,16.77
2024-09-24 11:00:00+00:00,331.75,17.77
2024-09-24 12:00:00+00:00,301.95,18.28
2024-09-24 13:00:00+00:00,278.5,18.55
2024-09-24 14:00:00+00:00,200.93,18.44
2024-09-24 15:00:00+00:00,139.95,17.91
2024-09-24 16:00:00+00:00,77.78,16.83
2024-09-24 17:00:00+00:00,15.02,14.99
2024-09-24 18:00:00+00:00,0.0,13.63
2024-09-24 19:00:00+00:00,0.0,13.46
2024-09-24 20:00:00+00:00,0.0,13.05
2024-09-24 21:00:00+00:00,0.0,12.53
2024-09-24 22:00:00+00:00,0.0,12.14
2024-09-24 23:00:00+00:00,0.0,11.74
2024-09-25 00:00:00+00:00,0.0,11.28
2024-09-25 01:00:00+00:00,0.0,10.82
2024-09-25 02:00:00+00:00,0.0,10.32
2024-09-25 03:00:00+00:00,0.0,10.02
2024-09-25 04:00:00+00:00,0.0,9.79
2024-09-25 05:00:00+00:00,0.0,9.64
2024-09-25 06:00:00+00:00,15.82,9.98
2024-09-25 07:00:00+00:00,81.62,11.31
2024-09-25 08:00:00+00:00,165.23,12.9
2024-09-25 09:00:00+00:00,236.55,14.6
2024-09-25 10:00:00+00:00,280.55,15.9
2024-09-25 11:00:00+00:00,334.02,16.82
2024-09-25 12:00:00+00:00,314.2,17.47
2024-09-25 13:00:00+00:00,201.0,17.52
2024-09-25 14:00:00+00:00,210.93,17.43
2024-09-25 15:00:00+00:00,142.5,17.12
2024-09-25 16:00:00+00:00,77.6,16.21
2024-09-25 17:00:00+00:00,13.9,14.93
2024-09-25 18:00:00+00:00,0.0,13.99
2024-09-25 19:00:00+00:00,0.0,13.8
2024-09-25 20:00:00+00:00,0.0,13.96
2024-09-25 21:00:00+00:00,0.0,14.03
2024-09-25 22:00:00+00:00,0.0,13.93
2024-09-25 23:00:00+00:00,0.0,13.56
2024-09-26 00:00:00+00:00,0.0,13.32
2024-09-26 01:00:00+00:00,0.0,13.06
2024-09-26 02:00:00+00:00,0.0,12.52
2024-09-26 03:00:00+00:00,0.0,11.82
2024-09-26 04:00:00+00:00,0.0,11.41
2024-09-26 05:00:00+00:00,0.0,11.08
2024-09-26 06:00:00+00:00,29.42,11.84
2024-09-26 07:00:00+00:00,127.57,13.82
2024-09-26 08:00:00+00:00,229.9,15.28
2024-09-26 09:00:00+00:00,324.6,16.26
2024-09-26 10:00:00+00:00,392.92,17.12
2024-09-26 11:00:00+00:00,364.9,17.9
2024-09-26 12:00:00+00:00,326.2,18.13
2024-09-26 13:00:00+00:00,188.98,17.96
2024-09-26 14:00:00+00:00,150.43,17.52
2024-09-26 15:00:00+00:00,103.53,16.89
2024-09-26 16:00:00+00:00,54.12,16.03
2024-09-26 17:00:00+00:00,10.35,14.84
2024-09-26 18:00:00+00:00,0.0,14.03
2024-09-26 19:00:00+00:00,0.0,13.48
2024-09-26 20:00:00+00:00,0.0,12.75
2024-09-26 21:00:00+00:00,0.0,12.17
2024-09-26 22:00:00+00:00,0.0,11.84
2024-09-26 23:00:00+00:00,0.0,11.61
2024-09-27 00:00:00+00:00,0.0,11.5
2024-09-27 01:00:00+00:00,0.0,11.57
2024-09-27 02:00:00+00:00,0.0,11.52
2024-09-27 03:00:00+00:00,0.0,11.22
2024-09-27 04:00:00+00:00,0.0,10.66
2024-09-27 05:00:00+00:00,0.0,9.91
2024-09-27 06:00:00+00:00,12.73,9.31
2024-09-27 07:00:00+00:00,69.22,9.27
2024-09-27 08:00:00+00:00,133.85,9.55
2024-09-27 09:00:00+00:00,194.05,10.34
2024-09-27 10:00:00+00:00,184.93,11.55
2024-09-27 11:00:00+00:00,271.62,12.43
2024-09-27 12:00:00+00:00,326.35,13.02
2024-09-27 13:00:00+00:00,298.98,13.69
2024-09-27 14:00:00+00:00,260.55,14.18
2024-09-27 15:00:00+00:00,195.07,13.93
2024-09-27 16:00:00+00:00,117.88,12.92
2024-09-27 17:00:00+00:00,22.77,11.04
2024-09-27 18:00:00+00:00,0.0,8.98
2024-09-27 19:00:00+00:00,0.0,8.16
2024-09-27 20:00:00+00:00,0.0,7.49
2024-09-27 21:00:00+00:00,0.0,6.91
2024-09-27 22:00:00+00:00,0.0,6.21
2024-09-27 23:00:00+00:00,0.0,5.56
2024-09-28 00:00:00+00:00,0.0,4.96
2024-09-28 01:00:00+00:00,0.0,4.51
2024-09-28 02:00:00+00:00,0.0,4.59
2024-09-28 03:00:00+00:00,0.0,4.8
2024-09-28 04:00:00+00:00,0.0,4.8
2024-09-28 05:00:00+00:00,0.0,4.84
2024-09-28 06:00:00+00:00,35.2,5.03
2024-09-28 07:00:00+00:00,169.93,5.53
2024-09-28 08:00:00+00:00,304.4,6.68
2024-09-28 09:00:00+00:00,414.85,9.23
2024-09-28 10:00:00+00:00,516.35,11.85
2024-09-28 11:00:00+00:00,520.0,13.51
2024-09-28 12:00:00+00:00,435.3,14.47
2024-09-28 13:00:00+00:00,392.62,15.06
2024-09-28 14:00:00+00:00,255.35,15.26
2024-09-28 15:00:00+00:00,179.43,14.96
2024-09-28 16:00:00+00:00,92.5,14.02
2024-09-28 17:00:00+00:00,14.25,12.14
2024-09-28 18:00:00+00:00,0.0,11.59
2024-09-28 19:00:00+00:00,0.0,10.82
2024-09-28 20:00:00+00:00,0.0,9.74
2024-09-28 21:00:00+00:00,0.0,9.18
2024-09-28 22:00:00+00:00,0.0,8.68
2024-09-28 23:00:00+00:00,0.0,7.99
2024-09-29 00:00:00+00:00,0.0,7.36
2024-09-29 01:00:00+00:00,0.0,6.97
2024-09-29 02:00:00+00:00,0.0,6.66
2024-09-29 03:00:00+00:00,0.0,5.98
2024-09-29 04:00:00+00:00,0.0,6.39
2024-09-29 05:00:00+00:00,0.0,7.15
2024-09-29 06:00:00+00:00,16.67,7.6
2024-09-29 07:00:00+00:00,99.72,10.02
2024-09-29 08:00:00+00:00,189.88,11.87
2024-09-29 09:00:00+00:00,264.48,13.66
2024-09-29 10:00:00+00:00,328.23,13.75
2024-09-29 11:00:00+00:00,313.92,13.98
2024-09-29 12:00:00+00:00,259.62,14.53
2024-09-29 13:00:00+00:00,233.62,14.79
2024-09-29 14:00:00+00:00,186.62,14.52
2024-09-29 15:00:00+00:00,125.68,14.07
2024-09-29 16:00:00+00:00,66.72,13.4
2024-09-29 17:00:00+00:00,9.05,12.33
2024-09-29 18:00:00+00:00,0.0,11.61
2024-09-29 19:00:00+00:00,0.0,11.31
2024-09-29 20:00:00+00:00,0.0,11.03
2024-09-29 21:00:00+00:00,0.0,10.89
2024-09-29 22:00:00+00:00,0.0,10.91
2024-09-29 23:00:00+00:00,0.0,11.01
2024-09-30 00:00:00+00:00,0.0,11.2
2024-09-30 01:00:00+00:00,0.0,11.51
2024-09-30 02:00:00+00:00,0.0,12.09
2024-09-30 03:00:00+00:00,0.0,12.88
2024-09-30 04:00:00+00:00,0.0,13.73
2024-09-30 05:00:00+00:00,0.0,14.22
2024-09-30 06:00:00+00:00,15.4,14.45
2024-09-30 07:00:00+00:00,80.82,15.02
2024-09-30 08:00:00+00:00,155.02,15.77
2024-09-30 09:00:00+00:00,232.35,16.47
2024-09-30 10:00:00+00:00,263.15,17.21
2024-09-30 11:00:00+00:00,222.8,17.97
2024-09-30 12:00:00+00:00,185.25,18.46
2024-09-30 13:00:00+00:00,157.38,17.93
2024-09-30 14:00:00+00:00,101.95,16.48
2024-09-30 15:00:00+00:00,70.22,15.17
2024-09-30 16:00:00+00:00,38.78,14.54
2024-09-30 17:00:00+00:00,5.6,13.85
2024-09-30 18:00:00+00:00,0.0,13.11
2024-09-30 19:00:00+00:00,0.0,12.49
2024-09-30 20:00:00+00:00,0.0,11.87
2024-09-30 21:00:00+00:00,0.0,11.46
2024-09-30 22:00:00+00:00,0.0,11.23
2024-09-30 23:00:00+00:00,0.0,10.92
2024-10-01 00:00:00+00:00,0.0,10.66
2024-10-01 01:00:00+00:00,0.0,10.39
2024-10-01 02:00:00+00:00,0.0,10.12
2024-10-01 03:00:00+00:00,0.0,9.95
2024-10-01 04:00:00+00:00,0.0,9.74
2024-10-01 05:00:00+00:00,0.0,9.33
2024-10-01 06:00:00+00:00,10.65,9.06
2024-10-01 07:00:00+00:00,54.92,9.94
2024-10-01 08:00:00+00:00,102.72,11.65
2024-10-01 09:00:00+00:00,141.3,13.47
2024-10-01 10:00:00+00:00,168.25,14.55
2024-10-01 11:00:00+00:00,193.25,14.52
2024-10-01 12:00:00+00:00,164.12,13.92
2024-10-01 13:00:00+00:00,172.35,13.37
2024-10-01 14:00:00+00:00,136.57,13.13
2024-10-01 15:00:00+00:00,91.32,13.25
2024-10-01 16:00:00+00:00,45.33,13.3
2024-10-01 17:00:00+00:00,5.6,12.91
2024-10-01 18:00:00+00:00,0.0,12.52
2024-10-01 19:00:00+00:00,0.0,12.4
2024-10-01 20:00:00+00:00,0.0,12.52
2024-10-01 21:00:00+00:00,0.0,12.51
2024-10-01 22:00:00+00:00,0.0,12.53
2024-10-01 23:00:00+00:00,0.0,12.4
2024-10-02 00:00:00+00:00,0.0,12.32
2024-10-02 01:00:00+00:00,0.0,12.27
2024-10-02 02:00:00+00:00,0.0,12.29
2024-10-02 03:00:00+00:00,0.0,12.35
2024-10-02 04:00:00+00:00,0.0,12.33
2024-10-02 05:00:00+00:00,0.0,12.21
2024-10-02 06:00:00+00:00,11.6,12.22
2024-10-02 07:00:00+00:00,65.6,12.84
2024-10-02 08:00:00+00:00,132.0,13.83
2024-10-02 09:00:00+00:00,174.8,15.08
2024-10-02 10:00:00+00:00,195.55,16.36
2024-10-02 11:00:00+00:00,275.1,16.97
2024-10-02 12:00:00+00:00,242.57,17.05
2024-10-02 13:00:00+00:00,233.98,16.8
2024-10-02 14:00:00+00:00,210.32,16.35
2024-10-02 15:00:00+00:00,160.77,15.56
2024-10-02 16:00:00+00:00,84.82,14.61
2024-10-02 17:00:00+00:00,10.48,13.17
2024-10-02 18:00:00+00:00,0.0,11.98
2024-10-02 19:00:00+00:00,0.0,11.16
2024-10-02 20:00:00+00:00,0.0,10.83
2024-10-02 21:00:00+00:00,0.0,10.47
2024-10-02 22:00:00+00:00,0.0,10.15
2024-10-02 23:00:00+00:00,0.0,9.77
2024-10-03 00:00:00+00:00,0.0,9.52
2024-10-03 01:00:00+00:00,0.0,9.35
2024-10-03 02:00:00+00:00,0.0,9.28
2024-10-03 03:00:00+00:00,0.0,9.18
2024-10-03 04:00:00+00:00,0.0,9.02
2024-10-03 05:00:00+00:00,0.0,8.86
2024-10-03 06:00:00+00:00,19.88,8.89
2024-10-03 07:00:00+00:00,138.65,10.16
2024-10-03 08:00:00+00:00,270.8,11.82
2024-10-03 09:00:00+00:00,384.92,13.95
2024-10-03 10:00:00+00:00,474.27,15.37
2024-10-03 11:00:00+00:00,453.42,16.04
2024-10-03 12:00:00+00:00,486.38,16.35
2024-10-03 13:00:00+00:00,381.52,16.52
2024-10-03 14:00:00+00:00,314.35,16.25
2024-10-03 15:00:00+00:00,213.57,15.71
2024-10-03 16:00:00+00:00,101.18,14.46
2024-10-03 17:00:00+00:00,9.55,11.28
2024-10-03 18:00:00+00:00,0.0,9.52
2024-10-03 19:00:00+00:00,0.0,8.79
2024-10-03 20:00:00+00:00,0.0,8.17
2024-10-03 21:00:00+00:00,0.0,7.7
2024-10-03 22:00:00+00:00,0.0,7.43
2024-10-03 23:00:00+00:00,0.0,7.9
2024-10-04 00:00:00+00:00,0.0,8.28
2024-10-04 01:00:00+00:00,0.0,8.56
2024-10-04 02:00:00+00:00,0.0,8.59
2024-10-04 03:00:00+00:00,0.0,8.59
2024-10-04 04:00:00+00:00,0.0,8.6
2024-10-04 05:00:00+00:00,0.0,8.59
2024-10-04 06:00:00+00:00,18.7,8.44
2024-10-04 07:00:00+00:00,134.38,10.42
2024-10-04 08:00:00+00:00,265.52,12.52
2024-10-04 09:00:00+00:00,381.3,14.12
2024-10-04 10:00:00+00:00,452.75,14.98
2024-10-04 11:00:00+00:00,454.73,15.67
2024-10-04 12:00:00+00:00,428.02,16.16
2024-10-04 13:00:00+00:00,417.45,16.37
2024-10-04 14:00:00+00:00,331.52,16.26
2024-10-04 15:00:00+00:00,209.32,15.7
2024-10-04 16:00:00+00:00,91.43,14.41
2024-10-04 17:00:00+00:00,7.12,11.59
2024-10-04 18:00:00+00:00,0.0,10.46
2024-10-04 19:00:00+00:00,0.0,10.07
2024-10-04 20:00:00+00:00,0.0,9.66
2024-10-04 21:00:00+00:00,0.0,9.22
2024-10-04 22:00:00+00:00,0.0,8.84
2024-10-04 23:00:00+00:00,0.0,8.52
2024-10-05 00:00:00+00:00,0.0,8.27
2024-10-05 01:00:00+00:00,0.0,8.05
2024-10-05 02:00:00+00:00,0.0,7.9
2024-10-05 03:00:00+00:00,0.0,8.08
2024-10-05 04:00:00+00:00,0.0,8.61
2024-10-05 05:00:00+00:00,0.0,8.98
2024-10-05 06:00:00+00:00,15.5,9.65
2024-10-05 07:00:00+00:00,122.3,11.39
2024-10-05 08:00:00+00:00,250.85,12.97
2024-10-05 09:00:00+00:00,372.05,14.77
2024-10-05 10:00:00+00:00,463.8,15.87
2024-10-05 11:00:00+00:00,463.5,16.66
2024-10-05 12:00:00+00:00,448.08,17.04
2024-10-05 13:00:00+00:00,403.12,17.02
2024-10-05 14:00:00+00:00,323.55,16.59
2024-10-05 15:00:00+00:00,215.3,15.76
2024-10-05 16:00:00+00:00,90.0,14.44
2024-10-05 17:00:00+00:00,6.65,11.89
2024-10-05 18:00:00+00:00,0.0,10.9
2024-10-05 19:00:00+00:00,0.0,10.76
2024-10-05 20:00:00+00:00,0.0,10.48
2024-10-05 21:00:00+00:00,0.0,10.55
2024-10-05 22:00:00+00:00,0.0,10.67
2024-10-05 23:00:00+00:00,0.0,10.67
2024-10-06 00:00:00+00:00,0.0,10.81
2024-10-06 01:00:00+00:00,0.0,11.02
2024-10-06 02:00:00+00:00,0.0,10.81
2024-10-06 03:00:00+00:00,0.0,10.67
2024-10-06 04:00:00+00:00,0.0,10.7
2024-10-06 05:00:00+00:00,0.0,10.85
2024-10-06 06:00:00+00:00,8.35,11.1
2024-10-06 07:00:00+00:00,48.42,11.6
2024-10-06 08:00:00+00:00,97.85,12.54
2024-10-06 09:00:00+00:00,137.9,13.86
2024-10-06 10:00:00+00:00,152.75,14.92
2024-10-06 11:00:00+00:00,134.02,15.35
2024-10-06 12:00:00+00:00,179.88,15.07
2024-10-06 13:00:00+00:00,123.78,14.65
2024-10-06 14:00:00+00:00,95.57,14.69
2024-10-06 15:00:00+00:00,60.1,14.91
2024-10-06 16:00:00+00:00,25.95,14.78
2024-10-06 17:00:00+00:00,2.9,13.86
2024-10-06 18:00:00+00:00,0.0,13.78
2024-10-06 19:00:00+00:00,0.0,14.03
2024-10-06 20:00:00+00:00,0.0,14.24
2024-10-06 21:00:00+00:00,0.0,14.33
2024-10-06 22:00:00+00:00,0.0,14.03
2024-10-06 23:00:00+00:00,0.0,13.7
2024-10-07 00:00:00+00:00,0.0,12.97
2024-10-07 01:00:00+00:00,0.0,12.11
2024-10-07 02:00:00+00:00,0.0,11.54
2024-10-07 03:00:00+00:00,0.0,11.45
2024-10-07 04:00:00+00:00,0.0,11.11
2024-10-07 05:00:00+00:00,0.0,10.56
2024-10-07 06:00:00+00:00,12.62,10.85
2024-10-07 07:00:00+00:00,100.2,12.73
2024-10-07 08:00:00+00:00,204.95,14.41
2024-10-07 09:00:00+00:00,292.6,15.98
2024-10-07 10:00:00+00:00,352.0,17.06
2024-10-07 11:00:00+00:00,367.65,17.82
2024-10-07 12:00:00+00:00,341.83,18.27
2024-10-07 13:00:00+00:00,343.92,18.3
2024-10-07 14:00:00+00:00,273.58,17.86
2024-10-07 15:00:00+00:00,170.77,16.9
2024-10-07 16:00:00+00:00,64.45,15.49
2024-10-07 17:00:00+00:00,3.88,13.62
2024-10-07 18:00:00+00:00,0.0,13.22
2024-10-07 19:00:00+00:00,0.0,13.28
2024-10-07 20:00:00+00:00,0.0,13.54
2024-10-07 21:00:00+00:00,0.0,13.85
2024-10-07 22:00:00+00:00,0.0,14.19
2024-10-07 23:00:00+00:00,0.0,14.54
2024-10-08 00:00:00+00:00,0.0,14.37
2024-10-08 01:00:00+00:00,0.0,13.35
2024-10-08 02:00:00+00:00,0.0,12.28
2024-10-08 03:00:00+00:00,0.0,11.68
2024-10-08 04:00:00+00:00,0.0,11.83
2024-10-08 05:00:00+00:00,0.0,12.34
2024-10-08 06:00:00+00:00,8.45,12.79
2024-10-08 07:00:00+00:00,83.25,13.61
2024-10-08 08:00:00+00:00,188.27,14.51
2024-10-08 09:00:00+00:00,286.67,15.25
2024-10-08 10:00:00+00:00,364.6,16.18
2024-10-08 11:00:00+00:00,399.85,17.27
2024-10-08 12:00:00+00:00,352.25,17.75
2024-10-08 13:00:00+00:00,249.9,17.65
2024-10-08 14:00:00+00:00,180.5,17.27
2024-10-08 15:00:00+00:00,112.3,16.41
2024-10-08 16:00:00+00:00,44.88,15.43
2024-10-08 17:00:00+00:00,2.12,14.89
2024-10-08 18:00:00+00:00,0.0,14.81
2024-10-08 19:00:00+00:00,0.0,14.71
2024-10-08 20:00:00+00:00,0.0,14.59
2024-10-08 21:00:00+00:00,0.0,14.44
2024-10-08 22:00:00+00:00,0.0,14.32
2024-10-08 23:00:00+00:00,0.0,14.16
2024-10-09 00:00:00+00:00,0.0,13.84
2024-10-09 01:00:00+00:00,0.0,13.37
2024-10-09 02:00:00+00:00,0.0,12.88
2024-10-09 03:00:00+00:00,0.0,12.66
2024-10-09 04:00:00+00:00,0.0,12.56
2024-10-09 05:00:00+00:00,0.0,12.43
2024-10-09 06:00:00+00:00,9.23,12.23
2024-10-09 07:00:00+00:00,80.78,12.72
2024-10-09 08:00:00+00:00,163.43,13.67
2024-10-09 09:00:00+00:00,189.9,14.67
2024-10-09 10:00:00+00:00,224.1,15.4
2024-10-09 11:00:00+00:00,231.65,16.02
2024-10-09 12:00:00+00:00,222.5,16.65
2024-10-09 13:00:00+00:00,199.43,16.94
2024-10-09 14:00:00+00:00,155.65,16.87
2024-10-09 15:00:00+00:00,99.72,16.2
2024-10-09 16:00:00+00:00,45.05,15.05
2024-10-09 17:00:00+00:00,0.0,13.76
2024-10-09 18:00:00+00:00,0.0,12.86
2024-10-09 19:00:00+00:00,0.0,11.95
2024-10-09 20:00:00+00:00,0.0,11.33
2024-10-09 21:00:00+00:00,0.0,11.07
2024-10-09 22:00:00+00:00,0.0,11.03
2024-10-09 23:00:00+00:00,0.0,10.86
2024-10-10 00:00:00+00:00,0.0,10.47
2024-10-10 01:00:00+00:00,0.0,10.02
2024-10-10 02:00:00+00:00,0.0,9.56
2024-10-10 03:00:00+00:00,0.0,9.11
2024-10-10 04:00:00+00:00,0.0,8.68
2024-10-10 05:00:00+00:00,0.0,8.28
2024-10-10 06:00:00+00:00,6.35,7.84
2024-10-10 07:00:00+00:00,81.35,7.97
2024-10-10 08:00:00+00:00,204.23,8.76
2024-10-10 09:00:00+00:00,305.9,9.67
2024-10-10 10:00:00+00:00,383.5,10.52
2024-10-10 11:00:00+00:00,430.0,11.33
2024-10-10 12:00:00+00:00,376.08,12.03
2024-10-10 13:00:00+00:00,338.75,12.5
2024-10-10 14:00:00+00:00,263.7,12.52
2024-10-10 15:00:00+00:00,168.95,11.98
2024-10-10 16:00:00+00:00,68.25,10.54
2024-10-10 17:00:00+00:00,0.0,7.4
2024-10-10 18:00:00+00:00,0.0,6.2
2024-10-10 19:00:00+00:00,0.0,5.49
2024-10-10 20:00:00+00:00,0.0,4.92
2024-10-10 21:00:00+00:00,0.0,4.47
2024-10-10 22:00:00+00:00,0.0,4.05
2024-10-10 23:00:00+00:00,0.0,3.67
2024-10-11 00:00:00+00:00,0.0,3.3
2024-10-11 01:00:00+00:00,0.0,2.9
2024-10-11 02:00:00+00:00,0.0,2.51
2024-10-11 03:00:00+00:00,0.0,2.15
2024-10-11 04:00:00+00:00,0.0,1.87
2024-10-11 05:00:00+00:00,0.0,1.83
2024-10-11 06:00:00+00:00,9.62,2.03
2024-10-11 07:00:00+00:00,117.75,3.58
2024-10-11 08:00:00+00:00,259.92,5.25
2024-10-11 09:00:00+00:00,382.05,8.09
2024-10-11 10:00:00+00:00,469.67,11.02
2024-10-11 11:00:00+00:00,511.25,12.1
2024-10-11 12:00:00+00:00,474.42,12.71
2024-10-11 13:00:00+00:00,384.45,13.04
2024-10-11 14:00:00+00:00,301.05,13.07
2024-10-11 15:00:00+00:00,192.12,12.67
2024-10-11 16:00:00+00:00,71.15,11.06
2024-10-11 17:00:00+00:00,0.0,8.4
2024-10-11 18:00:00+00:00,0.0,6.93
2024-10-11 19:00:00+00:00,0.0,6.75
2024-10-11 20:00:00+00:00,0.0,6.65
2024-10-11 21:00:00+00:00,0.0,6.69
2024-10-11 22:00:00+00:00,0.0,6.65
2024-10-11 23:00:00+00:00,0.0,6.96
2024-10-12 00:00:00+00:00,0.0,7.43
2024-10-12 01:00:00+00:00,0.0,7.91
2024-10-12 02:00:00+00:00,0.0,7.98
2024-10-12 03:00:00+00:00,0.0,8.04
2024-10-12 04:00:00+00:00,0.0,8.14
2024-10-12 05:00:00+00:00,0.0,8.34
2024-10-12 06:00:00+00:00,3.15,8.83
2024-10-12 07:00:00+00:00,38.6,9.43
2024-10-12 08:00:00+00:00,104.45,10.25
2024-10-12 09:00:00+00:00,162.35,12.15
2024-10-12 10:00:00+00:00,221.88,14.02
2024-10-12 11:00:00+00:00,244.05,14.97
2024-10-12 12:00:00+00:00,254.05,15.47
2024-10-12 13:00:00+00:00,210.12,15.39
2024-10-12 14:00:00+00:00,179.15,15.17
2024-10-12 15:00:00+00:00,130.32,14.77
2024-10-12 16:00:00+00:00,58.45,13.6
2024-10-12 17:00:00+00:00,0.0,11.3
2024-10-12 18:00:00+00:00,0.0,9.66
2024-10-12 19:00:00+00:00,0.0,8.42
2024-10-12 20:00:00+00:00,0.0,7.83
2024-10-12 21:00:00+00:00,0.0,7.42
2024-10-12 22:00:00+00:00,0.0,7.2
2024-10-12 23:00:00+00:00,0.0,6.72
2024-10-13 00:00:00+00:00,0.0,6.11
2024-10-13 01:00:00+00:00,0.0,5.73
2024-10-13 02:00:00+00:00,0.0,5.32
2024-10-13 03:00:00+00:00,0.0,4.72
2024-10-13 04:00:00+00:00,0.0,4.22
2024-10-13 05:00:00+00:00,0.0,4.04
2024-10-13 06:00:00+00:00,6.25,3.57
2024-10-13 07:00:00+00:00,65.15,4.36
2024-10-13 08:00:00+00:00,140.52,6.12
2024-10-13 09:00:00+00:00,207.9,8.35
2024-10-13 10:00:00+00:00,254.32,9.41
2024-10-13 11:00:00+00:00,265.1,9.89
2024-10-13 12:00:00+00:00,223.38,10.21
2024-10-13 13:00:00+00:00,230.45,10.4
2024-10-13 14:00:00+00:00,166.2,10.23
2024-10-13 15:00:00+00:00,101.03,9.52
2024-10-13 16:00:00+00:00,37.9,8.83
2024-10-13 17:00:00+00:00,0.0,8.29
2024-10-13 18:00:00+00:00,0.0,7.6
2024-10-13 19:00:00+00:00,0.0,6.87
2024-10-13 20:00:00+00:00,0.0,6.34
2024-10-13 21:00:00+00:00,0.0,6.3
2024-10-13 22:00:00+00:00,0.0,6.39
2024-10-13 23:00:00+00:00,0.0,6.62
2024-10-14 00:00:00+00:00,0.0,6.97
2024-10-14 01:00:00+00:00,0.0,7.32
2024-10-14 02:00:00+00:00,0.0,7.62
2024-10-14 03:00:00+00:00,0.0,7.92
2024-10-14 04:00:00+00:00,0.0,8.26
2024-10-14 05:00:00+00:00,0.0,8.41
2024-10-14 06:00:00+00:00,2.95,8.6
2024-10-14 07:00:00+00:00,32.62,8.92
2024-10-14 08:00:00+00:00,86.1,9.46
2024-10-14 09:00:00+00:00,133.52,10.17
2024-10-14 10:00:00+00:00,166.05,10.97
2024-10-14 11:00:00+00:00,173.23,11.82
2024-10-14 12:00:00+00:00,134.25,12.34
2024-10-14 13:00:00+00:00,196.52,12.53
2024-10-14 14:00:00+00:00,177.57,12.37
2024-10-14 15:00:00+00:00,123.72,11.97
2024-10-14 16:00:00+00:00,43.7,11.23
2024-10-14 17:00:00+00:00,0.0,10.21
2024-10-14 18:00:00+00:00,0.0,9.99
2024-10-14 19:00:00+00:00,0.0,9.88
2024-10-14 20:00:00+00:00,0.0,9.8
2024-10-14 21:00:00+00:00,0.0,9.8
2024-10-14 22:00:00+00:00,0.0,9.88
2024-10-14 23:00:00+00:00,0.0,9.91
2024-10-15 00:00:00+00:00,0.0,10.01
2024-10-15 01:00:00+00:00,0.0,10.17
2024-10-15 02:00:00+00:00,0.0,10.17
2024-10-15 03:00:00+00:00,0.0,10.09
2024-10-15 04:00:00+00:00,0.0,10.16
2024-10-15 05:00:00+00:00,0.0,10.33
2024-10-15 06:00:00+00:00,3.17,10.58
2024-10-15 07:00:00+00:00,40.7,11.23
2024-10-15 08:00:00+00:00,104.25,11.98
2024-10-15 09:00:00+00:00,157.23,12.82
2024-10-15 10:00:00+00:00,195.35,14.11
2024-10-15 11:00:00+00:00,212.48,15.58
2024-10-15 12:00:00+00:00,200.12,16.81
2024-10-15 13:00:00+00:00,183.18,17.18
2024-10-15 14:00:00+00:00,125.53,16.89
2024-10-15 15:00:00+00:00,59.85,16.08
2024-10-15 16:00:00+00:00,18.98,14.96
2024-10-15 17:00:00+00:00,0.0,14.09
2024-10-15 18:00:00+00:00,0.0,13.87
2024-10-15 19:00:00+00:00,0.0,13.93
2024-10-15 20:00:00+00:00,0.0,13.98
2024-10-15 21:00:00+00:00,0.0,13.82
2024-10-15 22:00:00+00:00,0.0,13.7
2024-10-15 23:00:00+00:00,0.0,13.75
2024-10-16 00:00:00+00:00,0.0,13.91
2024-10-16 01:00:00+00:00,0.0,14.05
2024-10-16 02:00:00+00:00,0.0,14.02
2024-10-16 03:00:00+00:00,0.0,14.03
2024-10-16 04:00:00+00:00,0.0,14.01
2024-10-16 05:00:00+00:00,0.0,14.18
2024-10-16 06:00:00+00:00,2.62,14.54
2024-10-16 07:00:00+00:00,33.45,15.06
2024-10-16 08:00:00+00:00,92.0,15.89
2024-10-16 09:00:00+00:00,138.88,17.07
2024-10-16 10:00:00+00:00,173.1,17.98
2024-10-16 11:00:00+00:00,194.55,18.31
2024-10-16 12:00:00+00:00,162.8,19.32
2024-10-16 13:00:00+00:00,146.25,20.68
2024-10-16 14:00:00+00:00,85.88,21.06
2024-10-16 15:00:00+00:00,54.55,20.46
2024-10-16 16:00:00+00:00,15.35,19.21
2024-10-16 17:00:00+00:00,0.0,17.87
2024-10-16 18:00:00+00:00,0.0,17.31
2024-10-16 19:00:00+00:00,0.0,17.0
2024-10-16 20:00:00+00:00,0.0,16.78
2024-10-16 21:00:00+00:00,0.0,16.67
2024-10-16 22:00:00+00:00,0.0,16.59
2024-10-16 23:00:00+00:00,0.0,16.07
2024-10-17 00:00:00+00:00,0.0,15.39
2024-10-17 01:00:00+00:00,0.0,14.63
2024-10-17 02:00:00+00:00,0.0,14.0
2024-10-17 03:00:00+00:00,0.0,13.76
2024-10-17 04:00:00+00:00,0.0,13.3
2024-10-17 05:00:00+00:00,0.0,12.63
2024-10-17 06:00:00+00:00,0.0,11.5
2024-10-17 07:00:00+00:00,86.65,11.96
2024-10-17 08:00:00+00:00,194.75,13.24
2024-10-17 09:00:00+00:00,292.52,14.38
2024-10-17 10:00:00+00:00,361.8,15.03
2024-10-17 11:00:00+00:00,389.25,15.56
2024-10-17 12:00:00+00:00,372.35,15.83
2024-10-17 13:00:00+00:00,328.45,15.87
2024-10-17 14:00:00+00:00,256.65,15.9
2024-10-17 15:00:00+00:00,160.57,15.59
2024-10-17 16:00:00+00:00,48.03,13.89
2024-10-17 17:00:00+00:00,0.0,12.11
2024-10-17 18:00:00+00:00,0.0,11.57
2024-10-17 19:00:00+00:00,0.0,11.12
2024-10-17 20:00:00+00:00,0.0,10.63
2024-10-17 21:00:00+00:00,0.0,9.81
2024-10-17 22:00:00+00:00,0.0,9.26
2024-10-17 23:00:00+00:00,0.0,8.86
2024-10-18 00:00:00+00:00,0.0,8.25
2024-10-18 01:00:00+00:00,0.0,7.74
2024-10-18 02:00:00+00:00,0.0,7.45
2024-10-18 03:00:00+00:00,0.0,7.46
2024-10-18 04:00:00+00:00,0.0,8.08
2024-10-18 05:00:00+00:00,0.0,8.53
2024-10-18 06:00:00+00:00,0.0,8.28
2024-10-18 07:00:00+00:00,70.0,8.47
2024-10-18 08:00:00+00:00,174.23,10.06
2024-10-18 09:00:00+00:00,273.52,11.89
2024-10-18 10:00:00+00:00,349.48,14.67
2024-10-18 11:00:00+00:00,390.38,16.06
2024-10-18 12:00:00+00:00,388.75,16.75
2024-10-18 13:00:00+00:00,346.95,16.96
2024-10-18 14:00:00+00:00,252.0,16.7
2024-10-18 15:00:00+00:00,143.7,15.83
2024-10-18 16:00:00+00:00,33.9,13.71
2024-10-18 17:00:00+00:00,0.0,11.53
2024-10-18 18:00:00+00:00,0.0,11.09
2024-10-18 19:00:00+00:00,0.0,10.65
2024-10-18 20:00:00+00:00,0.0,10.47
2024-10-18 21:00:00+00:00,0.0,10.87
2024-10-18 22:00:00+00:00,0.0,11.64
2024-10-18 23:00:00+00:00,0.0,12.28
2024-10-19 00:00:00+00:00,0.0,12.79
2024-10-19 01:00:00+00:00,0.0,13.18
2024-10-19 02:00:00+00:00,0.0,13.32
2024-10-19 03:00:00+00:00,0.0,13.56
2024-10-19 04:00:00+00:00,0.0,13.61
2024-10-19 05:00:00+00:00,0.0,13.62
2024-10-19 06:00:00+00:00,0.0,13.48
2024-10-19 07:00:00+00:00,57.05,13.48
2024-10-19 08:00:00+00:00,160.43,13.96
2024-10-19 09:00:00+00:00,258.35,14.65
2024-10-19 10:00:00+00:00,344.25,15.2
2024-10-19 11:00:00+00:00,393.15,15.61
2024-10-19 12:00:00+00:00,388.2,16.11
2024-10-19 13:00:00+00:00,364.65,16.45
2024-10-19 14:00:00+00:00,275.9,16.38
2024-10-19 15:00:00+00:00,169.12,15.78
2024-10-19 16:00:00+00:00,41.88,13.56
2024-10-19 17:00:00+00:00,0.0,10.89
2024-10-19 18:00:00+00:00,0.0,10.03
2024-10-19 19:00:00+00:00,0.0,9.34
2024-10-19 20:00:00+00:00,0.0,9.35
2024-10-19 21:00:00+00:00,0.0,9.62
2024-10-19 22:00:00+00:00,0.0,9.68
2024-10-19 23:00:00+00:00,0.0,9.85
2024-10-20 00:00:00+00:00,0.0,10.07
2024-10-20 01:00:00+00:00,0.0,10.23
2024-10-20 02:00:00+00:00,0.0,10.84
2024-10-20 03:00:00+00:00,0.0,11.23
2024-10-20 04:00:00+00:00,0.0,11.64
2024-10-20 05:00:00+00:00,0.0,11.94
2024-10-20 06:00:00+00:00,0.0,12.18
2024-10-20 07:00:00+00:00,20.2,12.54
2024-10-20 08:00:00+00:00,66.55,13.0
2024-10-20 09:00:00+00:00,108.22,13.54
2024-10-20 10:00:00+00:00,141.43,14.34
2024-10-20 11:00:00+00:00,150.82,15.59
2024-10-20 12:00:00+00:00,143.4,16.85
2024-10-20 13:00:00+00:00,138.23,17.6
2024-10-20 14:00:00+00:00,122.38,17.31
2024-10-20 15:00:00+00:00,68.72,16.47
2024-10-20 16:00:00+00:00,21.8,15.14
2024-10-20 17:00:00+00:00,0.0,13.8
2024-10-20 18:00:00+00:00,0.0,13.27
2024-10-20 19:00:00+00:00,0.0,13.04
2024-10-20 20:00:00+00:00,0.0,12.93
2024-10-20 21:00:00+00:00,0.0,12.85
2024-10-20 22:00:00+00:00,0.0,12.6
2024-10-20 23:00:00+00:00,0.0,12.25
2024-10-21 00:00:00+00:00,0.0,11.82
2024-10-21 01:00:00+00:00,0.0,11.4
2024-10-21 02:00:00+00:00,0.0,11.33
2024-10-21 03:00:00+00:00,0.0,11.22
2024-10-21 04:00:00+00:00,0.0,11.19
2024-10-21 05:00:00+00:00,0.0,11.0
2024-10-21 06:00:00+00:00,0.0,10.83
2024-10-21 07:00:00+00:00,22.58,11.18
2024-10-21 08:00:00+00:00,57.8,12.33
2024-10-21 09:00:00+00:00,93.7,13.55
2024-10-21 10:00:00+00:00,117.18,14.66
2024-10-21 11:00:00+00:00,128.73,15.2
2024-10-21 12:00:00+00:00,99.15,15.3
2024-10-21 13:00:00+00:00,86.7,15.19
2024-10-21 14:00:00+00:00,62.25,14.81
2024-10-21 15:00:00+00:00,33.88,13.93
2024-10-21 16:00:00+00:00,7.25,12.49
2024-10-21 17:00:00+00:00,0.0,11.71
2024-10-21 18:00:00+00:00,0.0,11.24
2024-10-21 19:00:00+00:00,0.0,10.8
2024-10-21 20:00:00+00:00,0.0,10.3
2024-10-21 21:00:00+00:00,0.0,9.14
2024-10-21 22:00:00+00:00,0.0,8.49
2024-10-21 23:00:00+00:00,0.0,7.97
2024-10-22 00:00:00+00:00,0.0,7.73
2024-10-22 01:00:00+00:00,0.0,7.55
2024-10-22 02:00:00+00:00,0.0,7.2
2024-10-22 03:00:00+00:00,0.0,7.11
2024-10-22 04:00:00+00:00,0.0,7.24
2024-10-22 05:00:00+00:00,0.0,7.33
2024-10-22 06:00:00+00:00,0.0,7.36
2024-10-22 07:00:00+00:00,60.45,8.05
2024-10-22 08:00:00+00:00,158.5,9.81
2024-10-22 09:00:00+00:00,240.35,11.66
2024-10-22 10:00:00+00:00,294.33,13.5
2024-10-22 11:00:00+00:00,316.23,14.78
2024-10-22 12:00:00+00:00,292.92,15.48
2024-10-22 13:00:00+00:00,265.9,15.85
2024-10-22 14:00:00+00:00,205.15,15.85
2024-10-22 15:00:00+00:00,123.03,15.18
2024-10-22 16:00:00+00:00,27.4,13.57
2024-10-22 17:00:00+00:00,0.0,11.9
2024-10-22 18:00:00+00:00,0.0,11.38
2024-10-22 19:00:00+00:00,0.0,10.9
2024-10-22 20:00:00+00:00,0.0,10.37
2024-10-22 21:00:00+00:00,0.0,9.79
2024-10-22 22:00:00+00:00,0.0,9.19
2024-10-22 23:00:00+00:00,0.0,8.82
2024-10-23 00:00:00+00:00,0.0,8.69
2024-10-23 01:00:00+00:00,0.0,8.51
2024-10-23 02:00:00+00:00,0.0,8.2
2024-10-23 03:00:00+00:00,0.0,8.02
2024-10-23 04:00:00+00:00,0.0,7.89
2024-10-23 05:00:00+00:00,0.0,7.78
2024-10-23 06:00:00+00:00,0.0,7.65
2024-10-23 07:00:00+00:00,50.12,8.59
2024-10-23 08:00:00+00:00,136.93,11.96
2024-10-23 09:00:00+00:00,200.02,13.83
2024-10-23 10:00:00+00:00,224.75,15.36
2024-10-23 11:00:00+00:00,222.25,16.39
2024-10-23 12:00:00+00:00,229.23,16.91
2024-10-23 13:00:00+00:00,225.4,16.93
2024-10-23 14:00:00+00:00,179.2,16.55
2024-10-23 15:00:00+00:00,109.05,15.66
2024-10-23 16:00:00+00:00,24.5,13.54
2024-10-23 17:00:00+00:00,0.0,11.04
2024-10-23 18:00:00+00:00,0.0,10.18
2024-10-23 19:00:00+00:00,0.0,9.48
2024-10-23 20:00:00+00:00,0.0,9.2
2024-10-23 21:00:00+00:00,0.0,9.32
2024-10-23 22:00:00+00:00,0.0,9.45
2024-10-23 23:00:00+00:00,0.0,9.29
2024-10-24 00:00:00+00:00,0.0,9.01
2024-10-24 01:00:00+00:00,0.0,8.84
2024-10-24 02:00:00+00:00,0.0,8.78
2024-10-24 03:00:00+00:00,0.0,8.73
2024-10-24 04:00:00+00:00,0.0,8.7
2024-10-24 05:00:00+00:00,0.0,8.67
2024-10-24 06:00:00+00:00,0.0,8.52
2024-10-24 07:00:00+00:00,54.08,9.13
2024-10-24 08:00:00+00:00,163.68,10.69
2024-10-24 09:00:00+00:00,257.08,12.3
2024-10-24 10:00:00+00:00,327.0,14.0
2024-10-24 11:00:00+00:00,356.58,15.52
2024-10-24 12:00:00+00:00,334.65,16.52
2024-10-24 13:00:00+00:00,276.0,16.88
2024-10-24 14:00:00+00:00,194.6,16.64
2024-10-24 15:00:00+00:00,103.25,15.79
2024-10-24 16:00:00+00:00,18.83,14.26
2024-10-24 17:00:00+00:00,0.0,13.12
2024-10-24 18:00:00+00:00,0.0,12.94
2024-10-24 19:00:00+00:00,0.0,12.78
2024-10-24 20:00:00+00:00,0.0,12.68
2024-10-24 21:00:00+00:00,0.0,12.73
2024-10-24 22:00:00+00:00,0.0,12.4
2024-10-24 23:00:00+00:00,0.0,12.04
2024-10-25 00:00:00+00:00,0.0,12.25
2024-10-25 01:00:00+00:00,0.0,12.87
2024-10-25 02:00:00+00:00,0.0,12.85
2024-10-25 03:00:00+00:00,0.0,11.99
2024-10-25 04:00:00+00:00,0.0,11.31
2024-10-25 05:00:00+00:00,0.0,11.3
2024-10-25 06:00:00+00:00,0.0,11.67
2024-10-25 07:00:00+00:00,14.73,12.79
2024-10-25 08:00:00+00:00,42.38,14.15
2024-10-25 09:00:00+00:00,73.62,15.16
2024-10-25 10:00:00+00:00,100.62,16.3
2024-10-25 11:00:00+00:00,125.9,17.5
2024-10-25 12:00:00+00:00,88.53,18.12
2024-10-25 13:00:00+00:00,98.8,18.15
2024-10-25 14:00:00+00:00,67.38,17.72
2024-10-25 15:00:00+00:00,34.6,16.87
2024-10-25 16:00:00+00:00,7.05,15.4
2024-10-25 17:00:00+00:00,0.0,14.62
2024-10-25 18:00:00+00:00,0.0,13.92
2024-10-25 19:00:00+00:00,0.0,13.03
2024-10-25 20:00:00+00:00,0.0,12.47
2024-10-25 21:00:00+00:00,0.0,12.04
2024-10-25 22:00:00+00:00,0.0,11.45
2024-10-25 23:00:00+00:00,0.0,11.05
2024-10-26 00:00:00+00:00,0.0,10.81
2024-10-26 01:00:00+00:00,0.0,10.54
2024-10-26 02:00:00+00:00,0.0,10.13
2024-10-26 03:00:00+00:00,0.0,9.59
2024-10-26 04:00:00+00:00,0.0,9.55
2024-10-26 05:00:00+00:00,0.0,10.0
2024-10-26 06:00:00+00:00,0.0,10.29
2024-10-26 07:00:00+00:00,26.77,10.37
2024-10-26 08:00:00+00:00,86.72,11.52
2024-10-26 09:00:00+00:00,146.1,12.22
2024-10-26 10:00:00+00:00,178.62,12.98
2024-10-26 11:00:00+00:00,195.57,13.49
2024-10-26 12:00:00+00:00,139.02,13.59
2024-10-26 13:00:00+00:00,176.6,13.57
2024-10-26 14:00:00+00:00,150.07,13.52
2024-10-26 15:00:00+00:00,90.18,13.36
2024-10-26 16:00:00+00:00,15.57,12.32
2024-10-26 17:00:00+00:00,0.0,11.24
2024-10-26 18:00:00+00:00,0.0,10.73
2024-10-26 19:00:00+00:00,0.0,10.27
2024-10-26 20:00:00+00:00,0.0,9.75
2024-10-26 21:00:00+00:00,0.0,9.15
2024-10-26 22:00:00+00:00,0.0,8.81
2024-10-26 23:00:00+00:00,0.0,8.42
2024-10-27 00:00:00+00:00,0.0,7.83
2024-10-27 01:00:00+00:00,0.0,7.08
2024-10-27 02:00:00+00:00,0.0,6.54
2024-10-27 03:00:00+00:00,0.0,6.4
2024-10-27 04:00:00+00:00,0.0,6.47
2024-10-27 05:00:00+00:00,0.0,6.42
2024-10-27 06:00:00+00:00,0.0,6.25
2024-10-27 07:00:00+00:00,48.33,6.61
2024-10-27 08:00:00+00:00,162.68,8.42
2024-10-27 09:00:00+00:00,265.77,9.8
2024-10-27 10:00:00+00:00,335.52,11.78
2024-10-27 11:00:00+00:00,370.23,13.24
2024-10-27 12:00:00+00:00,360.67,14.27
2024-10-27 13:00:00+00:00,275.33,14.78
2024-10-27 14:00:00+00:00,210.45,14.82
2024-10-27 15:00:00+00:00,106.8,14.09
2024-10-27 16:00:00+00:00,15.2,11.6
2024-10-27 17:00:00+00:00,0.0,10.14
2024-10-27 18:00:00+00:00,0.0,9.95
2024-10-27 19:00:00+00:00,0.0,9.7
2024-10-27 20:00:00+00:00,0.0,9.6
2024-10-27 21:00:00+00:00,0.0,9.88
2024-10-27 22:00:00+00:00,0.0,9.97
2024-10-27 23:00:00+00:00,0.0,10.01
2024-10-28 00:00:00+00:00,0.0,10.09
2024-10-28 01:00:00+00:00,0.0,10.17
2024-10-28 02:00:00+00:00,0.0,10.21
2024-10-28 03:00:00+00:00,0.0,10.24
2024-10-28 04:00:00+00:00,0.0,10.3
2024-10-28 05:00:00+00:00,0.0,10.66
2024-10-28 06:00:00+00:00,0.0,10.54
2024-10-28 07:00:00+00:00,17.83,10.65
2024-10-28 08:00:00+00:00,63.25,11.67
2024-10-28 09:00:00+00:00,113.75,13.27
2024-10-28 10:00:00+00:00,148.45,14.87
2024-10-28 11:00:00+00:00,131.95,16.06
2024-10-28 12:00:00+00:00,159.05,16.57
2024-10-28 13:00:00+00:00,145.3,16.58
2024-10-28 14:00:00+00:00,120.9,16.3
2024-10-28 15:00:00+00:00,66.22,15.68
2024-10-28 16:00:00+00:00,10.57,14.64
2024-10-28 17:00:00+00:00,0.0,13.98
2024-10-28 18:00:00+00:00,0.0,13.72
2024-10-28 19:00:00+00:00,0.0,13.65
2024-10-28 20:00:00+00:00,0.0,13.57
2024-10-28 21:00:00+00:00,0.0,13.47
2024-10-28 22:00:00+00:00,0.0,13.25
2024-10-28 23:00:00+00:00,0.0,12.92
2024-10-29 00:00:00+00:00,0.0,12.47
2024-10-29 01:00:00+00:00,0.0,12.04
2024-10-29 02:00:00+00:00,0.0,11.74
2024-10-29 03:00:00+00:00,0.0,11.43
2024-10-29 04:00:00+00:00,0.0,10.89
2024-10-29 05:00:00+00:00,0.0,10.17
2024-10-29 06:00:00+00:00,0.0,9.42
2024-10-29 07:00:00+00:00,33.62,9.41
2024-10-29 08:00:00+00:00,110.03,11.23
2024-10-29 09:00:00+00:00,160.75,12.61
2024-10-29 10:00:00+00:00,190.15,14.53
2024-10-29 11:00:00+00:00,186.6,15.56
2024-10-29 12:00:00+00:00,168.93,16.18
2024-10-29 13:00:00+00:00,102.82,16.29
2024-10-29 14:00:00+00:00,110.43,16.06
2024-10-29 15:00:00+00:00,56.78,15.24
2024-10-29 16:00:00+00:00,7.6,13.39
2024-10-29 17:00:00+00:00,0.0,12.26
2024-10-29 18:00:00+00:00,0.0,11.81
2024-10-29 19:00:00+00:00,0.0,11.41
2024-10-29 20:00:00+00:00,0.0,11.04
2024-10-29 21:00:00+00:00,0.0,10.63
2024-10-29 22:00:00+00:00,0.0,10.39
2024-10-29 23:00:00+00:00,0.0,10.21
2024-10-30 00:00:00+00:00,0.0,10.01
2024-10-30 01:00:00+00:00,0.0,9.71
2024-10-30 02:00:00+00:00,0.0,9.39
2024-10-30 03:00:00+00:00,0.0,9.08
2024-10-30 04:00:00+00:00,0.0,8.72
2024-10-30 05:00:00+00:00,0.0,8.29
2024-10-30 06:00:00+00:00,0.0,8.07
2024-10-30 07:00:00+00:00,24.45,8.43
2024-10-30 08:00:00+00:00,81.97,10.43
2024-10-30 09:00:00+00:00,141.65,11.77
2024-10-30 10:00:00+00:00,184.62,13.81
2024-10-30 11:00:00+00:00,196.85,14.98
2024-10-30 12:00:00+00:00,175.3,15.36
2024-10-30 13:00:00+00:00,153.85,15.41
2024-10-30 14:00:00+00:00,116.3,15.25
2024-10-30 15:00:00+00:00,57.05,14.55
2024-10-30 16:00:00+00:00,8.82,12.59
2024-10-30 17:00:00+00:00,0.0,11.21
2024-10-30 18:00:00+00:00,0.0,10.44
2024-10-30 19:00:00+00:00,0.0,9.9
2024-10-30 20:00:00+00:00,0.0,9.51
2024-10-30 21:00:00+00:00,0.0,9.16
2024-10-30 22:00:00+00:00,0.0,9.03
2024-10-30 23:00:00+00:00,0.0,8.82
2024-10-31 00:00:00+00:00,0.0,8.69
2024-10-31 01:00:00+00:00,0.0,8.49
2024-10-31 02:00:00+00:00,0.0,8.24
2024-10-31 03:00:00+00:00,0.0,7.71
2024-10-31 04:00:00+00:00,0.0,7.18
2024-10-31 05:00:00+00:00,0.0,6.51
2024-10-31 06:00:00+00:00,0.0,6.11
2024-10-31 07:00:00+00:00,25.62,6.39
2024-10-31 08:00:00+00:00,103.82,8.47
2024-10-31 09:00:00+00:00,172.6,9.98
2024-10-31 10:00:00+00:00,222.18,12.38
2024-10-31 11:00:00+00:00,246.48,14.83
2024-10-31 12:00:00+00:00,236.95,15.76
2024-10-31 13:00:00+00:00,203.07,16.14
2024-10-31 14:00:00+00:00,149.35,16.03
2024-10-31 15:00:00+00:00,73.68,15.13
2024-10-31 16:00:00+00:00,9.05,13.5
2024-10-31 17:00:00+00:00,0.0,12.81
2024-10-31 18:00:00+00:00,0.0,12.29
2024-10-31 19:00:00+00:00,0.0,11.45
2024-10-31 20:00:00+00:00,0.0,10.73
2024-10-31 21:00:00+00:00,0.0,9.91
2024-10-31 22:00:00+00:00,0.0,9.26
2024-10-31 23:00:00+00:00,0.0,8.72
2024-11-01 00:00:00+00:00,0.0,8.43
2024-11-01 01:00:00+00:00,0.0,8.33
2024-11-01 02:00:00+00:00,0.0,8.25
2024-11-01 03:00:00+00:00,0.0,8.39
2024-11-01 04:00:00+00:00,0.0,8.5
2024-11-01 05:00:00+00:00,0.0,8.63
2024-11-01 06:00:00+00:00,0.0,8.56
2024-11-01 07:00:00+00:00,16.3,8.47
2024-11-01 08:00:00+00:00,51.22,8.99
2024-11-01 09:00:00+00:00,93.78,9.99
2024-11-01 10:00:00+00:00,114.32,11.45
2024-11-01 11:00:00+00:00,119.4,12.5
2024-11-01 12:00:00+00:00,100.65,13.2
2024-11-01 13:00:00+00:00,81.4,13.52
2024-11-01 14:00:00+00:00,50.53,13.49
2024-11-01 15:00:00+00:00,24.95,12.69
2024-11-01 16:00:00+00:00,4.45,10.27
2024-11-01 17:00:00+00:00,0.0,9.49
2024-11-01 18:00:00+00:00,0.0,9.42
2024-11-01 19:00:00+00:00,0.0,9.43
2024-11-01 20:00:00+00:00,0.0,9.46
2024-11-01 21:00:00+00:00,0.0,9.59
2024-11-01 22:00:00+00:00,0.0,9.63
2024-11-01 23:00:00+00:00,0.0,9.62
2024-11-02 00:00:00+00:00,0.0,9.74
2024-11-02 01:00:00+00:00,0.0,9.83
2024-11-02 02:00:00+00:00,0.0,9.91
2024-11-02 03:00:00+00:00,0.0,10.08
2024-11-02 04:00:00+00:00,0.0,10.14
2024-11-02 05:00:00+00:00,0.0,10.07
2024-11-02 06:00:00+00:00,0.0,9.92
2024-11-02 07:00:00+00:00,20.92,10.07
2024-11-02 08:00:00+00:00,77.15,11.34
2024-11-02 09:00:00+00:00,117.47,12.31
2024-11-02 10:00:00+00:00,140.27,13.37
2024-11-02 11:00:00+00:00,139.05,14.32
2024-11-02 12:00:00+00:00,113.97,14.7
2024-11-02 13:00:00+00:00,67.25,14.69
2024-11-02 14:00:00+00:00,62.45,14.4
2024-11-02 15:00:00+00:00,37.67,13.76
2024-11-02 16:00:00+00:00,4.88,12.24
2024-11-02 17:00:00+00:00,0.0,11.63
2024-11-02 18:00:00+00:00,0.0,11.3
2024-11-02 19:00:00+00:00,0.0,11.06
2024-11-02 20:00:00+00:00,0.0,11.18
2024-11-02 21:00:00+00:00,0.0,11.14
2024-11-02 22:00:00+00:00,0.0,10.99
2024-11-02 23:00:00+00:00,0.0,10.8
2024-11-03 00:00:00+00:00,0.0,10.56
2024-11-03 01:00:00+00:00,0.0,10.29
2024-11-03 02:00:00+00:00,0.0,9.99
2024-11-03 03:00:00+00:00,0.0,9.68
2024-11-03 04:00:00+00:00,0.0,9.46
2024-11-03 05:00:00+00:00,0.0,9.34
2024-11-03 06:00:00+00:00,0.0,9.28
2024-11-03 07:00:00+00:00,19.7,9.44
2024-11-03 08:00:00+00:00,84.43,10.77
2024-11-03 09:00:00+00:00,106.93,11.73
2024-11-03 10:00:00+00:00,111.43,12.39
2024-11-03 11:00:00+00:00,91.4,12.7
2024-11-03 12:00:00+00:00,77.88,12.94
2024-11-03 13:00:00+00:00,46.9,13.11
2024-11-03 14:00:00+00:00,40.03,12.96
2024-11-03 15:00:00+00:00,20.8,12.25
2024-11-03 16:00:00+00:00,2.17,10.66
2024-11-03 17:00:00+00:00,0.0,10.27
2024-11-03 18:00:00+00:00,0.0,10.33
2024-11-03 19:00:00+00:00,0.0,10.29
2024-11-03 20:00:00+00:00,0.0,10.18
2024-11-03 21:00:00+00:00,0.0,10.08
2024-11-03 22:00:00+00:00,0.0,9.99
2024-11-03 23:00:00+00:00,0.0,9.89
2024-11-04 00:00:00+00:00,0.0,9.76
2024-11-04 01:00:00+00:00,0.0,9.59
2024-11-04 02:00:00+00:00,0.0,9.24
2024-11-04 03:00:00+00:00,0.0,8.26
2024-11-04 04:00:00+00:00,0.0,7.92
2024-11-04 05:00:00+00:00,0.0,7.92
2024-11-04 06:00:00+00:00,0.0,7.96
2024-11-04 07:00:00+00:00,17.05,8.2
2024-11-04 08:00:00+00:00,72.85,9.7
2024-11-04 09:00:00+00:00,111.05,10.67
2024-11-04 10:00:00+00:00,127.88,11.27
2024-11-04 11:00:00+00:00,127.43,11.87
2024-11-04 12:00:00+00:00,115.15,12.36
2024-11-04 13:00:00+00:00,97.12,12.6
2024-11-04 14:00:00+00:00,79.4,12.42
2024-11-04 15:00:00+00:00,35.28,11.47
2024-11-04 16:00:00+00:00,3.45,9.52
2024-11-04 17:00:00+00:00,0.0,8.58
2024-11-04 18:00:00+00:00,0.0,8.05
2024-11-04 19:00:00+00:00,0.0,7.23
2024-11-04 20:00:00+00:00,0.0,6.57
2024-11-04 21:00:00+00:00,0.0,6.38
2024-11-04 22:00:00+00:00,0.0,6.35
2024-11-04 23:00:00+00:00,0.0,6.41
2024-11-05 00:00:00+00:00,0.0,6.51
2024-11-05 01:00:00+00:00,0.0,6.74
2024-11-05 02:00:00+00:00,0.0,7.01
2024-11-05 03:00:00+00:00,0.0,7.24
2024-11-05 04:00:00+00:00,0.0,7.4
2024-11-05 05:00:00+00:00,0.0,7.56
2024-11-05 06:00:00+00:00,0.0,7.84
2024-11-05 07:00:00+00:00,10.48,8.12
2024-11-05 08:00:00+00:00,49.17,8.89
2024-11-05 09:00:00+00:00,91.03,9.48
2024-11-05 10:00:00+00:00,121.57,10.14
2024-11-05 11:00:00+00:00,136.82,10.87
2024-11-05 12:00:00+00:00,94.82,11.49
2024-11-05 13:00:00+00:00,111.3,12.02
2024-11-05 14:00:00+00:00,78.35,12.11
2024-11-05 15:00:00+00:00,36.33,11.33
2024-11-05 16:00:00+00:00,2.8,9.8
2024-11-05 17:00:00+00:00,0.0,9.11
2024-11-05 18:00:00+00:00,0.0,8.6
2024-11-05 19:00:00+00:00,0.0,8.19
2024-11-05 20:00:00+00:00,0.0,7.85
2024-11-05 21:00:00+00:00,0.0,7.56
2024-11-05 22:00:00+00:00,0.0,7.35
2024-11-05 23:00:00+00:00,0.0,7.04
2024-11-06 00:00:00+00:00,0.0,6.99
2024-11-06 01:00:00+00:00,0.0,6.91
2024-11-06 02:00:00+00:00,0.0,7.07
2024-11-06 03:00:00+00:00,0.0,7.28
2024-11-06 04:00:00+00:00,0.0,7.33
2024-11-06 05:00:00+00:00,0.0,7.37
2024-11-06 06:00:00+00:00,0.0,7.36
2024-11-06 07:00:00+00:00,13.2,7.47
2024-11-06 08:00:00+00:00,61.83,7.95
2024-11-06 09:00:00+00:00,103.8,8.63
2024-11-06 10:00:00+00:00,126.78,9.34
2024-11-06 11:00:00+00:00,131.93,9.88
2024-11-06 12:00:00+00:00,100.2,10.38
2024-11-06 13:00:00+00:00,103.82,10.63
2024-11-06 14:00:00+00:00,84.15,10.63
2024-11-06 15:00:00+00:00,41.22,10.31
2024-11-06 16:00:00+00:00,3.28,9.65
2024-11-06 17:00:00+00:00,0.0,9.34
2024-11-06 18:00:00+00:00,0.0,9.25
2024-11-06 19:00:00+00:00,0.0,9.22
2024-11-06 20:00:00+00:00,0.0,9.06
2024-11-06 21:00:00+00:00,0.0,8.98
2024-11-06 22:00:00+00:00,0.0,8.89
2024-11-06 23:00:00+00:00,0.0,8.88
2024-11-07 00:00:00+00:00,0.0,8.87
2024-11-07 01:00:00+00:00,0.0,8.74
2024-11-07 02:00:00+00:00,0.0,8.77
2024-11-07 03:00:00+00:00,0.0,8.84
2024-11-07 04:00:00+00:00,0.0,8.77
2024-11-07 05:00:00+00:00,0.0,8.68
2024-11-07 06:00:00+00:00,0.0,8.54
2024-11-07 07:00:00+00:00,9.9,8.59
2024-11-07 08:00:00+00:00,45.45,9.92
2024-11-07 09:00:00+00:00,72.9,10.88
2024-11-07 10:00:00+00:00,84.78,11.36
2024-11-07 11:00:00+00:00,85.43,11.42
2024-11-07 12:00:00+00:00,63.62,11.57
2024-11-07 13:00:00+00:00,41.03,11.88
2024-11-07 14:00:00+00:00,56.1,11.9
2024-11-07 15:00:00+00:00,37.38,11.26
2024-11-07 16:00:00+00:00,0.0,9.6
2024-11-07 17:00:00+00:00,0.0,9.1
2024-11-07 18:00:00+00:00,0.0,8.68
2024-11-07 19:00:00+00:00,0.0,8.1
2024-11-07 20:00:00+00:00,0.0,8.17
2024-11-07 21:00:00+00:00,0.0,8.56
2024-11-07 22:00:00+00:00,0.0,8.74
2024-11-07 23:00:00+00:00,0.0,8.79
2024-11-08 00:00:00+00:00,0.0,8.72
2024-11-08 01:00:00+00:00,0.0,8.57
2024-11-08 02:00:00+00:00,0.0,8.34
2024-11-08 03:00:00+00:00,0.0,7.94
2024-11-08 04:00:00+00:00,0.0,7.55
2024-11-08 05:00:00+00:00,0.0,7.23
2024-11-08 06:00:00+00:00,0.0,7.0
2024-11-08 07:00:00+00:00,9.85,6.99
2024-11-08 08:00:00+00:00,45.4,7.85
2024-11-08 09:00:00+00:00,82.18,8.28
2024-11-08 10:00:00+00:00,94.18,8.67
2024-11-08 11:00:00+00:00,76.4,9.48
2024-11-08 12:00:00+00:00,75.25,10.31
2024-11-08 13:00:00+00:00,50.72,10.65
2024-11-08 14:00:00+00:00,54.12,10.4
2024-11-08 15:00:00+00:00,34.33,9.32
2024-11-08 16:00:00+00:00,0.0,7.19
2024-11-08 17:00:00+00:00,0.0,6.65
2024-11-08 18:00:00+00:00,0.0,6.65
2024-11-08 19:00:00+00:00,0.0,6.68
2024-11-08 20:00:00+00:00,0.0,6.65
2024-11-08 21:00:00+00:00,0.0,6.6
2024-11-08 22:00:00+00:00,0.0,6.47
2024-11-08 23:00:00+00:00,0.0,6.23
2024-11-09 00:00:00+00:00,0.0,6.06
2024-11-09 01:00:00+00:00,0.0,5.97
2024-11-09 02:00:00+00:00,0.0,5.98
2024-11-09 03:00:00+00:00,0.0,6.0
2024-11-09 04:00:00+00:00,0.0,5.89
2024-11-09 05:00:00+00:00,0.0,5.74
2024-11-09 06:00:00+00:00,0.0,5.58
2024-11-09 07:00:00+00:00,9.45,5.54
2024-11-09 08:00:00+00:00,46.03,6.53
2024-11-09 09:00:00+00:00,78.82,7.31
2024-11-09 10:00:00+00:00,89.0,7.8
2024-11-09 11:00:00+00:00,78.12,8.25
2024-11-09 12:00:00+00:00,72.68,8.63
2024-11-09 13:00:00+00:00,53.1,8.83
2024-11-09 14:00:00+00:00,54.92,8.77
2024-11-09 15:00:00+00:00,34.47,8.22
2024-11-09 16:00:00+00:00,0.0,7.19
2024-11-09 17:00:00+00:00,0.0,6.85
2024-11-09 18:00:00+00:00,0.0,6.52
2024-11-09 19:00:00+00:00,0.0,6.02
2024-11-09 20:00:00+00:00,0.0,5.66
2024-11-09 21:00:00+00:00,0.0,5.26
2024-11-09 22:00:00+00:00,0.0,4.71
2024-11-09 23:00:00+00:00,0.0,4.03
2024-11-10 00:00:00+00:00,0.0,3.45
2024-11-10 01:00:00+00:00,0.0,3.14
2024-11-10 02:00:00+00:00,0.0,3.01
2024-11-10 03:00:00+00:00,0.0,3.24
2024-11-10 04:00:00+00:00,0.0,3.33
2024-11-10 05:00:00+00:00,0.0,3.42
2024-11-10 06:00:00+00:00,0.0,3.46
2024-11-10 07:00:00+00:00,8.85,3.76
2024-11-10 08:00:00+00:00,66.8,5.21
2024-11-10 09:00:00+00:00,123.78,6.51
2024-11-10 10:00:00+00:00,149.02,7.44
2024-11-10 11:00:00+00:00,154.52,8.55
2024-11-10 12:00:00+00:00,93.7,10.01
2024-11-10 13:00:00+00:00,112.25,11.0
2024-11-10 14:00:00+00:00,80.62,11.27
2024-11-10 15:00:00+00:00,36.45,10.4
2024-11-10 16:00:00+00:00,0.0,8.86
2024-11-10 17:00:00+00:00,0.0,8.38
2024-11-10 18:00:00+00:00,0.0,8.08
2024-11-10 19:00:00+00:00,0.0,8.33
2024-11-10 20:00:00+00:00,0.0,8.62
2024-11-10 21:00:00+00:00,0.0,8.27
2024-11-10 22:00:00+00:00,0.0,8.01
2024-11-10 23:00:00+00:00,0.0,8.31
2024-11-11 00:00:00+00:00,0.0,8.73
2024-11-11 01:00:00+00:00,0.0,9.31
2024-11-11 02:00:00+00:00,0.0,9.26
2024-11-11 03:00:00+00:00,0.0,8.15
2024-11-11 04:00:00+00:00,0.0,6.69
2024-11-11 05:00:00+00:00,0.0,6.08
2024-11-11 06:00:00+00:00,0.0,6.03
2024-11-11 07:00:00+00:00,8.52,6.08
2024-11-11 08:00:00+00:00,76.05,6.56
2024-11-11 09:00:00+00:00,160.62,7.37
2024-11-11 10:00:00+00:00,229.88,8.2
2024-11-11 11:00:00+00:00,265.1,9.14
2024-11-11 12:00:00+00:00,252.48,9.91
2024-11-11 13:00:00+00:00,211.62,10.54
2024-11-11 14:00:00+00:00,142.2,10.56
2024-11-11 15:00:00+00:00,59.1,9.32
2024-11-11 16:00:00+00:00,0.0,6.25
2024-11-11 17:00:00+00:00,0.0,5.36
2024-11-11 18:00:00+00:00,0.0,5.44
2024-11-11 19:00:00+00:00,0.0,5.54
2024-11-11 20:00:00+00:00,0.0,4.89
2024-11-11 21:00:00+00:00,0.0,4.85
2024-11-11 22:00:00+00:00,0.0,4.91
2024-11-11 23:00:00+00:00,0.0,4.88
2024-11-12 00:00:00+00:00,0.0,4.94
2024-11-12 01:00:00+00:00,0.0,4.97
2024-11-12 02:00:00+00:00,0.0,5.02
2024-11-12 03:00:00+00:00,0.0,5.23
2024-11-12 04:00:00+00:00,0.0,5.36
2024-11-12 05:00:00+00:00,0.0,5.49
2024-11-12 06:00:00+00:00,0.0,5.61
2024-11-12 07:00:00+00:00,9.65,5.96
2024-11-12 08:00:00+00:00,87.25,6.64
2024-11-12 09:00:00+00:00,175.52,7.91
2024-11-12 10:00:00+00:00,232.8,9.44
2024-11-12 11:00:00+00:00,258.42,10.83
2024-11-12 12:00:00+00:00,239.12,11.66
2024-11-12 13:00:00+00:00,149.02,11.91
2024-11-12 14:00:00+00:00,105.93,11.58
2024-11-12 15:00:00+00:00,44.67,10.67
2024-11-12 16:00:00+00:00,0.0,9.58
2024-11-12 17:00:00+00:00,0.0,8.99
2024-11-12 18:00:00+00:00,0.0,8.61
2024-11-12 19:00:00+00:00,0.0,8.31
2024-11-12 20:00:00+00:00,0.0,8.16
2024-11-12 21:00:00+00:00,0.0,8.14
2024-11-12 22:00:00+00:00,0.0,8.14
2024-11-12 23:00:00+00:00,0.0,8.09
2024-11-13 00:00:00+00:00,0.0,7.97
2024-11-13 01:00:00+00:00,0.0,7.93
2024-11-13 02:00:00+00:00,0.0,7.96
2024-11-13 03:00:00+00:00,0.0,7.83
2024-11-13 04:00:00+00:00,0.0,7.54
2024-11-13 05:00:00+00:00,0.0,7.24
2024-11-13 06:00:00+00:00,0.0,6.94
2024-11-13 07:00:00+00:00,7.25,6.59
2024-11-13 08:00:00+00:00,81.6,6.76
2024-11-13 09:00:00+00:00,173.35,7.72
2024-11-13 10:00:00+00:00,245.68,9.6
2024-11-13 11:00:00+00:00,296.1,11.09
2024-11-13 12:00:00+00:00,265.92,11.8
2024-11-13 13:00:00+00:00,214.93,11.87
2024-11-13 14:00:00+00:00,138.5,11.47
2024-11-13 15:00:00+00:00,50.25,9.93
2024-11-13 16:00:00+00:00,0.0,7.02
2024-11-13 17:00:00+00:00,0.0,6.03
2024-11-13 18:00:00+00:00,0.0,5.56
2024-11-13 19:00:00+00:00,0.0,4.91
2024-11-13 20:00:00+00:00,0.0,4.62
2024-11-13 21:00:00+00:00,0.0,5.15
2024-11-13 22:00:00+00:00,0.0,6.11
2024-11-13 23:00:00+00:00,0.0,6.6
2024-11-14 00:00:00+00:00,0.0,6.85
2024-11-14 01:00:00+00:00,0.0,6.98
2024-11-14 02:00:00+00:00,0.0,7.19
2024-11-14 03:00:00+00:00,0.0,7.43
2024-11-14 04:00:00+00:00,0.0,7.56
2024-11-14 05:00:00+00:00,0.0,7.66
2024-11-14 06:00:00+00:00,0.0,7.79
2024-11-14 07:00:00+00:00,6.47,7.19
2024-11-14 08:00:00+00:00,65.88,8.21
2024-11-14 09:00:00+00:00,135.12,9.25
2024-11-14 10:00:00+00:00,185.12,10.48
2024-11-14 11:00:00+00:00,213.3,11.22
2024-11-14 12:00:00+00:00,196.25,11.52
2024-11-14 13:00:00+00:00,155.82,11.47
2024-11-14 14:00:00+00:00,103.7,10.99
2024-11-14 15:00:00+00:00,39.75,9.23
2024-11-14 16:00:00+00:00,0.0,6.48
2024-11-14 17:00:00+00:00,0.0,5.97
2024-11-14 18:00:00+00:00,0.0,6.08
2024-11-14 19:00:00+00:00,0.0,6.06
2024-11-14 20:00:00+00:00,0.0,6.0
2024-11-14 21:00:00+00:00,0.0,5.98
2024-11-14 22:00:00+00:00,0.0,6.01
2024-11-14 23:00:00+00:00,0.0,6.2
2024-11-15 00:00:00+00:00,0.0,6.31
2024-11-15 01:00:00+00:00,0.0,6.51
2024-11-15 02:00:00+00:00,0.0,6.59
2024-11-15 03:00:00+00:00,0.0,6.64
2024-11-15 04:00:00+00:00,0.0,6.64
2024-11-15 05:00:00+00:00,0.0,6.57
2024-11-15 06:00:00+00:00,0.0,6.54
2024-11-15 07:00:00+00:00,4.45,6.43
2024-11-15 08:00:00+00:00,49.08,7.0
2024-11-15 09:00:00+00:00,106.53,7.58
2024-11-15 10:00:00+00:00,141.75,8.17
2024-11-15 11:00:00+00:00,157.88,8.84
2024-11-15 12:00:00+00:00,174.77,9.39
2024-11-15 13:00:00+00:00,153.62,9.66
2024-11-15 14:00:00+00:00,104.85,9.59
2024-11-15 15:00:00+00:00,40.2,8.26
2024-11-15 16:00:00+00:00,0.0,5.99
2024-11-15 17:00:00+00:00,0.0,5.29
2024-11-15 18:00:00+00:00,0.0,4.83
2024-11-15 19:00:00+00:00,0.0,4.23
2024-11-15 20:00:00+00:00,0.0,3.42
2024-11-15 21:00:00+00:00,0.0,2.76
2024-11-15 22:00:00+00:00,0.0,2.31
2024-11-15 23:00:00+00:00,0.0,2.64
2024-11-16 00:00:00+00:00,0.0,3.46
2024-11-16 01:00:00+00:00,0.0,3.93
2024-11-16 02:00:00+00:00,0.0,3.94
2024-11-16 03:00:00+00:00,0.0,3.86
2024-11-16 04:00:00+00:00,0.0,3.92
2024-11-16 05:00:00+00:00,0.0,4.08
2024-11-16 06:00:00+00:00,0.0,4.39
2024-11-16 07:00:00+00:00,3.55,4.76
2024-11-16 08:00:00+00:00,37.2,5.48
2024-11-16 09:00:00+00:00,80.12,6.59
2024-11-16 10:00:00+00:00,114.25,7.66
2024-11-16 11:00:00+00:00,133.73,8.54
2024-11-16 12:00:00+00:00,89.28,9.42
2024-11-16 13:00:00+00:00,79.88,10.2
2024-11-16 14:00:00+00:00,56.33,10.44
2024-11-16 15:00:00+00:00,19.17,10.09
2024-11-16 16:00:00+00:00,0.0,9.2
2024-11-16 17:00:00+00:00,0.0,8.69
2024-11-16 18:00:00+00:00,0.0,8.42
2024-11-16 19:00:00+00:00,0.0,8.58
2024-11-16 20:00:00+00:00,0.0,8.71
2024-11-16 21:00:00+00:00,0.0,8.38
2024-11-16 22:00:00+00:00,0.0,7.67
2024-11-16 23:00:00+00:00,0.0,6.68
2024-11-17 00:00:00+00:00,0.0,6.11
2024-11-17 01:00:00+00:00,0.0,5.84
2024-11-17 02:00:00+00:00,0.0,5.58
2024-11-17 03:00:00+00:00,0.0,5.43
2024-11-17 04:00:00+00:00,0.0,5.32
2024-11-17 05:00:00+00:00,0.0,5.13
2024-11-17 06:00:00+00:00,0.0,5.0
2024-11-17 07:00:00+00:00,2.42,4.71
2024-11-17 08:00:00+00:00,53.62,5.1
2024-11-17 09:00:00+00:00,133.93,6.2
2024-11-17 10:00:00+00:00,209.52,7.56
2024-11-17 11:00:00+00:00,246.15,8.93
2024-11-17 12:00:00+00:00,242.2,9.8
2024-11-17 13:00:00+00:00,170.7,10.12
2024-11-17 14:00:00+00:00,79.28,9.89
2024-11-17 15:00:00+00:00,25.6,8.84
2024-11-17 16:00:00+00:00,0.0,7.74
2024-11-17 17:00:00+00:00,0.0,7.51
2024-11-17 18:00:00+00:00,0.0,7.42
2024-11-17 19:00:00+00:00,0.0,7.05
2024-11-17 20:00:00+00:00,0.0,7.0
2024-11-17 21:00:00+00:00,0.0,6.91
2024-11-17 22:00:00+00:00,0.0,6.66
2024-11-17 23:00:00+00:00,0.0,6.51
2024-11-18 00:00:00+00:00,0.0,6.22
2024-11-18 01:00:00+00:00,0.0,5.82
2024-11-18 02:00:00+00:00,0.0,5.68
2024-11-18 03:00:00+00:00,0.0,5.75
2024-11-18 04:00:00+00:00,0.0,5.58
2024-11-18 05:00:00+00:00,0.0,5.26
2024-11-18 06:00:00+00:00,0.0,5.02
2024-11-18 07:00:00+00:00,4.07,4.92
2024-11-18 08:00:00+00:00,45.6,4.94
2024-11-18 09:00:00+00:00,97.62,5.11
2024-11-18 10:00:00+00:00,136.62,5.45
2024-11-18 11:00:00+00:00,154.8,5.99
2024-11-18 12:00:00+00:00,123.0,6.56
2024-11-18 13:00:00+00:00,86.8,7.05
2024-11-18 14:00:00+00:00,59.05,7.08
2024-11-18 15:00:00+00:00,19.4,6.25
2024-11-18 16:00:00+00:00,0.0,5.53
2024-11-18 17:00:00+00:00,0.0,5.52
2024-11-18 18:00:00+00:00,0.0,5.65
2024-11-18 19:00:00+00:00,0.0,5.83
2024-11-18 20:00:00+00:00,0.0,6.17
2024-11-18 21:00:00+00:00,0.0,6.68
2024-11-18 22:00:00+00:00,0.0,7.61
2024-11-18 23:00:00+00:00,0.0,8.44
2024-11-19 00:00:00+00:00,0.0,9.15
2024-11-19 01:00:00+00:00,0.0,10.07
2024-11-19 02:00:00+00:00,0.0,10.06
2024-11-19 03:00:00+00:00,0.0,9.31
2024-11-19 04:00:00+00:00,0.0,8.46
2024-11-19 05:00:00+00:00,0.0,7.59
2024-11-19 06:00:00+00:00,0.0,6.55
2024-11-19 07:00:00+00:00,0.0,5.3
2024-11-19 08:00:00+00:00,16.7,3.99
2024-11-19 09:00:00+00:00,47.4,3.11
2024-11-19 10:00:00+00:00,90.6,2.84
2024-11-19 11:00:00+00:00,93.2,3.19
2024-11-19 12:00:00+00:00,76.18,3.76
2024-11-19 13:00:00+00:00,62.8,4.27
2024-11-19 14:00:00+00:00,41.67,4.44
2024-11-19 15:00:00+00:00,13.1,4.16
2024-11-19 16:00:00+00:00,0.0,3.54
2024-11-19 17:00:00+00:00,0.0,3.05
2024-11-19 18:00:00+00:00,0.0,2.48
2024-11-19 19:00:00+00:00,0.0,1.92
2024-11-19 20:00:00+00:00,0.0,1.21
2024-11-19 21:00:00+00:00,0.0,0.56
2024-11-19 22:00:00+00:00,0.0,-0.14
2024-11-19 23:00:00+00:00,0.0,-1.01
2024-11-20 00:00:00+00:00,0.0,-1.94
2024-11-20 01:00:00+00:00,0.0,-2.2
2024-11-20 02:00:00+00:00,0.0,-1.83
2024-11-20 03:00:00+00:00,0.0,-1.6
2024-11-20 04:00:00+00:00,0.0,-1.56
2024-11-20 05:00:00+00:00,0.0,-1.67
2024-11-20 06:00:00+00:00,0.0,-1.71
2024-11-20 07:00:00+00:00,0.0,-1.79
2024-11-20 08:00:00+00:00,72.5,-1.15
2024-11-20 09:00:00+00:00,172.85,0.19
2024-11-20 10:00:00+00:00,255.25,1.81
2024-11-20 11:00:00+00:00,297.55,3.28
2024-11-20 12:00:00+00:00,292.62,4.25
2024-11-20 13:00:00+00:00,239.18,4.53
2024-11-20 14:00:00+00:00,154.68,4.13
2024-11-20 15:00:00+00:00,49.9,2.91
2024-11-20 16:00:00+00:00,0.0,0.91
2024-11-20 17:00:00+00:00,0.0,-0.15
2024-11-20 18:00:00+00:00,0.0,-0.83
2024-11-20 19:00:00+00:00,0.0,-0.93
2024-11-20 20:00:00+00:00,0.0,-1.04
2024-11-20 21:00:00+00:00,0.0,-1.06
2024-11-20 22:00:00+00:00,0.0,-1.66
2024-11-20 23:00:00+00:00,0.0,-1.65
2024-11-21 00:00:00+00:00,0.0,-1.64
2024-11-21 01:00:00+00:00,0.0,-1.73
2024-11-21 02:00:00+00:00,0.0,-1.58
2024-11-21 03:00:00+00:00,0.0,-1.38
2024-11-21 04:00:00+00:00,0.0,-1.28
2024-11-21 05:00:00+00:00,0.0,-1.19
2024-11-21 06:00:00+00:00,0.0,-1.12
2024-11-21 07:00:00+00:00,0.0,-1.14
2024-11-21 08:00:00+00:00,47.12,-0.89
2024-11-21 09:00:00+00:00,112.88,-0.31
2024-11-21 10:00:00+00:00,164.12,0.4
2024-11-21 11:00:00+00:00,196.5,0.77
2024-11-21 12:00:00+00:00,204.68,1.08
2024-11-21 13:00:00+00:00,179.15,1.45
2024-11-21 14:00:00+00:00,123.22,1.57
2024-11-21 15:00:00+00:00,42.97,0.24
2024-11-21 16:00:00+00:00,0.0,-2.3
2024-11-21 17:00:00+00:00,0.0,-3.09
2024-11-21 18:00:00+00:00,0.0,-3.25
2024-11-21 19:00:00+00:00,0.0,-2.77
2024-11-21 20:00:00+00:00,0.0,-1.95
2024-11-21 21:00:00+00:00,0.0,-1.47
2024-11-21 22:00:00+00:00,0.0,-1.1
2024-11-21 23:00:00+00:00,0.0,-1.18
2024-11-22 00:00:00+00:00,0.0,-1.25
2024-11-22 01:00:00+00:00,0.0,-1.27
2024-11-22 02:00:00+00:00,0.0,-1.1
2024-11-22 03:00:00+00:00,0.0,-0.81
2024-11-22 04:00:00+00:00,0.0,-0.5
2024-11-22 05:00:00+00:00,0.0,-0.31
2024-11-22 06:00:00+00:00,0.0,-0.04
2024-11-22 07:00:00+00:00,0.0,0.65
2024-11-22 08:00:00+00:00,64.57,0.91
2024-11-22 09:00:00+00:00,152.18,1.93
2024-11-22 10:00:00+00:00,225.85,3.37
2024-11-22 11:00:00+00:00,261.92,4.86
2024-11-22 12:00:00+00:00,262.8,5.9
2024-11-22 13:00:00+00:00,209.38,6.27
2024-11-22 14:00:00+00:00,127.62,5.95
2024-11-22 15:00:00+00:00,34.25,4.18
2024-11-22 16:00:00+00:00,0.0,1.97
2024-11-22 17:00:00+00:00,0.0,1.62
2024-11-22 18:00:00+00:00,0.0,1.16
2024-11-22 19:00:00+00:00,0.0,0.68
2024-11-22 20:00:00+00:00,0.0,0.3
2024-11-22 21:00:00+00:00,0.0,0.02
2024-11-22 22:00:00+00:00,0.0,-0.2
2024-11-22 23:00:00+00:00,0.0,-0.19
2024-11-23 00:00:00+00:00,0.0,0.19
2024-11-23 01:00:00+00:00,0.0,0.64
2024-11-23 02:00:00+00:00,0.0,1.38
2024-11-23 03:00:00+00:00,0.0,2.89
2024-11-23 04:00:00+00:00,0.0,4.51
2024-11-23 05:00:00+00:00,0.0,5.35
2024-11-23 06:00:00+00:00,0.0,5.88
2024-11-23 07:00:00+00:00,0.0,6.65
2024-11-23 08:00:00+00:00,20.7,7.41
2024-11-23 09:00:00+00:00,44.53,7.62
2024-11-23 10:00:00+00:00,59.4,7.46
2024-11-23 11:00:00+00:00,63.35,7.83
2024-11-23 12:00:00+00:00,58.9,8.48
2024-11-23 13:00:00+00:00,15.2,9.04
2024-11-23 14:00:00+00:00,41.45,9.85
2024-11-23 15:00:00+00:00,13.3,10.79
2024-11-23 16:00:00+00:00,0.0,11.53
2024-11-23 17:00:00+00:00,0.0,12.08
2024-11-23 18:00:00+00:00,0.0,12.41
2024-11-23 19:00:00+00:00,0.0,12.6
2024-11-23 20:00:00+00:00,0.0,12.75
2024-11-23 21:00:00+00:00,0.0,12.89
2024-11-23 22:00:00+00:00,0.0,13.07
2024-11-23 23:00:00+00:00,0.0,13.34
2024-11-24 00:00:00+00:00,0.0,13.57
2024-11-24 01:00:00+00:00,0.0,13.73
2024-11-24 02:00:00+00:00,0.0,13.88
2024-11-24 03:00:00+00:00,0.0,14.14
2024-11-24 04:00:00+00:00,0.0,14.38
2024-11-24 05:00:00+00:00,0.0,14.54
2024-11-24 06:00:00+00:00,0.0,14.83
2024-11-24 07:00:00+00:00,0.0,14.91
2024-11-24 08:00:00+00:00,26.6,15.0
2024-11-24 09:00:00+00:00,57.0,15.47
2024-11-24 10:00:00+00:00,86.12,16.03
2024-11-24 11:00:00+00:00,77.95,16.27
2024-11-24 12:00:00+00:00,57.33,16.3
2024-11-24 13:00:00+00:00,35.75,16.26
2024-11-24 14:00:00+00:00,15.25,16.05
2024-11-24 15:00:00+00:00,5.22,15.76
2024-11-24 16:00:00+00:00,0.0,15.42
2024-11-24 17:00:00+00:00,0.0,15.01
2024-11-24 18:00:00+00:00,0.0,14.61
2024-11-24 19:00:00+00:00,0.0,14.28
2024-11-24 20:00:00+00:00,0.0,14.07
2024-11-24 21:00:00+00:00,0.0,13.81
2024-11-24 22:00:00+00:00,0.0,13.29
2024-11-24 23:00:00+00:00,0.0,12.65
2024-11-25 00:00:00+00:00,0.0,11.78
2024-11-25 01:00:00+00:00,0.0,10.72
2024-11-25 02:00:00+00:00,0.0,9.31
2024-11-25 03:00:00+00:00,0.0,8.23
2024-11-25 04:00:00+00:00,0.0,7.79
2024-11-25 05:00:00+00:00,0.0,8.0
2024-11-25 06:00:00+00:00,0.0,8.8
2024-11-25 07:00:00+00:00,0.0,9.38
2024-11-25 08:00:00+00:00,50.6,9.37
2024-11-25 09:00:00+00:00,141.38,9.66
2024-11-25 10:00:00+00:00,224.73,10.22
2024-11-25 11:00:00+00:00,274.35,10.92
2024-11-25 12:00:00+00:00,254.57,11.41
2024-11-25 13:00:00+00:00,203.57,11.4
2024-11-25 14:00:00+00:00,124.38,10.86
2024-11-25 15:00:00+00:00,34.45,9.7
2024-11-25 16:00:00+00:00,0.0,8.45
2024-11-25 17:00:00+00:00,0.0,7.77
2024-11-25 18:00:00+00:00,0.0,6.95
2024-11-25 19:00:00+00:00,0.0,6.05
2024-11-25 20:00:00+00:00,0.0,5.69
2024-11-25 21:00:00+00:00,0.0,5.5
2024-11-25 22:00:00+00:00,0.0,5.6
2024-11-25 23:00:00+00:00,0.0,5.74
2024-11-26 00:00:00+00:00,0.0,5.78
2024-11-26 01:00:00+00:00,0.0,6.04
2024-11-26 02:00:00+00:00,0.0,6.27
2024-11-26 03:00:00+00:00,0.0,6.3
2024-11-26 04:00:00+00:00,0.0,6.04
2024-11-26 05:00:00+00:00,0.0,5.53
2024-11-26 06:00:00+00:00,0.0,5.17
2024-11-26 07:00:00+00:00,0.0,5.02
2024-11-26 08:00:00+00:00,53.42,5.3
2024-11-26 09:00:00+00:00,145.52,5.98
2024-11-26 10:00:00+00:00,223.48,6.98
2024-11-26 11:00:00+00:00,266.1,8.23
2024-11-26 12:00:00+00:00,275.0,9.19
2024-11-26 13:00:00+00:00,207.57,9.54
2024-11-26 14:00:00+00:00,124.72,9.15
2024-11-26 15:00:00+00:00,32.97,6.82
2024-11-26 16:00:00+00:00,0.0,5.39
2024-11-26 17:00:00+00:00,0.0,5.28
2024-11-26 18:00:00+00:00,0.0,5.38
2024-11-26 19:00:00+00:00,0.0,5.32
2024-11-26 20:00:00+00:00,0.0,4.85
2024-11-26 21:00:00+00:00,0.0,4.59
2024-11-26 22:00:00+00:00,0.0,4.59
2024-11-26 23:00:00+00:00,0.0,4.97
2024-11-27 00:00:00+00:00,0.0,5.65
2024-11-27 01:00:00+00:00,0.0,6.62
2024-11-27 02:00:00+00:00,0.0,7.51
2024-11-27 03:00:00+00:00,0.0,8.06
2024-11-27 04:00:00+00:00,0.0,8.55
2024-11-27 05:00:00+00:00,0.0,9.21
2024-11-27 06:00:00+00:00,0.0,9.8
2024-11-27 07:00:00+00:00,0.0,10.3
2024-11-27 08:00:00+00:00,22.2,10.14
2024-11-27 09:00:00+00:00,61.17,8.54
2024-11-27 10:00:00+00:00,86.03,6.04
2024-11-27 11:00:00+00:00,105.45,4.81
2024-11-27 12:00:00+00:00,99.62,5.05
2024-11-27 13:00:00+00:00,115.22,5.47
2024-11-27 14:00:00+00:00,74.3,5.76
2024-11-27 15:00:00+00:00,22.08,5.24
2024-11-27 16:00:00+00:00,0.0,4.07
2024-11-27 17:00:00+00:00,0.0,3.3
2024-11-27 18:00:00+00:00,0.0,2.45
2024-11-27 19:00:00+00:00,0.0,2.12
2024-11-27 20:00:00+00:00,0.0,2.38
2024-11-27 21:00:00+00:00,0.0,2.58
2024-11-27 22:00:00+00:00,0.0,2.16
2024-11-27 23:00:00+00:00,0.0,2.23
2024-11-28 00:00:00+00:00,0.0,2.27
2024-11-28 01:00:00+00:00,0.0,2.05
2024-11-28 02:00:00+00:00,0.0,1.91
2024-11-28 03:00:00+00:00,0.0,1.8
2024-11-28 04:00:00+00:00,0.0,1.57
2024-11-28 05:00:00+00:00,0.0,1.37
2024-11-28 06:00:00+00:00,0.0,1.22
2024-11-28 07:00:00+00:00,0.0,1.09
2024-11-28 08:00:00+00:00,43.65,1.17
2024-11-28 09:00:00+00:00,136.55,1.64
2024-11-28 10:00:00+00:00,216.27,2.45
2024-11-28 11:00:00+00:00,261.1,3.64
2024-11-28 12:00:00+00:00,264.08,4.8
2024-11-28 13:00:00+00:00,193.1,5.37
2024-11-28 14:00:00+00:00,112.2,5.28
2024-11-28 15:00:00+00:00,26.33,3.05
2024-11-28 16:00:00+00:00,0.0,0.94
2024-11-28 17:00:00+00:00,0.0,0.35
2024-11-28 18:00:00+00:00,0.0,0.43
2024-11-28 19:00:00+00:00,0.0,0.81
2024-11-28 20:00:00+00:00,0.0,1.01
2024-11-28 21:00:00+00:00,0.0,1.24
2024-11-28 22:00:00+00:00,0.0,1.66
2024-11-28 23:00:00+00:00,0.0,2.11
2024-11-29 00:00:00+00:00,0.0,2.44
2024-11-29 01:00:00+00:00,0.0,2.73
2024-11-29 02:00:00+00:00,0.0,2.94
2024-11-29 03:00:00+00:00,0.0,3.05
2024-11-29 04:00:00+00:00,0.0,3.08
2024-11-29 05:00:00+00:00,0.0,3.09
2024-11-29 06:00:00+00:00,0.0,3.12
2024-11-29 07:00:00+00:00,0.0,3.21
2024-11-29 08:00:00+00:00,40.75,3.84
2024-11-29 09:00:00+00:00,131.4,5.3
2024-11-29 10:00:00+00:00,209.9,6.83
2024-11-29 11:00:00+00:00,254.15,8.1
2024-11-29 12:00:00+00:00,251.55,8.84
2024-11-29 13:00:00+00:00,203.4,9.03
2024-11-29 14:00:00+00:00,118.6,8.59
2024-11-29 15:00:00+00:00,26.5,7.19
2024-11-29 16:00:00+00:00,0.0,5.81
2024-11-29 17:00:00+00:00,0.0,5.65
2024-11-29 18:00:00+00:00,0.0,5.57
2024-11-29 19:00:00+00:00,0.0,5.55
2024-11-29 20:00:00+00:00,0.0,5.54
2024-11-29 21:00:00+00:00,0.0,5.67
2024-11-29 22:00:00+00:00,0.0,5.98
2024-11-29 23:00:00+00:00,0.0,6.36
2024-11-30 00:00:00+00:00,0.0,6.06
2024-11-30 01:00:00+00:00,0.0,6.68
2024-11-30 02:00:00+00:00,0.0,7.32
2024-11-30 03:00:00+00:00,0.0,7.12
2024-11-30 04:00:00+00:00,0.0,7.15
2024-11-30 05:00:00+00:00,0.0,8.15
2024-11-30 06:00:00+00:00,0.0,8.76
2024-11-30 07:00:00+00:00,0.0,8.86
2024-11-30 08:00:00+00:00,31.1,9.33
2024-11-30 09:00:00+00:00,83.0,10.76
2024-11-30 10:00:00+00:00,116.03,11.72
2024-11-30 11:00:00+00:00,119.35,12.43
2024-11-30 12:00:00+00:00,121.3,12.91
2024-11-30 13:00:00+00:00,105.97,13.18
2024-11-30 14:00:00+00:00,67.88,12.92
2024-11-30 15:00:00+00:00,17.7,11.34
2024-11-30 16:00:00+00:00,0.0,9.7
2024-11-30 17:00:00+00:00,0.0,9.98
2024-11-30 18:00:00+00:00,0.0,9.82
2024-11-30 19:00:00+00:00,0.0,9.64
2024-11-30 20:00:00+00:00,0.0,9.48
2024-11-30 21:00:00+00:00,0.0,9.37
2024-11-30 22:00:00+00:00,0.0,9.32
2024-11-30 23:00:00+00:00,0.0,9.4
2024-12-01 00:00:00+00:00,0.0,9.64
2024-12-01 01:00:00+00:00,0.0,10.11
2024-12-01 02:00:00+00:00,0.0,10.33
2024-12-01 03:00:00+00:00,0.0,10.42
2024-12-01 04:00:00+00:00,0.0,10.32
2024-12-01 05:00:00+00:00,0.0,10.06
2024-12-01 06:00:00+00:00,0.0,9.43
2024-12-01 07:00:00+00:00,0.0,9.0
2024-12-01 08:00:00+00:00,25.95,9.19
2024-12-01 09:00:00+00:00,93.07,9.83
2024-12-01 10:00:00+00:00,170.73,10.61
2024-12-01 11:00:00+00:00,125.52,11.97
2024-12-01 12:00:00+00:00,87.2,13.11
2024-12-01 13:00:00+00:00,83.53,13.71
2024-12-01 14:00:00+00:00,57.67,13.58
2024-12-01 15:00:00+00:00,16.83,12.61
2024-12-01 16:00:00+00:00,0.0,11.63
2024-12-01 17:00:00+00:00,0.0,11.25
2024-12-01 18:00:00+00:00,0.0,11.0
2024-12-01 19:00:00+00:00,0.0,10.68
2024-12-01 20:00:00+00:00,0.0,10.61
2024-12-01 21:00:00+00:00,0.0,10.8
2024-12-01 22:00:00+00:00,0.0,10.97
2024-12-01 23:00:00+00:00,0.0,10.98
2024-12-02 00:00:00+00:00,0.0,10.71
2024-12-02 01:00:00+00:00,0.0,10.35
2024-12-02 02:00:00+00:00,0.0,9.94
2024-12-02 03:00:00+00:00,0.0,9.6
2024-12-02 04:00:00+00:00,0.0,9.33
2024-12-02 05:00:00+00:00,0.0,9.01
2024-12-02 06:00:00+00:00,0.0,8.55
2024-12-02 07:00:00+00:00,0.0,8.03
2024-12-02 08:00:00+00:00,32.7,7.66
2024-12-02 09:00:00+00:00,102.57,8.08
2024-12-02 10:00:00+00:00,153.12,8.72
2024-12-02 11:00:00+00:00,173.12,9.26
2024-12-02 12:00:00+00:00,154.77,9.62
2024-12-02 13:00:00+00:00,122.12,9.51
2024-12-02 14:00:00+00:00,69.72,8.95
2024-12-02 15:00:00+00:00,15.02,8.1
2024-12-02 16:00:00+00:00,0.0,7.53
2024-12-02 17:00:00+00:00,0.0,7.24
2024-12-02 18:00:00+00:00,0.0,7.03
2024-12-02 19:00:00+00:00,0.0,6.65
2024-12-02 20:00:00+00:00,0.0,5.89
2024-12-02 21:00:00+00:00,0.0,5.4
2024-12-02 22:00:00+00:00,0.0,4.96
2024-12-02 23:00:00+00:00,0.0,4.63
2024-12-03 00:00:00+00:00,0.0,4.33
2024-12-03 01:00:00+00:00,0.0,4.06
2024-12-03 02:00:00+00:00,0.0,3.78
2024-12-03 03:00:00+00:00,0.0,3.65
2024-12-03 04:00:00+00:00,0.0,3.41
2024-12-03 05:00:00+00:00,0.0,3.3
2024-12-03 06:00:00+00:00,0.0,3.2
2024-12-03 07:00:00+00:00,0.0,3.06
2024-12-03 08:00:00+00:00,27.23,3.08
2024-12-03 09:00:00+00:00,99.7,3.47
2024-12-03 10:00:00+00:00,162.27,4.41
2024-12-03 11:00:00+00:00,195.88,5.57
2024-12-03 12:00:00+00:00,184.45,6.62
2024-12-03 13:00:00+00:00,135.05,7.0
2024-12-03 14:00:00+00:00,66.38,6.7
2024-12-03 15:00:00+00:00,19.85,5.59
2024-12-03 16:00:00+00:00,0.0,4.56
2024-12-03 17:00:00+00:00,0.0,3.96
2024-12-03 18:00:00+00:00,0.0,3.11
2024-12-03 19:00:00+00:00,0.0,3.18
2024-12-03 20:00:00+00:00,0.0,3.66
2024-12-03 21:00:00+00:00,0.0,3.62
2024-12-03 22:00:00+00:00,0.0,3.29
2024-12-03 23:00:00+00:00,0.0,2.94
2024-12-04 00:00:00+00:00,0.0,2.28
2024-12-04 01:00:00+00:00,0.0,2.1
2024-12-04 02:00:00+00:00,0.0,2.12
2024-12-04 03:00:00+00:00,0.0,1.51
2024-12-04 04:00:00+00:00,0.0,1.06
2024-12-04 05:00:00+00:00,0.0,1.2
2024-12-04 06:00:00+00:00,0.0,1.78
2024-12-04 07:00:00+00:00,0.0,2.32
2024-12-04 08:00:00+00:00,21.27,2.69
2024-12-04 09:00:00+00:00,66.68,3.44
2024-12-04 10:00:00+00:00,105.9,4.43
2024-12-04 11:00:00+00:00,123.28,5.42
2024-12-04 12:00:00+00:00,112.32,6.3
2024-12-04 13:00:00+00:00,77.8,6.64
2024-12-04 14:00:00+00:00,47.62,6.48
2024-12-04 15:00:00+00:00,10.98,5.98
2024-12-04 16:00:00+00:00,0.0,6.21
2024-12-04 17:00:00+00:00,0.0,7.23
2024-12-04 18:00:00+00:00,0.0,8.03
2024-12-04 19:00:00+00:00,0.0,8.24
2024-12-04 20:00:00+00:00,0.0,8.03
2024-12-04 21:00:00+00:00,0.0,7.81
2024-12-04 22:00:00+00:00,0.0,7.91
2024-12-04 23:00:00+00:00,0.0,8.04
2024-12-05 00:00:00+00:00,0.0,8.51
2024-12-05 01:00:00+00:00,0.0,8.9
2024-12-05 02:00:00+00:00,0.0,9.18
2024-12-05 03:00:00+00:00,0.0,9.52
2024-12-05 04:00:00+00:00,0.0,9.86
2024-12-05 05:00:00+00:00,0.0,10.25
2024-12-05 06:00:00+00:00,0.0,11.12
2024-12-05 07:00:00+00:00,0.0,12.0
2024-12-05 08:00:00+00:00,20.5,12.09
2024-12-05 09:00:00+00:00,70.07,12.19
2024-12-05 10:00:00+00:00,106.85,12.19
2024-12-05 11:00:00+00:00,99.28,12.16
2024-12-05 12:00:00+00:00,51.1,12.05
2024-12-05 13:00:00+00:00,72.15,12.13
2024-12-05 14:00:00+00:00,28.2,12.43
2024-12-05 15:00:00+00:00,8.6,12.56
2024-12-05 16:00:00+00:00,0.0,12.58
2024-12-05 17:00:00+00:00,0.0,12.52
2024-12-05 18:00:00+00:00,0.0,12.43
2024-12-05 19:00:00+00:00,0.0,12.22
2024-12-05 20:00:00+00:00,0.0,11.05
2024-12-05 21:00:00+00:00,0.0,9.4
2024-12-05 22:00:00+00:00,0.0,8.33
2024-12-05 23:00:00+00:00,0.0,7.55
2024-12-06 00:00:00+00:00,0.0,7.3
2024-12-06 01:00:00+00:00,0.0,6.99
2024-12-06 02:00:00+00:00,0.0,6.24
2024-12-06 03:00:00+00:00,0.0,5.61
2024-12-06 04:00:00+00:00,0.0,5.16
2024-12-06 05:00:00+00:00,0.0,4.62
2024-12-06 06:00:00+00:00,0.0,4.11
2024-12-06 07:00:00+00:00,0.0,3.75
2024-12-06 08:00:00+00:00,29.75,3.64
2024-12-06 09:00:00+00:00,103.82,4.72
2024-12-06 10:00:00+00:00,156.07,5.96
2024-12-06 11:00:00+00:00,180.5,6.84
2024-12-06 12:00:00+00:00,165.32,7.56
2024-12-06 13:00:00+00:00,126.3,7.83
2024-12-06 14:00:00+00:00,64.97,7.14
2024-12-06 15:00:00+00:00,11.45,5.71
2024-12-06 16:00:00+00:00,0.0,5.6
2024-12-06 17:00:00+00:00,0.0,6.44
2024-12-06 18:00:00+00:00,0.0,7.25
2024-12-06 19:00:00+00:00,0.0,8.23
2024-12-06 20:00:00+00:00,0.0,8.79
2024-12-06 21:00:00+00:00,0.0,9.0
2024-12-06 22:00:00+00:00,0.0,9.32
2024-12-06 23:00:00+00:00,0.0,10.21
2024-12-07 00:00:00+00:00,0.0,11.58
2024-12-07 01:00:00+00:00,0.0,11.73
2024-12-07 02:00:00+00:00,0.0,9.92
2024-12-07 03:00:00+00:00,0.0,9.18
2024-12-07 04:00:00+00:00,0.0,8.62
2024-12-07 05:00:00+00:00,0.0,7.76
2024-12-07 06:00:00+00:00,0.0,7.5
2024-12-07 07:00:00+00:00,0.0,7.23
2024-12-07 08:00:00+00:00,13.05,6.78
2024-12-07 09:00:00+00:00,53.45,6.19
2024-12-07 10:00:00+00:00,91.03,5.44
2024-12-07 11:00:00+00:00,109.9,5.29
2024-12-07 12:00:00+00:00,96.03,5.72
2024-12-07 13:00:00+00:00,81.62,5.93
2024-12-07 14:00:00+00:00,47.62,5.77
2024-12-07 15:00:00+00:00,11.48,5.72
2024-12-07 16:00:00+00:00,0.0,5.83
2024-12-07 17:00:00+00:00,0.0,6.0
2024-12-07 18:00:00+00:00,0.0,6.07
2024-12-07 19:00:00+00:00,0.0,6.03
2024-12-07 20:00:00+00:00,0.0,5.96
2024-12-07 21:00:00+00:00,0.0,5.92
2024-12-07 22:00:00+00:00,0.0,6.06
2024-12-07 23:00:00+00:00,0.0,6.39
2024-12-08 00:00:00+00:00,0.0,6.62
2024-12-08 01:00:00+00:00,0.0,6.69
2024-12-08 02:00:00+00:00,0.0,6.74
2024-12-08 03:00:00+00:00,0.0,6.69
2024-12-08 04:00:00+00:00,0.0,6.57
2024-12-08 05:00:00+00:00,0.0,6.53
2024-12-08 06:00:00+00:00,0.0,6.45
2024-12-08 07:00:00+00:00,0.0,6.34
2024-12-08 08:00:00+00:00,13.2,6.29
2024-12-08 09:00:00+00:00,48.92,6.3
2024-12-08 10:00:00+00:00,83.9,6.28
2024-12-08 11:00:00+00:00,94.3,6.36
2024-12-08 12:00:00+00:00,87.1,6.46
2024-12-08 13:00:00+00:00,68.82,6.47
2024-12-08 14:00:00+00:00,39.25,6.39
2024-12-08 15:00:00+00:00,8.68,6.28
2024-12-08 16:00:00+00:00,0.0,6.27
2024-12-08 17:00:00+00:00,0.0,6.39
2024-12-08 18:00:00+00:00,0.0,6.52
2024-12-08 19:00:00+00:00,0.0,6.66
2024-12-08 20:00:00+00:00,0.0,6.74
2024-12-08 21:00:00+00:00,0.0,6.73
2024-12-08 22:00:00+00:00,0.0,6.7
2024-12-08 23:00:00+00:00,0.0,6.71
2024-12-09 00:00:00+00:00,0.0,6.69
2024-12-09 01:00:00+00:00,0.0,6.57
2024-12-09 02:00:00+00:00,0.0,6.34
2024-12-09 03:00:00+00:00,0.0,6.17
2024-12-09 04:00:00+00:00,0.0,6.02
2024-12-09 05:00:00+00:00,0.0,5.86
2024-12-09 06:00:00+00:00,0.0,5.7
2024-12-09 07:00:00+00:00,0.0,5.43
2024-12-09 08:00:00+00:00,14.4,5.3
2024-12-09 09:00:00+00:00,58.8,5.64
2024-12-09 10:00:00+00:00,101.7,6.21
2024-12-09 11:00:00+00:00,128.02,6.77
2024-12-09 12:00:00+00:00,117.72,7.05
2024-12-09 13:00:00+00:00,81.7,6.98
2024-12-09 14:00:00+00:00,50.5,6.76
2024-12-09 15:00:00+00:00,10.85,6.69
2024-12-09 16:00:00+00:00,0.0,6.67
2024-12-09 17:00:00+00:00,0.0,6.42
2024-12-09 18:00:00+00:00,0.0,6.11
2024-12-09 19:00:00+00:00,0.0,5.89
2024-12-09 20:00:00+00:00,0.0,5.76
2024-12-09 21:00:00+00:00,0.0,5.56
2024-12-09 22:00:00+00:00,0.0,5.37
2024-12-09 23:00:00+00:00,0.0,5.32
2024-12-10 00:00:00+00:00,0.0,5.31
2024-12-10 01:00:00+00:00,0.0,5.33
2024-12-10 02:00:00+00:00,0.0,5.32
2024-12-10 03:00:00+00:00,0.0,5.2
2024-12-10 04:00:00+00:00,0.0,5.11
2024-12-10 05:00:00+00:00,0.0,4.98
2024-12-10 06:00:00+00:00,0.0,4.86
2024-12-10 07:00:00+00:00,0.0,4.8
2024-12-10 08:00:00+00:00,11.27,4.8
2024-12-10 09:00:00+00:00,37.7,5.28
2024-12-10 10:00:00+00:00,58.17,5.94
2024-12-10 11:00:00+00:00,53.9,6.56
2024-12-10 12:00:00+00:00,59.8,6.88
2024-12-10 13:00:00+00:00,41.85,6.87
2024-12-10 14:00:00+00:00,31.27,6.58
2024-12-10 15:00:00+00:00,8.2,6.0
2024-12-10 16:00:00+00:00,0.0,5.46
2024-12-10 17:00:00+00:00,0.0,5.16
2024-12-10 18:00:00+00:00,0.0,4.92
2024-12-10 19:00:00+00:00,0.0,4.72
2024-12-10 20:00:00+00:00,0.0,4.54
2024-12-10 21:00:00+00:00,0.0,4.56
2024-12-10 22:00:00+00:00,0.0,4.68
2024-12-10 23:00:00+00:00,0.0,4.75
2024-12-11 00:00:00+00:00,0.0,4.83
2024-12-11 01:00:00+00:00,0.0,4.87
2024-12-11 02:00:00+00:00,0.0,4.86
2024-12-11 03:00:00+00:00,0.0,4.89
2024-12-11 04:00:00+00:00,0.0,4.9
2024-12-11 05:00:00+00:00,0.0,4.87
2024-12-11 06:00:00+00:00,0.0,4.84
2024-12-11 07:00:00+00:00,0.0,4.83
2024-12-11 08:00:00+00:00,8.35,4.93
2024-12-11 09:00:00+00:00,28.38,5.43
2024-12-11 10:00:00+00:00,50.3,6.03
2024-12-11 11:00:00+00:00,48.75,6.57
2024-12-11 12:00:00+00:00,59.45,6.91
2024-12-11 13:00:00+00:00,52.0,7.03
2024-12-11 14:00:00+00:00,32.67,6.89
2024-12-11 15:00:00+00:00,6.78,6.43
2024-12-11 16:00:00+00:00,0.0,6.01
2024-12-11 17:00:00+00:00,0.0,5.7
2024-12-11 18:00:00+00:00,0.0,5.42
2024-12-11 19:00:00+00:00,0.0,5.31
2024-12-11 20:00:00+00:00,0.0,5.23
2024-12-11 21:00:00+00:00,0.0,5.17
2024-12-11 22:00:00+00:00,0.0,5.06
2024-12-11 23:00:00+00:00,0.0,4.82
2024-12-12 00:00:00+00:00,0.0,4.6
2024-12-12 01:00:00+00:00,0.0,4.45
2024-12-12 02:00:00+00:00,0.0,4.28
2024-12-12 03:00:00+00:00,0.0,4.31
2024-12-12 04:00:00+00:00,0.0,4.47
2024-12-12 05:00:00+00:00,0.0,4.55
2024-12-12 06:00:00+00:00,0.0,4.65
2024-12-12 07:00:00+00:00,0.0,4.74
2024-12-12 08:00:00+00:00,11.77,4.93
2024-12-12 09:00:00+00:00,52.58,5.45
2024-12-12 10:00:00+00:00,89.82,5.87
2024-12-12 11:00:00+00:00,109.05,6.23
2024-12-12 12:00:00+00:00,100.62,6.59
2024-12-12 13:00:00+00:00,89.88,6.84
2024-12-12 14:00:00+00:00,54.62,6.83
2024-12-12 15:00:00+00:00,13.57,6.38
2024-12-12 16:00:00+00:00,0.0,6.22
2024-12-12 17:00:00+00:00,0.0,6.31
2024-12-12 18:00:00+00:00,0.0,6.34
2024-12-12 19:00:00+00:00,0.0,6.33
2024-12-12 20:00:00+00:00,0.0,6.17
2024-12-12 21:00:00+00:00,0.0,5.99
2024-12-12 22:00:00+00:00,0.0,5.75
2024-12-12 23:00:00+00:00,0.0,5.47
2024-12-13 00:00:00+00:00,0.0,5.18
2024-12-13 01:00:00+00:00,0.0,4.84
2024-12-13 02:00:00+00:00,0.0,4.49
2024-12-13 03:00:00+00:00,0.0,4.23
2024-12-13 04:00:00+00:00,0.0,4.03
2024-12-13 05:00:00+00:00,0.0,3.64
2024-12-13 06:00:00+00:00,0.0,3.24
2024-12-13 07:00:00+00:00,0.0,2.89
2024-12-13 08:00:00+00:00,14.2,2.87
2024-12-13 09:00:00+00:00,59.7,3.66
2024-12-13 10:00:00+00:00,90.18,4.11
2024-12-13 11:00:00+00:00,109.7,4.48
2024-12-13 12:00:00+00:00,65.8,4.63
2024-12-13 13:00:00+00:00,74.75,4.61
2024-12-13 14:00:00+00:00,55.78,4.26
2024-12-13 15:00:00+00:00,14.4,3.23
2024-12-13 16:00:00+00:00,0.0,2.46
2024-12-13 17:00:00+00:00,0.0,2.0
2024-12-13 18:00:00+00:00,0.0,1.64
2024-12-13 19:00:00+00:00,0.0,1.25
2024-12-13 20:00:00+00:00,0.0,0.88
2024-12-13 21:00:00+00:00,0.0,0.77
2024-12-13 22:00:00+00:00,0.0,0.87
2024-12-13 23:00:00+00:00,0.0,1.19
2024-12-14 00:00:00+00:00,0.0,1.64
2024-12-14 01:00:00+00:00,0.0,1.98
2024-12-14 02:00:00+00:00,0.0,2.5
2024-12-14 03:00:00+00:00,0.0,2.88
2024-12-14 04:00:00+00:00,0.0,2.98
2024-12-14 05:00:00+00:00,0.0,3.02
2024-12-14 06:00:00+00:00,0.0,3.29
2024-12-14 07:00:00+00:00,0.0,3.52
2024-12-14 08:00:00+00:00,13.2,3.77
2024-12-14 09:00:00+00:00,85.3,4.21
2024-12-14 10:00:00+00:00,161.0,4.92
2024-12-14 11:00:00+00:00,209.5,5.8
2024-12-14 12:00:00+00:00,213.4,6.55
2024-12-14 13:00:00+00:00,173.15,6.89
2024-12-14 14:00:00+00:00,98.28,6.43
2024-12-14 15:00:00+00:00,16.67,4.27
2024-12-14 16:00:00+00:00,0.0,2.98
2024-12-14 17:00:00+00:00,0.0,3.11
2024-12-14 18:00:00+00:00,0.0,3.23
2024-12-14 19:00:00+00:00,0.0,3.25
2024-12-14 20:00:00+00:00,0.0,3.14
2024-12-14 21:00:00+00:00,0.0,3.04
2024-12-14 22:00:00+00:00,0.0,3.13
2024-12-14 23:00:00+00:00,0.0,3.11
2024-12-15 00:00:00+00:00,0.0,3.07
2024-12-15 01:00:00+00:00,0.0,3.51
2024-12-15 02:00:00+00:00,0.0,4.07
2024-12-15 03:00:00+00:00,0.0,4.78
2024-12-15 04:00:00+00:00,0.0,5.81
2024-12-15 05:00:00+00:00,0.0,5.89
2024-12-15 06:00:00+00:00,0.0,6.12
2024-12-15 07:00:00+00:00,0.0,6.4
2024-12-15 08:00:00+00:00,13.43,6.89
2024-12-15 09:00:00+00:00,57.97,7.79
2024-12-15 10:00:00+00:00,92.75,8.71
2024-12-15 11:00:00+00:00,103.43,9.43
2024-12-15 12:00:00+00:00,86.47,10.08
2024-12-15 13:00:00+00:00,60.6,10.87
2024-12-15 14:00:00+00:00,36.55,10.89
2024-12-15 15:00:00+00:00,7.4,9.97
2024-12-15 16:00:00+00:00,0.0,9.5
2024-12-15 17:00:00+00:00,0.0,9.66
2024-12-15 18:00:00+00:00,0.0,9.94
2024-12-15 19:00:00+00:00,0.0,10.02
2024-12-15 20:00:00+00:00,0.0,9.83
2024-12-15 21:00:00+00:00,0.0,9.44
2024-12-15 22:00:00+00:00,0.0,9.01
2024-12-15 23:00:00+00:00,0.0,8.51
2024-12-16 00:00:00+00:00,0.0,8.17
2024-12-16 01:00:00+00:00,0.0,8.04
2024-12-16 02:00:00+00:00,0.0,8.18
2024-12-16 03:00:00+00:00,0.0,8.5
2024-12-16 04:00:00+00:00,0.0,8.74
2024-12-16 05:00:00+00:00,0.0,8.73
2024-12-16 06:00:00+00:00,0.0,8.64
2024-12-16 07:00:00+00:00,0.0,8.54
2024-12-16 08:00:00+00:00,17.45,8.47
2024-12-16 09:00:00+00:00,80.1,8.8
2024-12-16 10:00:00+00:00,129.8,9.42
2024-12-16 11:00:00+00:00,140.9,10.02
2024-12-16 12:00:00+00:00,127.4,10.38
2024-12-16 13:00:00+00:00,74.03,10.37
2024-12-16 14:00:00+00:00,40.0,9.81
2024-12-16 15:00:00+00:00,6.95,8.97
2024-12-16 16:00:00+00:00,0.0,8.28
2024-12-16 17:00:00+00:00,0.0,7.89
2024-12-16 18:00:00+00:00,0.0,7.71
2024-12-16 19:00:00+00:00,0.0,7.8
2024-12-16 20:00:00+00:00,0.0,7.32
2024-12-16 21:00:00+00:00,0.0,6.87
2024-12-16 22:00:00+00:00,0.0,6.74
2024-12-16 23:00:00+00:00,0.0,6.74
2024-12-17 00:00:00+00:00,0.0,6.66
2024-12-17 01:00:00+00:00,0.0,6.5
2024-12-17 02:00:00+00:00,0.0,6.29
2024-12-17 03:00:00+00:00,0.0,6.12
2024-12-17 04:00:00+00:00,0.0,6.07
2024-12-17 05:00:00+00:00,0.0,6.23
2024-12-17 06:00:00+00:00,0.0,6.53
2024-12-17 07:00:00+00:00,0.0,6.7
2024-12-17 08:00:00+00:00,9.95,7.43
2024-12-17 09:00:00+00:00,38.92,8.33
2024-12-17 10:00:00+00:00,61.17,8.96
2024-12-17 11:00:00+00:00,69.53,9.4
2024-12-17 12:00:00+00:00,78.3,9.42
2024-12-17 13:00:00+00:00,63.4,9.13
2024-12-17 14:00:00+00:00,40.28,8.72
2024-12-17 15:00:00+00:00,9.07,8.19
2024-12-17 16:00:00+00:00,0.0,7.84
2024-12-17 17:00:00+00:00,0.0,7.72
2024-12-17 18:00:00+00:00,0.0,7.72
2024-12-17 19:00:00+00:00,0.0,7.62
2024-12-17 20:00:00+00:00,0.0,7.68
2024-12-17 21:00:00+00:00,0.0,7.76
2024-12-17 22:00:00+00:00,0.0,7.84
2024-12-17 23:00:00+00:00,0.0,8.53
2024-12-18 00:00:00+00:00,0.0,9.44
2024-12-18 01:00:00+00:00,0.0,9.88
2024-12-18 02:00:00+00:00,0.0,10.34
2024-12-18 03:00:00+00:00,0.0,10.87
2024-12-18 04:00:00+00:00,0.0,11.42
2024-12-18 05:00:00+00:00,0.0,12.02
2024-12-18 06:00:00+00:00,0.0,12.28
2024-12-18 07:00:00+00:00,0.0,12.32
2024-12-18 08:00:00+00:00,10.25,12.44
2024-12-18 09:00:00+00:00,44.1,12.64
2024-12-18 10:00:00+00:00,70.8,12.74
2024-12-18 11:00:00+00:00,87.38,12.72
2024-12-18 12:00:00+00:00,92.2,12.62
2024-12-18 13:00:00+00:00,68.47,12.41
2024-12-18 14:00:00+00:00,38.53,11.97
2024-12-18 15:00:00+00:00,9.32,11.23
2024-12-18 16:00:00+00:00,0.0,10.75
2024-12-18 17:00:00+00:00,0.0,10.78
2024-12-18 18:00:00+00:00,0.0,11.1
2024-12-18 19:00:00+00:00,0.0,11.64
2024-12-18 20:00:00+00:00,0.0,12.48
2024-12-18 21:00:00+00:00,0.0,12.94
2024-12-18 22:00:00+00:00,0.0,12.65
2024-12-18 23:00:00+00:00,0.0,12.26
2024-12-19 00:00:00+00:00,0.0,12.07
2024-12-19 01:00:00+00:00,0.0,11.69
2024-12-19 02:00:00+00:00,0.0,9.82
2024-12-19 03:00:00+00:00,0.0,6.48
2024-12-19 04:00:00+00:00,0.0,4.95
2024-12-19 05:00:00+00:00,0.0,4.84
2024-12-19 06:00:00+00:00,0.0,4.86
2024-12-19 07:00:00+00:00,0.0,4.7
2024-12-19 08:00:00+00:00,14.88,4.41
2024-12-19 09:00:00+00:00,80.43,4.71
2024-12-19 10:00:00+00:00,141.23,5.41
2024-12-19 11:00:00+00:00,175.12,5.95
2024-12-19 12:00:00+00:00,169.48,6.16
2024-12-19 13:00:00+00:00,146.5,6.04
2024-12-19 14:00:00+00:00,88.32,5.76
2024-12-19 15:00:00+00:00,21.75,5.06
2024-12-19 16:00:00+00:00,0.0,4.12
2024-12-19 17:00:00+00:00,0.0,3.54
2024-12-19 18:00:00+00:00,0.0,3.33
2024-12-19 19:00:00+00:00,0.0,3.03
2024-12-19 20:00:00+00:00,0.0,2.6
2024-12-19 21:00:00+00:00,0.0,2.1
2024-12-19 22:00:00+00:00,0.0,2.12
2024-12-19 23:00:00+00:00,0.0,2.43
2024-12-20 00:00:00+00:00,0.0,2.2
2024-12-20 01:00:00+00:00,0.0,2.46
2024-12-20 02:00:00+00:00,0.0,2.04
2024-12-20 03:00:00+00:00,0.0,2.01
2024-12-20 04:00:00+00:00,0.0,1.92
2024-12-20 05:00:00+00:00,0.0,1.26
2024-12-20 06:00:00+00:00,0.0,1.62
2024-12-20 07:00:00+00:00,0.0,1.59
2024-12-20 08:00:00+00:00,13.77,1.86
2024-12-20 09:00:00+00:00,72.85,3.08
2024-12-20 10:00:00+00:00,126.22,4.35
2024-12-20 11:00:00+00:00,152.93,5.81
2024-12-20 12:00:00+00:00,131.4,7.23
2024-12-20 13:00:00+00:00,49.72,7.89
2024-12-20 14:00:00+00:00,43.62,7.83
2024-12-20 15:00:00+00:00,8.6,7.57
2024-12-20 16:00:00+00:00,0.0,7.44
2024-12-20 17:00:00+00:00,0.0,7.43
2024-12-20 18:00:00+00:00,0.0,7.4
2024-12-20 19:00:00+00:00,0.0,7.24
2024-12-20 20:00:00+00:00,0.0,6.89
2024-12-20 21:00:00+00:00,0.0,6.36
2024-12-20 22:00:00+00:00,0.0,6.27
2024-12-20 23:00:00+00:00,0.0,5.85
2024-12-21 00:00:00+00:00,0.0,5.29
2024-12-21 01:00:00+00:00,0.0,4.86
2024-12-21 02:00:00+00:00,0.0,4.77
2024-12-21 03:00:00+00:00,0.0,4.56
2024-12-21 04:00:00+00:00,0.0,4.39
2024-12-21 05:00:00+00:00,0.0,4.69
2024-12-21 06:00:00+00:00,0.0,5.05
2024-12-21 07:00:00+00:00,0.0,5.62
2024-12-21 08:00:00+00:00,7.38,6.28
2024-12-21 09:00:00+00:00,42.9,7.18
2024-12-21 10:00:00+00:00,81.12,8.47
2024-12-21 11:00:00+00:00,97.82,9.53
2024-12-21 12:00:00+00:00,78.55,9.97
2024-12-21 13:00:00+00:00,60.85,10.39
2024-12-21 14:00:00+00:00,50.58,11.04
2024-12-21 15:00:00+00:00,12.0,11.08
2024-12-21 16:00:00+00:00,0.0,10.1
2024-12-21 17:00:00+00:00,0.0,8.72
2024-12-21 18:00:00+00:00,0.0,8.09
2024-12-21 19:00:00+00:00,0.0,8.05
2024-12-21 20:00:00+00:00,0.0,7.95
2024-12-21 21:00:00+00:00,0.0,7.29
2024-12-21 22:00:00+00:00,0.0,6.67
2024-12-21 23:00:00+00:00,0.0,6.13
2024-12-22 00:00:00+00:00,0.0,5.83
2024-12-22 01:00:00+00:00,0.0,5.61
2024-12-22 02:00:00+00:00,0.0,5.54
2024-12-22 03:00:00+00:00,0.0,5.28
2024-12-22 04:00:00+00:00,0.0,4.78
2024-12-22 05:00:00+00:00,0.0,4.32
2024-12-22 06:00:00+00:00,0.0,4.0
2024-12-22 07:00:00+00:00,0.0,3.82
2024-12-22 08:00:00+00:00,13.8,3.69
2024-12-22 09:00:00+00:00,86.57,3.9
2024-12-22 10:00:00+00:00,160.4,4.35
2024-12-22 11:00:00+00:00,205.62,4.74
2024-12-22 12:00:00+00:00,180.9,4.9
2024-12-22 13:00:00+00:00,122.38,5.11
2024-12-22 14:00:00+00:00,78.6,5.17
2024-12-22 15:00:00+00:00,20.62,5.07
2024-12-22 16:00:00+00:00,0.0,5.15
2024-12-22 17:00:00+00:00,0.0,5.48
2024-12-22 18:00:00+00:00,0.0,5.52
2024-12-22 19:00:00+00:00,0.0,5.29
2024-12-22 20:00:00+00:00,0.0,5.04
2024-12-22 21:00:00+00:00,0.0,4.77
2024-12-22 22:00:00+00:00,0.0,4.51
2024-12-22 23:00:00+00:00,0.0,4.36
2024-12-23 00:00:00+00:00,0.0,4.12
2024-12-23 01:00:00+00:00,0.0,3.81
2024-12-23 02:00:00+00:00,0.0,3.49
2024-12-23 03:00:00+00:00,0.0,3.04
2024-12-23 04:00:00+00:00,0.0,2.35
2024-12-23 05:00:00+00:00,0.0,1.97
2024-12-23 06:00:00+00:00,0.0,1.64
2024-12-23 07:00:00+00:00,0.0,1.27
2024-12-23 08:00:00+00:00,16.1,1.23
2024-12-23 09:00:00+00:00,71.97,2.35
2024-12-23 10:00:00+00:00,102.57,3.66
2024-12-23 11:00:00+00:00,117.62,4.62
2024-12-23 12:00:00+00:00,104.55,5.27
2024-12-23 13:00:00+00:00,90.72,5.52
2024-12-23 14:00:00+00:00,48.3,5.33
2024-12-23 15:00:00+00:00,13.32,4.59
2024-12-23 16:00:00+00:00,0.0,3.98
2024-12-23 17:00:00+00:00,0.0,3.84
2024-12-23 18:00:00+00:00,0.0,3.95
2024-12-23 19:00:00+00:00,0.0,4.15
2024-12-23 20:00:00+00:00,0.0,4.45
2024-12-23 21:00:00+00:00,0.0,4.76
2024-12-23 22:00:00+00:00,0.0,5.03
2024-12-23 23:00:00+00:00,0.0,5.12
2024-12-24 00:00:00+00:00,0.0,5.19
2024-12-24 01:00:00+00:00,0.0,5.4
2024-12-24 02:00:00+00:00,0.0,5.65
2024-12-24 03:00:00+00:00,0.0,5.78
2024-12-24 04:00:00+00:00,0.0,5.95
2024-12-24 05:00:00+00:00,0.0,6.08
2024-12-24 06:00:00+00:00,0.0,6.38
2024-12-24 07:00:00+00:00,0.0,6.64
2024-12-24 08:00:00+00:00,8.85,7.05
2024-12-24 09:00:00+00:00,41.5,7.78
2024-12-24 10:00:00+00:00,76.32,9.07
2024-12-24 11:00:00+00:00,92.78,10.4
2024-12-24 12:00:00+00:00,87.3,11.29
2024-12-24 13:00:00+00:00,86.12,11.75
2024-12-24 14:00:00+00:00,56.4,11.21
2024-12-24 15:00:00+00:00,15.75,8.99
2024-12-24 16:00:00+00:00,0.0,7.97
2024-12-24 17:00:00+00:00,0.0,7.89
2024-12-24 18:00:00+00:00,0.0,7.59
2024-12-24 19:00:00+00:00,0.0,7.18
2024-12-24 20:00:00+00:00,0.0,6.69
2024-12-24 21:00:00+00:00,0.0,6.45
2024-12-24 22:00:00+00:00,0.0,6.34
2024-12-24 23:00:00+00:00,0.0,6.34
2024-12-25 00:00:00+00:00,0.0,6.43
2024-12-25 01:00:00+00:00,0.0,6.52
2024-12-25 02:00:00+00:00,0.0,6.47
2024-12-25 03:00:00+00:00,0.0,6.27
2024-12-25 04:00:00+00:00,0.0,6.04
2024-12-25 05:00:00+00:00,0.0,5.93
2024-12-25 06:00:00+00:00,0.0,5.86
2024-12-25 07:00:00+00:00,0.0,5.71
2024-12-25 08:00:00+00:00,12.77,5.63
2024-12-25 09:00:00+00:00,67.85,5.84
2024-12-25 10:00:00+00:00,105.75,6.24
2024-12-25 11:00:00+00:00,116.18,6.85
2024-12-25 12:00:00+00:00,98.05,7.57
2024-12-25 13:00:00+00:00,98.88,8.18
2024-12-25 14:00:00+00:00,56.58,8.46
2024-12-25 15:00:00+00:00,15.15,8.04
2024-12-25 16:00:00+00:00,0.0,7.76
2024-12-25 17:00:00+00:00,0.0,7.74
2024-12-25 18:00:00+00:00,0.0,7.71
2024-12-25 19:00:00+00:00,0.0,7.67
2024-12-25 20:00:00+00:00,0.0,7.64
2024-12-25 21:00:00+00:00,0.0,7.59
2024-12-25 22:00:00+00:00,0.0,7.56
2024-12-25 23:00:00+00:00,0.0,7.51
2024-12-26 00:00:00+00:00,0.0,7.45
2024-12-26 01:00:00+00:00,0.0,7.4
2024-12-26 02:00:00+00:00,0.0,7.36
2024-12-26 03:00:00+00:00,0.0,7.27
2024-12-26 04:00:00+00:00,0.0,7.13
2024-12-26 05:00:00+00:00,0.0,6.99
2024-12-26 06:00:00+00:00,0.0,6.8
2024-12-26 07:00:00+00:00,0.0,6.6
2024-12-26 08:00:00+00:00,11.3,6.49
2024-12-26 09:00:00+00:00,57.7,6.4
2024-12-26 10:00:00+00:00,93.38,6.19
2024-12-26 11:00:00+00:00,91.8,6.22
2024-12-26 12:00:00+00:00,98.25,6.3
2024-12-26 13:00:00+00:00,76.57,6.35
2024-12-26 14:00:00+00:00,58.3,6.24
2024-12-26 15:00:00+00:00,17.58,5.92
2024-12-26 16:00:00+00:00,0.0,5.67
2024-12-26 17:00:00+00:00,0.0,5.65
2024-12-26 18:00:00+00:00,0.0,5.61
2024-12-26 19:00:00+00:00,0.0,5.51
2024-12-26 20:00:00+00:00,0.0,5.43
2024-12-26 21:00:00+00:00,0.0,5.47
2024-12-26 22:00:00+00:00,0.0,5.51
2024-12-26 23:00:00+00:00,0.0,5.68
2024-12-27 00:00:00+00:00,0.0,5.89
2024-12-27 01:00:00+00:00,0.0,6.07
2024-12-27 02:00:00+00:00,0.0,6.18
2024-12-27 03:00:00+00:00,0.0,6.17
2024-12-27 04:00:00+00:00,0.0,6.03
2024-12-27 05:00:00+00:00,0.0,5.83
2024-12-27 06:00:00+00:00,0.0,5.73
2024-12-27 07:00:00+00:00,0.0,5.67
2024-12-27 08:00:00+00:00,10.05,5.58
2024-12-27 09:00:00+00:00,51.58,5.68
2024-12-27 10:00:00+00:00,83.6,5.93
2024-12-27 11:00:00+00:00,85.7,6.16
2024-12-27 12:00:00+00:00,91.38,6.34
2024-12-27 13:00:00+00:00,74.4,6.42
2024-12-27 14:00:00+00:00,50.12,6.32
2024-12-27 15:00:00+00:00,14.85,5.97
2024-12-27 16:00:00+00:00,0.0,5.62
2024-12-27 17:00:00+00:00,0.0,5.33
2024-12-27 18:00:00+00:00,0.0,5.01
2024-12-27 19:00:00+00:00,0.0,4.66
2024-12-27 20:00:00+00:00,0.0,4.24
2024-12-27 21:00:00+00:00,0.0,3.9
2024-12-27 22:00:00+00:00,0.0,3.61
2024-12-27 23:00:00+00:00,0.0,3.34
2024-12-28 00:00:00+00:00,0.0,3.11
2024-12-28 01:00:00+00:00,0.0,2.94
2024-12-28 02:00:00+00:00,0.0,2.8
2024-12-28 03:00:00+00:00,0.0,2.66
2024-12-28 04:00:00+00:00,0.0,2.51
2024-12-28 05:00:00+00:00,0.0,2.39
2024-12-28 06:00:00+00:00,0.0,2.26
2024-12-28 07:00:00+00:00,0.0,2.12
2024-12-28 08:00:00+00:00,10.62,2.08
2024-12-28 09:00:00+00:00,56.0,2.36
2024-12-28 10:00:00+00:00,96.07,2.89
2024-12-28 11:00:00+00:00,103.57,3.33
2024-12-28 12:00:00+00:00,83.05,3.6
2024-12-28 13:00:00+00:00,87.75,3.73
2024-12-28 14:00:00+00:00,62.03,3.73
2024-12-28 15:00:00+00:00,18.48,3.68
2024-12-28 16:00:00+00:00,0.0,3.61
2024-12-28 17:00:00+00:00,0.0,3.66
2024-12-28 18:00:00+00:00,0.0,3.51
2024-12-28 19:00:00+00:00,0.0,3.54
2024-12-28 20:00:00+00:00,0.0,3.68
2024-12-28 21:00:00+00:00,0.0,3.78
2024-12-28 22:00:00+00:00,0.0,3.83
2024-12-28 23:00:00+00:00,0.0,3.83
2024-12-29 00:00:00+00:00,0.0,3.85
2024-12-29 01:00:00+00:00,0.0,3.96
2024-12-29 02:00:00+00:00,0.0,4.16
2024-12-29 03:00:00+00:00,0.0,4.17
2024-12-29 04:00:00+00:00,0.0,4.11
2024-12-29 05:00:00+00:00,0.0,3.96
2024-12-29 06:00:00+00:00,0.0,3.79
2024-12-29 07:00:00+00:00,0.0,3.69
2024-12-29 08:00:00+00:00,12.77,3.74
2024-12-29 09:00:00+00:00,72.2,4.13
2024-12-29 10:00:00+00:00,120.75,4.67
2024-12-29 11:00:00+00:00,142.45,5.24
2024-12-29 12:00:00+00:00,138.45,5.77
2024-12-29 13:00:00+00:00,126.25,6.12
2024-12-29 14:00:00+00:00,81.35,6.16
2024-12-29 15:00:00+00:00,24.5,5.87
2024-12-29 16:00:00+00:00,0.0,5.58
2024-12-29 17:00:00+00:00,0.0,5.79
2024-12-29 18:00:00+00:00,0.0,5.78
2024-12-29 19:00:00+00:00,0.0,5.63
2024-12-29 20:00:00+00:00,0.0,5.32
2024-12-29 21:00:00+00:00,0.0,5.11
2024-12-29 22:00:00+00:00,0.0,4.96
2024-12-29 23:00:00+00:00,0.0,4.84
2024-12-30 00:00:00+00:00,0.0,4.82
2024-12-30 01:00:00+00:00,0.0,4.93
2024-12-30 02:00:00+00:00,0.0,5.17
2024-12-30 03:00:00+00:00,0.0,5.42
2024-12-30 04:00:00+00:00,0.0,5.38
2024-12-30 05:00:00+00:00,0.0,5.25
2024-12-30 06:00:00+00:00,0.0,5.2
2024-12-30 07:00:00+00:00,0.0,5.21
2024-12-30 08:00:00+00:00,12.35,5.37
2024-12-30 09:00:00+00:00,73.2,5.9
2024-12-30 10:00:00+00:00,129.0,6.58
2024-12-30 11:00:00+00:00,155.98,7.08
2024-12-30 12:00:00+00:00,152.27,7.35
2024-12-30 13:00:00+00:00,116.5,7.5
2024-12-30 14:00:00+00:00,77.5,7.3
2024-12-30 15:00:00+00:00,22.05,6.86
2024-12-30 16:00:00+00:00,0.0,6.68
2024-12-30 17:00:00+00:00,0.0,6.67
2024-12-30 18:00:00+00:00,0.0,6.48
2024-12-30 19:00:00+00:00,0.0,6.3
2024-12-30 20:00:00+00:00,0.0,6.26
2024-12-30 21:00:00+00:00,0.0,6.24
2024-12-30 22:00:00+00:00,0.0,6.26
2024-12-30 23:00:00+00:00,0.0,6.31
2024-12-31 00:00:00+00:00,0.0,6.27
2024-12-31 01:00:00+00:00,0.0,6.18
2024-12-31 02:00:00+00:00,0.0,6.34
2024-12-31 03:00:00+00:00,0.0,6.33
2024-12-31 04:00:00+00:00,0.0,6.28
2024-12-31 05:00:00+00:00,0.0,6.28
2024-12-31 06:00:00+00:00,0.0,6.15
2024-12-31 07:00:00+00:00,0.0,6.15
2024-12-31 08:00:00+00:00,10.15,6.56
2024-12-31 09:00:00+00:00,53.78,7.56
2024-12-31 10:00:00+00:00,95.8,8.74
2024-12-31 11:00:00+00:00,114.22,9.62
2024-12-31 12:00:00+00:00,104.45,9.81
2024-12-31 13:00:00+00:00,79.22,9.81
2024-12-31 14:00:00+00:00,59.47,9.9
2024-12-31 15:00:00+00:00,16.0,9.97
2024-12-31 16:00:00+00:00,0.0,10.03
2024-12-31 17:00:00+00:00,0.0,10.14
2024-12-31 18:00:00+00:00,0.0,10.11
2024-12-31 19:00:00+00:00,0.0,10.07
2024-12-31 20:00:00+00:00,0.0,10.1
2024-12-31 21:00:00+00:00,0.0,10.19
2024-12-31 22:00:00+00:00,0.0,10.21
2024-12-31 23:00:00+00:00,0.0,10.2
