timestamp,ghi_wm2,temp_c
2023-01-01 00:00:00+00:00,0.0,10.3
2023-01-01 01:00:00+00:00,0.0,10.06
2023-01-01 02:00:00+00:00,0.0,9.89
2023-01-01 03:00:00+00:00,0.0,9.8
2023-01-01 04:00:00+00:00,0.0,9.81
2023-01-01 05:00:00+00:00,0.0,9.81
2023-01-01 06:00:00+00:00,0.0,9.7
2023-01-01 07:00:00+00:00,0.0,9.58
2023-01-01 08:00:00+00:00,11.88,9.72
2023-01-01 09:00:00+00:00,71.28,10.01
2023-01-01 10:00:00+00:00,125.93,10.36
2023-01-01 11:00:00+00:00,155.32,10.58
2023-01-01 12:00:00+00:00,137.25,10.57
2023-01-01 13:00:00+00:00,65.6,10.42
2023-01-01 14:00:00+00:00,51.88,10.14
2023-01-01 15:00:00+00:00,15.1,9.82
2023-01-01 16:00:00+00:00,0.0,9.35
2023-01-01 17:00:00+00:00,0.0,8.77
2023-01-01 18:00:00+00:00,0.0,8.19
2023-01-01 19:00:00+00:00,0.0,7.37
2023-01-01 20:00:00+00:00,0.0,6.72
2023-01-01 21:00:00+00:00,0.0,6.4
2023-01-01 22:00:00+00:00,0.0,6.36
2023-01-01 23:00:00+00:00,0.0,6.52
2023-01-02 00:00:00+00:00,0.0,6.71
2023-01-02 01:00:00+00:00,0.0,6.75
2023-01-02 02:00:00+00:00,0.0,6.68
2023-01-02 03:00:00+00:00,0.0,6.71
2023-01-02 04:00:00+00:00,0.0,6.64
2023-01-02 05:00:00+00:00,0.0,6.63
2023-01-02 06:00:00+00:00,0.0,6.58
2023-01-02 07:00:00+00:00,0.0,6.53
2023-01-02 08:00:00+00:00,13.02,6.41
2023-01-02 09:00:00+00:00,85.78,6.52
2023-01-02 10:00:00+00:00,157.1,6.71
2023-01-02 11:00:00+00:00,201.35,6.93
2023-01-02 12:00:00+00:00,223.45,7.29
2023-01-02 13:00:00+00:00,199.07,7.31
2023-01-02 14:00:00+00:00,129.6,6.66
2023-01-02 15:00:00+00:00,39.62,4.26
2023-01-02 16:00:00+00:00,0.0,2.6
2023-01-02 17:00:00+00:00,0.0,2.09
2023-01-02 18:00:00+00:00,0.0,1.74
2023-01-02 19:00:00+00:00,0.0,1.62
2023-01-02 20:00:00+00:00,0.0,1.46
2023-01-02 21:00:00+00:00,0.0,0.98
2023-01-02 22:00:00+00:00,0.0,0.4
2023-01-02 23:00:00+00:00,0.0,-0.06
2023-01-03 00:00:00+00:00,0.0,-0.01
2023-01-03 01:00:00+00:00,0.0,0.69
2023-01-03 02:00:00+00:00,0.0,1.96
2023-01-03 03:00:00+00:00,0.0,3.16
2023-01-03 04:00:00+00:00,0.0,4.1
2023-01-03 05:00:00+00:00,0.0,4.72
2023-01-03 06:00:00+00:00,0.0,5.67
2023-01-03 07:00:00+00:00,0.0,6.61
2023-01-03 08:00:00+00:00,5.28,7.25
2023-01-03 09:00:00+00:00,22.33,7.89
2023-01-03 10:00:00+00:00,37.08,8.49
2023-01-03 11:00:00+00:00,40.58,9.03
2023-01-03 12:00:00+00:00,46.08,9.27
2023-01-03 13:00:00+00:00,41.75,9.56
2023-01-03 14:00:00+00:00,33.45,9.77
2023-01-03 15:00:00+00:00,8.25,9.89
2023-01-03 16:00:00+00:00,0.0,10.0
2023-01-03 17:00:00+00:00,0.0,10.19
2023-01-03 18:00:00+00:00,0.0,10.38
2023-01-03 19:00:00+00:00,0.0,10.66
2023-01-03 20:00:00+00:00,0.0,11.03
2023-01-03 21:00:00+00:00,0.0,11.4
2023-01-03 22:00:00+00:00,0.0,11.56
2023-01-03 23:00:00+00:00,0.0,11.58
2023-01-04 00:00:00+00:00,0.0,11.58
2023-01-04 01:00:00+00:00,0.0,11.6
2023-01-04 02:00:00+00:00,0.0,11.6
2023-01-04 03:00:00+00:00,0.0,11.61
2023-01-04 04:00:00+00:00,0.0,11.61
2023-01-04 05:00:00+00:00,0.0,11.57
2023-01-04 06:00:00+00:00,0.0,11.61
2023-01-04 07:00:00+00:00,0.0,11.63
2023-01-04 08:00:00+00:00,9.12,11.67
2023-01-04 09:00:00+00:00,55.8,11.85
2023-01-04 10:00:00+00:00,109.75,12.05
2023-01-04 11:00:00+00:00,144.7,12.21
2023-01-04 12:00:00+00:00,129.8,12.29
2023-01-04 13:00:00+00:00,120.55,12.39
2023-01-04 14:00:00+00:00,78.75,12.02
2023-01-04 15:00:00+00:00,25.62,11.2
2023-01-04 16:00:00+00:00,0.0,10.39
2023-01-04 17:00:00+00:00,0.0,9.85
2023-01-04 18:00:00+00:00,0.0,9.54
2023-01-04 19:00:00+00:00,0.0,9.42
2023-01-04 20:00:00+00:00,0.0,9.47
2023-01-04 21:00:00+00:00,0.0,9.51
2023-01-04 22:00:00+00:00,0.0,9.43
2023-01-04 23:00:00+00:00,0.0,9.31
2023-01-05 00:00:00+00:00,0.0,9.21
2023-01-05 01:00:00+00:00,0.0,9.17
2023-01-05 02:00:00+00:00,0.0,9.13
2023-01-05 03:00:00+00:00,0.0,9.01
2023-01-05 04:00:00+00:00,0.0,8.92
2023-01-05 05:00:00+00:00,0.0,8.84
2023-01-05 06:00:00+00:00,0.0,8.69
2023-01-05 07:00:00+00:00,0.0,8.48
2023-01-05 08:00:00+00:00,10.9,8.64
2023-01-05 09:00:00+00:00,53.9,9.37
2023-01-05 10:00:00+00:00,96.72,10.4
2023-01-05 11:00:00+00:00,124.82,11.45
2023-01-05 12:00:00+00:00,107.75,12.1
2023-01-05 13:00:00+00:00,111.82,12.27
2023-01-05 14:00:00+00:00,76.82,11.83
2023-01-05 15:00:00+00:00,27.33,10.97
2023-01-05 16:00:00+00:00,0.0,10.23
2023-01-05 17:00:00+00:00,0.0,10.0
2023-01-05 18:00:00+00:00,0.0,9.89
2023-01-05 19:00:00+00:00,0.0,9.89
2023-01-05 20:00:00+00:00,0.0,9.99
2023-01-05 21:00:00+00:00,0.0,10.09
2023-01-05 22:00:00+00:00,0.0,10.01
2023-01-05 23:00:00+00:00,0.0,10.02
2023-01-06 00:00:00+00:00,0.0,10.16
2023-01-06 01:00:00+00:00,0.0,10.36
2023-01-06 02:00:00+00:00,0.0,10.47
2023-01-06 03:00:00+00:00,0.0,10.08
2023-01-06 04:00:00+00:00,0.0,8.51
2023-01-06 05:00:00+00:00,0.0,6.3
2023-01-06 06:00:00+00:00,0.0,4.76
2023-01-06 07:00:00+00:00,0.0,4.3
2023-01-06 08:00:00+00:00,15.85,4.55
2023-01-06 09:00:00+00:00,83.62,5.62
2023-01-06 10:00:00+00:00,136.32,6.63
2023-01-06 11:00:00+00:00,167.73,7.38
2023-01-06 12:00:00+00:00,164.35,7.9
2023-01-06 13:00:00+00:00,114.82,8.74
2023-01-06 14:00:00+00:00,85.38,8.95
2023-01-06 15:00:00+00:00,30.98,8.77
2023-01-06 16:00:00+00:00,0.0,8.87
2023-01-06 17:00:00+00:00,0.0,9.9
2023-01-06 18:00:00+00:00,0.0,10.78
2023-01-06 19:00:00+00:00,0.0,11.03
2023-01-06 20:00:00+00:00,0.0,10.97
2023-01-06 21:00:00+00:00,0.0,10.97
2023-01-06 22:00:00+00:00,0.0,10.93
2023-01-06 23:00:00+00:00,0.0,10.7
2023-01-07 00:00:00+00:00,0.0,10.44
2023-01-07 01:00:00+00:00,0.0,10.03
2023-01-07 02:00:00+00:00,0.0,9.78
2023-01-07 03:00:00+00:00,0.0,9.62
2023-01-07 04:00:00+00:00,0.0,9.53
2023-01-07 05:00:00+00:00,0.0,9.4
2023-01-07 06:00:00+00:00,0.0,9.29
2023-01-07 07:00:00+00:00,0.0,9.33
2023-01-07 08:00:00+00:00,3.33,9.49
2023-01-07 09:00:00+00:00,21.85,9.38
2023-01-07 10:00:00+00:00,48.9,9.01
2023-01-07 11:00:00+00:00,59.15,8.77
2023-01-07 12:00:00+00:00,86.57,9.06
2023-01-07 13:00:00+00:00,96.38,10.16
2023-01-07 14:00:00+00:00,58.3,11.04
2023-01-07 15:00:00+00:00,19.35,9.97
2023-01-07 16:00:00+00:00,0.0,8.84
2023-01-07 17:00:00+00:00,0.0,8.7
2023-01-07 18:00:00+00:00,0.0,8.7
2023-01-07 19:00:00+00:00,0.0,8.21
2023-01-07 20:00:00+00:00,0.0,7.4
2023-01-07 21:00:00+00:00,0.0,6.62
2023-01-07 22:00:00+00:00,0.0,6.3
2023-01-07 23:00:00+00:00,0.0,6.49
2023-01-08 00:00:00+00:00,0.0,6.67
2023-01-08 01:00:00+00:00,0.0,6.91
2023-01-08 02:00:00+00:00,0.0,7.09
2023-01-08 03:00:00+00:00,0.0,7.18
2023-01-08 04:00:00+00:00,0.0,7.18
2023-01-08 05:00:00+00:00,0.0,7.2
2023-01-08 06:00:00+00:00,0.0,7.39
2023-01-08 07:00:00+00:00,0.0,7.58
2023-01-08 08:00:00+00:00,13.7,7.72
2023-01-08 09:00:00+00:00,58.28,8.09
2023-01-08 10:00:00+00:00,90.72,8.55
2023-01-08 11:00:00+00:00,93.03,8.91
2023-01-08 12:00:00+00:00,78.53,9.08
2023-01-08 13:00:00+00:00,51.88,8.81
2023-01-08 14:00:00+00:00,43.3,8.31
2023-01-08 15:00:00+00:00,16.62,7.66
2023-01-08 16:00:00+00:00,0.0,7.1
2023-01-08 17:00:00+00:00,0.0,6.5
2023-01-08 18:00:00+00:00,0.0,5.67
2023-01-08 19:00:00+00:00,0.0,5.0
2023-01-08 20:00:00+00:00,0.0,4.5
2023-01-08 21:00:00+00:00,0.0,4.39
2023-01-08 22:00:00+00:00,0.0,4.45
2023-01-08 23:00:00+00:00,0.0,5.04
2023-01-09 00:00:00+00:00,0.0,5.48
2023-01-09 01:00:00+00:00,0.0,5.54
2023-01-09 02:00:00+00:00,0.0,5.44
2023-01-09 03:00:00+00:00,0.0,5.24
2023-01-09 04:00:00+00:00,0.0,4.98
2023-01-09 05:00:00+00:00,0.0,4.91
2023-01-09 06:00:00+00:00,0.0,4.96
2023-01-09 07:00:00+00:00,0.0,4.97
2023-01-09 08:00:00+00:00,15.27,4.94
2023-01-09 09:00:00+00:00,94.65,5.4
2023-01-09 10:00:00+00:00,171.1,6.17
2023-01-09 11:00:00+00:00,225.2,7.1
2023-01-09 12:00:00+00:00,214.73,7.61
2023-01-09 13:00:00+00:00,206.5,7.6
2023-01-09 14:00:00+00:00,132.07,7.09
2023-01-09 15:00:00+00:00,45.62,6.05
2023-01-09 16:00:00+00:00,0.0,4.98
2023-01-09 17:00:00+00:00,0.0,4.42
2023-01-09 18:00:00+00:00,0.0,4.2
2023-01-09 19:00:00+00:00,0.0,4.04
2023-01-09 20:00:00+00:00,0.0,3.72
2023-01-09 21:00:00+00:00,0.0,3.29
2023-01-09 22:00:00+00:00,0.0,3.36
2023-01-09 23:00:00+00:00,0.0,3.51
2023-01-10 00:00:00+00:00,0.0,3.41
2023-01-10 01:00:00+00:00,0.0,2.92
2023-01-10 02:00:00+00:00,0.0,2.48
2023-01-10 03:00:00+00:00,0.0,2.45
2023-01-10 04:00:00+00:00,0.0,2.49
2023-01-10 05:00:00+00:00,0.0,3.29
2023-01-10 06:00:00+00:00,0.0,4.65
2023-01-10 07:00:00+00:00,0.0,5.86
2023-01-10 08:00:00+00:00,5.7,6.45
2023-01-10 09:00:00+00:00,26.12,5.97
2023-01-10 10:00:00+00:00,46.67,5.69
2023-01-10 11:00:00+00:00,65.6,6.6
2023-01-10 12:00:00+00:00,64.05,8.9
2023-01-10 13:00:00+00:00,57.28,11.09
2023-01-10 14:00:00+00:00,37.97,11.89
2023-01-10 15:00:00+00:00,16.17,11.67
2023-01-10 16:00:00+00:00,0.0,11.54
2023-01-10 17:00:00+00:00,0.0,11.55
2023-01-10 18:00:00+00:00,0.0,11.51
2023-01-10 19:00:00+00:00,0.0,11.43
2023-01-10 20:00:00+00:00,0.0,11.42
2023-01-10 21:00:00+00:00,0.0,11.51
2023-01-10 22:00:00+00:00,0.0,11.33
2023-01-10 23:00:00+00:00,0.0,10.35
2023-01-11 00:00:00+00:00,0.0,9.02
2023-01-11 01:00:00+00:00,0.0,8.2
2023-01-11 02:00:00+00:00,0.0,7.57
2023-01-11 03:00:00+00:00,0.0,6.77
2023-01-11 04:00:00+00:00,0.0,6.12
2023-01-11 05:00:00+00:00,0.0,6.24
2023-01-11 06:00:00+00:00,0.0,6.3
2023-01-11 07:00:00+00:00,0.0,6.2
2023-01-11 08:00:00+00:00,15.75,6.11
2023-01-11 09:00:00+00:00,63.22,6.38
2023-01-11 10:00:00+00:00,106.35,7.35
2023-01-11 11:00:00+00:00,139.68,8.8
2023-01-11 12:00:00+00:00,149.12,9.61
2023-01-11 13:00:00+00:00,112.85,9.54
2023-01-11 14:00:00+00:00,19.23,9.15
2023-01-11 15:00:00+00:00,19.15,8.71
2023-01-11 16:00:00+00:00,0.0,8.56
2023-01-11 17:00:00+00:00,0.0,8.56
2023-01-11 18:00:00+00:00,0.0,8.55
2023-01-11 19:00:00+00:00,0.0,8.55
2023-01-11 20:00:00+00:00,0.0,8.55
2023-01-11 21:00:00+00:00,0.0,8.69
2023-01-11 22:00:00+00:00,0.0,9.03
2023-01-11 23:00:00+00:00,0.0,9.44
2023-01-12 00:00:00+00:00,0.0,9.67
2023-01-12 01:00:00+00:00,0.0,9.88
2023-01-12 02:00:00+00:00,0.0,10.37
2023-01-12 03:00:00+00:00,0.0,10.75
2023-01-12 04:00:00+00:00,0.0,10.83
2023-01-12 05:00:00+00:00,0.0,10.81
2023-01-12 06:00:00+00:00,0.0,10.75
2023-01-12 07:00:00+00:00,0.0,10.74
2023-01-12 08:00:00+00:00,7.2,10.79
2023-01-12 09:00:00+00:00,22.23,10.97
2023-01-12 10:00:00+00:00,47.62,11.17
2023-01-12 11:00:00+00:00,60.7,11.29
2023-01-12 12:00:00+00:00,48.72,11.35
2023-01-12 13:00:00+00:00,75.75,11.34
2023-01-12 14:00:00+00:00,70.75,11.25
2023-01-12 15:00:00+00:00,38.3,11.15
2023-01-12 16:00:00+00:00,0.0,10.81
2023-01-12 17:00:00+00:00,0.0,9.94
2023-01-12 18:00:00+00:00,0.0,8.49
2023-01-12 19:00:00+00:00,0.0,7.04
2023-01-12 20:00:00+00:00,0.0,6.36
2023-01-12 21:00:00+00:00,0.0,6.07
2023-01-12 22:00:00+00:00,0.0,6.0
2023-01-12 23:00:00+00:00,0.0,6.28
2023-01-13 00:00:00+00:00,0.0,6.72
2023-01-13 01:00:00+00:00,0.0,6.69
2023-01-13 02:00:00+00:00,0.0,6.49
2023-01-13 03:00:00+00:00,0.0,6.32
2023-01-13 04:00:00+00:00,0.0,6.23
2023-01-13 05:00:00+00:00,0.0,6.33
2023-01-13 06:00:00+00:00,0.0,6.46
2023-01-13 07:00:00+00:00,0.0,6.53
2023-01-13 08:00:00+00:00,18.83,6.68
2023-01-13 09:00:00+00:00,103.0,7.2
2023-01-13 10:00:00+00:00,184.27,7.94
2023-01-13 11:00:00+00:00,227.62,8.43
2023-01-13 12:00:00+00:00,239.27,8.68
2023-01-13 13:00:00+00:00,216.7,8.71
2023-01-13 14:00:00+00:00,145.3,8.46
2023-01-13 15:00:00+00:00,61.1,7.82
2023-01-13 16:00:00+00:00,0.0,6.9
2023-01-13 17:00:00+00:00,0.0,6.09
2023-01-13 18:00:00+00:00,0.0,5.06
2023-01-13 19:00:00+00:00,0.0,4.53
2023-01-13 20:00:00+00:00,0.0,4.6
2023-01-13 21:00:00+00:00,0.0,5.11
2023-01-13 22:00:00+00:00,0.0,5.47
2023-01-13 23:00:00+00:00,0.0,5.86
2023-01-14 00:00:00+00:00,0.0,6.34
2023-01-14 01:00:00+00:00,0.0,6.88
2023-01-14 02:00:00+00:00,0.0,7.46
2023-01-14 03:00:00+00:00,0.0,7.91
2023-01-14 04:00:00+00:00,0.0,8.43
2023-01-14 05:00:00+00:00,0.0,8.81
2023-01-14 06:00:00+00:00,0.0,9.26
2023-01-14 07:00:00+00:00,0.0,10.28
2023-01-14 08:00:00+00:00,7.32,10.78
2023-01-14 09:00:00+00:00,38.47,11.13
2023-01-14 10:00:00+00:00,77.88,11.5
2023-01-14 11:00:00+00:00,119.32,11.64
2023-01-14 12:00:00+00:00,125.7,11.5
2023-01-14 13:00:00+00:00,121.65,10.76
2023-01-14 14:00:00+00:00,81.32,9.38
2023-01-14 15:00:00+00:00,35.17,7.96
2023-01-14 16:00:00+00:00,0.0,7.02
2023-01-14 17:00:00+00:00,0.0,6.63
2023-01-14 18:00:00+00:00,0.0,6.32
2023-01-14 19:00:00+00:00,0.0,6.06
2023-01-14 20:00:00+00:00,0.0,5.83
2023-01-14 21:00:00+00:00,0.0,5.59
2023-01-14 22:00:00+00:00,0.0,5.22
2023-01-14 23:00:00+00:00,0.0,4.74
2023-01-15 00:00:00+00:00,0.0,4.35
2023-01-15 01:00:00+00:00,0.0,4.19
2023-01-15 02:00:00+00:00,0.0,3.95
2023-01-15 03:00:00+00:00,0.0,3.68
2023-01-15 04:00:00+00:00,0.0,3.79
2023-01-15 05:00:00+00:00,0.0,3.88
2023-01-15 06:00:00+00:00,0.0,3.82
2023-01-15 07:00:00+00:00,0.0,3.8
2023-01-15 08:00:00+00:00,19.9,3.98
2023-01-15 09:00:00+00:00,94.75,4.71
2023-01-15 10:00:00+00:00,161.4,5.59
2023-01-15 11:00:00+00:00,201.27,6.27
2023-01-15 12:00:00+00:00,204.68,6.72
2023-01-15 13:00:00+00:00,192.38,6.89
2023-01-15 14:00:00+00:00,143.7,6.58
2023-01-15 15:00:00+00:00,71.47,5.4
2023-01-15 16:00:00+00:00,0.0,4.11
2023-01-15 17:00:00+00:00,0.0,3.78
2023-01-15 18:00:00+00:00,0.0,3.67
2023-01-15 19:00:00+00:00,0.0,3.27
2023-01-15 20:00:00+00:00,0.0,2.56
2023-01-15 21:00:00+00:00,0.0,2.38
2023-01-15 22:00:00+00:00,0.0,2.39
2023-01-15 23:00:00+00:00,0.0,3.1
2023-01-16 00:00:00+00:00,0.0,3.93
2023-01-16 01:00:00+00:00,0.0,4.15
2023-01-16 02:00:00+00:00,0.0,4.11
2023-01-16 03:00:00+00:00,0.0,3.62
2023-01-16 04:00:00+00:00,0.0,2.93
2023-01-16 05:00:00+00:00,0.0,2.0
2023-01-16 06:00:00+00:00,0.0,1.44
2023-01-16 07:00:00+00:00,0.0,1.39
2023-01-16 08:00:00+00:00,12.12,1.6
2023-01-16 09:00:00+00:00,58.55,2.04
2023-01-16 10:00:00+00:00,113.85,2.47
2023-01-16 11:00:00+00:00,147.77,2.89
2023-01-16 12:00:00+00:00,143.7,3.17
2023-01-16 13:00:00+00:00,156.12,3.39
2023-01-16 14:00:00+00:00,129.5,3.26
2023-01-16 15:00:00+00:00,71.5,2.53
2023-01-16 16:00:00+00:00,0.0,1.44
2023-01-16 17:00:00+00:00,0.0,-0.06
2023-01-16 18:00:00+00:00,0.0,-1.87
2023-01-16 19:00:00+00:00,0.0,-3.24
2023-01-16 20:00:00+00:00,0.0,-4.22
2023-01-16 21:00:00+00:00,0.0,-4.87
2023-01-16 22:00:00+00:00,0.0,-5.05
2023-01-16 23:00:00+00:00,0.0,-4.89
2023-01-17 00:00:00+00:00,0.0,-4.86
2023-01-17 01:00:00+00:00,0.0,-4.7
2023-01-17 02:00:00+00:00,0.0,-4.25
2023-01-17 03:00:00+00:00,0.0,-3.97
2023-01-17 04:00:00+00:00,0.0,-4.0
2023-01-17 05:00:00+00:00,0.0,-4.27
2023-01-17 06:00:00+00:00,0.0,-4.57
2023-01-17 07:00:00+00:00,0.0,-4.5
2023-01-17 08:00:00+00:00,20.67,-3.3
2023-01-17 09:00:00+00:00,106.15,-1.73
2023-01-17 10:00:00+00:00,195.98,-0.26
2023-01-17 11:00:00+00:00,241.45,1.19
2023-01-17 12:00:00+00:00,238.4,1.96
2023-01-17 13:00:00+00:00,234.23,2.14
2023-01-17 14:00:00+00:00,160.93,1.46
2023-01-17 15:00:00+00:00,74.85,-1.18
2023-01-17 16:00:00+00:00,0.0,-3.17
2023-01-17 17:00:00+00:00,0.0,-3.41
2023-01-17 18:00:00+00:00,0.0,-3.42
2023-01-17 19:00:00+00:00,0.0,-3.35
2023-01-17 20:00:00+00:00,0.0,-3.21
2023-01-17 21:00:00+00:00,0.0,-3.01
2023-01-17 22:00:00+00:00,0.0,-2.66
2023-01-17 23:00:00+00:00,0.0,-2.49
2023-01-18 00:00:00+00:00,0.0,-2.35
2023-01-18 01:00:00+00:00,0.0,-2.3
2023-01-18 02:00:00+00:00,0.0,-2.42
2023-01-18 03:00:00+00:00,0.0,-2.24
2023-01-18 04:00:00+00:00,0.0,-2.16
2023-01-18 05:00:00+00:00,0.0,-2.2
2023-01-18 06:00:00+00:00,0.0,-2.07
2023-01-18 07:00:00+00:00,0.0,-1.94
2023-01-18 08:00:00+00:00,23.02,-1.3
2023-01-18 09:00:00+00:00,124.07,-0.32
2023-01-18 10:00:00+00:00,221.18,0.83
2023-01-18 11:00:00+00:00,282.48,2.22
2023-01-18 12:00:00+00:00,274.7,2.99
2023-01-18 13:00:00+00:00,234.02,2.93
2023-01-18 14:00:00+00:00,166.43,2.44
2023-01-18 15:00:00+00:00,74.45,0.79
2023-01-18 16:00:00+00:00,4.72,-0.33
2023-01-18 17:00:00+00:00,0.0,0.11
2023-01-18 18:00:00+00:00,0.0,0.05
2023-01-18 19:00:00+00:00,0.0,-0.11
2023-01-18 20:00:00+00:00,0.0,-0.35
2023-01-18 21:00:00+00:00,0.0,-0.59
2023-01-18 22:00:00+00:00,0.0,-0.74
2023-01-18 23:00:00+00:00,0.0,-1.03
2023-01-19 00:00:00+00:00,0.0,-1.18
2023-01-19 01:00:00+00:00,0.0,-1.37
2023-01-19 02:00:00+00:00,0.0,-1.64
2023-01-19 03:00:00+00:00,0.0,-1.76
2023-01-19 04:00:00+00:00,0.0,-1.83
2023-01-19 05:00:00+00:00,0.0,-1.77
2023-01-19 06:00:00+00:00,0.0,-1.77
2023-01-19 07:00:00+00:00,0.0,-1.71
2023-01-19 08:00:00+00:00,22.05,-1.28
2023-01-19 09:00:00+00:00,119.05,-0.26
2023-01-19 10:00:00+00:00,216.27,1.0
2023-01-19 11:00:00+00:00,273.67,2.17
2023-01-19 12:00:00+00:00,276.0,2.94
2023-01-19 13:00:00+00:00,258.55,3.1
2023-01-19 14:00:00+00:00,186.4,2.52
2023-01-19 15:00:00+00:00,86.3,0.45
2023-01-19 16:00:00+00:00,5.85,-1.45
2023-01-19 17:00:00+00:00,0.0,-1.69
2023-01-19 18:00:00+00:00,0.0,-1.72
2023-01-19 19:00:00+00:00,0.0,-1.41
2023-01-19 20:00:00+00:00,0.0,-0.86
2023-01-19 21:00:00+00:00,0.0,-0.88
2023-01-19 22:00:00+00:00,0.0,-1.08
2023-01-19 23:00:00+00:00,0.0,-1.26
2023-01-20 00:00:00+00:00,0.0,-1.3
2023-01-20 01:00:00+00:00,0.0,-1.4
2023-01-20 02:00:00+00:00,0.0,-1.09
2023-01-20 03:00:00+00:00,0.0,-1.4
2023-01-20 04:00:00+00:00,0.0,-1.32
2023-01-20 05:00:00+00:00,0.0,-1.21
2023-01-20 06:00:00+00:00,0.0,-1.1
2023-01-20 07:00:00+00:00,0.0,-1.1
2023-01-20 08:00:00+00:00,30.38,-0.63
2023-01-20 09:00:00+00:00,134.5,0.73
2023-01-20 10:00:00+00:00,227.5,2.15
2023-01-20 11:00:00+00:00,276.5,3.43
2023-01-20 12:00:00+00:00,286.88,4.29
2023-01-20 13:00:00+00:00,262.1,4.59
2023-01-20 14:00:00+00:00,186.68,4.16
2023-01-20 15:00:00+00:00,85.85,2.36
2023-01-20 16:00:00+00:00,6.53,0.56
2023-01-20 17:00:00+00:00,0.0,0.63
2023-01-20 18:00:00+00:00,0.0,0.76
2023-01-20 19:00:00+00:00,0.0,0.7
2023-01-20 20:00:00+00:00,0.0,0.51
2023-01-20 21:00:00+00:00,0.0,0.43
2023-01-20 22:00:00+00:00,0.0,0.3
2023-01-20 23:00:00+00:00,0.0,0.09
2023-01-21 00:00:00+00:00,0.0,0.15
2023-01-21 01:00:00+00:00,0.0,-0.04
2023-01-21 02:00:00+00:00,0.0,-0.08
2023-01-21 03:00:00+00:00,0.0,-0.95
2023-01-21 04:00:00+00:00,0.0,-1.73
2023-01-21 05:00:00+00:00,0.0,-1.93
2023-01-21 06:00:00+00:00,0.0,-1.95
2023-01-21 07:00:00+00:00,0.0,-1.89
2023-01-21 08:00:00+00:00,27.92,-0.69
2023-01-21 09:00:00+00:00,118.45,1.97
2023-01-21 10:00:00+00:00,203.68,3.52
2023-01-21 11:00:00+00:00,249.1,4.63
2023-01-21 12:00:00+00:00,252.18,5.25
2023-01-21 13:00:00+00:00,228.65,5.43
2023-01-21 14:00:00+00:00,168.85,4.96
2023-01-21 15:00:00+00:00,84.15,2.7
2023-01-21 16:00:00+00:00,7.35,0.74
2023-01-21 17:00:00+00:00,0.0,0.1
2023-01-21 18:00:00+00:00,0.0,-0.3
2023-01-21 19:00:00+00:00,0.0,-0.46
2023-01-21 20:00:00+00:00,0.0,-0.6
2023-01-21 21:00:00+00:00,0.0,-0.76
2023-01-21 22:00:00+00:00,0.0,-0.85
2023-01-21 23:00:00+00:00,0.0,-0.99
2023-01-22 00:00:00+00:00,0.0,-1.29
2023-01-22 01:00:00+00:00,0.0,-1.52
2023-01-22 02:00:00+00:00,0.0,-1.65
2023-01-22 03:00:00+00:00,0.0,-1.59
2023-01-22 04:00:00+00:00,0.0,-1.3
2023-01-22 05:00:00+00:00,0.0,-0.83
2023-01-22 06:00:00+00:00,0.0,-0.61
2023-01-22 07:00:00+00:00,0.0,-0.93
2023-01-22 08:00:00+00:00,29.38,-0.82
2023-01-22 09:00:00+00:00,108.47,-0.15
2023-01-22 10:00:00+00:00,176.43,0.95
2023-01-22 11:00:00+00:00,216.98,2.76
2023-01-22 12:00:00+00:00,223.7,4.0
2023-01-22 13:00:00+00:00,184.15,4.23
2023-01-22 14:00:00+00:00,135.27,3.37
2023-01-22 15:00:00+00:00,63.22,1.48
2023-01-22 16:00:00+00:00,7.03,-0.1
2023-01-22 17:00:00+00:00,0.0,-0.67
2023-01-22 18:00:00+00:00,0.0,-1.16
2023-01-22 19:00:00+00:00,0.0,-1.63
2023-01-22 20:00:00+00:00,0.0,-2.05
2023-01-22 21:00:00+00:00,0.0,-2.36
2023-01-22 22:00:00+00:00,0.0,-2.49
2023-01-22 23:00:00+00:00,0.0,-2.68
2023-01-23 00:00:00+00:00,0.0,-2.84
2023-01-23 01:00:00+00:00,0.0,-2.83
2023-01-23 02:00:00+00:00,0.0,-2.73
2023-01-23 03:00:00+00:00,0.0,-2.55
2023-01-23 04:00:00+00:00,0.0,-2.35
2023-01-23 05:00:00+00:00,0.0,-2.29
2023-01-23 06:00:00+00:00,0.0,-2.19
2023-01-23 07:00:00+00:00,0.0,-2.06
2023-01-23 08:00:00+00:00,31.0,-0.74
2023-01-23 09:00:00+00:00,132.7,1.08
2023-01-23 10:00:00+00:00,227.8,2.46
2023-01-23 11:00:00+00:00,285.7,3.5
2023-01-23 12:00:00+00:00,286.38,4.19
2023-01-23 13:00:00+00:00,251.82,4.43
2023-01-23 14:00:00+00:00,180.88,3.73
2023-01-23 15:00:00+00:00,85.43,1.56
2023-01-23 16:00:00+00:00,8.48,-0.2
2023-01-23 17:00:00+00:00,0.0,-0.43
2023-01-23 18:00:00+00:00,0.0,-0.64
2023-01-23 19:00:00+00:00,0.0,-1.02
2023-01-23 20:00:00+00:00,0.0,-1.36
2023-01-23 21:00:00+00:00,0.0,-1.56
2023-01-23 22:00:00+00:00,0.0,-1.62
2023-01-23 23:00:00+00:00,0.0,-1.67
2023-01-24 00:00:00+00:00,0.0,-1.7
2023-01-24 01:00:00+00:00,0.0,-1.74
2023-01-24 02:00:00+00:00,0.0,-1.68
2023-01-24 03:00:00+00:00,0.0,-1.51
2023-01-24 04:00:00+00:00,0.0,-1.38
2023-01-24 05:00:00+00:00,0.0,-0.91
2023-01-24 06:00:00+00:00,0.0,-0.43
2023-01-24 07:00:00+00:00,0.0,-0.48
2023-01-24 08:00:00+00:00,31.88,-0.09
2023-01-24 09:00:00+00:00,118.25,0.83
2023-01-24 10:00:00+00:00,194.15,2.1
2023-01-24 11:00:00+00:00,250.0,3.4
2023-01-24 12:00:00+00:00,257.38,3.94
2023-01-24 13:00:00+00:00,230.2,4.14
2023-01-24 14:00:00+00:00,173.85,3.66
2023-01-24 15:00:00+00:00,90.25,1.96
2023-01-24 16:00:00+00:00,10.27,0.61
2023-01-24 17:00:00+00:00,0.0,0.37
2023-01-24 18:00:00+00:00,0.0,0.29
2023-01-24 19:00:00+00:00,0.0,0.36
2023-01-24 20:00:00+00:00,0.0,0.3
2023-01-24 21:00:00+00:00,0.0,0.18
2023-01-24 22:00:00+00:00,0.0,0.39
2023-01-24 23:00:00+00:00,0.0,0.6
2023-01-25 00:00:00+00:00,0.0,0.58
2023-01-25 01:00:00+00:00,0.0,0.21
2023-01-25 02:00:00+00:00,0.0,-0.31
2023-01-25 03:00:00+00:00,0.0,-0.94
2023-01-25 04:00:00+00:00,0.0,-1.17
2023-01-25 05:00:00+00:00,0.0,-1.32
2023-01-25 06:00:00+00:00,0.0,-1.55
2023-01-25 07:00:00+00:00,0.0,-1.63
2023-01-25 08:00:00+00:00,17.15,-1.11
2023-01-25 09:00:00+00:00,58.5,-0.26
2023-01-25 10:00:00+00:00,101.5,0.64
2023-01-25 11:00:00+00:00,125.78,1.34
2023-01-25 12:00:00+00:00,82.7,1.69
2023-01-25 13:00:00+00:00,72.07,1.71
2023-01-25 14:00:00+00:00,51.62,1.53
2023-01-25 15:00:00+00:00,27.05,1.33
2023-01-25 16:00:00+00:00,4.88,1.36
2023-01-25 17:00:00+00:00,0.0,1.59
2023-01-25 18:00:00+00:00,0.0,2.2
2023-01-25 19:00:00+00:00,0.0,3.12
2023-01-25 20:00:00+00:00,0.0,3.49
2023-01-25 21:00:00+00:00,0.0,3.1
2023-01-25 22:00:00+00:00,0.0,2.03
2023-01-25 23:00:00+00:00,0.0,1.44
2023-01-26 00:00:00+00:00,0.0,1.01
2023-01-26 01:00:00+00:00,0.0,0.62
2023-01-26 02:00:00+00:00,0.0,0.45
2023-01-26 03:00:00+00:00,0.0,0.52
2023-01-26 04:00:00+00:00,0.0,0.89
2023-01-26 05:00:00+00:00,0.0,1.19
2023-01-26 06:00:00+00:00,0.0,1.47
2023-01-26 07:00:00+00:00,0.0,1.66
2023-01-26 08:00:00+00:00,37.55,2.17
2023-01-26 09:00:00+00:00,94.6,2.89
2023-01-26 10:00:00+00:00,150.68,3.71
2023-01-26 11:00:00+00:00,187.12,4.43
2023-01-26 12:00:00+00:00,178.2,4.9
2023-01-26 13:00:00+00:00,160.38,5.3
2023-01-26 14:00:00+00:00,122.65,5.57
2023-01-26 15:00:00+00:00,59.1,5.24
2023-01-26 16:00:00+00:00,8.52,4.55
2023-01-26 17:00:00+00:00,0.0,3.89
2023-01-26 18:00:00+00:00,0.0,3.01
2023-01-26 19:00:00+00:00,0.0,2.48
2023-01-26 20:00:00+00:00,0.0,2.2
2023-01-26 21:00:00+00:00,0.0,2.05
2023-01-26 22:00:00+00:00,0.0,1.89
2023-01-26 23:00:00+00:00,0.0,1.89
2023-01-27 00:00:00+00:00,0.0,2.2
2023-01-27 01:00:00+00:00,0.0,2.32
2023-01-27 02:00:00+00:00,0.0,2.33
2023-01-27 03:00:00+00:00,0.0,2.28
2023-01-27 04:00:00+00:00,0.0,2.33
2023-01-27 05:00:00+00:00,0.0,2.36
2023-01-27 06:00:00+00:00,0.0,2.31
2023-01-27 07:00:00+00:00,0.0,2.26
2023-01-27 08:00:00+00:00,41.42,2.7
2023-01-27 09:00:00+00:00,111.7,3.75
2023-01-27 10:00:00+00:00,154.38,5.08
2023-01-27 11:00:00+00:00,189.45,6.33
2023-01-27 12:00:00+00:00,186.35,6.89
2023-01-27 13:00:00+00:00,156.6,6.95
2023-01-27 14:00:00+00:00,102.07,6.48
2023-01-27 15:00:00+00:00,61.55,5.31
2023-01-27 16:00:00+00:00,9.0,3.75
2023-01-27 17:00:00+00:00,0.0,3.06
2023-01-27 18:00:00+00:00,0.0,2.19
2023-01-27 19:00:00+00:00,0.0,1.02
2023-01-27 20:00:00+00:00,0.0,-0.03
2023-01-27 21:00:00+00:00,0.0,-0.62
2023-01-27 22:00:00+00:00,0.0,-0.76
2023-01-27 23:00:00+00:00,0.0,-0.55
2023-01-28 00:00:00+00:00,0.0,-0.06
2023-01-28 01:00:00+00:00,0.0,-0.14
2023-01-28 02:00:00+00:00,0.0,-0.59
2023-01-28 03:00:00+00:00,0.0,-0.89
2023-01-28 04:00:00+00:00,0.0,-1.04
2023-01-28 05:00:00+00:00,0.0,-1.18
2023-01-28 06:00:00+00:00,0.0,-1.41
2023-01-28 07:00:00+00:00,0.0,-1.73
2023-01-28 08:00:00+00:00,27.33,0.2
2023-01-28 09:00:00+00:00,82.88,2.34
2023-01-28 10:00:00+00:00,127.28,3.81
2023-01-28 11:00:00+00:00,156.5,5.49
2023-01-28 12:00:00+00:00,158.48,5.83
2023-01-28 13:00:00+00:00,115.85,5.88
2023-01-28 14:00:00+00:00,109.53,5.56
2023-01-28 15:00:00+00:00,65.68,4.38
2023-01-28 16:00:00+00:00,11.15,2.85
2023-01-28 17:00:00+00:00,0.0,2.48
2023-01-28 18:00:00+00:00,0.0,2.32
2023-01-28 19:00:00+00:00,0.0,2.23
2023-01-28 20:00:00+00:00,0.0,2.1
2023-01-28 21:00:00+00:00,0.0,1.87
2023-01-28 22:00:00+00:00,0.0,1.61
2023-01-28 23:00:00+00:00,0.0,1.37
2023-01-29 00:00:00+00:00,0.0,1.24
2023-01-29 01:00:00+00:00,0.0,1.33
2023-01-29 02:00:00+00:00,0.0,1.31
2023-01-29 03:00:00+00:00,0.0,1.09
2023-01-29 04:00:00+00:00,0.0,1.15
2023-01-29 05:00:00+00:00,0.0,1.37
2023-01-29 06:00:00+00:00,0.0,1.61
2023-01-29 07:00:00+00:00,0.0,1.85
2023-01-29 08:00:00+00:00,21.62,2.38
2023-01-29 09:00:00+00:00,76.68,3.04
2023-01-29 10:00:00+00:00,120.03,3.8
2023-01-29 11:00:00+00:00,138.6,4.7
2023-01-29 12:00:00+00:00,138.68,5.7
2023-01-29 13:00:00+00:00,111.57,6.52
2023-01-29 14:00:00+00:00,101.6,6.93
2023-01-29 15:00:00+00:00,57.85,6.97
2023-01-29 16:00:00+00:00,12.0,6.48
2023-01-29 17:00:00+00:00,0.0,6.01
2023-01-29 18:00:00+00:00,0.0,5.28
2023-01-29 19:00:00+00:00,0.0,4.53
2023-01-29 20:00:00+00:00,0.0,4.17
2023-01-29 21:00:00+00:00,0.0,4.02
2023-01-29 22:00:00+00:00,0.0,4.03
2023-01-29 23:00:00+00:00,0.0,4.3
2023-01-30 00:00:00+00:00,0.0,5.12
2023-01-30 01:00:00+00:00,0.0,6.04
2023-01-30 02:00:00+00:00,0.0,6.45
2023-01-30 03:00:00+00:00,0.0,6.63
2023-01-30 04:00:00+00:00,0.0,6.1
2023-01-30 05:00:00+00:00,0.0,5.02
2023-01-30 06:00:00+00:00,0.0,3.59
2023-01-30 07:00:00+00:00,0.0,2.82
2023-01-30 08:00:00+00:00,48.47,3.42
2023-01-30 09:00:00+00:00,152.68,4.53
2023-01-30 10:00:00+00:00,243.7,5.96
2023-01-30 11:00:00+00:00,300.67,7.14
2023-01-30 12:00:00+00:00,297.77,7.76
2023-01-30 13:00:00+00:00,263.73,8.09
2023-01-30 14:00:00+00:00,195.98,8.03
2023-01-30 15:00:00+00:00,114.85,6.64
2023-01-30 16:00:00+00:00,21.38,3.49
2023-01-30 17:00:00+00:00,0.0,2.46
2023-01-30 18:00:00+00:00,0.0,1.94
2023-01-30 19:00:00+00:00,0.0,1.45
2023-01-30 20:00:00+00:00,0.0,0.97
2023-01-30 21:00:00+00:00,0.0,0.62
2023-01-30 22:00:00+00:00,0.0,0.65
2023-01-30 23:00:00+00:00,0.0,1.1
2023-01-31 00:00:00+00:00,0.0,1.52
2023-01-31 01:00:00+00:00,0.0,1.66
2023-01-31 02:00:00+00:00,0.0,1.72
2023-01-31 03:00:00+00:00,0.0,1.96
2023-01-31 04:00:00+00:00,0.0,2.29
2023-01-31 05:00:00+00:00,0.0,2.65
2023-01-31 06:00:00+00:00,0.0,2.93
2023-01-31 07:00:00+00:00,0.0,3.47
2023-01-31 08:00:00+00:00,38.42,4.77
2023-01-31 09:00:00+00:00,122.8,6.09
2023-01-31 10:00:00+00:00,193.07,7.74
2023-01-31 11:00:00+00:00,240.88,9.35
2023-01-31 12:00:00+00:00,248.88,10.38
2023-01-31 13:00:00+00:00,234.65,10.44
2023-01-31 14:00:00+00:00,186.8,9.59
2023-01-31 15:00:00+00:00,113.32,8.14
2023-01-31 16:00:00+00:00,23.15,5.52
2023-01-31 17:00:00+00:00,0.0,4.23
2023-01-31 18:00:00+00:00,0.0,3.35
2023-01-31 19:00:00+00:00,0.0,2.6
2023-01-31 20:00:00+00:00,0.0,2.46
2023-01-31 21:00:00+00:00,0.0,2.36
2023-01-31 22:00:00+00:00,0.0,2.17
2023-01-31 23:00:00+00:00,0.0,2.11
2023-02-01 00:00:00+00:00,0.0,2.09
2023-02-01 01:00:00+00:00,0.0,2.02
2023-02-01 02:00:00+00:00,0.0,1.96
2023-02-01 03:00:00+00:00,0.0,2.0
2023-02-01 04:00:00+00:00,0.0,2.06
2023-02-01 05:00:00+00:00,0.0,2.26
2023-02-01 06:00:00+00:00,0.0,2.4
2023-02-01 07:00:00+00:00,0.0,2.4
2023-02-01 08:00:00+00:00,39.3,3.29
2023-02-01 09:00:00+00:00,96.72,5.12
2023-02-01 10:00:00+00:00,149.73,7.11
2023-02-01 11:00:00+00:00,172.62,8.25
2023-02-01 12:00:00+00:00,170.93,8.77
2023-02-01 13:00:00+00:00,167.2,9.23
2023-02-01 14:00:00+00:00,130.48,9.31
2023-02-01 15:00:00+00:00,71.3,8.62
2023-02-01 16:00:00+00:00,14.35,7.5
2023-02-01 17:00:00+00:00,0.0,6.68
2023-02-01 18:00:00+00:00,0.0,6.05
2023-02-01 19:00:00+00:00,0.0,5.56
2023-02-01 20:00:00+00:00,0.0,5.2
2023-02-01 21:00:00+00:00,0.0,5.0
2023-02-01 22:00:00+00:00,0.0,4.81
2023-02-01 23:00:00+00:00,0.0,4.65
2023-02-02 00:00:00+00:00,0.0,4.65
2023-02-02 01:00:00+00:00,0.0,4.58
2023-02-02 02:00:00+00:00,0.0,4.32
2023-02-02 03:00:00+00:00,0.0,4.04
2023-02-02 04:00:00+00:00,0.0,3.87
2023-02-02 05:00:00+00:00,0.0,3.86
2023-02-02 06:00:00+00:00,0.0,4.07
2023-02-02 07:00:00+00:00,0.0,4.79
2023-02-02 08:00:00+00:00,27.9,6.12
2023-02-02 09:00:00+00:00,69.93,7.49
2023-02-02 10:00:00+00:00,122.3,8.77
2023-02-02 11:00:00+00:00,155.07,10.01
2023-02-02 12:00:00+00:00,163.3,10.82
2023-02-02 13:00:00+00:00,87.7,11.05
2023-02-02 14:00:00+00:00,68.6,10.61
2023-02-02 15:00:00+00:00,46.58,9.7
2023-02-02 16:00:00+00:00,13.7,8.65
2023-02-02 17:00:00+00:00,0.0,8.46
2023-02-02 18:00:00+00:00,0.0,8.49
2023-02-02 19:00:00+00:00,0.0,8.42
2023-02-02 20:00:00+00:00,0.0,8.45
2023-02-02 21:00:00+00:00,0.0,8.54
2023-02-02 22:00:00+00:00,0.0,8.53
2023-02-02 23:00:00+00:00,0.0,8.24
2023-02-03 00:00:00+00:00,0.0,7.86
2023-02-03 01:00:00+00:00,0.0,7.55
2023-02-03 02:00:00+00:00,0.0,7.21
2023-02-03 03:00:00+00:00,0.0,6.81
2023-02-03 04:00:00+00:00,0.0,6.79
2023-02-03 05:00:00+00:00,0.0,6.92
2023-02-03 06:00:00+00:00,0.0,7.15
2023-02-03 07:00:00+00:00,0.0,7.35
2023-02-03 08:00:00+00:00,42.4,7.77
2023-02-03 09:00:00+00:00,123.1,8.44
2023-02-03 10:00:00+00:00,206.0,9.4
2023-02-03 11:00:00+00:00,243.32,10.64
2023-02-03 12:00:00+00:00,221.0,11.67
2023-02-03 13:00:00+00:00,151.98,12.11
2023-02-03 14:00:00+00:00,130.57,11.88
2023-02-03 15:00:00+00:00,78.53,10.92
2023-02-03 16:00:00+00:00,17.98,9.48
2023-02-03 17:00:00+00:00,0.0,8.78
2023-02-03 18:00:00+00:00,0.0,8.25
2023-02-03 19:00:00+00:00,0.0,7.72
2023-02-03 20:00:00+00:00,0.0,7.46
2023-02-03 21:00:00+00:00,0.0,7.22
2023-02-03 22:00:00+00:00,0.0,7.15
2023-02-03 23:00:00+00:00,0.0,6.83
2023-02-04 00:00:00+00:00,0.0,6.47
2023-02-04 01:00:00+00:00,0.0,6.22
2023-02-04 02:00:00+00:00,0.0,5.78
2023-02-04 03:00:00+00:00,0.0,5.79
2023-02-04 04:00:00+00:00,0.0,5.84
2023-02-04 05:00:00+00:00,0.0,5.43
2023-02-04 06:00:00+00:00,0.0,4.97
2023-02-04 07:00:00+00:00,0.0,5.08
2023-02-04 08:00:00+00:00,42.08,6.18
2023-02-04 09:00:00+00:00,96.3,7.2
2023-02-04 10:00:00+00:00,137.98,8.41
2023-02-04 11:00:00+00:00,93.15,9.18
2023-02-04 12:00:00+00:00,102.82,9.69
2023-02-04 13:00:00+00:00,65.7,9.6
2023-02-04 14:00:00+00:00,113.12,9.17
2023-02-04 15:00:00+00:00,61.53,8.22
2023-02-04 16:00:00+00:00,12.98,6.53
2023-02-04 17:00:00+00:00,0.0,5.82
2023-02-04 18:00:00+00:00,0.0,5.54
2023-02-04 19:00:00+00:00,0.0,5.41
2023-02-04 20:00:00+00:00,0.0,5.52
2023-02-04 21:00:00+00:00,0.0,5.67
2023-02-04 22:00:00+00:00,0.0,5.71
2023-02-04 23:00:00+00:00,0.0,5.88
2023-02-05 00:00:00+00:00,0.0,6.23
2023-02-05 01:00:00+00:00,0.0,6.55
2023-02-05 02:00:00+00:00,0.0,6.15
2023-02-05 03:00:00+00:00,0.0,4.46
2023-02-05 04:00:00+00:00,0.0,2.84
2023-02-05 05:00:00+00:00,0.0,2.02
2023-02-05 06:00:00+00:00,0.0,1.69
2023-02-05 07:00:00+00:00,0.0,1.59
2023-02-05 08:00:00+00:00,72.0,2.06
2023-02-05 09:00:00+00:00,180.73,3.48
2023-02-05 10:00:00+00:00,272.52,5.4
2023-02-05 11:00:00+00:00,327.27,6.98
2023-02-05 12:00:00+00:00,336.5,7.95
2023-02-05 13:00:00+00:00,309.23,8.33
2023-02-05 14:00:00+00:00,241.15,8.07
2023-02-05 15:00:00+00:00,139.6,6.77
2023-02-05 16:00:00+00:00,34.55,3.53
2023-02-05 17:00:00+00:00,0.0,2.56
2023-02-05 18:00:00+00:00,0.0,2.47
2023-02-05 19:00:00+00:00,0.0,2.35
2023-02-05 20:00:00+00:00,0.0,2.35
2023-02-05 21:00:00+00:00,0.0,0.91
2023-02-05 22:00:00+00:00,0.0,0.14
2023-02-05 23:00:00+00:00,0.0,0.02
2023-02-06 00:00:00+00:00,0.0,0.24
2023-02-06 01:00:00+00:00,0.0,1.02
2023-02-06 02:00:00+00:00,0.0,1.48
2023-02-06 03:00:00+00:00,0.0,1.79
2023-02-06 04:00:00+00:00,0.0,1.85
2023-02-06 05:00:00+00:00,0.0,1.82
2023-02-06 06:00:00+00:00,0.0,1.75
2023-02-06 07:00:00+00:00,0.0,1.62
2023-02-06 08:00:00+00:00,85.03,1.83
2023-02-06 09:00:00+00:00,207.1,2.55
2023-02-06 10:00:00+00:00,311.85,3.99
2023-02-06 11:00:00+00:00,376.5,6.27
2023-02-06 12:00:00+00:00,397.88,8.23
2023-02-06 13:00:00+00:00,359.23,9.01
2023-02-06 14:00:00+00:00,280.2,9.0
2023-02-06 15:00:00+00:00,162.6,8.02
2023-02-06 16:00:00+00:00,39.58,6.69
2023-02-06 17:00:00+00:00,0.0,5.84
2023-02-06 18:00:00+00:00,0.0,4.6
2023-02-06 19:00:00+00:00,0.0,3.34
2023-02-06 20:00:00+00:00,0.0,2.89
2023-02-06 21:00:00+00:00,0.0,2.71
2023-02-06 22:00:00+00:00,0.0,2.12
2023-02-06 23:00:00+00:00,0.0,1.37
2023-02-07 00:00:00+00:00,0.0,0.91
2023-02-07 01:00:00+00:00,0.0,0.57
2023-02-07 02:00:00+00:00,0.0,0.26
2023-02-07 03:00:00+00:00,0.0,0.0
2023-02-07 04:00:00+00:00,0.0,0.19
2023-02-07 05:00:00+00:00,0.0,0.05
2023-02-07 06:00:00+00:00,0.0,-0.28
2023-02-07 07:00:00+00:00,0.0,-0.35
2023-02-07 08:00:00+00:00,83.05,0.14
2023-02-07 09:00:00+00:00,195.93,0.98
2023-02-07 10:00:00+00:00,296.33,2.54
2023-02-07 11:00:00+00:00,363.42,4.85
2023-02-07 12:00:00+00:00,385.67,6.34
2023-02-07 13:00:00+00:00,339.98,7.09
2023-02-07 14:00:00+00:00,266.6,7.2
2023-02-07 15:00:00+00:00,159.18,6.34
2023-02-07 16:00:00+00:00,42.95,4.62
2023-02-07 17:00:00+00:00,0.0,3.09
2023-02-07 18:00:00+00:00,0.0,1.95
2023-02-07 19:00:00+00:00,0.0,0.95
2023-02-07 20:00:00+00:00,0.0,0.27
2023-02-07 21:00:00+00:00,0.0,-0.08
2023-02-07 22:00:00+00:00,0.0,-0.28
2023-02-07 23:00:00+00:00,0.0,-0.44
2023-02-08 00:00:00+00:00,0.0,-0.65
2023-02-08 01:00:00+00:00,0.0,-0.89
2023-02-08 02:00:00+00:00,0.0,-1.07
2023-02-08 03:00:00+00:00,0.0,-1.18
2023-02-08 04:00:00+00:00,0.0,-0.97
2023-02-08 05:00:00+00:00,0.0,-1.08
2023-02-08 06:00:00+00:00,0.0,-1.38
2023-02-08 07:00:00+00:00,0.0,-1.43
2023-02-08 08:00:00+00:00,92.72,0.3
2023-02-08 09:00:00+00:00,208.98,2.05
2023-02-08 10:00:00+00:00,314.38,4.32
2023-02-08 11:00:00+00:00,384.25,5.88
2023-02-08 12:00:00+00:00,402.92,6.69
2023-02-08 13:00:00+00:00,373.17,7.02
2023-02-08 14:00:00+00:00,291.17,6.75
2023-02-08 15:00:00+00:00,172.88,4.83
2023-02-08 16:00:00+00:00,46.72,1.2
2023-02-08 17:00:00+00:00,0.0,-0.24
2023-02-08 18:00:00+00:00,0.0,-0.56
2023-02-08 19:00:00+00:00,0.0,-0.8
2023-02-08 20:00:00+00:00,0.0,-1.05
2023-02-08 21:00:00+00:00,0.0,-1.21
2023-02-08 22:00:00+00:00,0.0,-1.15
2023-02-08 23:00:00+00:00,0.0,-1.01
2023-02-09 00:00:00+00:00,0.0,-0.63
2023-02-09 01:00:00+00:00,0.0,-0.25
2023-02-09 02:00:00+00:00,0.0,0.09
2023-02-09 03:00:00+00:00,0.0,0.62
2023-02-09 04:00:00+00:00,0.0,1.16
2023-02-09 05:00:00+00:00,0.0,1.52
2023-02-09 06:00:00+00:00,0.0,1.76
2023-02-09 07:00:00+00:00,3.5,2.3
2023-02-09 08:00:00+00:00,67.78,3.24
2023-02-09 09:00:00+00:00,163.07,4.36
2023-02-09 10:00:00+00:00,242.88,5.87
2023-02-09 11:00:00+00:00,283.05,7.34
2023-02-09 12:00:00+00:00,303.25,8.37
2023-02-09 13:00:00+00:00,282.75,8.83
2023-02-09 14:00:00+00:00,237.07,8.71
2023-02-09 15:00:00+00:00,150.1,7.21
2023-02-09 16:00:00+00:00,50.2,4.23
2023-02-09 17:00:00+00:00,0.0,2.97
2023-02-09 18:00:00+00:00,0.0,2.44
2023-02-09 19:00:00+00:00,0.0,1.68
2023-02-09 20:00:00+00:00,0.0,1.14
2023-02-09 21:00:00+00:00,0.0,0.9
2023-02-09 22:00:00+00:00,0.0,0.52
2023-02-09 23:00:00+00:00,0.0,0.08
2023-02-10 00:00:00+00:00,0.0,-0.49
2023-02-10 01:00:00+00:00,0.0,-0.95
2023-02-10 02:00:00+00:00,0.0,-1.27
2023-02-10 03:00:00+00:00,0.0,-1.43
2023-02-10 04:00:00+00:00,0.0,-1.43
2023-02-10 05:00:00+00:00,0.0,-1.2
2023-02-10 06:00:00+00:00,0.0,-1.42
2023-02-10 07:00:00+00:00,5.05,-1.26
2023-02-10 08:00:00+00:00,71.97,1.16
2023-02-10 09:00:00+00:00,166.95,2.88
2023-02-10 10:00:00+00:00,248.27,4.97
2023-02-10 11:00:00+00:00,294.67,6.31
2023-02-10 12:00:00+00:00,311.25,6.6
2023-02-10 13:00:00+00:00,239.95,6.46
2023-02-10 14:00:00+00:00,174.32,6.08
2023-02-10 15:00:00+00:00,102.07,5.51
2023-02-10 16:00:00+00:00,27.45,5.11
2023-02-10 17:00:00+00:00,0.0,5.08
2023-02-10 18:00:00+00:00,0.0,5.27
2023-02-10 19:00:00+00:00,0.0,5.41
2023-02-10 20:00:00+00:00,0.0,5.34
2023-02-10 21:00:00+00:00,0.0,5.3
2023-02-10 22:00:00+00:00,0.0,5.39
2023-02-10 23:00:00+00:00,0.0,5.34
2023-02-11 00:00:00+00:00,0.0,5.15
2023-02-11 01:00:00+00:00,0.0,5.08
2023-02-11 02:00:00+00:00,0.0,5.06
2023-02-11 03:00:00+00:00,0.0,5.0
2023-02-11 04:00:00+00:00,0.0,4.92
2023-02-11 05:00:00+00:00,0.0,4.68
2023-02-11 06:00:00+00:00,0.0,4.4
2023-02-11 07:00:00+00:00,4.32,4.3
2023-02-11 08:00:00+00:00,50.8,4.84
2023-02-11 09:00:00+00:00,112.75,5.44
2023-02-11 10:00:00+00:00,157.02,6.07
2023-02-11 11:00:00+00:00,177.57,7.16
2023-02-11 12:00:00+00:00,173.15,9.25
2023-02-11 13:00:00+00:00,165.35,10.15
2023-02-11 14:00:00+00:00,138.62,10.21
2023-02-11 15:00:00+00:00,92.15,9.33
2023-02-11 16:00:00+00:00,32.38,7.55
2023-02-11 17:00:00+00:00,0.0,7.02
2023-02-11 18:00:00+00:00,0.0,7.08
2023-02-11 19:00:00+00:00,0.0,7.2
2023-02-11 20:00:00+00:00,0.0,7.35
2023-02-11 21:00:00+00:00,0.0,7.34
2023-02-11 22:00:00+00:00,0.0,7.05
2023-02-11 23:00:00+00:00,0.0,6.8
2023-02-12 00:00:00+00:00,0.0,6.59
2023-02-12 01:00:00+00:00,0.0,6.27
2023-02-12 02:00:00+00:00,0.0,5.99
2023-02-12 03:00:00+00:00,0.0,5.72
2023-02-12 04:00:00+00:00,0.0,5.52
2023-02-12 05:00:00+00:00,0.0,5.29
2023-02-12 06:00:00+00:00,0.0,5.15
2023-02-12 07:00:00+00:00,4.4,5.29
2023-02-12 08:00:00+00:00,32.97,6.56
2023-02-12 09:00:00+00:00,77.62,7.91
2023-02-12 10:00:00+00:00,102.22,8.66
2023-02-12 11:00:00+00:00,113.85,9.06
2023-02-12 12:00:00+00:00,106.1,9.25
2023-02-12 13:00:00+00:00,167.1,9.24
2023-02-12 14:00:00+00:00,139.0,9.06
2023-02-12 15:00:00+00:00,100.85,8.54
2023-02-12 16:00:00+00:00,39.62,7.37
2023-02-12 17:00:00+00:00,0.0,6.72
2023-02-12 18:00:00+00:00,0.0,6.23
2023-02-12 19:00:00+00:00,0.0,6.09
2023-02-12 20:00:00+00:00,0.0,5.62
2023-02-12 21:00:00+00:00,0.0,4.63
2023-02-12 22:00:00+00:00,0.0,3.77
2023-02-12 23:00:00+00:00,0.0,3.09
2023-02-13 00:00:00+00:00,0.0,2.17
2023-02-13 01:00:00+00:00,0.0,1.57
2023-02-13 02:00:00+00:00,0.0,1.28
2023-02-13 03:00:00+00:00,0.0,1.15
2023-02-13 04:00:00+00:00,0.0,1.13
2023-02-13 05:00:00+00:00,0.0,1.12
2023-02-13 06:00:00+00:00,0.0,1.28
2023-02-13 07:00:00+00:00,7.75,1.91
2023-02-13 08:00:00+00:00,91.7,3.78
2023-02-13 09:00:00+00:00,204.52,5.39
2023-02-13 10:00:00+00:00,297.48,7.43
2023-02-13 11:00:00+00:00,358.52,9.06
2023-02-13 12:00:00+00:00,374.4,10.14
2023-02-13 13:00:00+00:00,390.38,10.68
2023-02-13 14:00:00+00:00,311.6,10.66
2023-02-13 15:00:00+00:00,197.65,9.62
2023-02-13 16:00:00+00:00,70.32,6.12
2023-02-13 17:00:00+00:00,0.0,3.92
2023-02-13 18:00:00+00:00,0.0,3.18
2023-02-13 19:00:00+00:00,0.0,2.6
2023-02-13 20:00:00+00:00,0.0,2.72
2023-02-13 21:00:00+00:00,0.0,3.43
2023-02-13 22:00:00+00:00,0.0,4.02
2023-02-13 23:00:00+00:00,0.0,4.15
2023-02-14 00:00:00+00:00,0.0,4.11
2023-02-14 01:00:00+00:00,0.0,4.12
2023-02-14 02:00:00+00:00,0.0,4.25
2023-02-14 03:00:00+00:00,0.0,4.24
2023-02-14 04:00:00+00:00,0.0,4.1
2023-02-14 05:00:00+00:00,0.0,3.92
2023-02-14 06:00:00+00:00,0.0,3.74
2023-02-14 07:00:00+00:00,7.55,3.69
2023-02-14 08:00:00+00:00,82.28,3.86
2023-02-14 09:00:00+00:00,179.07,4.35
2023-02-14 10:00:00+00:00,275.2,5.4
2023-02-14 11:00:00+00:00,322.45,6.84
2023-02-14 12:00:00+00:00,368.38,8.68
2023-02-14 13:00:00+00:00,372.75,10.34
2023-02-14 14:00:00+00:00,292.83,10.94
2023-02-14 15:00:00+00:00,184.65,10.18
2023-02-14 16:00:00+00:00,65.0,7.1
2023-02-14 17:00:00+00:00,0.0,5.05
2023-02-14 18:00:00+00:00,0.0,4.02
2023-02-14 19:00:00+00:00,0.0,3.33
2023-02-14 20:00:00+00:00,0.0,2.88
2023-02-14 21:00:00+00:00,0.0,2.73
2023-02-14 22:00:00+00:00,0.0,2.58
2023-02-14 23:00:00+00:00,0.0,2.06
2023-02-15 00:00:00+00:00,0.0,1.8
2023-02-15 01:00:00+00:00,0.0,2.37
2023-02-15 02:00:00+00:00,0.0,2.99
2023-02-15 03:00:00+00:00,0.0,3.65
2023-02-15 04:00:00+00:00,0.0,4.32
2023-02-15 05:00:00+00:00,0.0,4.86
2023-02-15 06:00:00+00:00,0.0,5.04
2023-02-15 07:00:00+00:00,9.65,5.24
2023-02-15 08:00:00+00:00,98.18,5.88
2023-02-15 09:00:00+00:00,219.77,7.17
2023-02-15 10:00:00+00:00,303.8,9.12
2023-02-15 11:00:00+00:00,379.98,11.1
2023-02-15 12:00:00+00:00,402.7,12.34
2023-02-15 13:00:00+00:00,382.25,12.89
2023-02-15 14:00:00+00:00,287.77,12.71
2023-02-15 15:00:00+00:00,174.85,11.69
2023-02-15 16:00:00+00:00,57.65,9.27
2023-02-15 17:00:00+00:00,0.0,7.91
2023-02-15 18:00:00+00:00,0.0,8.0
2023-02-15 19:00:00+00:00,0.0,7.88
2023-02-15 20:00:00+00:00,0.0,7.51
2023-02-15 21:00:00+00:00,0.0,7.37
2023-02-15 22:00:00+00:00,0.0,7.33
2023-02-15 23:00:00+00:00,0.0,6.89
2023-02-16 00:00:00+00:00,0.0,6.53
2023-02-16 01:00:00+00:00,0.0,6.42
2023-02-16 02:00:00+00:00,0.0,6.4
2023-02-16 03:00:00+00:00,0.0,6.32
2023-02-16 04:00:00+00:00,0.0,6.04
2023-02-16 05:00:00+00:00,0.0,5.72
2023-02-16 06:00:00+00:00,0.0,6.1
2023-02-16 07:00:00+00:00,6.68,6.83
2023-02-16 08:00:00+00:00,45.17,7.74
2023-02-16 09:00:00+00:00,92.2,8.74
2023-02-16 10:00:00+00:00,131.62,9.59
2023-02-16 11:00:00+00:00,163.7,10.07
2023-02-16 12:00:00+00:00,147.73,10.93
2023-02-16 13:00:00+00:00,174.48,11.46
2023-02-16 14:00:00+00:00,140.57,11.66
2023-02-16 15:00:00+00:00,90.85,11.56
2023-02-16 16:00:00+00:00,41.62,11.07
2023-02-16 17:00:00+00:00,0.0,10.67
2023-02-16 18:00:00+00:00,0.0,10.24
2023-02-16 19:00:00+00:00,0.0,9.38
2023-02-16 20:00:00+00:00,0.0,8.85
2023-02-16 21:00:00+00:00,0.0,8.62
2023-02-16 22:00:00+00:00,0.0,8.38
2023-02-16 23:00:00+00:00,0.0,8.31
2023-02-17 00:00:00+00:00,0.0,8.55
2023-02-17 01:00:00+00:00,0.0,9.11
2023-02-17 02:00:00+00:00,0.0,9.21
2023-02-17 03:00:00+00:00,0.0,9.12
2023-02-17 04:00:00+00:00,0.0,8.71
2023-02-17 05:00:00+00:00,0.0,8.39
2023-02-17 06:00:00+00:00,0.0,8.23
2023-02-17 07:00:00+00:00,8.18,8.28
2023-02-17 08:00:00+00:00,60.47,9.03
2023-02-17 09:00:00+00:00,129.4,10.42
2023-02-17 10:00:00+00:00,185.88,11.6
2023-02-17 11:00:00+00:00,213.5,12.58
2023-02-17 12:00:00+00:00,192.68,13.44
2023-02-17 13:00:00+00:00,207.27,13.87
2023-02-17 14:00:00+00:00,185.88,13.62
2023-02-17 15:00:00+00:00,123.8,13.04
2023-02-17 16:00:00+00:00,54.72,12.25
2023-02-17 17:00:00+00:00,0.0,11.33
2023-02-17 18:00:00+00:00,0.0,10.87
2023-02-17 19:00:00+00:00,0.0,10.68
2023-02-17 20:00:00+00:00,0.0,10.45
2023-02-17 21:00:00+00:00,0.0,10.34
2023-02-17 22:00:00+00:00,0.0,10.25
2023-02-17 23:00:00+00:00,0.0,10.06
2023-02-18 00:00:00+00:00,0.0,9.91
2023-02-18 01:00:00+00:00,0.0,9.59
2023-02-18 02:00:00+00:00,0.0,9.26
2023-02-18 03:00:00+00:00,0.0,8.89
2023-02-18 04:00:00+00:00,0.0,8.6
2023-02-18 05:00:00+00:00,0.0,8.6
2023-02-18 06:00:00+00:00,0.0,8.73
2023-02-18 07:00:00+00:00,9.65,9.07
2023-02-18 08:00:00+00:00,60.05,9.73
2023-02-18 09:00:00+00:00,116.0,10.49
2023-02-18 10:00:00+00:00,163.93,11.29
2023-02-18 11:00:00+00:00,203.73,12.08
2023-02-18 12:00:00+00:00,189.8,12.53
2023-02-18 13:00:00+00:00,161.52,12.51
2023-02-18 14:00:00+00:00,149.77,12.18
2023-02-18 15:00:00+00:00,80.1,11.73
2023-02-18 16:00:00+00:00,40.92,11.3
2023-02-18 17:00:00+00:00,0.0,10.86
2023-02-18 18:00:00+00:00,0.0,10.52
2023-02-18 19:00:00+00:00,0.0,10.2
2023-02-18 20:00:00+00:00,0.0,9.86
2023-02-18 21:00:00+00:00,0.0,9.54
2023-02-18 22:00:00+00:00,0.0,9.12
2023-02-18 23:00:00+00:00,0.0,8.75
2023-02-19 00:00:00+00:00,0.0,8.28
2023-02-19 01:00:00+00:00,0.0,7.44
2023-02-19 02:00:00+00:00,0.0,6.82
2023-02-19 03:00:00+00:00,0.0,6.65
2023-02-19 04:00:00+00:00,0.0,6.26
2023-02-19 05:00:00+00:00,0.0,6.19
2023-02-19 06:00:00+00:00,0.0,6.01
2023-02-19 07:00:00+00:00,14.82,6.15
2023-02-19 08:00:00+00:00,107.62,7.15
2023-02-19 09:00:00+00:00,211.02,8.57
2023-02-19 10:00:00+00:00,289.48,9.79
2023-02-19 11:00:00+00:00,328.85,10.86
2023-02-19 12:00:00+00:00,378.8,11.65
2023-02-19 13:00:00+00:00,379.23,12.1
2023-02-19 14:00:00+00:00,312.02,12.15
2023-02-19 15:00:00+00:00,208.43,11.64
2023-02-19 16:00:00+00:00,85.15,9.36
2023-02-19 17:00:00+00:00,4.3,7.88
2023-02-19 18:00:00+00:00,0.0,8.2
2023-02-19 19:00:00+00:00,0.0,7.34
2023-02-19 20:00:00+00:00,0.0,6.38
2023-02-19 21:00:00+00:00,0.0,6.09
2023-02-19 22:00:00+00:00,0.0,5.85
2023-02-19 23:00:00+00:00,0.0,5.69
2023-02-20 00:00:00+00:00,0.0,5.64
2023-02-20 01:00:00+00:00,0.0,5.53
2023-02-20 02:00:00+00:00,0.0,5.46
2023-02-20 03:00:00+00:00,0.0,5.62
2023-02-20 04:00:00+00:00,0.0,6.1
2023-02-20 05:00:00+00:00,0.0,6.56
2023-02-20 06:00:00+00:00,0.0,6.8
2023-02-20 07:00:00+00:00,18.8,7.12
2023-02-20 08:00:00+00:00,110.7,7.72
2023-02-20 09:00:00+00:00,192.07,8.57
2023-02-20 10:00:00+00:00,248.12,9.8
2023-02-20 11:00:00+00:00,298.42,11.22
2023-02-20 12:00:00+00:00,317.92,12.41
2023-02-20 13:00:00+00:00,288.2,12.99
2023-02-20 14:00:00+00:00,235.12,12.9
2023-02-20 15:00:00+00:00,157.77,12.24
2023-02-20 16:00:00+00:00,72.7,10.79
2023-02-20 17:00:00+00:00,4.7,9.42
2023-02-20 18:00:00+00:00,0.0,9.21
2023-02-20 19:00:00+00:00,0.0,9.13
2023-02-20 20:00:00+00:00,0.0,9.04
2023-02-20 21:00:00+00:00,0.0,8.77
2023-02-20 22:00:00+00:00,0.0,8.25
2023-02-20 23:00:00+00:00,0.0,7.78
2023-02-21 00:00:00+00:00,0.0,7.48
2023-02-21 01:00:00+00:00,0.0,7.53
2023-02-21 02:00:00+00:00,0.0,7.58
2023-02-21 03:00:00+00:00,0.0,7.4
2023-02-21 04:00:00+00:00,0.0,7.16
2023-02-21 05:00:00+00:00,0.0,6.96
2023-02-21 06:00:00+00:00,0.0,6.83
2023-02-21 07:00:00+00:00,14.38,7.02
2023-02-21 08:00:00+00:00,72.62,7.5
2023-02-21 09:00:00+00:00,136.02,7.86
2023-02-21 10:00:00+00:00,168.25,8.32
2023-02-21 11:00:00+00:00,192.43,8.85
2023-02-21 12:00:00+00:00,149.62,9.34
2023-02-21 13:00:00+00:00,168.68,9.74
2023-02-21 14:00:00+00:00,134.82,10.06
2023-02-21 15:00:00+00:00,78.3,9.9
2023-02-21 16:00:00+00:00,33.35,8.48
2023-02-21 17:00:00+00:00,3.47,6.96
2023-02-21 18:00:00+00:00,0.0,6.39
2023-02-21 19:00:00+00:00,0.0,6.11
2023-02-21 20:00:00+00:00,0.0,5.97
2023-02-21 21:00:00+00:00,0.0,5.67
2023-02-21 22:00:00+00:00,0.0,5.59
2023-02-21 23:00:00+00:00,0.0,5.41
2023-02-22 00:00:00+00:00,0.0,5.19
2023-02-22 01:00:00+00:00,0.0,5.14
2023-02-22 02:00:00+00:00,0.0,5.25
2023-02-22 03:00:00+00:00,0.0,5.39
2023-02-22 04:00:00+00:00,0.0,5.37
2023-02-22 05:00:00+00:00,0.0,5.25
2023-02-22 06:00:00+00:00,0.0,5.02
2023-02-22 07:00:00+00:00,12.6,5.34
2023-02-22 08:00:00+00:00,64.88,6.36
2023-02-22 09:00:00+00:00,125.65,7.62
2023-02-22 10:00:00+00:00,178.73,8.65
2023-02-22 11:00:00+00:00,194.7,9.03
2023-02-22 12:00:00+00:00,194.6,9.08
2023-02-22 13:00:00+00:00,179.9,9.01
2023-02-22 14:00:00+00:00,141.8,8.92
2023-02-22 15:00:00+00:00,93.25,8.71
2023-02-22 16:00:00+00:00,40.88,7.55
2023-02-22 17:00:00+00:00,4.2,5.51
2023-02-22 18:00:00+00:00,0.0,4.73
2023-02-22 19:00:00+00:00,0.0,4.19
2023-02-22 20:00:00+00:00,0.0,3.8
2023-02-22 21:00:00+00:00,0.0,3.46
2023-02-22 22:00:00+00:00,0.0,3.33
2023-02-22 23:00:00+00:00,0.0,3.5
2023-02-23 00:00:00+00:00,0.0,3.58
2023-02-23 01:00:00+00:00,0.0,3.58
2023-02-23 02:00:00+00:00,0.0,3.73
2023-02-23 03:00:00+00:00,0.0,4.05
2023-02-23 04:00:00+00:00,0.0,4.28
2023-02-23 05:00:00+00:00,0.0,4.58
2023-02-23 06:00:00+00:00,0.0,4.86
2023-02-23 07:00:00+00:00,10.62,5.37
2023-02-23 08:00:00+00:00,49.72,6.07
2023-02-23 09:00:00+00:00,109.45,6.76
2023-02-23 10:00:00+00:00,156.8,7.53
2023-02-23 11:00:00+00:00,182.27,8.56
2023-02-23 12:00:00+00:00,189.1,9.14
2023-02-23 13:00:00+00:00,167.68,9.13
2023-02-23 14:00:00+00:00,153.02,8.78
2023-02-23 15:00:00+00:00,109.7,8.1
2023-02-23 16:00:00+00:00,59.62,6.81
2023-02-23 17:00:00+00:00,7.45,4.63
2023-02-23 18:00:00+00:00,0.0,3.0
2023-02-23 19:00:00+00:00,0.0,1.58
2023-02-23 20:00:00+00:00,0.0,0.56
2023-02-23 21:00:00+00:00,0.0,-0.09
2023-02-23 22:00:00+00:00,0.0,-0.57
2023-02-23 23:00:00+00:00,0.0,-1.1
2023-02-24 00:00:00+00:00,0.0,-1.53
2023-02-24 01:00:00+00:00,0.0,-1.9
2023-02-24 02:00:00+00:00,0.0,-1.8
2023-02-24 03:00:00+00:00,0.0,-1.49
2023-02-24 04:00:00+00:00,0.0,-1.04
2023-02-24 05:00:00+00:00,0.0,-0.28
2023-02-24 06:00:00+00:00,0.0,0.35
2023-02-24 07:00:00+00:00,17.67,1.3
2023-02-24 08:00:00+00:00,79.55,2.62
2023-02-24 09:00:00+00:00,138.35,3.86
2023-02-24 10:00:00+00:00,183.3,5.15
2023-02-24 11:00:00+00:00,201.05,6.95
2023-02-24 12:00:00+00:00,221.12,8.37
2023-02-24 13:00:00+00:00,224.32,9.31
2023-02-24 14:00:00+00:00,195.4,9.5
2023-02-24 15:00:00+00:00,137.73,8.89
2023-02-24 16:00:00+00:00,68.85,7.41
2023-02-24 17:00:00+00:00,7.28,5.43
2023-02-24 18:00:00+00:00,0.0,4.2
2023-02-24 19:00:00+00:00,0.0,2.93
2023-02-24 20:00:00+00:00,0.0,2.06
2023-02-24 21:00:00+00:00,0.0,1.82
2023-02-24 22:00:00+00:00,0.0,1.73
2023-02-24 23:00:00+00:00,0.0,1.73
2023-02-25 00:00:00+00:00,0.0,1.46
2023-02-25 01:00:00+00:00,0.0,1.49
2023-02-25 02:00:00+00:00,0.0,1.25
2023-02-25 03:00:00+00:00,0.0,1.13
2023-02-25 04:00:00+00:00,0.0,1.42
2023-02-25 05:00:00+00:00,0.0,1.59
2023-02-25 06:00:00+00:00,0.0,1.57
2023-02-25 07:00:00+00:00,21.7,1.98
2023-02-25 08:00:00+00:00,98.38,3.46
2023-02-25 09:00:00+00:00,174.18,5.15
2023-02-25 10:00:00+00:00,241.3,6.34
2023-02-25 11:00:00+00:00,281.08,7.05
2023-02-25 12:00:00+00:00,284.27,7.38
2023-02-25 13:00:00+00:00,253.77,7.51
2023-02-25 14:00:00+00:00,244.45,7.25
2023-02-25 15:00:00+00:00,172.73,6.61
2023-02-25 16:00:00+00:00,87.25,5.51
2023-02-25 17:00:00+00:00,9.93,3.73
2023-02-25 18:00:00+00:00,0.0,2.61
2023-02-25 19:00:00+00:00,0.0,2.0
2023-02-25 20:00:00+00:00,0.0,1.8
2023-02-25 21:00:00+00:00,0.0,1.42
2023-02-25 22:00:00+00:00,0.0,0.95
2023-02-25 23:00:00+00:00,0.0,0.71
2023-02-26 00:00:00+00:00,0.0,0.57
2023-02-26 01:00:00+00:00,0.0,0.48
2023-02-26 02:00:00+00:00,0.0,0.2
2023-02-26 03:00:00+00:00,0.0,0.28
2023-02-26 04:00:00+00:00,0.0,0.06
2023-02-26 05:00:00+00:00,0.0,-0.35
2023-02-26 06:00:00+00:00,0.0,-0.44
2023-02-26 07:00:00+00:00,33.65,0.48
2023-02-26 08:00:00+00:00,132.38,2.38
2023-02-26 09:00:00+00:00,238.98,4.75
2023-02-26 10:00:00+00:00,320.58,6.04
2023-02-26 11:00:00+00:00,404.58,6.59
2023-02-26 12:00:00+00:00,338.02,6.91
2023-02-26 13:00:00+00:00,317.35,6.85
2023-02-26 14:00:00+00:00,272.88,6.56
2023-02-26 15:00:00+00:00,180.82,5.99
2023-02-26 16:00:00+00:00,93.68,4.54
2023-02-26 17:00:00+00:00,13.43,1.84
2023-02-26 18:00:00+00:00,0.0,1.01
2023-02-26 19:00:00+00:00,0.0,0.65
2023-02-26 20:00:00+00:00,0.0,0.28
2023-02-26 21:00:00+00:00,0.0,-0.2
2023-02-26 22:00:00+00:00,0.0,-0.73
2023-02-26 23:00:00+00:00,0.0,-1.21
2023-02-27 00:00:00+00:00,0.0,-1.55
2023-02-27 01:00:00+00:00,0.0,-1.74
2023-02-27 02:00:00+00:00,0.0,-1.79
2023-02-27 03:00:00+00:00,0.0,-1.69
2023-02-27 04:00:00+00:00,0.0,-1.39
2023-02-27 05:00:00+00:00,0.0,-0.9
2023-02-27 06:00:00+00:00,0.0,-0.34
2023-02-27 07:00:00+00:00,36.25,0.99
2023-02-27 08:00:00+00:00,118.0,2.74
2023-02-27 09:00:00+00:00,193.8,4.94
2023-02-27 10:00:00+00:00,254.0,6.55
2023-02-27 11:00:00+00:00,270.8,7.3
2023-02-27 12:00:00+00:00,244.0,7.72
2023-02-27 13:00:00+00:00,258.0,7.85
2023-02-27 14:00:00+00:00,225.07,7.65
2023-02-27 15:00:00+00:00,155.1,7.0
2023-02-27 16:00:00+00:00,78.68,5.67
2023-02-27 17:00:00+00:00,11.3,3.51
2023-02-27 18:00:00+00:00,0.0,2.98
2023-02-27 19:00:00+00:00,0.0,2.45
2023-02-27 20:00:00+00:00,0.0,1.74
2023-02-27 21:00:00+00:00,0.0,1.4
2023-02-27 22:00:00+00:00,0.0,1.88
2023-02-27 23:00:00+00:00,0.0,2.26
2023-02-28 00:00:00+00:00,0.0,2.33
2023-02-28 01:00:00+00:00,0.0,2.24
2023-02-28 02:00:00+00:00,0.0,2.18
2023-02-28 03:00:00+00:00,0.0,1.9
2023-02-28 04:00:00+00:00,0.0,1.72
2023-02-28 05:00:00+00:00,0.0,1.73
2023-02-28 06:00:00+00:00,0.0,1.52
2023-02-28 07:00:00+00:00,35.72,1.74
2023-02-28 08:00:00+00:00,101.47,2.63
2023-02-28 09:00:00+00:00,141.68,4.34
2023-02-28 10:00:00+00:00,198.52,6.02
2023-02-28 11:00:00+00:00,226.65,7.42
2023-02-28 12:00:00+00:00,158.8,8.41
2023-02-28 13:00:00+00:00,170.38,8.78
2023-02-28 14:00:00+00:00,162.43,8.52
2023-02-28 15:00:00+00:00,105.55,7.86
2023-02-28 16:00:00+00:00,49.55,6.92
2023-02-28 17:00:00+00:00,7.35,5.95
2023-02-28 18:00:00+00:00,0.0,5.4
2023-02-28 19:00:00+00:00,0.0,4.93
2023-02-28 20:00:00+00:00,0.0,4.56
2023-02-28 21:00:00+00:00,0.0,4.23
2023-02-28 22:00:00+00:00,0.0,3.76
2023-02-28 23:00:00+00:00,0.0,3.24
2023-03-01 00:00:00+00:00,0.0,2.74
2023-03-01 01:00:00+00:00,0.0,2.22
2023-03-01 02:00:00+00:00,0.0,2.19
2023-03-01 03:00:00+00:00,0.0,2.74
2023-03-01 04:00:00+00:00,0.0,2.9
2023-03-01 05:00:00+00:00,0.0,2.86
2023-03-01 06:00:00+00:00,0.0,2.9
2023-03-01 07:00:00+00:00,38.92,3.29
2023-03-01 08:00:00+00:00,100.32,4.04
2023-03-01 09:00:00+00:00,178.38,5.05
2023-03-01 10:00:00+00:00,234.4,6.28
2023-03-01 11:00:00+00:00,248.6,7.35
2023-03-01 12:00:00+00:00,237.35,8.14
2023-03-01 13:00:00+00:00,220.6,8.38
2023-03-01 14:00:00+00:00,188.43,8.17
2023-03-01 15:00:00+00:00,124.55,7.64
2023-03-01 16:00:00+00:00,59.22,6.66
2023-03-01 17:00:00+00:00,11.65,5.03
2023-03-01 18:00:00+00:00,0.0,4.49
2023-03-01 19:00:00+00:00,0.0,4.06
2023-03-01 20:00:00+00:00,0.0,3.68
2023-03-01 21:00:00+00:00,0.0,2.36
2023-03-01 22:00:00+00:00,0.0,1.25
2023-03-01 23:00:00+00:00,0.0,0.68
2023-03-02 00:00:00+00:00,0.0,0.37
2023-03-02 01:00:00+00:00,0.0,-0.15
2023-03-02 02:00:00+00:00,0.0,-0.3
2023-03-02 03:00:00+00:00,0.0,-0.35
2023-03-02 04:00:00+00:00,0.0,-0.48
2023-03-02 05:00:00+00:00,0.0,-0.51
2023-03-02 06:00:00+00:00,0.0,-0.31
2023-03-02 07:00:00+00:00,54.55,1.16
2023-03-02 08:00:00+00:00,190.9,3.11
2023-03-02 09:00:00+00:00,326.4,5.3
2023-03-02 10:00:00+00:00,432.15,6.73
2023-03-02 11:00:00+00:00,496.1,7.81
2023-03-02 12:00:00+00:00,509.6,8.5
2023-03-02 13:00:00+00:00,498.52,8.79
2023-03-02 14:00:00+00:00,406.75,8.63
2023-03-02 15:00:00+00:00,287.27,7.98
2023-03-02 16:00:00+00:00,143.95,6.41
2023-03-02 17:00:00+00:00,19.45,3.4
2023-03-02 18:00:00+00:00,0.0,2.33
2023-03-02 19:00:00+00:00,0.0,1.61
2023-03-02 20:00:00+00:00,0.0,0.94
2023-03-02 21:00:00+00:00,0.0,0.92
2023-03-02 22:00:00+00:00,0.0,1.38
2023-03-02 23:00:00+00:00,0.0,1.85
2023-03-03 00:00:00+00:00,0.0,2.09
2023-03-03 01:00:00+00:00,0.0,2.2
2023-03-03 02:00:00+00:00,0.0,2.23
2023-03-03 03:00:00+00:00,0.0,2.17
2023-03-03 04:00:00+00:00,0.0,1.85
2023-03-03 05:00:00+00:00,0.0,1.45
2023-03-03 06:00:00+00:00,0.0,1.51
2023-03-03 07:00:00+00:00,31.27,2.54
2023-03-03 08:00:00+00:00,92.68,4.31
2023-03-03 09:00:00+00:00,147.5,5.72
2023-03-03 10:00:00+00:00,191.38,6.46
2023-03-03 11:00:00+00:00,214.5,6.95
2023-03-03 12:00:00+00:00,171.05,7.44
2023-03-03 13:00:00+00:00,155.8,7.64
2023-03-03 14:00:00+00:00,130.18,7.51
2023-03-03 15:00:00+00:00,84.97,7.13
2023-03-03 16:00:00+00:00,45.58,6.26
2023-03-03 17:00:00+00:00,7.05,3.84
2023-03-03 18:00:00+00:00,0.0,3.07
2023-03-03 19:00:00+00:00,0.0,2.42
2023-03-03 20:00:00+00:00,0.0,1.59
2023-03-03 21:00:00+00:00,0.0,1.69
2023-03-03 22:00:00+00:00,0.0,1.43
2023-03-03 23:00:00+00:00,0.0,1.41
2023-03-04 00:00:00+00:00,0.0,1.72
2023-03-04 01:00:00+00:00,0.0,1.84
2023-03-04 02:00:00+00:00,0.0,1.81
2023-03-04 03:00:00+00:00,0.0,1.52
2023-03-04 04:00:00+00:00,0.0,1.52
2023-03-04 05:00:00+00:00,0.0,1.46
2023-03-04 06:00:00+00:00,0.0,1.26
2023-03-04 07:00:00+00:00,37.67,2.17
2023-03-04 08:00:00+00:00,90.62,3.81
2023-03-04 09:00:00+00:00,142.07,5.58
2023-03-04 10:00:00+00:00,182.32,6.63
2023-03-04 11:00:00+00:00,200.7,7.6
2023-03-04 12:00:00+00:00,159.3,8.26
2023-03-04 13:00:00+00:00,178.32,8.61
2023-03-04 14:00:00+00:00,143.48,8.53
2023-03-04 15:00:00+00:00,100.18,7.93
2023-03-04 16:00:00+00:00,55.0,6.62
2023-03-04 17:00:00+00:00,6.38,3.91
2023-03-04 18:00:00+00:00,0.0,2.98
2023-03-04 19:00:00+00:00,0.0,2.55
2023-03-04 20:00:00+00:00,0.0,2.13
2023-03-04 21:00:00+00:00,0.0,1.66
2023-03-04 22:00:00+00:00,0.0,1.26
2023-03-04 23:00:00+00:00,0.0,0.95
2023-03-05 00:00:00+00:00,0.0,0.7
2023-03-05 01:00:00+00:00,0.0,0.42
2023-03-05 02:00:00+00:00,0.0,0.18
2023-03-05 03:00:00+00:00,0.0,-0.04
2023-03-05 04:00:00+00:00,0.0,-0.16
2023-03-05 05:00:00+00:00,0.0,-0.22
2023-03-05 06:00:00+00:00,0.0,-0.39
2023-03-05 07:00:00+00:00,18.2,0.62
2023-03-05 08:00:00+00:00,95.12,2.03
2023-03-05 09:00:00+00:00,156.55,3.85
2023-03-05 10:00:00+00:00,209.38,4.6
2023-03-05 11:00:00+00:00,232.82,4.86
2023-03-05 12:00:00+00:00,237.35,4.81
2023-03-05 13:00:00+00:00,255.2,4.61
2023-03-05 14:00:00+00:00,199.38,4.32
2023-03-05 15:00:00+00:00,140.12,4.02
2023-03-05 16:00:00+00:00,65.7,3.5
2023-03-05 17:00:00+00:00,10.1,1.93
2023-03-05 18:00:00+00:00,0.0,1.15
2023-03-05 19:00:00+00:00,0.0,0.52
2023-03-05 20:00:00+00:00,0.0,-0.03
2023-03-05 21:00:00+00:00,0.0,-0.16
2023-03-05 22:00:00+00:00,0.0,-0.21
2023-03-05 23:00:00+00:00,0.0,-0.64
2023-03-06 00:00:00+00:00,0.0,-1.27
2023-03-06 01:00:00+00:00,0.0,-1.64
2023-03-06 02:00:00+00:00,0.0,-1.78
2023-03-06 03:00:00+00:00,0.0,-1.57
2023-03-06 04:00:00+00:00,0.0,-0.68
2023-03-06 05:00:00+00:00,0.0,-0.51
2023-03-06 06:00:00+00:00,0.0,-0.47
2023-03-06 07:00:00+00:00,40.53,0.3
2023-03-06 08:00:00+00:00,131.85,1.37
2023-03-06 09:00:00+00:00,199.43,2.71
2023-03-06 10:00:00+00:00,275.5,4.36
2023-03-06 11:00:00+00:00,326.85,5.85
2023-03-06 12:00:00+00:00,257.85,7.26
2023-03-06 13:00:00+00:00,165.4,8.0
2023-03-06 14:00:00+00:00,112.82,7.84
2023-03-06 15:00:00+00:00,83.05,7.25
2023-03-06 16:00:00+00:00,48.2,6.41
2023-03-06 17:00:00+00:00,11.95,5.6
2023-03-06 18:00:00+00:00,0.0,5.14
2023-03-06 19:00:00+00:00,0.0,4.82
2023-03-06 20:00:00+00:00,0.0,4.52
2023-03-06 21:00:00+00:00,0.0,4.18
2023-03-06 22:00:00+00:00,0.0,4.05
2023-03-06 23:00:00+00:00,0.0,3.94
2023-03-07 00:00:00+00:00,0.0,3.82
2023-03-07 01:00:00+00:00,0.0,3.75
2023-03-07 02:00:00+00:00,0.0,3.71
2023-03-07 03:00:00+00:00,0.0,3.53
2023-03-07 04:00:00+00:00,0.0,3.24
2023-03-07 05:00:00+00:00,0.0,2.73
2023-03-07 06:00:00+00:00,0.0,2.12
2023-03-07 07:00:00+00:00,30.83,1.97
2023-03-07 08:00:00+00:00,102.9,2.03
2023-03-07 09:00:00+00:00,157.98,2.5
2023-03-07 10:00:00+00:00,217.68,3.25
2023-03-07 11:00:00+00:00,252.73,3.78
2023-03-07 12:00:00+00:00,257.73,4.03
2023-03-07 13:00:00+00:00,235.57,4.1
2023-03-07 14:00:00+00:00,200.55,4.1
2023-03-07 15:00:00+00:00,134.88,4.03
2023-03-07 16:00:00+00:00,66.7,3.6
2023-03-07 17:00:00+00:00,22.95,2.23
2023-03-07 18:00:00+00:00,0.0,1.82
2023-03-07 19:00:00+00:00,0.0,1.58
2023-03-07 20:00:00+00:00,0.0,1.06
2023-03-07 21:00:00+00:00,0.0,0.21
2023-03-07 22:00:00+00:00,0.0,-0.67
2023-03-07 23:00:00+00:00,0.0,-0.79
2023-03-08 00:00:00+00:00,0.0,-0.44
2023-03-08 01:00:00+00:00,0.0,-0.11
2023-03-08 02:00:00+00:00,0.0,0.24
2023-03-08 03:00:00+00:00,0.0,0.4
2023-03-08 04:00:00+00:00,0.0,0.65
2023-03-08 05:00:00+00:00,0.0,0.74
2023-03-08 06:00:00+00:00,0.0,0.47
2023-03-08 07:00:00+00:00,28.05,0.61
2023-03-08 08:00:00+00:00,105.1,0.76
2023-03-08 09:00:00+00:00,176.7,1.41
2023-03-08 10:00:00+00:00,241.55,2.31
2023-03-08 11:00:00+00:00,166.52,3.07
2023-03-08 12:00:00+00:00,151.6,3.3
2023-03-08 13:00:00+00:00,130.32,3.14
2023-03-08 14:00:00+00:00,119.8,2.66
2023-03-08 15:00:00+00:00,92.82,1.72
2023-03-08 16:00:00+00:00,57.62,0.92
2023-03-08 17:00:00+00:00,11.98,0.82
2023-03-08 18:00:00+00:00,0.0,0.93
2023-03-08 19:00:00+00:00,0.0,1.02
2023-03-08 20:00:00+00:00,0.0,1.16
2023-03-08 21:00:00+00:00,0.0,1.22
2023-03-08 22:00:00+00:00,0.0,1.09
2023-03-08 23:00:00+00:00,0.0,1.03
2023-03-09 00:00:00+00:00,0.0,0.97
2023-03-09 01:00:00+00:00,0.0,1.01
2023-03-09 02:00:00+00:00,0.0,1.05
2023-03-09 03:00:00+00:00,0.0,0.96
2023-03-09 04:00:00+00:00,0.0,0.85
2023-03-09 05:00:00+00:00,0.0,1.09
2023-03-09 06:00:00+00:00,0.0,1.33
2023-03-09 07:00:00+00:00,13.95,2.09
2023-03-09 08:00:00+00:00,55.7,2.79
2023-03-09 09:00:00+00:00,97.6,3.39
2023-03-09 10:00:00+00:00,140.73,4.29
2023-03-09 11:00:00+00:00,179.23,5.65
2023-03-09 12:00:00+00:00,145.32,7.32
2023-03-09 13:00:00+00:00,150.12,8.74
2023-03-09 14:00:00+00:00,129.27,9.84
2023-03-09 15:00:00+00:00,94.07,9.79
2023-03-09 16:00:00+00:00,41.6,8.58
2023-03-09 17:00:00+00:00,8.62,8.1
2023-03-09 18:00:00+00:00,0.0,7.74
2023-03-09 19:00:00+00:00,0.0,7.7
2023-03-09 20:00:00+00:00,0.0,7.85
2023-03-09 21:00:00+00:00,0.0,7.9
2023-03-09 22:00:00+00:00,0.0,7.89
2023-03-09 23:00:00+00:00,0.0,7.75
2023-03-10 00:00:00+00:00,0.0,7.38
2023-03-10 01:00:00+00:00,0.0,7.15
2023-03-10 02:00:00+00:00,0.0,6.88
2023-03-10 03:00:00+00:00,0.0,6.5
2023-03-10 04:00:00+00:00,0.0,6.05
2023-03-10 05:00:00+00:00,0.0,5.15
2023-03-10 06:00:00+00:00,2.62,3.96
2023-03-10 07:00:00+00:00,31.0,2.93
2023-03-10 08:00:00+00:00,103.72,2.07
2023-03-10 09:00:00+00:00,157.12,1.99
2023-03-10 10:00:00+00:00,213.65,2.71
2023-03-10 11:00:00+00:00,250.77,3.66
2023-03-10 12:00:00+00:00,234.18,4.53
2023-03-10 13:00:00+00:00,270.62,4.88
2023-03-10 14:00:00+00:00,225.55,4.78
2023-03-10 15:00:00+00:00,163.3,4.4
2023-03-10 16:00:00+00:00,88.18,3.68
2023-03-10 17:00:00+00:00,25.48,1.96
2023-03-10 18:00:00+00:00,0.0,0.89
2023-03-10 19:00:00+00:00,0.0,0.47
2023-03-10 20:00:00+00:00,0.0,0.34
2023-03-10 21:00:00+00:00,0.0,0.44
2023-03-10 22:00:00+00:00,0.0,0.33
2023-03-10 23:00:00+00:00,0.0,0.16
2023-03-11 00:00:00+00:00,0.0,-0.26
2023-03-11 01:00:00+00:00,0.0,-0.61
2023-03-11 02:00:00+00:00,0.0,-0.9
2023-03-11 03:00:00+00:00,0.0,-1.8
2023-03-11 04:00:00+00:00,0.0,-2.42
2023-03-11 05:00:00+00:00,0.0,-1.8
2023-03-11 06:00:00+00:00,3.53,-1.46
2023-03-11 07:00:00+00:00,70.35,0.22
2023-03-11 08:00:00+00:00,174.62,2.14
2023-03-11 09:00:00+00:00,284.48,3.79
2023-03-11 10:00:00+00:00,386.7,4.38
2023-03-11 11:00:00+00:00,412.52,5.31
2023-03-11 12:00:00+00:00,399.77,6.2
2023-03-11 13:00:00+00:00,303.88,6.7
2023-03-11 14:00:00+00:00,255.27,6.58
2023-03-11 15:00:00+00:00,187.85,5.91
2023-03-11 16:00:00+00:00,111.28,4.98
2023-03-11 17:00:00+00:00,22.92,3.42
2023-03-11 18:00:00+00:00,0.0,2.91
2023-03-11 19:00:00+00:00,0.0,2.9
2023-03-11 20:00:00+00:00,0.0,3.1
2023-03-11 21:00:00+00:00,0.0,3.52
2023-03-11 22:00:00+00:00,0.0,3.81
2023-03-11 23:00:00+00:00,0.0,4.35
2023-03-12 00:00:00+00:00,0.0,5.08
2023-03-12 01:00:00+00:00,0.0,6.0
2023-03-12 02:00:00+00:00,0.0,6.67
2023-03-12 03:00:00+00:00,0.0,7.02
2023-03-12 04:00:00+00:00,0.0,7.56
2023-03-12 05:00:00+00:00,0.0,7.62
2023-03-12 06:00:00+00:00,6.53,7.44
2023-03-12 07:00:00+00:00,79.93,7.57
2023-03-12 08:00:00+00:00,173.12,7.8
2023-03-12 09:00:00+00:00,259.5,8.36
2023-03-12 10:00:00+00:00,321.35,9.61
2023-03-12 11:00:00+00:00,346.45,11.64
2023-03-12 12:00:00+00:00,341.17,13.06
2023-03-12 13:00:00+00:00,222.38,13.26
2023-03-12 14:00:00+00:00,191.62,12.59
2023-03-12 15:00:00+00:00,146.57,11.46
2023-03-12 16:00:00+00:00,74.1,10.14
2023-03-12 17:00:00+00:00,18.73,9.38
2023-03-12 18:00:00+00:00,0.0,9.41
2023-03-12 19:00:00+00:00,0.0,9.56
2023-03-12 20:00:00+00:00,0.0,9.66
2023-03-12 21:00:00+00:00,0.0,9.83
2023-03-12 22:00:00+00:00,0.0,10.11
2023-03-12 23:00:00+00:00,0.0,10.45
2023-03-13 00:00:00+00:00,0.0,10.69
2023-03-13 01:00:00+00:00,0.0,10.81
2023-03-13 02:00:00+00:00,0.0,10.94
2023-03-13 03:00:00+00:00,0.0,11.11
2023-03-13 04:00:00+00:00,0.0,11.27
2023-03-13 05:00:00+00:00,0.0,11.2
2023-03-13 06:00:00+00:00,5.82,11.12
2023-03-13 07:00:00+00:00,67.9,11.34
2023-03-13 08:00:00+00:00,164.95,11.94
2023-03-13 09:00:00+00:00,247.12,12.63
2023-03-13 10:00:00+00:00,312.35,13.18
2023-03-13 11:00:00+00:00,377.67,13.58
2023-03-13 12:00:00+00:00,377.25,13.7
2023-03-13 13:00:00+00:00,287.67,13.6
2023-03-13 14:00:00+00:00,245.52,13.29
2023-03-13 15:00:00+00:00,153.57,12.65
2023-03-13 16:00:00+00:00,98.38,11.59
2023-03-13 17:00:00+00:00,23.73,10.35
2023-03-13 18:00:00+00:00,0.0,9.7
2023-03-13 19:00:00+00:00,0.0,9.55
2023-03-13 20:00:00+00:00,0.0,9.38
2023-03-13 21:00:00+00:00,0.0,9.15
2023-03-13 22:00:00+00:00,0.0,9.05
2023-03-13 23:00:00+00:00,0.0,9.04
2023-03-14 00:00:00+00:00,0.0,8.94
2023-03-14 01:00:00+00:00,0.0,7.94
2023-03-14 02:00:00+00:00,0.0,6.0
2023-03-14 03:00:00+00:00,0.0,5.03
2023-03-14 04:00:00+00:00,0.0,4.72
2023-03-14 05:00:00+00:00,0.0,4.2
2023-03-14 06:00:00+00:00,8.15,3.68
2023-03-14 07:00:00+00:00,88.22,3.54
2023-03-14 08:00:00+00:00,209.15,4.25
2023-03-14 09:00:00+00:00,305.5,5.69
2023-03-14 10:00:00+00:00,386.83,7.08
2023-03-14 11:00:00+00:00,486.8,7.91
2023-03-14 12:00:00+00:00,530.83,8.32
2023-03-14 13:00:00+00:00,495.05,8.58
2023-03-14 14:00:00+00:00,415.17,8.77
2023-03-14 15:00:00+00:00,305.1,8.48
2023-03-14 16:00:00+00:00,168.9,7.6
2023-03-14 17:00:00+00:00,42.8,5.86
2023-03-14 18:00:00+00:00,0.0,4.96
2023-03-14 19:00:00+00:00,0.0,4.49
2023-03-14 20:00:00+00:00,0.0,4.05
2023-03-14 21:00:00+00:00,0.0,3.63
2023-03-14 22:00:00+00:00,0.0,3.29
2023-03-14 23:00:00+00:00,0.0,2.94
2023-03-15 00:00:00+00:00,0.0,2.33
2023-03-15 01:00:00+00:00,0.0,1.85
2023-03-15 02:00:00+00:00,0.0,1.73
2023-03-15 03:00:00+00:00,0.0,1.55
2023-03-15 04:00:00+00:00,0.0,1.39
2023-03-15 05:00:00+00:00,0.0,1.25
2023-03-15 06:00:00+00:00,7.93,1.1
2023-03-15 07:00:00+00:00,66.43,1.48
2023-03-15 08:00:00+00:00,156.73,2.4
2023-03-15 09:00:00+00:00,245.2,4.32
2023-03-15 10:00:00+00:00,308.75,6.29
2023-03-15 11:00:00+00:00,380.02,6.82
2023-03-15 12:00:00+00:00,290.23,7.06
2023-03-15 13:00:00+00:00,258.88,7.21
2023-03-15 14:00:00+00:00,202.15,7.29
2023-03-15 15:00:00+00:00,147.27,7.02
2023-03-15 16:00:00+00:00,86.2,6.48
2023-03-15 17:00:00+00:00,25.95,5.87
2023-03-15 18:00:00+00:00,0.0,5.61
2023-03-15 19:00:00+00:00,0.0,5.67
2023-03-15 20:00:00+00:00,0.0,5.82
2023-03-15 21:00:00+00:00,0.0,6.05
2023-03-15 22:00:00+00:00,0.0,6.36
2023-03-15 23:00:00+00:00,0.0,6.71
2023-03-16 00:00:00+00:00,0.0,7.24
2023-03-16 01:00:00+00:00,0.0,7.71
2023-03-16 02:00:00+00:00,0.0,7.97
2023-03-16 03:00:00+00:00,0.0,8.1
2023-03-16 04:00:00+00:00,0.0,8.26
2023-03-16 05:00:00+00:00,0.0,8.42
2023-03-16 06:00:00+00:00,6.75,8.52
2023-03-16 07:00:00+00:00,55.6,8.68
2023-03-16 08:00:00+00:00,131.07,9.16
2023-03-16 09:00:00+00:00,211.85,10.01
2023-03-16 10:00:00+00:00,306.5,10.89
2023-03-16 11:00:00+00:00,384.9,11.83
2023-03-16 12:00:00+00:00,348.73,12.56
2023-03-16 13:00:00+00:00,318.5,12.86
2023-03-16 14:00:00+00:00,203.12,12.67
2023-03-16 15:00:00+00:00,146.7,12.01
2023-03-16 16:00:00+00:00,82.75,11.11
2023-03-16 17:00:00+00:00,23.55,10.26
2023-03-16 18:00:00+00:00,0.0,9.74
2023-03-16 19:00:00+00:00,0.0,9.51
2023-03-16 20:00:00+00:00,0.0,9.43
2023-03-16 21:00:00+00:00,0.0,9.27
2023-03-16 22:00:00+00:00,0.0,9.37
2023-03-16 23:00:00+00:00,0.0,9.66
2023-03-17 00:00:00+00:00,0.0,9.7
2023-03-17 01:00:00+00:00,0.0,9.71
2023-03-17 02:00:00+00:00,0.0,9.42
2023-03-17 03:00:00+00:00,0.0,8.93
2023-03-17 04:00:00+00:00,0.0,8.72
2023-03-17 05:00:00+00:00,0.0,8.93
2023-03-17 06:00:00+00:00,6.68,9.05
2023-03-17 07:00:00+00:00,49.5,9.38
2023-03-17 08:00:00+00:00,110.0,9.94
2023-03-17 09:00:00+00:00,172.9,10.59
2023-03-17 10:00:00+00:00,220.35,11.49
2023-03-17 11:00:00+00:00,259.67,12.7
2023-03-17 12:00:00+00:00,254.45,13.44
2023-03-17 13:00:00+00:00,347.83,13.81
2023-03-17 14:00:00+00:00,316.85,13.97
2023-03-17 15:00:00+00:00,233.52,13.69
2023-03-17 16:00:00+00:00,134.6,12.81
2023-03-17 17:00:00+00:00,44.0,10.96
2023-03-17 18:00:00+00:00,0.0,9.36
2023-03-17 19:00:00+00:00,0.0,8.94
2023-03-17 20:00:00+00:00,0.0,8.62
2023-03-17 21:00:00+00:00,0.0,8.65
2023-03-17 22:00:00+00:00,0.0,8.78
2023-03-17 23:00:00+00:00,0.0,8.76
2023-03-18 00:00:00+00:00,0.0,8.66
2023-03-18 01:00:00+00:00,0.0,8.56
2023-03-18 02:00:00+00:00,0.0,8.55
2023-03-18 03:00:00+00:00,0.0,8.4
2023-03-18 04:00:00+00:00,0.0,8.37
2023-03-18 05:00:00+00:00,0.0,8.44
2023-03-18 06:00:00+00:00,10.6,8.6
2023-03-18 07:00:00+00:00,67.07,9.23
2023-03-18 08:00:00+00:00,146.43,10.14
2023-03-18 09:00:00+00:00,220.27,10.92
2023-03-18 10:00:00+00:00,269.65,11.96
2023-03-18 11:00:00+00:00,328.35,12.81
2023-03-18 12:00:00+00:00,357.65,13.24
2023-03-18 13:00:00+00:00,342.4,13.42
2023-03-18 14:00:00+00:00,301.88,13.33
2023-03-18 15:00:00+00:00,222.3,12.93
2023-03-18 16:00:00+00:00,134.62,12.17
2023-03-18 17:00:00+00:00,45.72,10.71
2023-03-18 18:00:00+00:00,0.0,9.71
2023-03-18 19:00:00+00:00,0.0,9.38
2023-03-18 20:00:00+00:00,0.0,8.9
2023-03-18 21:00:00+00:00,0.0,8.41
2023-03-18 22:00:00+00:00,0.0,8.05
2023-03-18 23:00:00+00:00,0.0,7.75
2023-03-19 00:00:00+00:00,0.0,7.57
2023-03-19 01:00:00+00:00,0.0,7.51
2023-03-19 02:00:00+00:00,0.0,7.27
2023-03-19 03:00:00+00:00,0.0,6.63
2023-03-19 04:00:00+00:00,0.0,5.83
2023-03-19 05:00:00+00:00,0.0,5.15
2023-03-19 06:00:00+00:00,20.95,4.83
2023-03-19 07:00:00+00:00,120.3,5.26
2023-03-19 08:00:00+00:00,221.65,6.53
2023-03-19 09:00:00+00:00,307.6,8.23
2023-03-19 10:00:00+00:00,363.92,9.63
2023-03-19 11:00:00+00:00,349.75,10.68
2023-03-19 12:00:00+00:00,306.2,11.43
2023-03-19 13:00:00+00:00,279.95,11.85
2023-03-19 14:00:00+00:00,292.45,11.92
2023-03-19 15:00:00+00:00,199.35,11.46
2023-03-19 16:00:00+00:00,106.22,10.2
2023-03-19 17:00:00+00:00,36.9,8.65
2023-03-19 18:00:00+00:00,0.0,8.12
2023-03-19 19:00:00+00:00,0.0,7.53
2023-03-19 20:00:00+00:00,0.0,6.49
2023-03-19 21:00:00+00:00,0.0,5.16
2023-03-19 22:00:00+00:00,0.0,4.9
2023-03-19 23:00:00+00:00,0.0,4.93
2023-03-20 00:00:00+00:00,0.0,5.68
2023-03-20 01:00:00+00:00,0.0,6.01
2023-03-20 02:00:00+00:00,0.0,6.18
2023-03-20 03:00:00+00:00,0.0,6.4
2023-03-20 04:00:00+00:00,0.0,6.69
2023-03-20 05:00:00+00:00,0.0,6.99
2023-03-20 06:00:00+00:00,9.55,7.39
2023-03-20 07:00:00+00:00,44.75,8.05
2023-03-20 08:00:00+00:00,94.7,8.95
2023-03-20 09:00:00+00:00,161.15,10.05
2023-03-20 10:00:00+00:00,198.73,11.33
2023-03-20 11:00:00+00:00,178.38,12.39
2023-03-20 12:00:00+00:00,179.02,12.78
2023-03-20 13:00:00+00:00,200.77,12.5
2023-03-20 14:00:00+00:00,156.9,11.95
2023-03-20 15:00:00+00:00,110.82,11.43
2023-03-20 16:00:00+00:00,68.2,10.78
2023-03-20 17:00:00+00:00,28.5,10.04
2023-03-20 18:00:00+00:00,0.0,9.39
2023-03-20 19:00:00+00:00,0.0,9.02
2023-03-20 20:00:00+00:00,0.0,8.8
2023-03-20 21:00:00+00:00,0.0,8.68
2023-03-20 22:00:00+00:00,0.0,8.67
2023-03-20 23:00:00+00:00,0.0,8.73
2023-03-21 00:00:00+00:00,0.0,9.0
2023-03-21 01:00:00+00:00,0.0,9.04
2023-03-21 02:00:00+00:00,0.0,8.75
2023-03-21 03:00:00+00:00,0.0,8.3
2023-03-21 04:00:00+00:00,0.0,7.98
2023-03-21 05:00:00+00:00,0.0,7.89
2023-03-21 06:00:00+00:00,11.38,8.11
2023-03-21 07:00:00+00:00,69.0,8.79
2023-03-21 08:00:00+00:00,147.68,10.01
2023-03-21 09:00:00+00:00,225.43,11.13
2023-03-21 10:00:00+00:00,313.92,12.11
2023-03-21 11:00:00+00:00,356.23,12.95
2023-03-21 12:00:00+00:00,324.95,13.4
2023-03-21 13:00:00+00:00,401.77,13.53
2023-03-21 14:00:00+00:00,331.35,13.56
2023-03-21 15:00:00+00:00,231.25,13.38
2023-03-21 16:00:00+00:00,140.43,12.26
2023-03-21 17:00:00+00:00,53.0,10.82
2023-03-21 18:00:00+00:00,0.0,9.66
2023-03-21 19:00:00+00:00,0.0,9.02
2023-03-21 20:00:00+00:00,0.0,8.67
2023-03-21 21:00:00+00:00,0.0,8.47
2023-03-21 22:00:00+00:00,0.0,8.56
2023-03-21 23:00:00+00:00,0.0,8.58
2023-03-22 00:00:00+00:00,0.0,8.54
2023-03-22 01:00:00+00:00,0.0,8.56
2023-03-22 02:00:00+00:00,0.0,8.88
2023-03-22 03:00:00+00:00,0.0,9.15
2023-03-22 04:00:00+00:00,0.0,9.31
2023-03-22 05:00:00+00:00,0.0,9.42
2023-03-22 06:00:00+00:00,18.85,9.63
2023-03-22 07:00:00+00:00,129.57,9.86
2023-03-22 08:00:00+00:00,264.77,10.19
2023-03-22 09:00:00+00:00,398.08,10.71
2023-03-22 10:00:00+00:00,524.88,11.57
2023-03-22 11:00:00+00:00,593.97,12.51
2023-03-22 12:00:00+00:00,503.33,13.42
2023-03-22 13:00:00+00:00,293.5,13.63
2023-03-22 14:00:00+00:00,265.55,12.96
2023-03-22 15:00:00+00:00,199.4,12.43
2023-03-22 16:00:00+00:00,116.47,11.95
2023-03-22 17:00:00+00:00,39.47,10.88
2023-03-22 18:00:00+00:00,0.0,10.26
2023-03-22 19:00:00+00:00,0.0,10.25
2023-03-22 20:00:00+00:00,0.0,10.08
2023-03-22 21:00:00+00:00,0.0,9.76
2023-03-22 22:00:00+00:00,0.0,9.55
2023-03-22 23:00:00+00:00,0.0,9.45
2023-03-23 00:00:00+00:00,0.0,9.46
2023-03-23 01:00:00+00:00,0.0,9.44
2023-03-23 02:00:00+00:00,0.0,9.22
2023-03-23 03:00:00+00:00,0.0,8.91
2023-03-23 04:00:00+00:00,0.0,8.58
2023-03-23 05:00:00+00:00,0.0,7.98
2023-03-23 06:00:00+00:00,31.2,8.03
2023-03-23 07:00:00+00:00,130.9,9.24
2023-03-23 08:00:00+00:00,234.7,10.48
2023-03-23 09:00:00+00:00,318.05,11.85
2023-03-23 10:00:00+00:00,377.8,13.05
2023-03-23 11:00:00+00:00,451.55,13.73
2023-03-23 12:00:00+00:00,475.2,14.1
2023-03-23 13:00:00+00:00,343.77,14.21
2023-03-23 14:00:00+00:00,274.4,14.03
2023-03-23 15:00:00+00:00,200.5,13.3
2023-03-23 16:00:00+00:00,125.3,11.94
2023-03-23 17:00:00+00:00,48.9,10.84
2023-03-23 18:00:00+00:00,0.0,10.31
2023-03-23 19:00:00+00:00,0.0,10.01
2023-03-23 20:00:00+00:00,0.0,9.71
2023-03-23 21:00:00+00:00,0.0,9.47
2023-03-23 22:00:00+00:00,0.0,9.33
2023-03-23 23:00:00+00:00,0.0,9.02
2023-03-24 00:00:00+00:00,0.0,8.38
2023-03-24 01:00:00+00:00,0.0,8.15
2023-03-24 02:00:00+00:00,0.0,8.48
2023-03-24 03:00:00+00:00,0.0,8.56
2023-03-24 04:00:00+00:00,0.0,8.44
2023-03-24 05:00:00+00:00,0.0,8.18
2023-03-24 06:00:00+00:00,38.55,8.19
2023-03-24 07:00:00+00:00,163.45,9.12
2023-03-24 08:00:00+00:00,298.0,10.52
2023-03-24 09:00:00+00:00,406.65,11.81
2023-03-24 10:00:00+00:00,486.67,12.55
2023-03-24 11:00:00+00:00,502.15,12.96
2023-03-24 12:00:00+00:00,441.65,13.17
2023-03-24 13:00:00+00:00,419.75,12.87
2023-03-24 14:00:00+00:00,301.15,12.19
2023-03-24 15:00:00+00:00,233.23,11.56
2023-03-24 16:00:00+00:00,140.15,10.7
2023-03-24 17:00:00+00:00,61.97,9.7
2023-03-24 18:00:00+00:00,0.0,8.87
2023-03-24 19:00:00+00:00,0.0,8.38
2023-03-24 20:00:00+00:00,0.0,8.01
2023-03-24 21:00:00+00:00,0.0,7.8
2023-03-24 22:00:00+00:00,0.0,7.68
2023-03-24 23:00:00+00:00,0.0,7.53
2023-03-25 00:00:00+00:00,0.0,7.35
2023-03-25 01:00:00+00:00,0.0,7.12
2023-03-25 02:00:00+00:00,0.0,6.97
2023-03-25 03:00:00+00:00,0.0,6.98
2023-03-25 04:00:00+00:00,0.0,6.96
2023-03-25 05:00:00+00:00,0.0,6.93
2023-03-25 06:00:00+00:00,26.52,7.21
2023-03-25 07:00:00+00:00,119.55,8.26
2023-03-25 08:00:00+00:00,223.82,9.66
2023-03-25 09:00:00+00:00,314.7,11.01
2023-03-25 10:00:00+00:00,447.73,12.03
2023-03-25 11:00:00+00:00,506.52,12.77
2023-03-25 12:00:00+00:00,498.02,13.24
2023-03-25 13:00:00+00:00,488.58,13.38
2023-03-25 14:00:00+00:00,417.9,13.23
2023-03-25 15:00:00+00:00,299.08,12.79
2023-03-25 16:00:00+00:00,171.5,12.03
2023-03-25 17:00:00+00:00,62.53,10.55
2023-03-25 18:00:00+00:00,2.55,8.73
2023-03-25 19:00:00+00:00,0.0,8.19
2023-03-25 20:00:00+00:00,0.0,7.93
2023-03-25 21:00:00+00:00,0.0,7.67
2023-03-25 22:00:00+00:00,0.0,7.45
2023-03-25 23:00:00+00:00,0.0,7.34
2023-03-26 00:00:00+00:00,0.0,7.44
2023-03-26 01:00:00+00:00,0.0,7.59
2023-03-26 02:00:00+00:00,0.0,7.68
2023-03-26 03:00:00+00:00,0.0,7.49
2023-03-26 04:00:00+00:00,0.0,7.11
2023-03-26 05:00:00+00:00,0.0,6.71
2023-03-26 06:00:00+00:00,10.77,6.53
2023-03-26 07:00:00+00:00,60.75,6.64
2023-03-26 08:00:00+00:00,129.6,6.95
2023-03-26 09:00:00+00:00,203.93,7.62
2023-03-26 10:00:00+00:00,250.15,8.41
2023-03-26 11:00:00+00:00,268.67,8.95
2023-03-26 12:00:00+00:00,215.73,9.02
2023-03-26 13:00:00+00:00,204.48,8.92
2023-03-26 14:00:00+00:00,204.4,9.0
2023-03-26 15:00:00+00:00,177.0,9.03
2023-03-26 16:00:00+00:00,108.6,8.58
2023-03-26 17:00:00+00:00,44.67,7.28
2023-03-26 18:00:00+00:00,2.95,5.49
2023-03-26 19:00:00+00:00,0.0,4.05
2023-03-26 20:00:00+00:00,0.0,3.03
2023-03-26 21:00:00+00:00,0.0,2.42
2023-03-26 22:00:00+00:00,0.0,1.98
2023-03-26 23:00:00+00:00,0.0,1.58
2023-03-27 00:00:00+00:00,0.0,1.21
2023-03-27 01:00:00+00:00,0.0,0.89
2023-03-27 02:00:00+00:00,0.0,0.76
2023-03-27 03:00:00+00:00,0.0,0.4
2023-03-27 04:00:00+00:00,0.0,-0.06
2023-03-27 05:00:00+00:00,0.0,-0.58
2023-03-27 06:00:00+00:00,38.33,0.54
2023-03-27 07:00:00+00:00,174.6,2.34
2023-03-27 08:00:00+00:00,335.5,4.9
2023-03-27 09:00:00+00:00,498.15,6.84
2023-03-27 10:00:00+00:00,610.42,8.3
2023-03-27 11:00:00+00:00,622.08,9.11
2023-03-27 12:00:00+00:00,511.9,9.66
2023-03-27 13:00:00+00:00,422.15,10.11
2023-03-27 14:00:00+00:00,427.35,10.27
2023-03-27 15:00:00+00:00,277.12,10.04
2023-03-27 16:00:00+00:00,183.62,9.5
2023-03-27 17:00:00+00:00,75.97,8.14
2023-03-27 18:00:00+00:00,4.75,5.51
2023-03-27 19:00:00+00:00,0.0,3.81
2023-03-27 20:00:00+00:00,0.0,3.22
2023-03-27 21:00:00+00:00,0.0,2.8
2023-03-27 22:00:00+00:00,0.0,2.49
2023-03-27 23:00:00+00:00,0.0,2.2
2023-03-28 00:00:00+00:00,0.0,2.2
2023-03-28 01:00:00+00:00,0.0,2.54
2023-03-28 02:00:00+00:00,0.0,3.25
2023-03-28 03:00:00+00:00,0.0,4.07
2023-03-28 04:00:00+00:00,0.0,4.75
2023-03-28 05:00:00+00:00,0.0,5.29
2023-03-28 06:00:00+00:00,22.33,6.06
2023-03-28 07:00:00+00:00,75.72,6.86
2023-03-28 08:00:00+00:00,148.05,7.43
2023-03-28 09:00:00+00:00,107.75,8.03
2023-03-28 10:00:00+00:00,150.43,8.71
2023-03-28 11:00:00+00:00,174.23,9.15
2023-03-28 12:00:00+00:00,189.15,9.87
2023-03-28 13:00:00+00:00,200.0,10.26
2023-03-28 14:00:00+00:00,152.82,9.09
2023-03-28 15:00:00+00:00,150.82,6.65
2023-03-28 16:00:00+00:00,95.4,6.02
2023-03-28 17:00:00+00:00,40.67,6.07
2023-03-28 18:00:00+00:00,3.4,6.5
2023-03-28 19:00:00+00:00,0.0,7.2
2023-03-28 20:00:00+00:00,0.0,7.87
2023-03-28 21:00:00+00:00,0.0,8.24
2023-03-28 22:00:00+00:00,0.0,8.22
2023-03-28 23:00:00+00:00,0.0,8.02
2023-03-29 00:00:00+00:00,0.0,8.05
2023-03-29 01:00:00+00:00,0.0,8.09
2023-03-29 02:00:00+00:00,0.0,8.25
2023-03-29 03:00:00+00:00,0.0,8.45
2023-03-29 04:00:00+00:00,0.0,8.37
2023-03-29 05:00:00+00:00,0.0,8.29
2023-03-29 06:00:00+00:00,22.0,8.7
2023-03-29 07:00:00+00:00,73.28,9.71
2023-03-29 08:00:00+00:00,142.65,10.86
2023-03-29 09:00:00+00:00,155.4,11.84
2023-03-29 10:00:00+00:00,177.05,12.36
2023-03-29 11:00:00+00:00,119.82,12.76
2023-03-29 12:00:00+00:00,161.52,13.41
2023-03-29 13:00:00+00:00,141.73,13.86
2023-03-29 14:00:00+00:00,103.28,13.93
2023-03-29 15:00:00+00:00,95.6,13.54
2023-03-29 16:00:00+00:00,48.28,12.74
2023-03-29 17:00:00+00:00,19.2,11.96
2023-03-29 18:00:00+00:00,2.38,11.29
2023-03-29 19:00:00+00:00,0.0,11.37
2023-03-29 20:00:00+00:00,0.0,11.32
2023-03-29 21:00:00+00:00,0.0,11.33
2023-03-29 22:00:00+00:00,0.0,11.14
2023-03-29 23:00:00+00:00,0.0,10.92
2023-03-30 00:00:00+00:00,0.0,10.62
2023-03-30 01:00:00+00:00,0.0,10.36
2023-03-30 02:00:00+00:00,0.0,10.36
2023-03-30 03:00:00+00:00,0.0,10.27
2023-03-30 04:00:00+00:00,0.0,10.05
2023-03-30 05:00:00+00:00,0.0,9.81
2023-03-30 06:00:00+00:00,44.95,9.84
2023-03-30 07:00:00+00:00,137.57,10.36
2023-03-30 08:00:00+00:00,241.25,11.19
2023-03-30 09:00:00+00:00,346.8,12.32
2023-03-30 10:00:00+00:00,419.65,13.38
2023-03-30 11:00:00+00:00,520.97,14.28
2023-03-30 12:00:00+00:00,523.03,14.82
2023-03-30 13:00:00+00:00,470.45,14.96
2023-03-30 14:00:00+00:00,383.4,14.7
2023-03-30 15:00:00+00:00,286.65,14.26
2023-03-30 16:00:00+00:00,172.2,13.56
2023-03-30 17:00:00+00:00,70.5,12.28
2023-03-30 18:00:00+00:00,5.72,10.85
2023-03-30 19:00:00+00:00,0.0,10.08
2023-03-30 20:00:00+00:00,0.0,9.81
2023-03-30 21:00:00+00:00,0.0,9.8
2023-03-30 22:00:00+00:00,0.0,9.85
2023-03-30 23:00:00+00:00,0.0,9.7
2023-03-31 00:00:00+00:00,0.0,9.85
2023-03-31 01:00:00+00:00,0.0,10.08
2023-03-31 02:00:00+00:00,0.0,10.32
2023-03-31 03:00:00+00:00,0.0,10.28
2023-03-31 04:00:00+00:00,0.0,10.04
2023-03-31 05:00:00+00:00,0.0,9.81
2023-03-31 06:00:00+00:00,25.38,9.82
2023-03-31 07:00:00+00:00,83.47,10.0
2023-03-31 08:00:00+00:00,148.23,10.4
2023-03-31 09:00:00+00:00,205.6,11.07
2023-03-31 10:00:00+00:00,269.38,11.86
2023-03-31 11:00:00+00:00,307.62,12.66
2023-03-31 12:00:00+00:00,269.73,12.92
2023-03-31 13:00:00+00:00,215.43,12.7
2023-03-31 14:00:00+00:00,168.95,12.19
2023-03-31 15:00:00+00:00,132.25,11.64
2023-03-31 16:00:00+00:00,86.2,11.15
2023-03-31 17:00:00+00:00,37.8,10.61
2023-03-31 18:00:00+00:00,4.15,10.08
2023-03-31 19:00:00+00:00,0.0,9.76
2023-03-31 20:00:00+00:00,0.0,9.51
2023-03-31 21:00:00+00:00,0.0,9.24
2023-03-31 22:00:00+00:00,0.0,9.01
2023-03-31 23:00:00+00:00,0.0,8.81
2023-04-01 00:00:00+00:00,0.0,8.62
2023-04-01 01:00:00+00:00,0.0,8.36
2023-04-01 02:00:00+00:00,0.0,8.04
2023-04-01 03:00:00+00:00,0.0,7.59
2023-04-01 04:00:00+00:00,0.0,7.17
2023-04-01 05:00:00+00:00,0.0,6.8
2023-04-01 06:00:00+00:00,24.3,6.93
2023-04-01 07:00:00+00:00,78.38,7.53
2023-04-01 08:00:00+00:00,117.53,8.34
2023-04-01 09:00:00+00:00,159.25,9.1
2023-04-01 10:00:00+00:00,209.38,9.53
2023-04-01 11:00:00+00:00,235.12,9.87
2023-04-01 12:00:00+00:00,269.08,10.54
2023-04-01 13:00:00+00:00,221.25,11.13
2023-04-01 14:00:00+00:00,239.8,11.24
2023-04-01 15:00:00+00:00,197.27,10.86
2023-04-01 16:00:00+00:00,123.38,10.14
2023-04-01 17:00:00+00:00,56.2,9.19
2023-04-01 18:00:00+00:00,5.8,7.88
2023-04-01 19:00:00+00:00,0.0,6.77
2023-04-01 20:00:00+00:00,0.0,5.98
2023-04-01 21:00:00+00:00,0.0,5.65
2023-04-01 22:00:00+00:00,0.0,5.53
2023-04-01 23:00:00+00:00,0.0,5.59
2023-04-02 00:00:00+00:00,0.0,5.65
2023-04-02 01:00:00+00:00,0.0,5.62
2023-04-02 02:00:00+00:00,0.0,5.43
2023-04-02 03:00:00+00:00,0.0,5.12
2023-04-02 04:00:00+00:00,0.0,4.74
2023-04-02 05:00:00+00:00,0.0,4.29
2023-04-02 06:00:00+00:00,49.9,4.52
2023-04-02 07:00:00+00:00,129.48,5.86
2023-04-02 08:00:00+00:00,179.38,7.6
2023-04-02 09:00:00+00:00,155.48,9.03
2023-04-02 10:00:00+00:00,218.98,10.17
2023-04-02 11:00:00+00:00,275.15,11.05
2023-04-02 12:00:00+00:00,357.3,11.62
2023-04-02 13:00:00+00:00,441.8,11.82
2023-04-02 14:00:00+00:00,480.0,11.57
2023-04-02 15:00:00+00:00,373.38,11.04
2023-04-02 16:00:00+00:00,242.07,10.13
2023-04-02 17:00:00+00:00,113.07,8.31
2023-04-02 18:00:00+00:00,11.6,5.3
2023-04-02 19:00:00+00:00,0.0,4.17
2023-04-02 20:00:00+00:00,0.0,3.32
2023-04-02 21:00:00+00:00,0.0,2.6
2023-04-02 22:00:00+00:00,0.0,1.86
2023-04-02 23:00:00+00:00,0.0,1.03
2023-04-03 00:00:00+00:00,0.0,0.72
2023-04-03 01:00:00+00:00,0.0,0.82
2023-04-03 02:00:00+00:00,0.0,0.85
2023-04-03 03:00:00+00:00,0.0,0.71
2023-04-03 04:00:00+00:00,0.0,0.67
2023-04-03 05:00:00+00:00,0.0,0.64
2023-04-03 06:00:00+00:00,81.05,2.43
2023-04-03 07:00:00+00:00,210.1,4.98
2023-04-03 08:00:00+00:00,320.52,8.1
2023-04-03 09:00:00+00:00,473.42,9.81
2023-04-03 10:00:00+00:00,494.83,10.94
2023-04-03 11:00:00+00:00,525.25,11.69
2023-04-03 12:00:00+00:00,650.25,11.98
2023-04-03 13:00:00+00:00,645.08,11.74
2023-04-03 14:00:00+00:00,601.6,11.1
2023-04-03 15:00:00+00:00,472.02,10.27
2023-04-03 16:00:00+00:00,313.65,9.1
2023-04-03 17:00:00+00:00,144.62,7.22
2023-04-03 18:00:00+00:00,14.9,4.2
2023-04-03 19:00:00+00:00,0.0,3.07
2023-04-03 20:00:00+00:00,0.0,2.42
2023-04-03 21:00:00+00:00,0.0,1.98
2023-04-03 22:00:00+00:00,0.0,1.61
2023-04-03 23:00:00+00:00,0.0,1.18
2023-04-04 00:00:00+00:00,0.0,0.64
2023-04-04 01:00:00+00:00,0.0,0.31
2023-04-04 02:00:00+00:00,0.0,0.15
2023-04-04 03:00:00+00:00,0.0,-0.14
2023-04-04 04:00:00+00:00,0.0,-0.4
2023-04-04 05:00:00+00:00,0.0,-0.46
2023-04-04 06:00:00+00:00,108.2,2.0
2023-04-04 07:00:00+00:00,269.58,5.34
2023-04-04 08:00:00+00:00,435.6,7.39
2023-04-04 09:00:00+00:00,577.83,8.99
2023-04-04 10:00:00+00:00,681.97,10.44
2023-04-04 11:00:00+00:00,739.55,11.61
2023-04-04 12:00:00+00:00,740.38,12.47
2023-04-04 13:00:00+00:00,694.62,12.97
2023-04-04 14:00:00+00:00,591.15,13.14
2023-04-04 15:00:00+00:00,448.58,12.94
2023-04-04 16:00:00+00:00,286.5,12.3
2023-04-04 17:00:00+00:00,125.3,10.19
2023-04-04 18:00:00+00:00,13.35,6.36
2023-04-04 19:00:00+00:00,0.0,4.72
2023-04-04 20:00:00+00:00,0.0,3.79
2023-04-04 21:00:00+00:00,0.0,3.1
2023-04-04 22:00:00+00:00,0.0,2.5
2023-04-04 23:00:00+00:00,0.0,2.0
2023-04-05 00:00:00+00:00,0.0,1.5
2023-04-05 01:00:00+00:00,0.0,1.04
2023-04-05 02:00:00+00:00,0.0,0.54
2023-04-05 03:00:00+00:00,0.0,0.23
2023-04-05 04:00:00+00:00,0.0,0.08
2023-04-05 05:00:00+00:00,2.67,0.1
2023-04-05 06:00:00+00:00,48.17,2.15
2023-04-05 07:00:00+00:00,142.12,4.81
2023-04-05 08:00:00+00:00,234.05,7.59
2023-04-05 09:00:00+00:00,339.1,9.37
2023-04-05 10:00:00+00:00,385.67,10.6
2023-04-05 11:00:00+00:00,415.6,11.46
2023-04-05 12:00:00+00:00,364.25,11.9
2023-04-05 13:00:00+00:00,345.85,12.08
2023-04-05 14:00:00+00:00,194.93,12.0
2023-04-05 15:00:00+00:00,106.32,11.62
2023-04-05 16:00:00+00:00,86.8,10.71
2023-04-05 17:00:00+00:00,28.7,9.37
2023-04-05 18:00:00+00:00,7.25,8.26
2023-04-05 19:00:00+00:00,0.0,7.93
2023-04-05 20:00:00+00:00,0.0,7.8
2023-04-05 21:00:00+00:00,0.0,7.71
2023-04-05 22:00:00+00:00,0.0,7.72
2023-04-05 23:00:00+00:00,0.0,7.69
2023-04-06 00:00:00+00:00,0.0,7.67
2023-04-06 01:00:00+00:00,0.0,7.68
2023-04-06 02:00:00+00:00,0.0,7.75
2023-04-06 03:00:00+00:00,0.0,7.88
2023-04-06 04:00:00+00:00,0.0,8.02
2023-04-06 05:00:00+00:00,3.1,8.07
2023-04-06 06:00:00+00:00,47.62,8.39
2023-04-06 07:00:00+00:00,146.55,9.29
2023-04-06 08:00:00+00:00,240.18,10.38
2023-04-06 09:00:00+00:00,367.77,11.31
2023-04-06 10:00:00+00:00,437.33,12.5
2023-04-06 11:00:00+00:00,394.0,13.21
2023-04-06 12:00:00+00:00,428.73,13.21
2023-04-06 13:00:00+00:00,335.42,13.05
2023-04-06 14:00:00+00:00,315.88,13.01
2023-04-06 15:00:00+00:00,269.7,12.81
2023-04-06 16:00:00+00:00,190.77,12.14
2023-04-06 17:00:00+00:00,101.05,10.7
2023-04-06 18:00:00+00:00,15.65,8.25
2023-04-06 19:00:00+00:00,0.0,6.94
2023-04-06 20:00:00+00:00,0.0,6.21
2023-04-06 21:00:00+00:00,0.0,5.67
2023-04-06 22:00:00+00:00,0.0,5.1
2023-04-06 23:00:00+00:00,0.0,4.55
2023-04-07 00:00:00+00:00,0.0,4.04
2023-04-07 01:00:00+00:00,0.0,3.64
2023-04-07 02:00:00+00:00,0.0,3.33
2023-04-07 03:00:00+00:00,0.0,3.23
2023-04-07 04:00:00+00:00,0.0,3.17
2023-04-07 05:00:00+00:00,7.07,3.38
2023-04-07 06:00:00+00:00,119.03,4.09
2023-04-07 07:00:00+00:00,289.62,5.77
2023-04-07 08:00:00+00:00,454.4,8.47
2023-04-07 09:00:00+00:00,595.03,10.63
2023-04-07 10:00:00+00:00,697.38,11.85
2023-04-07 11:00:00+00:00,698.4,12.78
2023-04-07 12:00:00+00:00,664.62,13.42
2023-04-07 13:00:00+00:00,573.8,13.77
2023-04-07 14:00:00+00:00,552.35,13.84
2023-04-07 15:00:00+00:00,412.58,13.69
2023-04-07 16:00:00+00:00,286.38,13.21
2023-04-07 17:00:00+00:00,143.48,11.77
2023-04-07 18:00:00+00:00,21.4,8.74
2023-04-07 19:00:00+00:00,0.0,6.84
2023-04-07 20:00:00+00:00,0.0,5.72
2023-04-07 21:00:00+00:00,0.0,4.83
2023-04-07 22:00:00+00:00,0.0,4.05
2023-04-07 23:00:00+00:00,0.0,3.41
2023-04-08 00:00:00+00:00,0.0,3.01
2023-04-08 01:00:00+00:00,0.0,3.17
2023-04-08 02:00:00+00:00,0.0,3.7
2023-04-08 03:00:00+00:00,0.0,4.38
2023-04-08 04:00:00+00:00,0.0,4.42
2023-04-08 05:00:00+00:00,7.62,4.24
2023-04-08 06:00:00+00:00,107.53,4.33
2023-04-08 07:00:00+00:00,258.12,4.99
2023-04-08 08:00:00+00:00,407.3,7.01
2023-04-08 09:00:00+00:00,507.4,10.49
2023-04-08 10:00:00+00:00,601.38,12.48
2023-04-08 11:00:00+00:00,615.0,13.33
2023-04-08 12:00:00+00:00,646.35,13.85
2023-04-08 13:00:00+00:00,536.2,14.07
2023-04-08 14:00:00+00:00,515.97,14.01
2023-04-08 15:00:00+00:00,387.05,13.63
2023-04-08 16:00:00+00:00,252.1,12.82
2023-04-08 17:00:00+00:00,121.65,11.41
2023-04-08 18:00:00+00:00,18.55,8.78
2023-04-08 19:00:00+00:00,0.0,7.28
2023-04-08 20:00:00+00:00,0.0,6.42
2023-04-08 21:00:00+00:00,0.0,5.5
2023-04-08 22:00:00+00:00,0.0,4.74
2023-04-08 23:00:00+00:00,0.0,4.21
2023-04-09 00:00:00+00:00,0.0,4.01
2023-04-09 01:00:00+00:00,0.0,4.14
2023-04-09 02:00:00+00:00,0.0,4.61
2023-04-09 03:00:00+00:00,0.0,4.85
2023-04-09 04:00:00+00:00,0.0,5.0
2023-04-09 05:00:00+00:00,5.7,5.23
2023-04-09 06:00:00+00:00,71.57,5.61
2023-04-09 07:00:00+00:00,181.57,6.56
2023-04-09 08:00:00+00:00,306.15,9.12
2023-04-09 09:00:00+00:00,452.4,11.51
2023-04-09 10:00:00+00:00,562.08,13.06
2023-04-09 11:00:00+00:00,676.62,14.25
2023-04-09 12:00:00+00:00,574.85,15.06
2023-04-09 13:00:00+00:00,559.72,15.38
2023-04-09 14:00:00+00:00,430.2,15.03
2023-04-09 15:00:00+00:00,282.08,14.15
2023-04-09 16:00:00+00:00,177.95,13.42
2023-04-09 17:00:00+00:00,85.05,11.88
2023-04-09 18:00:00+00:00,13.8,9.52
2023-04-09 19:00:00+00:00,0.0,8.82
2023-04-09 20:00:00+00:00,0.0,8.42
2023-04-09 21:00:00+00:00,0.0,8.15
2023-04-09 22:00:00+00:00,0.0,8.26
2023-04-09 23:00:00+00:00,0.0,8.5
2023-04-10 00:00:00+00:00,0.0,8.67
2023-04-10 01:00:00+00:00,0.0,8.95
2023-04-10 02:00:00+00:00,0.0,8.76
2023-04-10 03:00:00+00:00,0.0,8.88
2023-04-10 04:00:00+00:00,0.0,8.97
2023-04-10 05:00:00+00:00,3.28,9.21
2023-04-10 06:00:00+00:00,11.9,9.76
2023-04-10 07:00:00+00:00,63.67,10.32
2023-04-10 08:00:00+00:00,93.88,10.89
2023-04-10 09:00:00+00:00,111.57,11.68
2023-04-10 10:00:00+00:00,273.77,12.72
2023-04-10 11:00:00+00:00,413.12,13.72
2023-04-10 12:00:00+00:00,559.5,14.42
2023-04-10 13:00:00+00:00,592.42,14.72
2023-04-10 14:00:00+00:00,526.6,14.58
2023-04-10 15:00:00+00:00,421.62,13.87
2023-04-10 16:00:00+00:00,279.27,13.07
2023-04-10 17:00:00+00:00,141.7,11.73
2023-04-10 18:00:00+00:00,24.08,9.93
2023-04-10 19:00:00+00:00,0.0,8.56
2023-04-10 20:00:00+00:00,0.0,7.86
2023-04-10 21:00:00+00:00,0.0,7.36
2023-04-10 22:00:00+00:00,0.0,6.79
2023-04-10 23:00:00+00:00,0.0,6.2
2023-04-11 00:00:00+00:00,0.0,5.76
2023-04-11 01:00:00+00:00,0.0,5.38
2023-04-11 02:00:00+00:00,0.0,5.02
2023-04-11 03:00:00+00:00,0.0,4.7
2023-04-11 04:00:00+00:00,0.0,4.3
2023-04-11 05:00:00+00:00,12.75,4.48
2023-04-11 06:00:00+00:00,121.45,5.29
2023-04-11 07:00:00+00:00,267.23,7.05
2023-04-11 08:00:00+00:00,397.02,9.16
2023-04-11 09:00:00+00:00,512.38,10.81
2023-04-11 10:00:00+00:00,521.2,11.92
2023-04-11 11:00:00+00:00,463.33,12.36
2023-04-11 12:00:00+00:00,319.33,12.03
2023-04-11 13:00:00+00:00,232.45,11.06
2023-04-11 14:00:00+00:00,207.0,10.18
2023-04-11 15:00:00+00:00,131.07,9.42
2023-04-11 16:00:00+00:00,84.12,8.71
2023-04-11 17:00:00+00:00,36.35,8.19
2023-04-11 18:00:00+00:00,6.85,7.97
2023-04-11 19:00:00+00:00,0.0,8.03
2023-04-11 20:00:00+00:00,0.0,8.05
2023-04-11 21:00:00+00:00,0.0,8.3
2023-04-11 22:00:00+00:00,0.0,9.06
2023-04-11 23:00:00+00:00,0.0,9.38
2023-04-12 00:00:00+00:00,0.0,8.07
2023-04-12 01:00:00+00:00,0.0,6.05
2023-04-12 02:00:00+00:00,0.0,4.52
2023-04-12 03:00:00+00:00,0.0,3.37
2023-04-12 04:00:00+00:00,0.0,3.33
2023-04-12 05:00:00+00:00,14.27,3.91
2023-04-12 06:00:00+00:00,128.48,5.09
2023-04-12 07:00:00+00:00,280.92,6.23
2023-04-12 08:00:00+00:00,429.38,7.01
2023-04-12 09:00:00+00:00,554.4,8.02
2023-04-12 10:00:00+00:00,524.0,9.04
2023-04-12 11:00:00+00:00,483.25,9.74
2023-04-12 12:00:00+00:00,451.5,9.89
2023-04-12 13:00:00+00:00,342.6,9.24
2023-04-12 14:00:00+00:00,304.83,8.85
2023-04-12 15:00:00+00:00,258.95,8.71
2023-04-12 16:00:00+00:00,165.25,8.04
2023-04-12 17:00:00+00:00,74.43,7.53
2023-04-12 18:00:00+00:00,12.93,6.99
2023-04-12 19:00:00+00:00,0.0,6.37
2023-04-12 20:00:00+00:00,0.0,6.07
2023-04-12 21:00:00+00:00,0.0,5.94
2023-04-12 22:00:00+00:00,0.0,5.81
2023-04-12 23:00:00+00:00,0.0,5.72
2023-04-13 00:00:00+00:00,0.0,5.72
2023-04-13 01:00:00+00:00,0.0,5.71
2023-04-13 02:00:00+00:00,0.0,5.55
2023-04-13 03:00:00+00:00,0.0,5.27
2023-04-13 04:00:00+00:00,0.0,4.81
2023-04-13 05:00:00+00:00,16.48,4.36
2023-04-13 06:00:00+00:00,141.48,5.09
2023-04-13 07:00:00+00:00,308.0,6.72
2023-04-13 08:00:00+00:00,466.2,8.62
2023-04-13 09:00:00+00:00,600.88,10.16
2023-04-13 10:00:00+00:00,666.95,11.27
2023-04-13 11:00:00+00:00,652.9,11.87
2023-04-13 12:00:00+00:00,664.08,12.02
2023-04-13 13:00:00+00:00,588.75,11.96
2023-04-13 14:00:00+00:00,540.58,11.72
2023-04-13 15:00:00+00:00,426.9,11.38
2023-04-13 16:00:00+00:00,292.9,10.92
2023-04-13 17:00:00+00:00,160.1,9.85
2023-04-13 18:00:00+00:00,31.95,7.2
2023-04-13 19:00:00+00:00,0.0,5.88
2023-04-13 20:00:00+00:00,0.0,5.48
2023-04-13 21:00:00+00:00,0.0,4.83
2023-04-13 22:00:00+00:00,0.0,4.01
2023-04-13 23:00:00+00:00,0.0,2.91
2023-04-14 00:00:00+00:00,0.0,2.27
2023-04-14 01:00:00+00:00,0.0,2.29
2023-04-14 02:00:00+00:00,0.0,2.72
2023-04-14 03:00:00+00:00,0.0,3.57
2023-04-14 04:00:00+00:00,0.0,4.48
2023-04-14 05:00:00+00:00,8.0,5.31
2023-04-14 06:00:00+00:00,61.95,6.27
2023-04-14 07:00:00+00:00,128.8,7.35
2023-04-14 08:00:00+00:00,174.23,8.52
2023-04-14 09:00:00+00:00,242.07,9.37
2023-04-14 10:00:00+00:00,381.75,10.24
2023-04-14 11:00:00+00:00,414.9,11.11
2023-04-14 12:00:00+00:00,370.17,11.44
2023-04-14 13:00:00+00:00,175.75,11.45
2023-04-14 14:00:00+00:00,119.35,11.07
2023-04-14 15:00:00+00:00,118.55,10.46
2023-04-14 16:00:00+00:00,86.05,9.48
2023-04-14 17:00:00+00:00,45.08,8.44
2023-04-14 18:00:00+00:00,10.88,7.25
2023-04-14 19:00:00+00:00,0.0,6.56
2023-04-14 20:00:00+00:00,0.0,6.21
2023-04-14 21:00:00+00:00,0.0,6.1
2023-04-14 22:00:00+00:00,0.0,6.03
2023-04-14 23:00:00+00:00,0.0,6.05
2023-04-15 00:00:00+00:00,0.0,6.07
2023-04-15 01:00:00+00:00,0.0,6.04
2023-04-15 02:00:00+00:00,0.0,6.0
2023-04-15 03:00:00+00:00,0.0,5.9
2023-04-15 04:00:00+00:00,0.0,5.9
2023-04-15 05:00:00+00:00,11.88,6.0
2023-04-15 06:00:00+00:00,75.78,6.45
2023-04-15 07:00:00+00:00,162.2,7.0
2023-04-15 08:00:00+00:00,256.83,7.95
2023-04-15 09:00:00+00:00,339.2,9.53
2023-04-15 10:00:00+00:00,425.1,11.72
2023-04-15 11:00:00+00:00,484.12,13.11
2023-04-15 12:00:00+00:00,428.98,13.48
2023-04-15 13:00:00+00:00,417.02,13.58
2023-04-15 14:00:00+00:00,394.1,13.63
2023-04-15 15:00:00+00:00,346.08,13.61
2023-04-15 16:00:00+00:00,216.8,13.41
2023-04-15 17:00:00+00:00,113.25,12.51
2023-04-15 18:00:00+00:00,24.88,10.1
2023-04-15 19:00:00+00:00,0.0,8.62
2023-04-15 20:00:00+00:00,0.0,7.62
2023-04-15 21:00:00+00:00,0.0,6.86
2023-04-15 22:00:00+00:00,0.0,6.34
2023-04-15 23:00:00+00:00,0.0,5.95
2023-04-16 00:00:00+00:00,0.0,5.75
2023-04-16 01:00:00+00:00,0.0,5.75
2023-04-16 02:00:00+00:00,0.0,5.82
2023-04-16 03:00:00+00:00,0.0,5.88
2023-04-16 04:00:00+00:00,0.0,5.97
2023-04-16 05:00:00+00:00,10.6,6.21
2023-04-16 06:00:00+00:00,68.15,7.43
2023-04-16 07:00:00+00:00,141.68,8.56
2023-04-16 08:00:00+00:00,223.02,10.07
2023-04-16 09:00:00+00:00,304.92,12.07
2023-04-16 10:00:00+00:00,381.8,13.49
2023-04-16 11:00:00+00:00,432.77,14.55
2023-04-16 12:00:00+00:00,403.62,14.98
2023-04-16 13:00:00+00:00,322.48,15.13
2023-04-16 14:00:00+00:00,289.48,15.05
2023-04-16 15:00:00+00:00,219.02,14.75
2023-04-16 16:00:00+00:00,158.57,14.09
2023-04-16 17:00:00+00:00,83.65,13.37
2023-04-16 18:00:00+00:00,20.55,12.2
2023-04-16 19:00:00+00:00,0.0,11.38
2023-04-16 20:00:00+00:00,0.0,10.67
2023-04-16 21:00:00+00:00,0.0,9.95
2023-04-16 22:00:00+00:00,0.0,9.46
2023-04-16 23:00:00+00:00,0.0,9.13
2023-04-17 00:00:00+00:00,0.0,8.73
2023-04-17 01:00:00+00:00,0.0,8.39
2023-04-17 02:00:00+00:00,0.0,8.02
2023-04-17 03:00:00+00:00,0.0,7.68
2023-04-17 04:00:00+00:00,0.0,7.09
2023-04-17 05:00:00+00:00,12.9,6.76
2023-04-17 06:00:00+00:00,71.85,8.24
2023-04-17 07:00:00+00:00,153.8,9.82
2023-04-17 08:00:00+00:00,238.45,11.82
2023-04-17 09:00:00+00:00,323.42,13.57
2023-04-17 10:00:00+00:00,456.48,14.85
2023-04-17 11:00:00+00:00,500.15,15.62
2023-04-17 12:00:00+00:00,397.77,16.02
2023-04-17 13:00:00+00:00,281.2,16.01
2023-04-17 14:00:00+00:00,222.02,15.7
2023-04-17 15:00:00+00:00,229.7,15.14
2023-04-17 16:00:00+00:00,210.77,14.3
2023-04-17 17:00:00+00:00,127.38,13.0
2023-04-17 18:00:00+00:00,32.55,10.57
2023-04-17 19:00:00+00:00,0.0,8.28
2023-04-17 20:00:00+00:00,0.0,7.28
2023-04-17 21:00:00+00:00,0.0,6.53
2023-04-17 22:00:00+00:00,0.0,6.53
2023-04-17 23:00:00+00:00,0.0,6.66
2023-04-18 00:00:00+00:00,0.0,6.53
2023-04-18 01:00:00+00:00,0.0,6.07
2023-04-18 02:00:00+00:00,0.0,5.1
2023-04-18 03:00:00+00:00,0.0,4.42
2023-04-18 04:00:00+00:00,0.0,4.34
2023-04-18 05:00:00+00:00,23.02,4.91
2023-04-18 06:00:00+00:00,147.68,5.98
2023-04-18 07:00:00+00:00,299.4,7.81
2023-04-18 08:00:00+00:00,462.27,9.73
2023-04-18 09:00:00+00:00,610.28,11.06
2023-04-18 10:00:00+00:00,648.42,11.95
2023-04-18 11:00:00+00:00,625.25,12.2
2023-04-18 12:00:00+00:00,440.5,12.18
2023-04-18 13:00:00+00:00,332.27,11.79
2023-04-18 14:00:00+00:00,334.4,11.47
2023-04-18 15:00:00+00:00,206.75,11.11
2023-04-18 16:00:00+00:00,145.75,10.77
2023-04-18 17:00:00+00:00,82.1,10.05
2023-04-18 18:00:00+00:00,18.25,8.82
2023-04-18 19:00:00+00:00,0.0,7.51
2023-04-18 20:00:00+00:00,0.0,7.0
2023-04-18 21:00:00+00:00,0.0,6.82
2023-04-18 22:00:00+00:00,0.0,6.91
2023-04-18 23:00:00+00:00,0.0,6.92
2023-04-19 00:00:00+00:00,0.0,6.88
2023-04-19 01:00:00+00:00,0.0,6.84
2023-04-19 02:00:00+00:00,0.0,7.03
2023-04-19 03:00:00+00:00,0.0,6.88
2023-04-19 04:00:00+00:00,0.0,6.9
2023-04-19 05:00:00+00:00,22.3,7.04
2023-04-19 06:00:00+00:00,108.68,8.35
2023-04-19 07:00:00+00:00,180.77,10.65
2023-04-19 08:00:00+00:00,253.82,12.56
2023-04-19 09:00:00+00:00,323.3,13.77
2023-04-19 10:00:00+00:00,384.48,14.61
2023-04-19 11:00:00+00:00,386.95,15.05
2023-04-19 12:00:00+00:00,340.45,15.27
2023-04-19 13:00:00+00:00,420.98,15.12
2023-04-19 14:00:00+00:00,416.85,14.55
2023-04-19 15:00:00+00:00,407.75,13.65
2023-04-19 16:00:00+00:00,279.9,12.45
2023-04-19 17:00:00+00:00,151.35,11.11
2023-04-19 18:00:00+00:00,41.08,9.29
2023-04-19 19:00:00+00:00,0.0,7.62
2023-04-19 20:00:00+00:00,0.0,6.67
2023-04-19 21:00:00+00:00,0.0,5.97
2023-04-19 22:00:00+00:00,0.0,5.63
2023-04-19 23:00:00+00:00,0.0,5.53
2023-04-20 00:00:00+00:00,0.0,5.44
2023-04-20 01:00:00+00:00,0.0,5.12
2023-04-20 02:00:00+00:00,0.0,4.55
2023-04-20 03:00:00+00:00,0.0,4.1
2023-04-20 04:00:00+00:00,0.0,3.65
2023-04-20 05:00:00+00:00,34.67,4.02
2023-04-20 06:00:00+00:00,180.0,5.78
2023-04-20 07:00:00+00:00,346.48,8.36
2023-04-20 08:00:00+00:00,505.6,10.81
2023-04-20 09:00:00+00:00,640.33,12.47
2023-04-20 10:00:00+00:00,740.42,13.59
2023-04-20 11:00:00+00:00,785.3,14.22
2023-04-20 12:00:00+00:00,795.83,14.34
2023-04-20 13:00:00+00:00,714.88,13.96
2023-04-20 14:00:00+00:00,654.12,13.13
2023-04-20 15:00:00+00:00,512.1,11.57
2023-04-20 16:00:00+00:00,335.88,9.64
2023-04-20 17:00:00+00:00,179.4,8.22
2023-04-20 18:00:00+00:00,40.5,7.36
2023-04-20 19:00:00+00:00,0.0,6.27
2023-04-20 20:00:00+00:00,0.0,5.53
2023-04-20 21:00:00+00:00,0.0,5.26
2023-04-20 22:00:00+00:00,0.0,5.2
2023-04-20 23:00:00+00:00,0.0,5.16
2023-04-21 00:00:00+00:00,0.0,5.1
2023-04-21 01:00:00+00:00,0.0,5.1
2023-04-21 02:00:00+00:00,0.0,5.0
2023-04-21 03:00:00+00:00,0.0,5.03
2023-04-21 04:00:00+00:00,0.0,5.1
2023-04-21 05:00:00+00:00,10.9,5.31
2023-04-21 06:00:00+00:00,46.47,5.88
2023-04-21 07:00:00+00:00,85.57,6.7
2023-04-21 08:00:00+00:00,113.68,7.52
2023-04-21 09:00:00+00:00,147.1,7.97
2023-04-21 10:00:00+00:00,138.1,8.42
2023-04-21 11:00:00+00:00,158.38,9.22
2023-04-21 12:00:00+00:00,267.17,9.97
2023-04-21 13:00:00+00:00,284.45,10.65
2023-04-21 14:00:00+00:00,293.08,10.95
2023-04-21 15:00:00+00:00,266.33,10.96
2023-04-21 16:00:00+00:00,203.77,10.82
2023-04-21 17:00:00+00:00,128.65,10.26
2023-04-21 18:00:00+00:00,39.42,8.73
2023-04-21 19:00:00+00:00,0.0,7.36
2023-04-21 20:00:00+00:00,0.0,6.51
2023-04-21 21:00:00+00:00,0.0,5.79
2023-04-21 22:00:00+00:00,0.0,5.12
2023-04-21 23:00:00+00:00,0.0,4.7
2023-04-22 00:00:00+00:00,0.0,4.66
2023-04-22 01:00:00+00:00,0.0,4.97
2023-04-22 02:00:00+00:00,0.0,5.1
2023-04-22 03:00:00+00:00,0.0,4.9
2023-04-22 04:00:00+00:00,0.0,4.72
2023-04-22 05:00:00+00:00,22.65,4.76
2023-04-22 06:00:00+00:00,100.2,5.2
2023-04-22 07:00:00+00:00,194.82,5.97
2023-04-22 08:00:00+00:00,299.62,7.95
2023-04-22 09:00:00+00:00,403.1,10.37
2023-04-22 10:00:00+00:00,517.22,11.99
2023-04-22 11:00:00+00:00,540.55,12.66
2023-04-22 12:00:00+00:00,424.2,13.13
2023-04-22 13:00:00+00:00,339.05,13.37
2023-04-22 14:00:00+00:00,247.12,13.24
2023-04-22 15:00:00+00:00,253.57,13.14
2023-04-22 16:00:00+00:00,156.77,12.89
2023-04-22 17:00:00+00:00,79.32,12.12
2023-04-22 18:00:00+00:00,22.75,10.34
2023-04-22 19:00:00+00:00,0.0,9.63
2023-04-22 20:00:00+00:00,0.0,9.69
2023-04-22 21:00:00+00:00,0.0,9.64
2023-04-22 22:00:00+00:00,0.0,9.72
2023-04-22 23:00:00+00:00,0.0,9.69
2023-04-23 00:00:00+00:00,0.0,9.49
2023-04-23 01:00:00+00:00,0.0,9.6
2023-04-23 02:00:00+00:00,0.0,9.67
2023-04-23 03:00:00+00:00,0.0,9.59
2023-04-23 04:00:00+00:00,0.0,9.47
2023-04-23 05:00:00+00:00,14.12,9.39
2023-04-23 06:00:00+00:00,79.78,9.76
2023-04-23 07:00:00+00:00,167.55,10.36
2023-04-23 08:00:00+00:00,279.2,10.82
2023-04-23 09:00:00+00:00,367.7,10.99
2023-04-23 10:00:00+00:00,434.2,11.07
2023-04-23 11:00:00+00:00,464.33,11.22
2023-04-23 12:00:00+00:00,467.15,11.31
2023-04-23 13:00:00+00:00,390.7,11.46
2023-04-23 14:00:00+00:00,308.67,11.8
2023-04-23 15:00:00+00:00,227.12,12.18
2023-04-23 16:00:00+00:00,145.45,12.04
2023-04-23 17:00:00+00:00,78.4,11.17
2023-04-23 18:00:00+00:00,27.3,9.95
2023-04-23 19:00:00+00:00,0.0,9.07
2023-04-23 20:00:00+00:00,0.0,8.43
2023-04-23 21:00:00+00:00,0.0,7.7
2023-04-23 22:00:00+00:00,0.0,6.8
2023-04-23 23:00:00+00:00,0.0,6.54
2023-04-24 00:00:00+00:00,0.0,6.53
2023-04-24 01:00:00+00:00,0.0,6.33
2023-04-24 02:00:00+00:00,0.0,6.08
2023-04-24 03:00:00+00:00,0.0,5.85
2023-04-24 04:00:00+00:00,0.0,5.69
2023-04-24 05:00:00+00:00,23.65,5.65
2023-04-24 06:00:00+00:00,89.1,6.07
2023-04-24 07:00:00+00:00,166.3,6.97
2023-04-24 08:00:00+00:00,271.1,8.26
2023-04-24 09:00:00+00:00,318.12,9.86
2023-04-24 10:00:00+00:00,385.75,10.95
2023-04-24 11:00:00+00:00,428.17,11.45
2023-04-24 12:00:00+00:00,373.55,11.47
2023-04-24 13:00:00+00:00,262.88,11.13
2023-04-24 14:00:00+00:00,165.93,10.79
2023-04-24 15:00:00+00:00,119.03,10.25
2023-04-24 16:00:00+00:00,89.25,9.39
2023-04-24 17:00:00+00:00,56.72,8.24
2023-04-24 18:00:00+00:00,21.4,7.01
2023-04-24 19:00:00+00:00,0.0,6.12
2023-04-24 20:00:00+00:00,0.0,5.6
2023-04-24 21:00:00+00:00,0.0,5.15
2023-04-24 22:00:00+00:00,0.0,4.63
2023-04-24 23:00:00+00:00,0.0,4.12
2023-04-25 00:00:00+00:00,0.0,3.31
2023-04-25 01:00:00+00:00,0.0,2.38
2023-04-25 02:00:00+00:00,0.0,1.6
2023-04-25 03:00:00+00:00,0.0,1.15
2023-04-25 04:00:00+00:00,0.0,1.07
2023-04-25 05:00:00+00:00,59.55,1.29
2023-04-25 06:00:00+00:00,219.95,2.54
2023-04-25 07:00:00+00:00,393.55,4.61
2023-04-25 08:00:00+00:00,556.03,6.6
2023-04-25 09:00:00+00:00,692.92,8.09
2023-04-25 10:00:00+00:00,737.5,9.28
2023-04-25 11:00:00+00:00,732.03,10.27
2023-04-25 12:00:00+00:00,690.75,11.06
2023-04-25 13:00:00+00:00,516.75,11.54
2023-04-25 14:00:00+00:00,519.47,11.69
2023-04-25 15:00:00+00:00,402.48,11.56
2023-04-25 16:00:00+00:00,236.7,11.13
2023-04-25 17:00:00+00:00,143.27,10.31
2023-04-25 18:00:00+00:00,52.47,8.2
2023-04-25 19:00:00+00:00,0.0,5.93
2023-04-25 20:00:00+00:00,0.0,5.47
2023-04-25 21:00:00+00:00,0.0,5.42
2023-04-25 22:00:00+00:00,0.0,5.11
2023-04-25 23:00:00+00:00,0.0,4.73
2023-04-26 00:00:00+00:00,0.0,4.28
2023-04-26 01:00:00+00:00,0.0,4.01
2023-04-26 02:00:00+00:00,0.0,3.58
2023-04-26 03:00:00+00:00,0.0,3.1
2023-04-26 04:00:00+00:00,0.0,2.8
2023-04-26 05:00:00+00:00,23.67,3.82
2023-04-26 06:00:00+00:00,100.28,5.83
2023-04-26 07:00:00+00:00,180.77,7.6
2023-04-26 08:00:00+00:00,272.3,9.07
2023-04-26 09:00:00+00:00,380.83,10.41
2023-04-26 10:00:00+00:00,384.23,11.39
2023-04-26 11:00:00+00:00,347.73,11.93
2023-04-26 12:00:00+00:00,384.55,12.1
2023-04-26 13:00:00+00:00,316.3,12.16
2023-04-26 14:00:00+00:00,248.52,12.03
2023-04-26 15:00:00+00:00,159.57,11.74
2023-04-26 16:00:00+00:00,115.72,11.42
2023-04-26 17:00:00+00:00,70.8,10.74
2023-04-26 18:00:00+00:00,29.48,9.1
2023-04-26 19:00:00+00:00,0.0,7.25
2023-04-26 20:00:00+00:00,0.0,6.47
2023-04-26 21:00:00+00:00,0.0,5.57
2023-04-26 22:00:00+00:00,0.0,4.91
2023-04-26 23:00:00+00:00,0.0,4.39
2023-04-27 00:00:00+00:00,0.0,3.99
2023-04-27 01:00:00+00:00,0.0,3.79
2023-04-27 02:00:00+00:00,0.0,4.13
2023-04-27 03:00:00+00:00,0.0,3.93
2023-04-27 04:00:00+00:00,0.0,3.83
2023-04-27 05:00:00+00:00,25.8,4.73
2023-04-27 06:00:00+00:00,83.38,6.23
2023-04-27 07:00:00+00:00,145.95,8.12
2023-04-27 08:00:00+00:00,205.48,10.64
2023-04-27 09:00:00+00:00,291.8,11.94
2023-04-27 10:00:00+00:00,305.0,12.22
2023-04-27 11:00:00+00:00,283.6,12.81
2023-04-27 12:00:00+00:00,210.2,12.5
2023-04-27 13:00:00+00:00,195.68,11.87
2023-04-27 14:00:00+00:00,132.1,11.74
2023-04-27 15:00:00+00:00,125.12,12.0
2023-04-27 16:00:00+00:00,94.85,11.85
2023-04-27 17:00:00+00:00,58.35,11.05
2023-04-27 18:00:00+00:00,21.27,10.04
2023-04-27 19:00:00+00:00,0.0,9.53
2023-04-27 20:00:00+00:00,0.0,9.6
2023-04-27 21:00:00+00:00,0.0,9.6
2023-04-27 22:00:00+00:00,0.0,9.55
2023-04-27 23:00:00+00:00,0.0,9.28
2023-04-28 00:00:00+00:00,0.0,9.49
2023-04-28 01:00:00+00:00,0.0,9.76
2023-04-28 02:00:00+00:00,0.0,9.74
2023-04-28 03:00:00+00:00,0.0,9.59
2023-04-28 04:00:00+00:00,0.0,9.59
2023-04-28 05:00:00+00:00,49.15,10.06
2023-04-28 06:00:00+00:00,137.23,11.02
2023-04-28 07:00:00+00:00,208.82,12.26
2023-04-28 08:00:00+00:00,270.27,13.34
2023-04-28 09:00:00+00:00,279.45,14.32
2023-04-28 10:00:00+00:00,349.77,15.77
2023-04-28 11:00:00+00:00,406.33,16.7
2023-04-28 12:00:00+00:00,439.25,17.19
2023-04-28 13:00:00+00:00,419.77,17.26
2023-04-28 14:00:00+00:00,396.05,17.2
2023-04-28 15:00:00+00:00,304.1,16.77
2023-04-28 16:00:00+00:00,192.95,16.21
2023-04-28 17:00:00+00:00,120.07,15.44
2023-04-28 18:00:00+00:00,46.17,13.62
2023-04-28 19:00:00+00:00,0.0,11.1
2023-04-28 20:00:00+00:00,0.0,9.81
2023-04-28 21:00:00+00:00,0.0,8.47
2023-04-28 22:00:00+00:00,0.0,7.27
2023-04-28 23:00:00+00:00,0.0,6.51
2023-04-29 00:00:00+00:00,0.0,6.08
2023-04-29 01:00:00+00:00,0.0,5.91
2023-04-29 02:00:00+00:00,0.0,5.92
2023-04-29 03:00:00+00:00,0.0,6.03
2023-04-29 04:00:00+00:00,0.0,5.83
2023-04-29 05:00:00+00:00,54.33,5.95
2023-04-29 06:00:00+00:00,172.7,7.06
2023-04-29 07:00:00+00:00,311.92,9.04
2023-04-29 08:00:00+00:00,477.25,11.01
2023-04-29 09:00:00+00:00,636.5,12.81
2023-04-29 10:00:00+00:00,725.45,14.47
2023-04-29 11:00:00+00:00,648.42,15.96
2023-04-29 12:00:00+00:00,693.88,17.04
2023-04-29 13:00:00+00:00,474.25,17.56
2023-04-29 14:00:00+00:00,394.9,17.6
2023-04-29 15:00:00+00:00,302.05,17.38
2023-04-29 16:00:00+00:00,209.8,16.83
2023-04-29 17:00:00+00:00,126.15,15.75
2023-04-29 18:00:00+00:00,53.15,13.38
2023-04-29 19:00:00+00:00,0.0,10.69
2023-04-29 20:00:00+00:00,0.0,9.44
2023-04-29 21:00:00+00:00,0.0,8.31
2023-04-29 22:00:00+00:00,0.0,7.28
2023-04-29 23:00:00+00:00,0.0,6.43
2023-04-30 00:00:00+00:00,0.0,5.83
2023-04-30 01:00:00+00:00,0.0,5.7
2023-04-30 02:00:00+00:00,0.0,5.61
2023-04-30 03:00:00+00:00,0.0,5.59
2023-04-30 04:00:00+00:00,0.0,5.61
2023-04-30 05:00:00+00:00,50.78,6.93
2023-04-30 06:00:00+00:00,143.0,8.4
2023-04-30 07:00:00+00:00,251.6,10.43
2023-04-30 08:00:00+00:00,348.67,13.09
2023-04-30 09:00:00+00:00,407.08,14.59
2023-04-30 10:00:00+00:00,410.92,15.72
2023-04-30 11:00:00+00:00,448.62,16.47
2023-04-30 12:00:00+00:00,375.95,16.83
2023-04-30 13:00:00+00:00,344.2,16.91
2023-04-30 14:00:00+00:00,315.25,16.72
2023-04-30 15:00:00+00:00,209.75,16.21
2023-04-30 16:00:00+00:00,163.3,15.39
2023-04-30 17:00:00+00:00,92.07,14.16
2023-04-30 18:00:00+00:00,41.45,12.46
2023-04-30 19:00:00+00:00,0.0,11.13
2023-04-30 20:00:00+00:00,0.0,10.53
2023-04-30 21:00:00+00:00,0.0,9.98
2023-04-30 22:00:00+00:00,0.0,9.1
2023-04-30 23:00:00+00:00,0.0,8.26
2023-05-01 00:00:00+00:00,0.0,7.74
2023-05-01 01:00:00+00:00,0.0,7.41
2023-05-01 02:00:00+00:00,0.0,7.11
2023-05-01 03:00:00+00:00,0.0,7.19
2023-05-01 04:00:00+00:00,0.0,7.24
2023-05-01 05:00:00+00:00,39.28,8.52
2023-05-01 06:00:00+00:00,110.72,9.86
2023-05-01 07:00:00+00:00,189.07,11.48
2023-05-01 08:00:00+00:00,287.55,12.77
2023-05-01 09:00:00+00:00,388.02,13.85
2023-05-01 10:00:00+00:00,467.27,14.71
2023-05-01 11:00:00+00:00,447.8,15.41
2023-05-01 12:00:00+00:00,384.7,15.88
2023-05-01 13:00:00+00:00,388.62,16.16
2023-05-01 14:00:00+00:00,389.48,16.42
2023-05-01 15:00:00+00:00,394.02,16.44
2023-05-01 16:00:00+00:00,281.3,16.07
2023-05-01 17:00:00+00:00,181.23,15.32
2023-05-01 18:00:00+00:00,68.88,13.83
2023-05-01 19:00:00+00:00,3.6,11.87
2023-05-01 20:00:00+00:00,0.0,11.1
2023-05-01 21:00:00+00:00,0.0,10.39
2023-05-01 22:00:00+00:00,0.0,9.69
2023-05-01 23:00:00+00:00,0.0,8.97
2023-05-02 00:00:00+00:00,0.0,8.53
2023-05-02 01:00:00+00:00,0.0,8.48
2023-05-02 02:00:00+00:00,0.0,8.56
2023-05-02 03:00:00+00:00,0.0,8.42
2023-05-02 04:00:00+00:00,0.0,8.15
2023-05-02 05:00:00+00:00,41.28,8.71
2023-05-02 06:00:00+00:00,112.53,9.37
2023-05-02 07:00:00+00:00,184.3,10.09
2023-05-02 08:00:00+00:00,221.68,10.83
2023-05-02 09:00:00+00:00,294.67,11.64
2023-05-02 10:00:00+00:00,320.2,12.52
2023-05-02 11:00:00+00:00,371.27,13.38
2023-05-02 12:00:00+00:00,407.83,14.19
2023-05-02 13:00:00+00:00,441.88,14.79
2023-05-02 14:00:00+00:00,424.83,15.12
2023-05-02 15:00:00+00:00,369.15,15.1
2023-05-02 16:00:00+00:00,230.82,14.61
2023-05-02 17:00:00+00:00,138.5,13.3
2023-05-02 18:00:00+00:00,54.33,11.34
2023-05-02 19:00:00+00:00,3.95,9.12
2023-05-02 20:00:00+00:00,0.0,7.77
2023-05-02 21:00:00+00:00,0.0,6.79
2023-05-02 22:00:00+00:00,0.0,5.94
2023-05-02 23:00:00+00:00,0.0,5.48
2023-05-03 00:00:00+00:00,0.0,5.1
2023-05-03 01:00:00+00:00,0.0,4.71
2023-05-03 02:00:00+00:00,0.0,4.42
2023-05-03 03:00:00+00:00,0.0,4.2
2023-05-03 04:00:00+00:00,0.0,4.05
2023-05-03 05:00:00+00:00,74.32,5.81
2023-05-03 06:00:00+00:00,205.25,8.0
2023-05-03 07:00:00+00:00,341.2,9.75
2023-05-03 08:00:00+00:00,520.05,11.18
2023-05-03 09:00:00+00:00,658.6,12.35
2023-05-03 10:00:00+00:00,731.97,13.32
2023-05-03 11:00:00+00:00,736.35,13.97
2023-05-03 12:00:00+00:00,713.05,14.32
2023-05-03 13:00:00+00:00,710.22,14.33
2023-05-03 14:00:00+00:00,641.25,14.02
2023-05-03 15:00:00+00:00,496.4,13.34
2023-05-03 16:00:00+00:00,343.3,12.43
2023-05-03 17:00:00+00:00,209.27,11.27
2023-05-03 18:00:00+00:00,75.4,9.59
2023-05-03 19:00:00+00:00,4.8,7.76
2023-05-03 20:00:00+00:00,0.0,7.14
2023-05-03 21:00:00+00:00,0.0,7.04
2023-05-03 22:00:00+00:00,0.0,7.09
2023-05-03 23:00:00+00:00,0.0,7.29
2023-05-04 00:00:00+00:00,0.0,7.53
2023-05-04 01:00:00+00:00,0.0,7.76
2023-05-04 02:00:00+00:00,0.0,7.96
2023-05-04 03:00:00+00:00,0.0,8.06
2023-05-04 04:00:00+00:00,0.0,8.05
2023-05-04 05:00:00+00:00,62.22,8.57
2023-05-04 06:00:00+00:00,171.85,9.72
2023-05-04 07:00:00+00:00,310.38,11.43
2023-05-04 08:00:00+00:00,454.9,13.13
2023-05-04 09:00:00+00:00,527.47,14.74
2023-05-04 10:00:00+00:00,668.85,16.29
2023-05-04 11:00:00+00:00,661.15,17.25
2023-05-04 12:00:00+00:00,484.92,17.48
2023-05-04 13:00:00+00:00,418.17,17.63
2023-05-04 14:00:00+00:00,372.77,18.11
2023-05-04 15:00:00+00:00,275.27,18.57
2023-05-04 16:00:00+00:00,194.32,18.38
2023-05-04 17:00:00+00:00,114.35,17.44
2023-05-04 18:00:00+00:00,46.6,15.63
2023-05-04 19:00:00+00:00,3.53,13.03
2023-05-04 20:00:00+00:00,0.0,11.86
2023-05-04 21:00:00+00:00,0.0,11.55
2023-05-04 22:00:00+00:00,0.0,11.23
2023-05-04 23:00:00+00:00,0.0,10.3
2023-05-05 00:00:00+00:00,0.0,9.8
2023-05-05 01:00:00+00:00,0.0,9.61
2023-05-05 02:00:00+00:00,0.0,9.4
2023-05-05 03:00:00+00:00,0.0,9.06
2023-05-05 04:00:00+00:00,2.83,8.84
2023-05-05 05:00:00+00:00,38.0,10.08
2023-05-05 06:00:00+00:00,127.32,11.63
2023-05-05 07:00:00+00:00,227.93,13.34
2023-05-05 08:00:00+00:00,332.62,14.35
2023-05-05 09:00:00+00:00,483.77,14.96
2023-05-05 10:00:00+00:00,587.25,15.42
2023-05-05 11:00:00+00:00,594.75,15.85
2023-05-05 12:00:00+00:00,609.1,16.41
2023-05-05 13:00:00+00:00,482.15,16.67
2023-05-05 14:00:00+00:00,482.23,16.75
2023-05-05 15:00:00+00:00,389.98,16.85
2023-05-05 16:00:00+00:00,239.27,16.7
2023-05-05 17:00:00+00:00,156.9,16.0
2023-05-05 18:00:00+00:00,72.55,14.36
2023-05-05 19:00:00+00:00,5.95,12.14
2023-05-05 20:00:00+00:00,0.0,11.28
2023-05-05 21:00:00+00:00,0.0,10.6
2023-05-05 22:00:00+00:00,0.0,9.74
2023-05-05 23:00:00+00:00,0.0,9.03
2023-05-06 00:00:00+00:00,0.0,8.7
2023-05-06 01:00:00+00:00,0.0,8.47
2023-05-06 02:00:00+00:00,0.0,8.48
2023-05-06 03:00:00+00:00,0.0,8.49
2023-05-06 04:00:00+00:00,2.75,8.64
2023-05-06 05:00:00+00:00,31.45,10.25
2023-05-06 06:00:00+00:00,83.53,11.33
2023-05-06 07:00:00+00:00,133.05,12.06
2023-05-06 08:00:00+00:00,132.18,12.93
2023-05-06 09:00:00+00:00,167.62,13.67
2023-05-06 10:00:00+00:00,184.38,14.19
2023-05-06 11:00:00+00:00,207.65,14.38
2023-05-06 12:00:00+00:00,207.75,14.29
2023-05-06 13:00:00+00:00,210.8,14.18
2023-05-06 14:00:00+00:00,123.38,14.16
2023-05-06 15:00:00+00:00,146.1,14.34
2023-05-06 16:00:00+00:00,116.1,14.61
2023-05-06 17:00:00+00:00,66.65,14.58
2023-05-06 18:00:00+00:00,29.75,14.02
2023-05-06 19:00:00+00:00,3.75,13.06
2023-05-06 20:00:00+00:00,0.0,12.53
2023-05-06 21:00:00+00:00,0.0,12.05
2023-05-06 22:00:00+00:00,0.0,11.58
2023-05-06 23:00:00+00:00,0.0,11.04
2023-05-07 00:00:00+00:00,0.0,10.54
2023-05-07 01:00:00+00:00,0.0,10.1
2023-05-07 02:00:00+00:00,0.0,9.68
2023-05-07 03:00:00+00:00,0.0,9.33
2023-05-07 04:00:00+00:00,2.67,9.15
2023-05-07 05:00:00+00:00,29.85,10.73
2023-05-07 06:00:00+00:00,88.9,12.2
2023-05-07 07:00:00+00:00,177.1,13.91
2023-05-07 08:00:00+00:00,260.23,15.2
2023-05-07 09:00:00+00:00,354.23,16.74
2023-05-07 10:00:00+00:00,401.92,17.99
2023-05-07 11:00:00+00:00,531.58,18.91
2023-05-07 12:00:00+00:00,563.15,19.52
2023-05-07 13:00:00+00:00,697.83,19.91
2023-05-07 14:00:00+00:00,612.42,20.06
2023-05-07 15:00:00+00:00,472.6,19.97
2023-05-07 16:00:00+00:00,308.62,19.6
2023-05-07 17:00:00+00:00,183.3,18.86
2023-05-07 18:00:00+00:00,71.2,17.44
2023-05-07 19:00:00+00:00,7.2,15.38
2023-05-07 20:00:00+00:00,0.0,14.43
2023-05-07 21:00:00+00:00,0.0,13.41
2023-05-07 22:00:00+00:00,0.0,12.31
2023-05-07 23:00:00+00:00,0.0,11.22
2023-05-08 00:00:00+00:00,0.0,10.31
2023-05-08 01:00:00+00:00,0.0,9.65
2023-05-08 02:00:00+00:00,0.0,9.45
2023-05-08 03:00:00+00:00,0.0,9.36
2023-05-08 04:00:00+00:00,3.9,9.55
2023-05-08 05:00:00+00:00,51.85,10.55
2023-05-08 06:00:00+00:00,136.65,11.19
2023-05-08 07:00:00+00:00,184.88,11.86
2023-05-08 08:00:00+00:00,198.05,12.79
2023-05-08 09:00:00+00:00,255.88,13.91
2023-05-08 10:00:00+00:00,301.62,15.25
2023-05-08 11:00:00+00:00,283.17,16.2
2023-05-08 12:00:00+00:00,311.5,15.66
2023-05-08 13:00:00+00:00,231.18,15.45
2023-05-08 14:00:00+00:00,163.38,15.68
2023-05-08 15:00:00+00:00,152.8,15.46
2023-05-08 16:00:00+00:00,104.18,14.55
2023-05-08 17:00:00+00:00,51.2,13.42
2023-05-08 18:00:00+00:00,21.35,12.59
2023-05-08 19:00:00+00:00,2.25,12.13
2023-05-08 20:00:00+00:00,0.0,12.01
2023-05-08 21:00:00+00:00,0.0,12.14
2023-05-08 22:00:00+00:00,0.0,12.27
2023-05-08 23:00:00+00:00,0.0,12.44
2023-05-09 00:00:00+00:00,0.0,12.33
2023-05-09 01:00:00+00:00,0.0,12.03
2023-05-09 02:00:00+00:00,0.0,11.56
2023-05-09 03:00:00+00:00,0.0,11.11
2023-05-09 04:00:00+00:00,4.7,10.9
2023-05-09 05:00:00+00:00,50.28,11.03
2023-05-09 06:00:00+00:00,103.4,11.39
2023-05-09 07:00:00+00:00,194.55,12.16
2023-05-09 08:00:00+00:00,272.3,13.31
2023-05-09 09:00:00+00:00,343.0,14.76
2023-05-09 10:00:00+00:00,430.8,16.33
2023-05-09 11:00:00+00:00,452.4,17.59
2023-05-09 12:00:00+00:00,503.42,18.03
2023-05-09 13:00:00+00:00,436.92,18.0
2023-05-09 14:00:00+00:00,367.85,17.75
2023-05-09 15:00:00+00:00,233.38,16.84
2023-05-09 16:00:00+00:00,165.15,15.9
2023-05-09 17:00:00+00:00,101.72,14.89
2023-05-09 18:00:00+00:00,45.58,13.96
2023-05-09 19:00:00+00:00,4.72,13.06
2023-05-09 20:00:00+00:00,0.0,12.4
2023-05-09 21:00:00+00:00,0.0,11.97
2023-05-09 22:00:00+00:00,0.0,11.9
2023-05-09 23:00:00+00:00,0.0,12.08
2023-05-10 00:00:00+00:00,0.0,11.95
2023-05-10 01:00:00+00:00,0.0,11.36
2023-05-10 02:00:00+00:00,0.0,10.52
2023-05-10 03:00:00+00:00,0.0,9.69
2023-05-10 04:00:00+00:00,6.5,8.99
2023-05-10 05:00:00+00:00,80.6,9.13
2023-05-10 06:00:00+00:00,188.48,10.08
2023-05-10 07:00:00+00:00,314.45,11.81
2023-05-10 08:00:00+00:00,441.4,13.93
2023-05-10 09:00:00+00:00,530.7,15.71
2023-05-10 10:00:00+00:00,631.25,16.67
2023-05-10 11:00:00+00:00,620.72,17.2
2023-05-10 12:00:00+00:00,596.67,17.2
2023-05-10 13:00:00+00:00,485.02,16.84
2023-05-10 14:00:00+00:00,423.6,16.32
2023-05-10 15:00:00+00:00,327.58,15.65
2023-05-10 16:00:00+00:00,240.07,15.06
2023-05-10 17:00:00+00:00,149.48,14.38
2023-05-10 18:00:00+00:00,70.35,13.42
2023-05-10 19:00:00+00:00,8.43,11.94
2023-05-10 20:00:00+00:00,0.0,11.15
2023-05-10 21:00:00+00:00,0.0,10.53
2023-05-10 22:00:00+00:00,0.0,9.9
2023-05-10 23:00:00+00:00,0.0,9.22
2023-05-11 00:00:00+00:00,0.0,8.5
2023-05-11 01:00:00+00:00,0.0,8.0
2023-05-11 02:00:00+00:00,0.0,7.69
2023-05-11 03:00:00+00:00,0.0,7.49
2023-05-11 04:00:00+00:00,5.8,7.44
2023-05-11 05:00:00+00:00,71.43,8.33
2023-05-11 06:00:00+00:00,177.85,9.74
2023-05-11 07:00:00+00:00,305.6,12.13
2023-05-11 08:00:00+00:00,486.12,13.92
2023-05-11 09:00:00+00:00,554.9,15.19
2023-05-11 10:00:00+00:00,582.35,16.14
2023-05-11 11:00:00+00:00,521.45,16.72
2023-05-11 12:00:00+00:00,624.53,17.01
2023-05-11 13:00:00+00:00,526.4,17.16
2023-05-11 14:00:00+00:00,456.35,17.14
2023-05-11 15:00:00+00:00,345.95,16.91
2023-05-11 16:00:00+00:00,231.12,16.57
2023-05-11 17:00:00+00:00,131.9,15.97
2023-05-11 18:00:00+00:00,58.88,14.98
2023-05-11 19:00:00+00:00,6.78,12.99
2023-05-11 20:00:00+00:00,0.0,11.52
2023-05-11 21:00:00+00:00,0.0,10.43
2023-05-11 22:00:00+00:00,0.0,9.44
2023-05-11 23:00:00+00:00,0.0,8.79
2023-05-12 00:00:00+00:00,0.0,8.56
2023-05-12 01:00:00+00:00,0.0,8.43
2023-05-12 02:00:00+00:00,0.0,8.48
2023-05-12 03:00:00+00:00,0.0,8.34
2023-05-12 04:00:00+00:00,6.88,8.23
2023-05-12 05:00:00+00:00,64.93,8.75
2023-05-12 06:00:00+00:00,144.0,9.61
2023-05-12 07:00:00+00:00,263.1,10.39
2023-05-12 08:00:00+00:00,370.6,10.93
2023-05-12 09:00:00+00:00,475.73,11.2
2023-05-12 10:00:00+00:00,529.53,11.21
2023-05-12 11:00:00+00:00,481.4,11.06
2023-05-12 12:00:00+00:00,338.2,11.04
2023-05-12 13:00:00+00:00,363.3,11.92
2023-05-12 14:00:00+00:00,219.0,13.4
2023-05-12 15:00:00+00:00,179.02,14.33
2023-05-12 16:00:00+00:00,113.28,14.05
2023-05-12 17:00:00+00:00,70.0,12.9
2023-05-12 18:00:00+00:00,35.8,11.47
2023-05-12 19:00:00+00:00,5.07,10.18
2023-05-12 20:00:00+00:00,0.0,9.37
2023-05-12 21:00:00+00:00,0.0,8.98
2023-05-12 22:00:00+00:00,0.0,8.77
2023-05-12 23:00:00+00:00,0.0,8.57
2023-05-13 00:00:00+00:00,0.0,8.39
2023-05-13 01:00:00+00:00,0.0,8.31
2023-05-13 02:00:00+00:00,0.0,8.24
2023-05-13 03:00:00+00:00,0.0,8.09
2023-05-13 04:00:00+00:00,5.68,7.99
2023-05-13 05:00:00+00:00,29.58,8.0
2023-05-13 06:00:00+00:00,79.05,8.49
2023-05-13 07:00:00+00:00,118.32,9.55
2023-05-13 08:00:00+00:00,154.12,10.98
2023-05-13 09:00:00+00:00,232.52,12.74
2023-05-13 10:00:00+00:00,312.75,14.45
2023-05-13 11:00:00+00:00,396.12,15.78
2023-05-13 12:00:00+00:00,485.02,16.81
2023-05-13 13:00:00+00:00,505.35,17.46
2023-05-13 14:00:00+00:00,449.0,17.73
2023-05-13 15:00:00+00:00,389.83,17.55
2023-05-13 16:00:00+00:00,267.25,16.96
2023-05-13 17:00:00+00:00,160.23,15.91
2023-05-13 18:00:00+00:00,79.6,14.16
2023-05-13 19:00:00+00:00,11.38,11.29
2023-05-13 20:00:00+00:00,0.0,9.63
2023-05-13 21:00:00+00:00,0.0,8.59
2023-05-13 22:00:00+00:00,0.0,7.79
2023-05-13 23:00:00+00:00,0.0,7.31
2023-05-14 00:00:00+00:00,0.0,7.09
2023-05-14 01:00:00+00:00,0.0,7.1
2023-05-14 02:00:00+00:00,0.0,7.13
2023-05-14 03:00:00+00:00,0.0,6.92
2023-05-14 04:00:00+00:00,7.55,6.77
2023-05-14 05:00:00+00:00,52.47,6.94
2023-05-14 06:00:00+00:00,145.55,7.5
2023-05-14 07:00:00+00:00,237.1,8.56
2023-05-14 08:00:00+00:00,330.42,10.08
2023-05-14 09:00:00+00:00,532.12,12.42
2023-05-14 10:00:00+00:00,700.65,15.0
2023-05-14 11:00:00+00:00,769.08,17.28
2023-05-14 12:00:00+00:00,770.45,18.88
2023-05-14 13:00:00+00:00,658.8,19.69
2023-05-14 14:00:00+00:00,538.6,19.94
2023-05-14 15:00:00+00:00,456.92,19.8
2023-05-14 16:00:00+00:00,302.48,19.17
2023-05-14 17:00:00+00:00,173.7,18.17
2023-05-14 18:00:00+00:00,70.72,16.62
2023-05-14 19:00:00+00:00,10.07,14.22
2023-05-14 20:00:00+00:00,0.0,12.73
2023-05-14 21:00:00+00:00,0.0,12.02
2023-05-14 22:00:00+00:00,0.0,11.63
2023-05-14 23:00:00+00:00,0.0,11.41
2023-05-15 00:00:00+00:00,0.0,11.18
2023-05-15 01:00:00+00:00,0.0,10.89
2023-05-15 02:00:00+00:00,0.0,10.65
2023-05-15 03:00:00+00:00,0.0,10.33
2023-05-15 04:00:00+00:00,8.02,9.92
2023-05-15 05:00:00+00:00,73.15,9.68
2023-05-15 06:00:00+00:00,186.48,9.6
2023-05-15 07:00:00+00:00,329.9,9.89
2023-05-15 08:00:00+00:00,467.75,10.82
2023-05-15 09:00:00+00:00,576.6,12.08
2023-05-15 10:00:00+00:00,647.1,13.38
2023-05-15 11:00:00+00:00,637.7,14.39
2023-05-15 12:00:00+00:00,766.65,15.03
2023-05-15 13:00:00+00:00,561.0,15.31
2023-05-15 14:00:00+00:00,578.28,15.25
2023-05-15 15:00:00+00:00,441.1,14.84
2023-05-15 16:00:00+00:00,320.55,14.21
2023-05-15 17:00:00+00:00,206.9,13.39
2023-05-15 18:00:00+00:00,102.12,12.13
2023-05-15 19:00:00+00:00,15.27,9.39
2023-05-15 20:00:00+00:00,0.0,7.95
2023-05-15 21:00:00+00:00,0.0,7.37
2023-05-15 22:00:00+00:00,0.0,7.11
2023-05-15 23:00:00+00:00,0.0,6.73
2023-05-16 00:00:00+00:00,0.0,5.85
2023-05-16 01:00:00+00:00,0.0,5.01
2023-05-16 02:00:00+00:00,0.0,4.42
2023-05-16 03:00:00+00:00,0.0,3.98
2023-05-16 04:00:00+00:00,13.57,4.12
2023-05-16 05:00:00+00:00,120.7,6.18
2023-05-16 06:00:00+00:00,273.35,8.02
2023-05-16 07:00:00+00:00,435.33,10.44
2023-05-16 08:00:00+00:00,583.85,12.51
2023-05-16 09:00:00+00:00,637.22,13.84
2023-05-16 10:00:00+00:00,694.7,14.9
2023-05-16 11:00:00+00:00,772.58,15.77
2023-05-16 12:00:00+00:00,734.42,16.42
2023-05-16 13:00:00+00:00,630.92,16.85
2023-05-16 14:00:00+00:00,483.42,16.99
2023-05-16 15:00:00+00:00,385.35,16.79
2023-05-16 16:00:00+00:00,252.1,16.3
2023-05-16 17:00:00+00:00,174.82,15.42
2023-05-16 18:00:00+00:00,92.25,13.98
2023-05-16 19:00:00+00:00,14.8,11.77
2023-05-16 20:00:00+00:00,0.0,10.48
2023-05-16 21:00:00+00:00,0.0,9.7
2023-05-16 22:00:00+00:00,0.0,8.91
2023-05-16 23:00:00+00:00,0.0,8.19
2023-05-17 00:00:00+00:00,0.0,7.52
2023-05-17 01:00:00+00:00,0.0,7.05
2023-05-17 02:00:00+00:00,0.0,6.83
2023-05-17 03:00:00+00:00,0.0,6.57
2023-05-17 04:00:00+00:00,13.4,6.78
2023-05-17 05:00:00+00:00,107.45,8.42
2023-05-17 06:00:00+00:00,230.88,10.23
2023-05-17 07:00:00+00:00,363.08,12.5
2023-05-17 08:00:00+00:00,485.7,14.3
2023-05-17 09:00:00+00:00,584.53,15.55
2023-05-17 10:00:00+00:00,692.75,16.52
2023-05-17 11:00:00+00:00,592.12,17.22
2023-05-17 12:00:00+00:00,565.28,17.53
2023-05-17 13:00:00+00:00,453.23,17.56
2023-05-17 14:00:00+00:00,457.0,17.57
2023-05-17 15:00:00+00:00,374.85,17.09
2023-05-17 16:00:00+00:00,252.0,16.07
2023-05-17 17:00:00+00:00,154.5,14.89
2023-05-17 18:00:00+00:00,67.38,13.48
2023-05-17 19:00:00+00:00,11.52,11.96
2023-05-17 20:00:00+00:00,0.0,10.77
2023-05-17 21:00:00+00:00,0.0,10.04
2023-05-17 22:00:00+00:00,0.0,9.5
2023-05-17 23:00:00+00:00,0.0,8.99
2023-05-18 00:00:00+00:00,0.0,8.64
2023-05-18 01:00:00+00:00,0.0,8.26
2023-05-18 02:00:00+00:00,0.0,7.75
2023-05-18 03:00:00+00:00,0.0,7.28
2023-05-18 04:00:00+00:00,10.52,7.26
2023-05-18 05:00:00+00:00,81.15,8.98
2023-05-18 06:00:00+00:00,174.65,10.7
2023-05-18 07:00:00+00:00,304.6,12.6
2023-05-18 08:00:00+00:00,448.55,14.43
2023-05-18 09:00:00+00:00,597.65,15.85
2023-05-18 10:00:00+00:00,690.53,16.82
2023-05-18 11:00:00+00:00,656.95,17.53
2023-05-18 12:00:00+00:00,596.65,17.97
2023-05-18 13:00:00+00:00,610.83,18.14
2023-05-18 14:00:00+00:00,546.42,17.99
2023-05-18 15:00:00+00:00,362.95,17.68
2023-05-18 16:00:00+00:00,222.18,17.22
2023-05-18 17:00:00+00:00,137.5,16.5
2023-05-18 18:00:00+00:00,64.0,14.95
2023-05-18 19:00:00+00:00,11.45,12.16
2023-05-18 20:00:00+00:00,0.0,10.38
2023-05-18 21:00:00+00:00,0.0,9.3
2023-05-18 22:00:00+00:00,0.0,8.44
2023-05-18 23:00:00+00:00,0.0,7.85
2023-05-19 00:00:00+00:00,0.0,7.53
2023-05-19 01:00:00+00:00,0.0,7.49
2023-05-19 02:00:00+00:00,0.0,7.53
2023-05-19 03:00:00+00:00,0.0,7.55
2023-05-19 04:00:00+00:00,9.3,7.72
2023-05-19 05:00:00+00:00,59.75,9.1
2023-05-19 06:00:00+00:00,138.1,10.12
2023-05-19 07:00:00+00:00,250.23,11.4
2023-05-19 08:00:00+00:00,365.6,12.48
2023-05-19 09:00:00+00:00,436.15,12.94
2023-05-19 10:00:00+00:00,568.97,13.53
2023-05-19 11:00:00+00:00,518.38,14.29
2023-05-19 12:00:00+00:00,518.58,14.85
2023-05-19 13:00:00+00:00,393.1,15.32
2023-05-19 14:00:00+00:00,409.3,15.89
2023-05-19 15:00:00+00:00,297.35,16.27
2023-05-19 16:00:00+00:00,237.5,16.25
2023-05-19 17:00:00+00:00,152.88,15.68
2023-05-19 18:00:00+00:00,83.38,14.28
2023-05-19 19:00:00+00:00,15.93,11.51
2023-05-19 20:00:00+00:00,0.0,9.98
2023-05-19 21:00:00+00:00,0.0,9.15
2023-05-19 22:00:00+00:00,0.0,7.99
2023-05-19 23:00:00+00:00,0.0,6.98
2023-05-20 00:00:00+00:00,0.0,6.72
2023-05-20 01:00:00+00:00,0.0,6.91
2023-05-20 02:00:00+00:00,0.0,7.13
2023-05-20 03:00:00+00:00,0.0,6.37
2023-05-20 04:00:00+00:00,18.08,6.64
2023-05-20 05:00:00+00:00,132.5,7.4
2023-05-20 06:00:00+00:00,283.98,9.18
2023-05-20 07:00:00+00:00,447.88,11.74
2023-05-20 08:00:00+00:00,602.05,14.26
2023-05-20 09:00:00+00:00,733.47,16.23
2023-05-20 10:00:00+00:00,823.75,17.52
2023-05-20 11:00:00+00:00,811.58,18.21
2023-05-20 12:00:00+00:00,753.67,18.63
2023-05-20 13:00:00+00:00,675.03,18.76
2023-05-20 14:00:00+00:00,641.72,18.54
2023-05-20 15:00:00+00:00,524.9,18.09
2023-05-20 16:00:00+00:00,389.17,17.37
2023-05-20 17:00:00+00:00,248.4,16.36
2023-05-20 18:00:00+00:00,123.0,14.68
2023-05-20 19:00:00+00:00,21.9,11.82
2023-05-20 20:00:00+00:00,0.0,10.12
2023-05-20 21:00:00+00:00,0.0,9.37
2023-05-20 22:00:00+00:00,0.0,8.46
2023-05-20 23:00:00+00:00,0.0,7.68
2023-05-21 00:00:00+00:00,0.0,7.22
2023-05-21 01:00:00+00:00,0.0,7.15
2023-05-21 02:00:00+00:00,0.0,7.14
2023-05-21 03:00:00+00:00,0.0,7.18
2023-05-21 04:00:00+00:00,20.95,7.28
2023-05-21 05:00:00+00:00,141.5,8.34
2023-05-21 06:00:00+00:00,286.85,10.26
2023-05-21 07:00:00+00:00,446.7,12.86
2023-05-21 08:00:00+00:00,616.15,14.96
2023-05-21 09:00:00+00:00,730.88,16.22
2023-05-21 10:00:00+00:00,687.15,17.24
2023-05-21 11:00:00+00:00,577.97,17.95
2023-05-21 12:00:00+00:00,620.62,18.52
2023-05-21 13:00:00+00:00,608.83,18.67
2023-05-21 14:00:00+00:00,554.08,18.59
2023-05-21 15:00:00+00:00,462.3,18.09
2023-05-21 16:00:00+00:00,308.12,17.25
2023-05-21 17:00:00+00:00,212.6,16.24
2023-05-21 18:00:00+00:00,114.78,14.99
2023-05-21 19:00:00+00:00,22.25,12.74
2023-05-21 20:00:00+00:00,0.0,10.97
2023-05-21 21:00:00+00:00,0.0,10.32
2023-05-21 22:00:00+00:00,0.0,9.7
2023-05-21 23:00:00+00:00,0.0,9.25
2023-05-22 00:00:00+00:00,0.0,9.04
2023-05-22 01:00:00+00:00,0.0,8.97
2023-05-22 02:00:00+00:00,0.0,8.92
2023-05-22 03:00:00+00:00,0.0,8.83
2023-05-22 04:00:00+00:00,12.25,9.03
2023-05-22 05:00:00+00:00,70.25,10.07
2023-05-22 06:00:00+00:00,133.48,11.46
2023-05-22 07:00:00+00:00,211.95,12.75
2023-05-22 08:00:00+00:00,273.75,14.05
2023-05-22 09:00:00+00:00,341.15,15.35
2023-05-22 10:00:00+00:00,430.65,16.57
2023-05-22 11:00:00+00:00,602.22,17.74
2023-05-22 12:00:00+00:00,647.72,18.79
2023-05-22 13:00:00+00:00,576.6,19.59
2023-05-22 14:00:00+00:00,610.17,19.88
2023-05-22 15:00:00+00:00,545.67,19.55
2023-05-22 16:00:00+00:00,413.42,18.64
2023-05-22 17:00:00+00:00,254.2,17.19
2023-05-22 18:00:00+00:00,122.88,15.32
2023-05-22 19:00:00+00:00,22.05,12.96
2023-05-22 20:00:00+00:00,0.0,11.14
2023-05-22 21:00:00+00:00,0.0,10.18
2023-05-22 22:00:00+00:00,0.0,9.35
2023-05-22 23:00:00+00:00,0.0,8.62
2023-05-23 00:00:00+00:00,0.0,8.03
2023-05-23 01:00:00+00:00,0.0,7.56
2023-05-23 02:00:00+00:00,0.0,7.3
2023-05-23 03:00:00+00:00,0.0,7.34
2023-05-23 04:00:00+00:00,17.17,7.63
2023-05-23 05:00:00+00:00,98.03,8.95
2023-05-23 06:00:00+00:00,186.02,10.32
2023-05-23 07:00:00+00:00,285.8,11.21
2023-05-23 08:00:00+00:00,422.88,11.68
2023-05-23 09:00:00+00:00,576.35,12.77
2023-05-23 10:00:00+00:00,634.92,14.57
2023-05-23 11:00:00+00:00,626.28,16.1
2023-05-23 12:00:00+00:00,609.72,16.87
2023-05-23 13:00:00+00:00,639.6,17.01
2023-05-23 14:00:00+00:00,545.4,16.98
2023-05-23 15:00:00+00:00,450.9,17.09
2023-05-23 16:00:00+00:00,333.92,16.74
2023-05-23 17:00:00+00:00,218.35,16.04
2023-05-23 18:00:00+00:00,105.97,14.93
2023-05-23 19:00:00+00:00,22.6,12.55
2023-05-23 20:00:00+00:00,0.0,10.76
2023-05-23 21:00:00+00:00,0.0,10.04
2023-05-23 22:00:00+00:00,0.0,9.49
2023-05-23 23:00:00+00:00,0.0,9.07
2023-05-24 00:00:00+00:00,0.0,8.63
2023-05-24 01:00:00+00:00,0.0,8.13
2023-05-24 02:00:00+00:00,0.0,7.61
2023-05-24 03:00:00+00:00,0.0,7.03
2023-05-24 04:00:00+00:00,18.23,7.25
2023-05-24 05:00:00+00:00,105.93,9.42
2023-05-24 06:00:00+00:00,233.4,11.18
2023-05-24 07:00:00+00:00,374.95,12.96
2023-05-24 08:00:00+00:00,525.47,14.42
2023-05-24 09:00:00+00:00,663.75,15.97
2023-05-24 10:00:00+00:00,779.08,17.41
2023-05-24 11:00:00+00:00,841.7,18.55
2023-05-24 12:00:00+00:00,842.55,19.43
2023-05-24 13:00:00+00:00,819.33,20.02
2023-05-24 14:00:00+00:00,737.65,20.3
2023-05-24 15:00:00+00:00,594.85,20.24
2023-05-24 16:00:00+00:00,438.52,19.8
2023-05-24 17:00:00+00:00,285.73,18.94
2023-05-24 18:00:00+00:00,144.35,17.34
2023-05-24 19:00:00+00:00,29.15,14.84
2023-05-24 20:00:00+00:00,0.0,12.64
2023-05-24 21:00:00+00:00,0.0,11.42
2023-05-24 22:00:00+00:00,0.0,10.23
2023-05-24 23:00:00+00:00,0.0,9.28
2023-05-25 00:00:00+00:00,0.0,8.57
2023-05-25 01:00:00+00:00,0.0,8.17
2023-05-25 02:00:00+00:00,0.0,7.98
2023-05-25 03:00:00+00:00,0.0,7.82
2023-05-25 04:00:00+00:00,20.83,8.13
2023-05-25 05:00:00+00:00,116.03,9.54
2023-05-25 06:00:00+00:00,241.05,11.52
2023-05-25 07:00:00+00:00,377.5,13.91
2023-05-25 08:00:00+00:00,512.72,15.52
2023-05-25 09:00:00+00:00,673.45,16.63
2023-05-25 10:00:00+00:00,751.88,17.46
2023-05-25 11:00:00+00:00,765.28,18.07
2023-05-25 12:00:00+00:00,711.38,18.44
2023-05-25 13:00:00+00:00,692.55,18.52
2023-05-25 14:00:00+00:00,603.83,18.27
2023-05-25 15:00:00+00:00,496.48,17.75
2023-05-25 16:00:00+00:00,395.02,17.03
2023-05-25 17:00:00+00:00,246.93,16.04
2023-05-25 18:00:00+00:00,125.97,14.66
2023-05-25 19:00:00+00:00,27.2,12.73
2023-05-25 20:00:00+00:00,0.0,10.64
2023-05-25 21:00:00+00:00,0.0,9.4
2023-05-25 22:00:00+00:00,0.0,8.49
2023-05-25 23:00:00+00:00,0.0,7.8
2023-05-26 00:00:00+00:00,0.0,7.26
2023-05-26 01:00:00+00:00,0.0,6.88
2023-05-26 02:00:00+00:00,0.0,6.64
2023-05-26 03:00:00+00:00,0.0,6.58
2023-05-26 04:00:00+00:00,25.17,7.04
2023-05-26 05:00:00+00:00,144.62,8.69
2023-05-26 06:00:00+00:00,296.67,10.72
2023-05-26 07:00:00+00:00,463.95,12.43
2023-05-26 08:00:00+00:00,618.42,13.82
2023-05-26 09:00:00+00:00,744.3,15.16
2023-05-26 10:00:00+00:00,835.25,16.35
2023-05-26 11:00:00+00:00,882.88,17.17
2023-05-26 12:00:00+00:00,871.53,17.64
2023-05-26 13:00:00+00:00,833.2,17.72
2023-05-26 14:00:00+00:00,736.85,17.5
2023-05-26 15:00:00+00:00,614.72,17.04
2023-05-26 16:00:00+00:00,464.55,16.27
2023-05-26 17:00:00+00:00,303.0,15.21
2023-05-26 18:00:00+00:00,151.98,13.75
2023-05-26 19:00:00+00:00,31.9,11.6
2023-05-26 20:00:00+00:00,0.0,9.78
2023-05-26 21:00:00+00:00,0.0,9.12
2023-05-26 22:00:00+00:00,0.0,8.42
2023-05-26 23:00:00+00:00,0.0,7.86
2023-05-27 00:00:00+00:00,0.0,7.61
2023-05-27 01:00:00+00:00,0.0,7.48
2023-05-27 02:00:00+00:00,0.0,7.28
2023-05-27 03:00:00+00:00,0.0,6.99
2023-05-27 04:00:00+00:00,22.08,7.21
2023-05-27 05:00:00+00:00,124.2,9.13
2023-05-27 06:00:00+00:00,249.0,10.97
2023-05-27 07:00:00+00:00,394.62,12.56
2023-05-27 08:00:00+00:00,540.55,13.9
2023-05-27 09:00:00+00:00,725.47,15.25
2023-05-27 10:00:00+00:00,821.58,16.53
2023-05-27 11:00:00+00:00,873.4,17.6
2023-05-27 12:00:00+00:00,898.62,18.33
2023-05-27 13:00:00+00:00,852.97,18.72
2023-05-27 14:00:00+00:00,764.05,18.76
2023-05-27 15:00:00+00:00,638.62,18.38
2023-05-27 16:00:00+00:00,486.3,17.61
2023-05-27 17:00:00+00:00,321.1,16.41
2023-05-27 18:00:00+00:00,162.95,14.82
2023-05-27 19:00:00+00:00,35.85,12.53
2023-05-27 20:00:00+00:00,0.0,10.23
2023-05-27 21:00:00+00:00,0.0,8.8
2023-05-27 22:00:00+00:00,0.0,7.83
2023-05-27 23:00:00+00:00,0.0,7.15
2023-05-28 00:00:00+00:00,0.0,6.61
2023-05-28 01:00:00+00:00,0.0,6.12
2023-05-28 02:00:00+00:00,0.0,5.8
2023-05-28 03:00:00+00:00,0.0,5.83
2023-05-28 04:00:00+00:00,24.2,6.75
2023-05-28 05:00:00+00:00,126.55,8.64
2023-05-28 06:00:00+00:00,247.8,10.47
2023-05-28 07:00:00+00:00,389.55,13.01
2023-05-28 08:00:00+00:00,554.6,15.23
2023-05-28 09:00:00+00:00,672.47,17.01
2023-05-28 10:00:00+00:00,781.58,18.41
2023-05-28 11:00:00+00:00,836.75,19.38
2023-05-28 12:00:00+00:00,778.78,19.96
2023-05-28 13:00:00+00:00,717.72,20.05
2023-05-28 14:00:00+00:00,601.8,19.76
2023-05-28 15:00:00+00:00,445.25,19.23
2023-05-28 16:00:00+00:00,338.5,18.44
2023-05-28 17:00:00+00:00,203.82,17.31
2023-05-28 18:00:00+00:00,111.93,15.74
2023-05-28 19:00:00+00:00,28.55,13.93
2023-05-28 20:00:00+00:00,0.0,12.51
2023-05-28 21:00:00+00:00,0.0,11.37
2023-05-28 22:00:00+00:00,0.0,10.31
2023-05-28 23:00:00+00:00,0.0,9.41
2023-05-29 00:00:00+00:00,0.0,8.55
2023-05-29 01:00:00+00:00,0.0,7.81
2023-05-29 02:00:00+00:00,0.0,7.28
2023-05-29 03:00:00+00:00,0.0,6.73
2023-05-29 04:00:00+00:00,27.08,6.67
2023-05-29 05:00:00+00:00,131.02,7.92
2023-05-29 06:00:00+00:00,243.45,10.02
2023-05-29 07:00:00+00:00,364.55,11.57
2023-05-29 08:00:00+00:00,462.15,12.91
2023-05-29 09:00:00+00:00,569.62,14.13
2023-05-29 10:00:00+00:00,672.7,15.2
2023-05-29 11:00:00+00:00,773.65,16.01
2023-05-29 12:00:00+00:00,826.35,16.44
2023-05-29 13:00:00+00:00,781.35,16.55
2023-05-29 14:00:00+00:00,712.85,16.31
2023-05-29 15:00:00+00:00,582.72,15.85
2023-05-29 16:00:00+00:00,423.17,15.25
2023-05-29 17:00:00+00:00,259.4,14.36
2023-05-29 18:00:00+00:00,137.98,13.09
2023-05-29 19:00:00+00:00,33.47,11.26
2023-05-29 20:00:00+00:00,0.0,9.54
2023-05-29 21:00:00+00:00,0.0,8.73
2023-05-29 22:00:00+00:00,0.0,8.01
2023-05-29 23:00:00+00:00,0.0,7.42
2023-05-30 00:00:00+00:00,0.0,7.22
2023-05-30 01:00:00+00:00,0.0,7.19
2023-05-30 02:00:00+00:00,0.0,7.21
2023-05-30 03:00:00+00:00,0.0,7.24
2023-05-30 04:00:00+00:00,25.7,7.42
2023-05-30 05:00:00+00:00,111.53,8.52
2023-05-30 06:00:00+00:00,190.38,10.36
2023-05-30 07:00:00+00:00,304.8,11.97
2023-05-30 08:00:00+00:00,477.2,13.47
2023-05-30 09:00:00+00:00,661.15,14.85
2023-05-30 10:00:00+00:00,791.17,16.05
2023-05-30 11:00:00+00:00,811.7,17.09
2023-05-30 12:00:00+00:00,787.15,17.73
2023-05-30 13:00:00+00:00,632.78,18.06
2023-05-30 14:00:00+00:00,524.65,18.06
2023-05-30 15:00:00+00:00,381.3,17.69
2023-05-30 16:00:00+00:00,247.75,16.91
2023-05-30 17:00:00+00:00,164.38,15.78
2023-05-30 18:00:00+00:00,95.5,14.27
2023-05-30 19:00:00+00:00,27.88,12.75
2023-05-30 20:00:00+00:00,0.0,11.71
2023-05-30 21:00:00+00:00,0.0,11.13
2023-05-30 22:00:00+00:00,0.0,10.86
2023-05-30 23:00:00+00:00,0.0,10.7
2023-05-31 00:00:00+00:00,0.0,10.58
2023-05-31 01:00:00+00:00,0.0,10.46
2023-05-31 02:00:00+00:00,0.0,10.34
2023-05-31 03:00:00+00:00,0.0,10.23
2023-05-31 04:00:00+00:00,29.58,10.19
2023-05-31 05:00:00+00:00,112.82,10.52
2023-05-31 06:00:00+00:00,171.25,11.32
2023-05-31 07:00:00+00:00,230.0,12.22
2023-05-31 08:00:00+00:00,317.23,13.23
2023-05-31 09:00:00+00:00,415.23,14.7
2023-05-31 10:00:00+00:00,505.9,16.39
2023-05-31 11:00:00+00:00,560.45,17.75
2023-05-31 12:00:00+00:00,612.22,18.59
2023-05-31 13:00:00+00:00,628.72,18.99
2023-05-31 14:00:00+00:00,514.1,18.99
2023-05-31 15:00:00+00:00,433.33,18.65
2023-05-31 16:00:00+00:00,316.3,17.96
2023-05-31 17:00:00+00:00,210.75,16.92
2023-05-31 18:00:00+00:00,121.9,15.48
2023-05-31 19:00:00+00:00,34.17,13.55
2023-05-31 20:00:00+00:00,0.0,11.76
2023-05-31 21:00:00+00:00,0.0,10.79
2023-05-31 22:00:00+00:00,0.0,10.29
2023-05-31 23:00:00+00:00,0.0,10.0
2023-06-01 00:00:00+00:00,0.0,9.78
2023-06-01 01:00:00+00:00,0.0,9.61
2023-06-01 02:00:00+00:00,0.0,9.43
2023-06-01 03:00:00+00:00,0.0,9.23
2023-06-01 04:00:00+00:00,9.4,9.21
2023-06-01 05:00:00+00:00,62.28,9.65
2023-06-01 06:00:00+00:00,110.1,10.58
2023-06-01 07:00:00+00:00,163.73,12.03
2023-06-01 08:00:00+00:00,239.55,13.56
2023-06-01 09:00:00+00:00,353.0,14.98
2023-06-01 10:00:00+00:00,444.48,16.31
2023-06-01 11:00:00+00:00,647.85,17.39
2023-06-01 12:00:00+00:00,706.15,18.19
2023-06-01 13:00:00+00:00,805.97,18.6
2023-06-01 14:00:00+00:00,739.95,18.7
2023-06-01 15:00:00+00:00,625.45,18.52
2023-06-01 16:00:00+00:00,454.02,17.93
2023-06-01 17:00:00+00:00,298.98,16.8
2023-06-01 18:00:00+00:00,155.02,15.14
2023-06-01 19:00:00+00:00,41.03,13.05
2023-06-01 20:00:00+00:00,0.0,11.34
2023-06-01 21:00:00+00:00,0.0,10.39
2023-06-01 22:00:00+00:00,0.0,9.95
2023-06-01 23:00:00+00:00,0.0,9.76
2023-06-02 00:00:00+00:00,0.0,9.56
2023-06-02 01:00:00+00:00,0.0,9.3
2023-06-02 02:00:00+00:00,0.0,9.07
2023-06-02 03:00:00+00:00,0.0,8.75
2023-06-02 04:00:00+00:00,8.77,8.71
2023-06-02 05:00:00+00:00,68.38,9.35
2023-06-02 06:00:00+00:00,130.85,10.35
2023-06-02 07:00:00+00:00,204.95,11.72
2023-06-02 08:00:00+00:00,301.17,13.21
2023-06-02 09:00:00+00:00,475.3,14.56
2023-06-02 10:00:00+00:00,693.9,15.73
2023-06-02 11:00:00+00:00,846.42,16.71
2023-06-02 12:00:00+00:00,896.38,17.36
2023-06-02 13:00:00+00:00,853.9,17.66
2023-06-02 14:00:00+00:00,766.03,17.63
2023-06-02 15:00:00+00:00,644.2,17.34
2023-06-02 16:00:00+00:00,495.02,16.73
2023-06-02 17:00:00+00:00,333.77,15.76
2023-06-02 18:00:00+00:00,176.93,14.41
2023-06-02 19:00:00+00:00,48.2,12.31
2023-06-02 20:00:00+00:00,0.0,10.12
2023-06-02 21:00:00+00:00,0.0,9.13
2023-06-02 22:00:00+00:00,0.0,8.37
2023-06-02 23:00:00+00:00,0.0,7.75
2023-06-03 00:00:00+00:00,0.0,7.67
2023-06-03 01:00:00+00:00,0.0,7.83
2023-06-03 02:00:00+00:00,0.0,7.87
2023-06-03 03:00:00+00:00,0.0,7.71
2023-06-03 04:00:00+00:00,31.98,7.94
2023-06-03 05:00:00+00:00,124.43,8.8
2023-06-03 06:00:00+00:00,228.55,10.81
2023-06-03 07:00:00+00:00,333.2,13.2
2023-06-03 08:00:00+00:00,468.8,15.39
2023-06-03 09:00:00+00:00,704.15,17.3
2023-06-03 10:00:00+00:00,826.6,18.84
2023-06-03 11:00:00+00:00,852.85,19.81
2023-06-03 12:00:00+00:00,715.25,20.49
2023-06-03 13:00:00+00:00,736.35,20.74
2023-06-03 14:00:00+00:00,627.67,20.59
2023-06-03 15:00:00+00:00,540.47,20.16
2023-06-03 16:00:00+00:00,429.83,19.41
2023-06-03 17:00:00+00:00,284.52,18.31
2023-06-03 18:00:00+00:00,150.6,16.76
2023-06-03 19:00:00+00:00,42.7,14.41
2023-06-03 20:00:00+00:00,0.0,12.27
2023-06-03 21:00:00+00:00,0.0,11.27
2023-06-03 22:00:00+00:00,0.0,10.28
2023-06-03 23:00:00+00:00,0.0,9.42
2023-06-04 00:00:00+00:00,0.0,8.77
2023-06-04 01:00:00+00:00,0.0,8.44
2023-06-04 02:00:00+00:00,0.0,8.21
2023-06-04 03:00:00+00:00,0.0,7.99
2023-06-04 04:00:00+00:00,31.75,8.2
2023-06-04 05:00:00+00:00,147.15,9.46
2023-06-04 06:00:00+00:00,295.77,11.55
2023-06-04 07:00:00+00:00,457.08,13.86
2023-06-04 08:00:00+00:00,620.0,15.73
2023-06-04 09:00:00+00:00,746.67,17.3
2023-06-04 10:00:00+00:00,838.03,18.52
2023-06-04 11:00:00+00:00,886.85,19.38
2023-06-04 12:00:00+00:00,893.1,19.94
2023-06-04 13:00:00+00:00,849.3,20.11
2023-06-04 14:00:00+00:00,762.62,19.97
2023-06-04 15:00:00+00:00,639.75,19.59
2023-06-04 16:00:00+00:00,490.35,18.92
2023-06-04 17:00:00+00:00,327.95,17.91
2023-06-04 18:00:00+00:00,171.73,16.33
2023-06-04 19:00:00+00:00,46.95,13.71
2023-06-04 20:00:00+00:00,0.0,11.51
2023-06-04 21:00:00+00:00,0.0,10.58
2023-06-04 22:00:00+00:00,0.0,9.64
2023-06-04 23:00:00+00:00,0.0,8.8
2023-06-05 00:00:00+00:00,0.0,8.44
2023-06-05 01:00:00+00:00,0.0,8.31
2023-06-05 02:00:00+00:00,0.0,8.23
2023-06-05 03:00:00+00:00,0.0,8.33
2023-06-05 04:00:00+00:00,16.58,8.67
2023-06-05 05:00:00+00:00,67.82,9.47
2023-06-05 06:00:00+00:00,110.78,10.79
2023-06-05 07:00:00+00:00,158.48,12.4
2023-06-05 08:00:00+00:00,224.1,13.95
2023-06-05 09:00:00+00:00,321.65,15.29
2023-06-05 10:00:00+00:00,427.33,16.48
2023-06-05 11:00:00+00:00,568.53,17.47
2023-06-05 12:00:00+00:00,629.72,18.17
2023-06-05 13:00:00+00:00,661.75,18.55
2023-06-05 14:00:00+00:00,638.08,18.6
2023-06-05 15:00:00+00:00,564.1,18.35
2023-06-05 16:00:00+00:00,420.17,17.76
2023-06-05 17:00:00+00:00,277.2,16.79
2023-06-05 18:00:00+00:00,148.73,15.32
2023-06-05 19:00:00+00:00,43.2,13.03
2023-06-05 20:00:00+00:00,0.0,10.88
2023-06-05 21:00:00+00:00,0.0,9.79
2023-06-05 22:00:00+00:00,0.0,9.26
2023-06-05 23:00:00+00:00,0.0,9.15
2023-06-06 00:00:00+00:00,0.0,9.37
2023-06-06 01:00:00+00:00,0.0,9.52
2023-06-06 02:00:00+00:00,0.0,9.56
2023-06-06 03:00:00+00:00,0.0,9.45
2023-06-06 04:00:00+00:00,9.8,9.49
2023-06-06 05:00:00+00:00,57.2,10.16
2023-06-06 06:00:00+00:00,97.03,11.2
2023-06-06 07:00:00+00:00,166.75,12.62
2023-06-06 08:00:00+00:00,239.7,14.09
2023-06-06 09:00:00+00:00,308.95,15.38
2023-06-06 10:00:00+00:00,376.55,16.46
2023-06-06 11:00:00+00:00,445.98,17.33
2023-06-06 12:00:00+00:00,476.42,17.97
2023-06-06 13:00:00+00:00,495.4,18.29
2023-06-06 14:00:00+00:00,457.8,18.28
2023-06-06 15:00:00+00:00,395.67,17.98
2023-06-06 16:00:00+00:00,293.42,17.38
2023-06-06 17:00:00+00:00,199.15,16.4
2023-06-06 18:00:00+00:00,109.05,14.95
2023-06-06 19:00:00+00:00,36.55,12.76
2023-06-06 20:00:00+00:00,0.0,10.76
2023-06-06 21:00:00+00:00,0.0,9.86
2023-06-06 22:00:00+00:00,0.0,9.06
2023-06-06 23:00:00+00:00,0.0,8.47
2023-06-07 00:00:00+00:00,0.0,7.92
2023-06-07 01:00:00+00:00,0.0,7.49
2023-06-07 02:00:00+00:00,0.0,7.28
2023-06-07 03:00:00+00:00,0.0,7.16
2023-06-07 04:00:00+00:00,16.77,7.85
2023-06-07 05:00:00+00:00,80.15,9.26
2023-06-07 06:00:00+00:00,142.77,10.96
2023-06-07 07:00:00+00:00,216.05,12.88
2023-06-07 08:00:00+00:00,313.85,14.63
2023-06-07 09:00:00+00:00,473.83,16.25
2023-06-07 10:00:00+00:00,667.33,17.63
2023-06-07 11:00:00+00:00,845.1,18.76
2023-06-07 12:00:00+00:00,864.5,19.6
2023-06-07 13:00:00+00:00,825.38,20.11
2023-06-07 14:00:00+00:00,740.85,20.22
2023-06-07 15:00:00+00:00,620.95,19.96
2023-06-07 16:00:00+00:00,476.0,19.32
2023-06-07 17:00:00+00:00,319.58,18.24
2023-06-07 18:00:00+00:00,170.2,16.6
2023-06-07 19:00:00+00:00,49.55,14.25
2023-06-07 20:00:00+00:00,0.0,12.1
2023-06-07 21:00:00+00:00,0.0,10.99
2023-06-07 22:00:00+00:00,0.0,10.13
2023-06-07 23:00:00+00:00,0.0,9.34
2023-06-08 00:00:00+00:00,0.0,8.89
2023-06-08 01:00:00+00:00,0.0,8.63
2023-06-08 02:00:00+00:00,0.0,8.36
2023-06-08 03:00:00+00:00,0.0,8.13
2023-06-08 04:00:00+00:00,27.5,8.28
2023-06-08 05:00:00+00:00,130.77,9.35
2023-06-08 06:00:00+00:00,247.12,11.09
2023-06-08 07:00:00+00:00,394.35,12.93
2023-06-08 08:00:00+00:00,575.67,14.59
2023-06-08 09:00:00+00:00,745.35,16.29
2023-06-08 10:00:00+00:00,836.5,17.87
2023-06-08 11:00:00+00:00,886.0,19.16
2023-06-08 12:00:00+00:00,891.72,20.04
2023-06-08 13:00:00+00:00,850.67,20.49
2023-06-08 14:00:00+00:00,765.72,20.47
2023-06-08 15:00:00+00:00,644.9,20.12
2023-06-08 16:00:00+00:00,497.55,19.42
2023-06-08 17:00:00+00:00,337.12,18.31
2023-06-08 18:00:00+00:00,180.85,16.78
2023-06-08 19:00:00+00:00,54.28,14.76
2023-06-08 20:00:00+00:00,0.0,13.08
2023-06-08 21:00:00+00:00,0.0,12.09
2023-06-08 22:00:00+00:00,0.0,11.26
2023-06-08 23:00:00+00:00,0.0,10.84
2023-06-09 00:00:00+00:00,0.0,10.65
2023-06-09 01:00:00+00:00,0.0,10.52
2023-06-09 02:00:00+00:00,0.0,10.38
2023-06-09 03:00:00+00:00,0.0,10.2
2023-06-09 04:00:00+00:00,29.02,10.33
2023-06-09 05:00:00+00:00,125.65,11.53
2023-06-09 06:00:00+00:00,233.27,13.45
2023-06-09 07:00:00+00:00,360.5,15.59
2023-06-09 08:00:00+00:00,552.75,17.39
2023-06-09 09:00:00+00:00,704.47,19.06
2023-06-09 10:00:00+00:00,794.35,20.6
2023-06-09 11:00:00+00:00,844.7,21.78
2023-06-09 12:00:00+00:00,864.08,22.49
2023-06-09 13:00:00+00:00,820.78,22.88
2023-06-09 14:00:00+00:00,740.0,22.83
2023-06-09 15:00:00+00:00,624.95,22.6
2023-06-09 16:00:00+00:00,480.7,22.07
2023-06-09 17:00:00+00:00,318.8,21.16
2023-06-09 18:00:00+00:00,168.4,19.76
2023-06-09 19:00:00+00:00,49.78,17.78
2023-06-09 20:00:00+00:00,0.0,16.05
2023-06-09 21:00:00+00:00,0.0,15.08
2023-06-09 22:00:00+00:00,0.0,14.18
2023-06-09 23:00:00+00:00,0.0,13.36
2023-06-10 00:00:00+00:00,0.0,12.84
2023-06-10 01:00:00+00:00,0.0,12.53
2023-06-10 02:00:00+00:00,0.0,12.4
2023-06-10 03:00:00+00:00,0.0,12.37
2023-06-10 04:00:00+00:00,27.45,13.26
2023-06-10 05:00:00+00:00,122.2,15.1
2023-06-10 06:00:00+00:00,249.68,16.85
2023-06-10 07:00:00+00:00,400.95,19.36
2023-06-10 08:00:00+00:00,549.8,21.75
2023-06-10 09:00:00+00:00,682.42,23.66
2023-06-10 10:00:00+00:00,773.22,25.14
2023-06-10 11:00:00+00:00,801.25,26.04
2023-06-10 12:00:00+00:00,787.38,26.48
2023-06-10 13:00:00+00:00,629.58,26.64
2023-06-10 14:00:00+00:00,562.42,26.65
2023-06-10 15:00:00+00:00,425.02,26.35
2023-06-10 16:00:00+00:00,311.4,25.6
2023-06-10 17:00:00+00:00,189.27,24.29
2023-06-10 18:00:00+00:00,95.93,22.2
2023-06-10 19:00:00+00:00,29.33,19.5
2023-06-10 20:00:00+00:00,0.0,17.22
2023-06-10 21:00:00+00:00,0.0,15.98
2023-06-10 22:00:00+00:00,0.0,15.17
2023-06-10 23:00:00+00:00,0.0,14.71
2023-06-11 00:00:00+00:00,0.0,14.39
2023-06-11 01:00:00+00:00,0.0,14.17
2023-06-11 02:00:00+00:00,0.0,13.93
2023-06-11 03:00:00+00:00,0.0,13.69
2023-06-11 04:00:00+00:00,22.42,14.47
2023-06-11 05:00:00+00:00,90.75,16.5
2023-06-11 06:00:00+00:00,175.52,17.74
2023-06-11 07:00:00+00:00,281.88,19.31
2023-06-11 08:00:00+00:00,372.5,21.65
2023-06-11 09:00:00+00:00,455.77,23.8
2023-06-11 10:00:00+00:00,529.85,25.45
2023-06-11 11:00:00+00:00,531.35,26.58
2023-06-11 12:00:00+00:00,572.22,27.26
2023-06-11 13:00:00+00:00,553.47,27.5
2023-06-11 14:00:00+00:00,504.65,27.59
2023-06-11 15:00:00+00:00,381.2,27.19
2023-06-11 16:00:00+00:00,288.45,26.27
2023-06-11 17:00:00+00:00,171.2,25.55
2023-06-11 18:00:00+00:00,86.18,23.96
2023-06-11 19:00:00+00:00,29.58,21.4
2023-06-11 20:00:00+00:00,0.0,19.21
2023-06-11 21:00:00+00:00,0.0,18.03
2023-06-11 22:00:00+00:00,0.0,17.25
2023-06-11 23:00:00+00:00,0.0,16.92
2023-06-12 00:00:00+00:00,0.0,16.82
2023-06-12 01:00:00+00:00,0.0,16.15
2023-06-12 02:00:00+00:00,0.0,15.52
2023-06-12 03:00:00+00:00,0.0,14.98
2023-06-12 04:00:00+00:00,20.1,15.3
2023-06-12 05:00:00+00:00,82.75,16.65
2023-06-12 06:00:00+00:00,157.85,17.99
2023-06-12 07:00:00+00:00,276.08,20.19
2023-06-12 08:00:00+00:00,416.02,22.35
2023-06-12 09:00:00+00:00,532.08,23.54
2023-06-12 10:00:00+00:00,593.0,24.51
2023-06-12 11:00:00+00:00,566.33,25.24
2023-06-12 12:00:00+00:00,668.22,25.71
2023-06-12 13:00:00+00:00,563.2,25.89
2023-06-12 14:00:00+00:00,495.77,25.82
2023-06-12 15:00:00+00:00,376.55,25.55
2023-06-12 16:00:00+00:00,249.82,25.1
2023-06-12 17:00:00+00:00,157.77,24.32
2023-06-12 18:00:00+00:00,88.25,22.91
2023-06-12 19:00:00+00:00,30.33,20.68
2023-06-12 20:00:00+00:00,0.0,18.87
2023-06-12 21:00:00+00:00,0.0,17.74
2023-06-12 22:00:00+00:00,0.0,16.4
2023-06-12 23:00:00+00:00,0.0,15.07
2023-06-13 00:00:00+00:00,0.0,14.03
2023-06-13 01:00:00+00:00,0.0,13.23
2023-06-13 02:00:00+00:00,0.0,12.76
2023-06-13 03:00:00+00:00,0.0,12.36
2023-06-13 04:00:00+00:00,31.48,12.65
2023-06-13 05:00:00+00:00,141.05,13.63
2023-06-13 06:00:00+00:00,287.7,15.22
2023-06-13 07:00:00+00:00,446.77,17.74
2023-06-13 08:00:00+00:00,596.85,20.09
2023-06-13 09:00:00+00:00,723.42,22.23
2023-06-13 10:00:00+00:00,815.65,23.97
2023-06-13 11:00:00+00:00,866.97,25.1
2023-06-13 12:00:00+00:00,837.2,25.47
2023-06-13 13:00:00+00:00,810.45,25.34
2023-06-13 14:00:00+00:00,728.05,24.97
2023-06-13 15:00:00+00:00,609.95,24.43
2023-06-13 16:00:00+00:00,470.58,23.59
2023-06-13 17:00:00+00:00,318.75,22.43
2023-06-13 18:00:00+00:00,173.25,20.72
2023-06-13 19:00:00+00:00,56.53,18.23
2023-06-13 20:00:00+00:00,0.0,15.96
2023-06-13 21:00:00+00:00,0.0,14.59
2023-06-13 22:00:00+00:00,0.0,13.41
2023-06-13 23:00:00+00:00,0.0,12.48
2023-06-14 00:00:00+00:00,0.0,11.77
2023-06-14 01:00:00+00:00,0.0,11.14
2023-06-14 02:00:00+00:00,0.0,10.74
2023-06-14 03:00:00+00:00,0.0,10.49
2023-06-14 04:00:00+00:00,41.0,10.96
2023-06-14 05:00:00+00:00,165.52,12.42
2023-06-14 06:00:00+00:00,318.27,14.8
2023-06-14 07:00:00+00:00,473.55,17.38
2023-06-14 08:00:00+00:00,616.33,19.72
2023-06-14 09:00:00+00:00,734.45,21.81
2023-06-14 10:00:00+00:00,817.03,23.55
2023-06-14 11:00:00+00:00,860.25,24.63
2023-06-14 12:00:00+00:00,864.97,25.18
2023-06-14 13:00:00+00:00,837.55,25.38
2023-06-14 14:00:00+00:00,734.72,25.3
2023-06-14 15:00:00+00:00,599.35,24.96
2023-06-14 16:00:00+00:00,440.5,24.23
2023-06-14 17:00:00+00:00,304.02,22.98
2023-06-14 18:00:00+00:00,167.65,21.09
2023-06-14 19:00:00+00:00,56.1,18.23
2023-06-14 20:00:00+00:00,0.0,15.78
2023-06-14 21:00:00+00:00,0.0,14.67
2023-06-14 22:00:00+00:00,0.0,13.74
2023-06-14 23:00:00+00:00,0.0,12.89
2023-06-15 00:00:00+00:00,0.0,12.21
2023-06-15 01:00:00+00:00,0.0,11.67
2023-06-15 02:00:00+00:00,0.0,11.21
2023-06-15 03:00:00+00:00,0.0,10.77
2023-06-15 04:00:00+00:00,36.1,11.74
2023-06-15 05:00:00+00:00,148.35,13.65
2023-06-15 06:00:00+00:00,287.95,15.48
2023-06-15 07:00:00+00:00,446.7,17.97
2023-06-15 08:00:00+00:00,590.38,20.21
2023-06-15 09:00:00+00:00,724.1,22.16
2023-06-15 10:00:00+00:00,806.67,23.59
2023-06-15 11:00:00+00:00,846.58,24.49
2023-06-15 12:00:00+00:00,787.72,25.01
2023-06-15 13:00:00+00:00,684.55,25.22
2023-06-15 14:00:00+00:00,672.33,25.16
2023-06-15 15:00:00+00:00,563.8,24.84
2023-06-15 16:00:00+00:00,432.88,24.28
2023-06-15 17:00:00+00:00,282.12,23.2
2023-06-15 18:00:00+00:00,158.45,21.42
2023-06-15 19:00:00+00:00,52.92,18.74
2023-06-15 20:00:00+00:00,0.0,16.54
2023-06-15 21:00:00+00:00,0.0,15.36
2023-06-15 22:00:00+00:00,0.0,14.27
2023-06-15 23:00:00+00:00,0.0,13.34
2023-06-16 00:00:00+00:00,0.0,12.6
2023-06-16 01:00:00+00:00,0.0,11.99
2023-06-16 02:00:00+00:00,0.0,11.5
2023-06-16 03:00:00+00:00,0.0,11.07
2023-06-16 04:00:00+00:00,32.67,11.93
2023-06-16 05:00:00+00:00,140.73,14.07
2023-06-16 06:00:00+00:00,280.58,15.88
2023-06-16 07:00:00+00:00,440.12,18.59
2023-06-16 08:00:00+00:00,592.0,20.67
2023-06-16 09:00:00+00:00,718.65,22.14
2023-06-16 10:00:00+00:00,809.8,23.23
2023-06-16 11:00:00+00:00,839.4,24.02
2023-06-16 12:00:00+00:00,850.17,24.54
2023-06-16 13:00:00+00:00,773.4,24.79
2023-06-16 14:00:00+00:00,661.38,24.78
2023-06-16 15:00:00+00:00,555.12,24.53
2023-06-16 16:00:00+00:00,416.58,24.0
2023-06-16 17:00:00+00:00,267.17,22.93
2023-06-16 18:00:00+00:00,145.6,20.8
2023-06-16 19:00:00+00:00,47.62,18.34
2023-06-16 20:00:00+00:00,0.0,16.31
2023-06-16 21:00:00+00:00,0.0,14.66
2023-06-16 22:00:00+00:00,0.0,13.85
2023-06-16 23:00:00+00:00,0.0,13.54
2023-06-17 00:00:00+00:00,0.0,13.15
2023-06-17 01:00:00+00:00,0.0,12.77
2023-06-17 02:00:00+00:00,0.0,12.59
2023-06-17 03:00:00+00:00,0.0,12.61
2023-06-17 04:00:00+00:00,20.27,13.12
2023-06-17 05:00:00+00:00,82.15,14.3
2023-06-17 06:00:00+00:00,158.57,15.33
2023-06-17 07:00:00+00:00,272.12,16.44
2023-06-17 08:00:00+00:00,383.83,17.65
2023-06-17 09:00:00+00:00,479.85,19.25
2023-06-17 10:00:00+00:00,555.03,21.13
2023-06-17 11:00:00+00:00,634.58,22.78
2023-06-17 12:00:00+00:00,624.92,23.77
2023-06-17 13:00:00+00:00,617.05,24.08
2023-06-17 14:00:00+00:00,494.05,23.89
2023-06-17 15:00:00+00:00,388.73,23.38
2023-06-17 16:00:00+00:00,298.73,22.68
2023-06-17 17:00:00+00:00,193.98,21.87
2023-06-17 18:00:00+00:00,100.15,20.65
2023-06-17 19:00:00+00:00,36.97,18.78
2023-06-17 20:00:00+00:00,0.0,17.39
2023-06-17 21:00:00+00:00,0.0,16.73
2023-06-17 22:00:00+00:00,0.0,16.32
2023-06-17 23:00:00+00:00,0.0,16.11
2023-06-18 00:00:00+00:00,0.0,16.09
2023-06-18 01:00:00+00:00,0.0,16.12
2023-06-18 02:00:00+00:00,0.0,16.03
2023-06-18 03:00:00+00:00,0.0,15.93
2023-06-18 04:00:00+00:00,21.08,16.34
2023-06-18 05:00:00+00:00,80.85,17.44
2023-06-18 06:00:00+00:00,165.23,18.92
2023-06-18 07:00:00+00:00,260.25,20.46
2023-06-18 08:00:00+00:00,366.52,21.75
2023-06-18 09:00:00+00:00,487.77,22.27
2023-06-18 10:00:00+00:00,515.6,22.11
2023-06-18 11:00:00+00:00,571.3,22.08
2023-06-18 12:00:00+00:00,332.73,22.14
2023-06-18 13:00:00+00:00,272.17,21.78
2023-06-18 14:00:00+00:00,238.38,21.28
2023-06-18 15:00:00+00:00,168.2,20.27
2023-06-18 16:00:00+00:00,103.6,19.24
2023-06-18 17:00:00+00:00,100.3,18.65
2023-06-18 18:00:00+00:00,59.42,18.18
2023-06-18 19:00:00+00:00,23.17,18.02
2023-06-18 20:00:00+00:00,0.0,17.69
2023-06-18 21:00:00+00:00,0.0,17.28
2023-06-18 22:00:00+00:00,0.0,16.72
2023-06-18 23:00:00+00:00,0.0,15.9
2023-06-19 00:00:00+00:00,0.0,15.03
2023-06-19 01:00:00+00:00,0.0,14.25
2023-06-19 02:00:00+00:00,0.0,13.6
2023-06-19 03:00:00+00:00,0.0,13.1
2023-06-19 04:00:00+00:00,30.05,13.51
2023-06-19 05:00:00+00:00,117.8,14.59
2023-06-19 06:00:00+00:00,213.6,16.16
2023-06-19 07:00:00+00:00,315.23,17.78
2023-06-19 08:00:00+00:00,452.27,19.43
2023-06-19 09:00:00+00:00,558.17,20.97
2023-06-19 10:00:00+00:00,671.3,21.95
2023-06-19 11:00:00+00:00,714.9,22.47
2023-06-19 12:00:00+00:00,690.8,22.71
2023-06-19 13:00:00+00:00,679.03,22.61
2023-06-19 14:00:00+00:00,620.58,22.43
2023-06-19 15:00:00+00:00,555.45,22.19
2023-06-19 16:00:00+00:00,438.27,21.79
2023-06-19 17:00:00+00:00,289.08,21.28
2023-06-19 18:00:00+00:00,159.85,20.37
2023-06-19 19:00:00+00:00,53.83,18.57
2023-06-19 20:00:00+00:00,0.0,16.68
2023-06-19 21:00:00+00:00,0.0,15.97
2023-06-19 22:00:00+00:00,0.0,15.56
2023-06-19 23:00:00+00:00,0.0,15.18
2023-06-20 00:00:00+00:00,0.0,14.9
2023-06-20 01:00:00+00:00,0.0,14.62
2023-06-20 02:00:00+00:00,0.0,14.57
2023-06-20 03:00:00+00:00,0.0,14.98
2023-06-20 04:00:00+00:00,8.8,15.66
2023-06-20 05:00:00+00:00,39.92,16.46
2023-06-20 06:00:00+00:00,55.92,17.23
2023-06-20 07:00:00+00:00,95.53,18.17
2023-06-20 08:00:00+00:00,157.88,19.01
2023-06-20 09:00:00+00:00,218.12,19.75
2023-06-20 10:00:00+00:00,339.12,20.62
2023-06-20 11:00:00+00:00,364.23,21.42
2023-06-20 12:00:00+00:00,396.38,22.11
2023-06-20 13:00:00+00:00,378.55,22.49
2023-06-20 14:00:00+00:00,376.15,22.36
2023-06-20 15:00:00+00:00,344.02,22.01
2023-06-20 16:00:00+00:00,337.27,21.68
2023-06-20 17:00:00+00:00,211.0,21.4
2023-06-20 18:00:00+00:00,127.25,20.65
2023-06-20 19:00:00+00:00,49.58,18.84
2023-06-20 20:00:00+00:00,0.0,17.14
2023-06-20 21:00:00+00:00,0.0,16.51
2023-06-20 22:00:00+00:00,0.0,15.72
2023-06-20 23:00:00+00:00,0.0,15.02
2023-06-21 00:00:00+00:00,0.0,14.41
2023-06-21 01:00:00+00:00,0.0,13.8
2023-06-21 02:00:00+00:00,0.0,13.24
2023-06-21 03:00:00+00:00,0.0,12.81
2023-06-21 04:00:00+00:00,33.62,13.74
2023-06-21 05:00:00+00:00,131.15,15.27
2023-06-21 06:00:00+00:00,241.57,17.06
2023-06-21 07:00:00+00:00,367.3,18.77
2023-06-21 08:00:00+00:00,489.1,20.2
2023-06-21 09:00:00+00:00,639.35,21.39
2023-06-21 10:00:00+00:00,708.6,22.35
2023-06-21 11:00:00+00:00,738.33,23.04
2023-06-21 12:00:00+00:00,723.42,23.45
2023-06-21 13:00:00+00:00,694.08,23.66
2023-06-21 14:00:00+00:00,577.25,23.69
2023-06-21 15:00:00+00:00,486.75,23.53
2023-06-21 16:00:00+00:00,368.55,23.21
2023-06-21 17:00:00+00:00,234.95,22.65
2023-06-21 18:00:00+00:00,138.1,21.56
2023-06-21 19:00:00+00:00,50.5,19.21
2023-06-21 20:00:00+00:00,0.0,17.15
2023-06-21 21:00:00+00:00,0.0,16.31
2023-06-21 22:00:00+00:00,0.0,15.43
2023-06-21 23:00:00+00:00,0.0,14.73
2023-06-22 00:00:00+00:00,0.0,14.29
2023-06-22 01:00:00+00:00,0.0,13.94
2023-06-22 02:00:00+00:00,0.0,13.62
2023-06-22 03:00:00+00:00,0.0,13.56
2023-06-22 04:00:00+00:00,30.95,14.17
2023-06-22 05:00:00+00:00,132.77,15.7
2023-06-22 06:00:00+00:00,262.08,16.74
2023-06-22 07:00:00+00:00,424.8,18.88
2023-06-22 08:00:00+00:00,595.7,21.46
2023-06-22 09:00:00+00:00,669.4,22.89
2023-06-22 10:00:00+00:00,703.67,23.98
2023-06-22 11:00:00+00:00,674.28,24.7
2023-06-22 12:00:00+00:00,721.65,25.18
2023-06-22 13:00:00+00:00,709.62,25.51
2023-06-22 14:00:00+00:00,601.05,25.63
2023-06-22 15:00:00+00:00,482.75,25.37
2023-06-22 16:00:00+00:00,339.08,24.91
2023-06-22 17:00:00+00:00,217.75,24.16
2023-06-22 18:00:00+00:00,125.15,22.78
2023-06-22 19:00:00+00:00,45.7,20.63
2023-06-22 20:00:00+00:00,0.0,18.44
2023-06-22 21:00:00+00:00,0.0,17.21
2023-06-22 22:00:00+00:00,0.0,16.37
2023-06-22 23:00:00+00:00,0.0,15.8
2023-06-23 00:00:00+00:00,0.0,15.36
2023-06-23 01:00:00+00:00,0.0,14.96
2023-06-23 02:00:00+00:00,0.0,14.53
2023-06-23 03:00:00+00:00,0.0,14.17
2023-06-23 04:00:00+00:00,27.35,14.52
2023-06-23 05:00:00+00:00,99.85,15.94
2023-06-23 06:00:00+00:00,190.0,17.31
2023-06-23 07:00:00+00:00,290.98,19.84
2023-06-23 08:00:00+00:00,410.42,21.5
2023-06-23 09:00:00+00:00,499.52,22.49
2023-06-23 10:00:00+00:00,660.0,22.74
2023-06-23 11:00:00+00:00,783.47,23.5
2023-06-23 12:00:00+00:00,782.03,24.32
2023-06-23 13:00:00+00:00,733.3,24.68
2023-06-23 14:00:00+00:00,630.55,24.73
2023-06-23 15:00:00+00:00,501.4,24.69
2023-06-23 16:00:00+00:00,371.98,24.43
2023-06-23 17:00:00+00:00,246.4,23.74
2023-06-23 18:00:00+00:00,148.05,22.44
2023-06-23 19:00:00+00:00,57.67,20.33
2023-06-23 20:00:00+00:00,0.0,18.66
2023-06-23 21:00:00+00:00,0.0,17.88
2023-06-23 22:00:00+00:00,0.0,17.05
2023-06-23 23:00:00+00:00,0.0,16.19
2023-06-24 00:00:00+00:00,0.0,15.31
2023-06-24 01:00:00+00:00,0.0,14.5
2023-06-24 02:00:00+00:00,0.0,13.81
2023-06-24 03:00:00+00:00,0.0,13.24
2023-06-24 04:00:00+00:00,28.8,14.13
2023-06-24 05:00:00+00:00,102.45,15.8
2023-06-24 06:00:00+00:00,187.05,18.0
2023-06-24 07:00:00+00:00,287.15,20.23
2023-06-24 08:00:00+00:00,408.95,22.05
2023-06-24 09:00:00+00:00,515.25,23.57
2023-06-24 10:00:00+00:00,614.33,24.55
2023-06-24 11:00:00+00:00,666.47,25.4
2023-06-24 12:00:00+00:00,553.12,26.05
2023-06-24 13:00:00+00:00,616.03,26.53
2023-06-24 14:00:00+00:00,530.58,26.79
2023-06-24 15:00:00+00:00,451.35,26.72
2023-06-24 16:00:00+00:00,352.1,26.38
2023-06-24 17:00:00+00:00,237.95,25.71
2023-06-24 18:00:00+00:00,144.8,24.48
2023-06-24 19:00:00+00:00,58.62,21.93
2023-06-24 20:00:00+00:00,0.0,19.6
2023-06-24 21:00:00+00:00,0.0,18.53
2023-06-24 22:00:00+00:00,0.0,17.4
2023-06-24 23:00:00+00:00,0.0,16.32
2023-06-25 00:00:00+00:00,0.0,15.42
2023-06-25 01:00:00+00:00,0.0,14.79
2023-06-25 02:00:00+00:00,0.0,14.58
2023-06-25 03:00:00+00:00,0.0,14.74
2023-06-25 04:00:00+00:00,35.33,15.62
2023-06-25 05:00:00+00:00,150.62,17.11
2023-06-25 06:00:00+00:00,295.35,19.09
2023-06-25 07:00:00+00:00,448.1,21.52
2023-06-25 08:00:00+00:00,575.67,23.58
2023-06-25 09:00:00+00:00,689.55,25.18
2023-06-25 10:00:00+00:00,735.9,26.27
2023-06-25 11:00:00+00:00,828.28,26.97
2023-06-25 12:00:00+00:00,825.5,27.24
2023-06-25 13:00:00+00:00,766.7,27.2
2023-06-25 14:00:00+00:00,629.0,26.89
2023-06-25 15:00:00+00:00,528.22,26.3
2023-06-25 16:00:00+00:00,355.45,25.35
2023-06-25 17:00:00+00:00,222.6,24.2
2023-06-25 18:00:00+00:00,133.9,22.86
2023-06-25 19:00:00+00:00,52.22,21.36
2023-06-25 20:00:00+00:00,0.0,19.91
2023-06-25 21:00:00+00:00,0.0,18.32
2023-06-25 22:00:00+00:00,0.0,16.66
2023-06-25 23:00:00+00:00,0.0,15.29
2023-06-26 00:00:00+00:00,0.0,14.33
2023-06-26 01:00:00+00:00,0.0,13.69
2023-06-26 02:00:00+00:00,0.0,12.97
2023-06-26 03:00:00+00:00,0.0,12.38
2023-06-26 04:00:00+00:00,36.92,12.8
2023-06-26 05:00:00+00:00,143.35,14.14
2023-06-26 06:00:00+00:00,271.0,16.27
2023-06-26 07:00:00+00:00,425.67,17.96
2023-06-26 08:00:00+00:00,508.3,19.14
2023-06-26 09:00:00+00:00,556.08,19.71
2023-06-26 10:00:00+00:00,648.3,20.66
2023-06-26 11:00:00+00:00,736.7,21.41
2023-06-26 12:00:00+00:00,643.75,21.43
2023-06-26 13:00:00+00:00,577.15,21.36
2023-06-26 14:00:00+00:00,479.65,21.42
2023-06-26 15:00:00+00:00,480.62,21.41
2023-06-26 16:00:00+00:00,362.48,20.87
2023-06-26 17:00:00+00:00,239.5,20.08
2023-06-26 18:00:00+00:00,124.53,18.97
2023-06-26 19:00:00+00:00,46.35,17.28
2023-06-26 20:00:00+00:00,0.0,15.52
2023-06-26 21:00:00+00:00,0.0,14.68
2023-06-26 22:00:00+00:00,0.0,14.09
2023-06-26 23:00:00+00:00,0.0,13.48
2023-06-27 00:00:00+00:00,0.0,13.08
2023-06-27 01:00:00+00:00,0.0,12.58
2023-06-27 02:00:00+00:00,0.0,12.26
2023-06-27 03:00:00+00:00,0.0,11.91
2023-06-27 04:00:00+00:00,16.12,12.54
2023-06-27 05:00:00+00:00,62.33,13.68
2023-06-27 06:00:00+00:00,121.07,15.68
2023-06-27 07:00:00+00:00,190.43,17.3
2023-06-27 08:00:00+00:00,244.38,18.31
2023-06-27 09:00:00+00:00,294.27,19.65
2023-06-27 10:00:00+00:00,339.38,20.73
2023-06-27 11:00:00+00:00,313.85,21.51
2023-06-27 12:00:00+00:00,324.25,21.65
2023-06-27 13:00:00+00:00,323.35,21.92
2023-06-27 14:00:00+00:00,238.65,21.89
2023-06-27 15:00:00+00:00,242.9,21.41
2023-06-27 16:00:00+00:00,166.32,20.73
2023-06-27 17:00:00+00:00,109.18,20.19
2023-06-27 18:00:00+00:00,59.38,19.58
2023-06-27 19:00:00+00:00,25.83,18.53
2023-06-27 20:00:00+00:00,0.0,17.57
2023-06-27 21:00:00+00:00,0.0,17.08
2023-06-27 22:00:00+00:00,0.0,16.45
2023-06-27 23:00:00+00:00,0.0,15.88
2023-06-28 00:00:00+00:00,0.0,15.48
2023-06-28 01:00:00+00:00,0.0,15.18
2023-06-28 02:00:00+00:00,0.0,14.69
2023-06-28 03:00:00+00:00,0.0,14.17
2023-06-28 04:00:00+00:00,13.88,14.85
2023-06-28 05:00:00+00:00,49.58,16.27
2023-06-28 06:00:00+00:00,100.95,17.8
2023-06-28 07:00:00+00:00,131.4,19.54
2023-06-28 08:00:00+00:00,166.9,21.11
2023-06-28 09:00:00+00:00,148.27,22.38
2023-06-28 10:00:00+00:00,200.1,23.32
2023-06-28 11:00:00+00:00,271.3,24.05
2023-06-28 12:00:00+00:00,401.67,24.39
2023-06-28 13:00:00+00:00,373.73,24.42
2023-06-28 14:00:00+00:00,270.62,23.99
2023-06-28 15:00:00+00:00,177.77,23.42
2023-06-28 16:00:00+00:00,135.45,22.83
2023-06-28 17:00:00+00:00,92.35,22.11
2023-06-28 18:00:00+00:00,53.05,21.09
2023-06-28 19:00:00+00:00,20.0,19.5
2023-06-28 20:00:00+00:00,0.0,17.93
2023-06-28 21:00:00+00:00,0.0,17.33
2023-06-28 22:00:00+00:00,0.0,16.78
2023-06-28 23:00:00+00:00,0.0,16.31
2023-06-29 00:00:00+00:00,0.0,16.02
2023-06-29 01:00:00+00:00,0.0,15.88
2023-06-29 02:00:00+00:00,0.0,15.99
2023-06-29 03:00:00+00:00,0.0,16.05
2023-06-29 04:00:00+00:00,13.2,16.07
2023-06-29 05:00:00+00:00,77.12,16.13
2023-06-29 06:00:00+00:00,161.52,16.03
2023-06-29 07:00:00+00:00,276.12,15.98
2023-06-29 08:00:00+00:00,409.77,16.24
2023-06-29 09:00:00+00:00,568.72,17.03
2023-06-29 10:00:00+00:00,715.55,18.28
2023-06-29 11:00:00+00:00,724.38,19.69
2023-06-29 12:00:00+00:00,568.22,20.86
2023-06-29 13:00:00+00:00,637.1,21.53
2023-06-29 14:00:00+00:00,579.42,21.65
2023-06-29 15:00:00+00:00,474.45,21.58
2023-06-29 16:00:00+00:00,367.17,21.13
2023-06-29 17:00:00+00:00,214.12,20.7
2023-06-29 18:00:00+00:00,121.28,19.72
2023-06-29 19:00:00+00:00,42.28,17.94
2023-06-29 20:00:00+00:00,0.0,16.98
2023-06-29 21:00:00+00:00,0.0,15.91
2023-06-29 22:00:00+00:00,0.0,15.1
2023-06-29 23:00:00+00:00,0.0,14.54
2023-06-30 00:00:00+00:00,0.0,13.92
2023-06-30 01:00:00+00:00,0.0,13.26
2023-06-30 02:00:00+00:00,0.0,12.55
2023-06-30 03:00:00+00:00,0.0,11.76
2023-06-30 04:00:00+00:00,18.75,11.56
2023-06-30 05:00:00+00:00,73.97,12.83
2023-06-30 06:00:00+00:00,126.97,14.07
2023-06-30 07:00:00+00:00,208.7,15.52
2023-06-30 08:00:00+00:00,260.3,16.41
2023-06-30 09:00:00+00:00,372.23,17.74
2023-06-30 10:00:00+00:00,408.75,19.08
2023-06-30 11:00:00+00:00,332.7,19.59
2023-06-30 12:00:00+00:00,274.42,19.5
2023-06-30 13:00:00+00:00,269.7,19.04
2023-06-30 14:00:00+00:00,209.32,19.06
2023-06-30 15:00:00+00:00,153.25,19.29
2023-06-30 16:00:00+00:00,161.32,19.13
2023-06-30 17:00:00+00:00,123.22,18.79
2023-06-30 18:00:00+00:00,50.4,18.2
2023-06-30 19:00:00+00:00,21.17,17.37
2023-06-30 20:00:00+00:00,0.0,16.69
2023-06-30 21:00:00+00:00,0.0,16.53
2023-06-30 22:00:00+00:00,0.0,16.42
2023-06-30 23:00:00+00:00,0.0,16.24
2023-07-01 00:00:00+00:00,0.0,16.08
2023-07-01 01:00:00+00:00,0.0,16.01
2023-07-01 02:00:00+00:00,0.0,15.93
2023-07-01 03:00:00+00:00,0.0,15.67
2023-07-01 04:00:00+00:00,17.33,15.72
2023-07-01 05:00:00+00:00,69.35,16.11
2023-07-01 06:00:00+00:00,131.57,16.52
2023-07-01 07:00:00+00:00,206.6,17.06
2023-07-01 08:00:00+00:00,296.48,18.43
2023-07-01 09:00:00+00:00,365.4,19.97
2023-07-01 10:00:00+00:00,424.25,20.73
2023-07-01 11:00:00+00:00,430.48,21.34
2023-07-01 12:00:00+00:00,468.08,22.15
2023-07-01 13:00:00+00:00,553.72,22.61
2023-07-01 14:00:00+00:00,514.4,22.69
2023-07-01 15:00:00+00:00,445.48,22.34
2023-07-01 16:00:00+00:00,356.02,21.8
2023-07-01 17:00:00+00:00,204.65,20.75
2023-07-01 18:00:00+00:00,119.28,19.3
2023-07-01 19:00:00+00:00,44.75,17.5
2023-07-01 20:00:00+00:00,0.0,15.66
2023-07-01 21:00:00+00:00,0.0,14.86
2023-07-01 22:00:00+00:00,0.0,13.86
2023-07-01 23:00:00+00:00,0.0,12.84
2023-07-02 00:00:00+00:00,0.0,12.16
2023-07-02 01:00:00+00:00,0.0,11.54
2023-07-02 02:00:00+00:00,0.0,10.98
2023-07-02 03:00:00+00:00,0.0,10.54
2023-07-02 04:00:00+00:00,33.33,11.15
2023-07-02 05:00:00+00:00,142.02,12.7
2023-07-02 06:00:00+00:00,275.73,15.0
2023-07-02 07:00:00+00:00,436.55,16.65
2023-07-02 08:00:00+00:00,426.65,17.78
2023-07-02 09:00:00+00:00,450.1,18.63
2023-07-02 10:00:00+00:00,524.7,19.28
2023-07-02 11:00:00+00:00,574.65,19.82
2023-07-02 12:00:00+00:00,590.12,20.27
2023-07-02 13:00:00+00:00,555.67,20.55
2023-07-02 14:00:00+00:00,530.78,20.65
2023-07-02 15:00:00+00:00,458.98,20.48
2023-07-02 16:00:00+00:00,341.4,19.89
2023-07-02 17:00:00+00:00,200.38,18.99
2023-07-02 18:00:00+00:00,119.12,17.8
2023-07-02 19:00:00+00:00,45.97,16.38
2023-07-02 20:00:00+00:00,0.0,15.32
2023-07-02 21:00:00+00:00,0.0,14.63
2023-07-02 22:00:00+00:00,0.0,13.72
2023-07-02 23:00:00+00:00,0.0,12.6
2023-07-03 00:00:00+00:00,0.0,12.06
2023-07-03 01:00:00+00:00,0.0,11.7
2023-07-03 02:00:00+00:00,0.0,11.47
2023-07-03 03:00:00+00:00,0.0,11.43
2023-07-03 04:00:00+00:00,24.38,11.5
2023-07-03 05:00:00+00:00,105.45,12.63
2023-07-03 06:00:00+00:00,205.95,14.62
2023-07-03 07:00:00+00:00,344.12,16.01
2023-07-03 08:00:00+00:00,443.75,17.07
2023-07-03 09:00:00+00:00,441.55,18.12
2023-07-03 10:00:00+00:00,444.23,18.98
2023-07-03 11:00:00+00:00,484.45,19.39
2023-07-03 12:00:00+00:00,450.3,19.53
2023-07-03 13:00:00+00:00,412.98,19.27
2023-07-03 14:00:00+00:00,427.15,19.16
2023-07-03 15:00:00+00:00,376.52,19.32
2023-07-03 16:00:00+00:00,318.02,19.07
2023-07-03 17:00:00+00:00,213.52,18.31
2023-07-03 18:00:00+00:00,114.57,17.12
2023-07-03 19:00:00+00:00,40.7,15.67
2023-07-03 20:00:00+00:00,0.0,14.45
2023-07-03 21:00:00+00:00,0.0,13.56
2023-07-03 22:00:00+00:00,0.0,13.01
2023-07-03 23:00:00+00:00,0.0,12.61
2023-07-04 00:00:00+00:00,0.0,12.33
2023-07-04 01:00:00+00:00,0.0,12.15
2023-07-04 02:00:00+00:00,0.0,12.01
2023-07-04 03:00:00+00:00,0.0,11.81
2023-07-04 04:00:00+00:00,8.35,11.88
2023-07-04 05:00:00+00:00,48.25,12.87
2023-07-04 06:00:00+00:00,91.12,14.42
2023-07-04 07:00:00+00:00,146.3,15.62
2023-07-04 08:00:00+00:00,220.0,16.57
2023-07-04 09:00:00+00:00,287.12,17.25
2023-07-04 10:00:00+00:00,357.42,17.96
2023-07-04 11:00:00+00:00,284.62,18.25
2023-07-04 12:00:00+00:00,222.88,18.17
2023-07-04 13:00:00+00:00,230.43,17.87
2023-07-04 14:00:00+00:00,116.65,17.54
2023-07-04 15:00:00+00:00,87.38,17.07
2023-07-04 16:00:00+00:00,75.43,16.71
2023-07-04 17:00:00+00:00,55.8,16.33
2023-07-04 18:00:00+00:00,33.28,15.58
2023-07-04 19:00:00+00:00,15.62,14.58
2023-07-04 20:00:00+00:00,0.0,13.79
2023-07-04 21:00:00+00:00,0.0,13.16
2023-07-04 22:00:00+00:00,0.0,12.46
2023-07-04 23:00:00+00:00,0.0,11.8
2023-07-05 00:00:00+00:00,0.0,11.28
2023-07-05 01:00:00+00:00,0.0,10.78
2023-07-05 02:00:00+00:00,0.0,10.36
2023-07-05 03:00:00+00:00,0.0,9.89
2023-07-05 04:00:00+00:00,26.88,9.83
2023-07-05 05:00:00+00:00,116.9,10.89
2023-07-05 06:00:00+00:00,208.45,12.73
2023-07-05 07:00:00+00:00,304.2,14.69
2023-07-05 08:00:00+00:00,411.17,16.36
2023-07-05 09:00:00+00:00,508.67,17.57
2023-07-05 10:00:00+00:00,624.92,18.4
2023-07-05 11:00:00+00:00,617.12,19.01
2023-07-05 12:00:00+00:00,560.28,19.51
2023-07-05 13:00:00+00:00,546.62,19.96
2023-07-05 14:00:00+00:00,481.62,20.18
2023-07-05 15:00:00+00:00,386.73,20.09
2023-07-05 16:00:00+00:00,335.42,19.62
2023-07-05 17:00:00+00:00,231.73,18.62
2023-07-05 18:00:00+00:00,135.7,17.56
2023-07-05 19:00:00+00:00,51.85,15.79
2023-07-05 20:00:00+00:00,0.0,13.85
2023-07-05 21:00:00+00:00,0.0,13.21
2023-07-05 22:00:00+00:00,0.0,12.68
2023-07-05 23:00:00+00:00,0.0,12.0
2023-07-06 00:00:00+00:00,0.0,11.23
2023-07-06 01:00:00+00:00,0.0,10.52
2023-07-06 02:00:00+00:00,0.0,9.94
2023-07-06 03:00:00+00:00,0.0,9.49
2023-07-06 04:00:00+00:00,24.58,10.2
2023-07-06 05:00:00+00:00,114.05,12.01
2023-07-06 06:00:00+00:00,200.8,14.21
2023-07-06 07:00:00+00:00,288.67,16.31
2023-07-06 08:00:00+00:00,362.2,17.76
2023-07-06 09:00:00+00:00,572.08,18.86
2023-07-06 10:00:00+00:00,607.05,19.85
2023-07-06 11:00:00+00:00,555.95,20.74
2023-07-06 12:00:00+00:00,573.15,21.36
2023-07-06 13:00:00+00:00,651.22,21.58
2023-07-06 14:00:00+00:00,609.7,21.64
2023-07-06 15:00:00+00:00,502.55,21.36
2023-07-06 16:00:00+00:00,402.5,20.73
2023-07-06 17:00:00+00:00,280.1,19.77
2023-07-06 18:00:00+00:00,165.35,18.38
2023-07-06 19:00:00+00:00,60.5,15.96
2023-07-06 20:00:00+00:00,0.0,13.78
2023-07-06 21:00:00+00:00,0.0,13.06
2023-07-06 22:00:00+00:00,0.0,12.52
2023-07-06 23:00:00+00:00,0.0,12.05
2023-07-07 00:00:00+00:00,0.0,11.61
2023-07-07 01:00:00+00:00,0.0,11.25
2023-07-07 02:00:00+00:00,0.0,10.97
2023-07-07 03:00:00+00:00,0.0,10.72
2023-07-07 04:00:00+00:00,27.23,11.49
2023-07-07 05:00:00+00:00,143.95,14.48
2023-07-07 06:00:00+00:00,295.52,16.48
2023-07-07 07:00:00+00:00,456.88,19.05
2023-07-07 08:00:00+00:00,608.42,21.22
2023-07-07 09:00:00+00:00,736.22,22.93
2023-07-07 10:00:00+00:00,829.88,24.43
2023-07-07 11:00:00+00:00,880.38,25.46
2023-07-07 12:00:00+00:00,877.92,26.1
2023-07-07 13:00:00+00:00,826.2,26.45
2023-07-07 14:00:00+00:00,760.67,26.55
2023-07-07 15:00:00+00:00,640.72,26.36
2023-07-07 16:00:00+00:00,495.25,25.85
2023-07-07 17:00:00+00:00,335.2,24.88
2023-07-07 18:00:00+00:00,182.98,23.14
2023-07-07 19:00:00+00:00,58.72,20.67
2023-07-07 20:00:00+00:00,0.0,19.13
2023-07-07 21:00:00+00:00,0.0,18.45
2023-07-07 22:00:00+00:00,0.0,17.91
2023-07-07 23:00:00+00:00,0.0,17.56
2023-07-08 00:00:00+00:00,0.0,17.34
2023-07-08 01:00:00+00:00,0.0,17.17
2023-07-08 02:00:00+00:00,0.0,16.91
2023-07-08 03:00:00+00:00,0.0,16.53
2023-07-08 04:00:00+00:00,17.4,16.8
2023-07-08 05:00:00+00:00,75.32,17.6
2023-07-08 06:00:00+00:00,123.0,19.09
2023-07-08 07:00:00+00:00,159.5,21.39
2023-07-08 08:00:00+00:00,172.95,22.96
2023-07-08 09:00:00+00:00,249.23,23.82
2023-07-08 10:00:00+00:00,161.95,24.64
2023-07-08 11:00:00+00:00,224.6,26.06
2023-07-08 12:00:00+00:00,356.62,25.55
2023-07-08 13:00:00+00:00,324.17,23.75
2023-07-08 14:00:00+00:00,360.12,24.22
2023-07-08 15:00:00+00:00,448.92,24.82
2023-07-08 16:00:00+00:00,291.2,24.2
2023-07-08 17:00:00+00:00,190.05,23.52
2023-07-08 18:00:00+00:00,110.8,21.89
2023-07-08 19:00:00+00:00,38.78,20.26
2023-07-08 20:00:00+00:00,0.0,18.99
2023-07-08 21:00:00+00:00,0.0,18.1
2023-07-08 22:00:00+00:00,0.0,17.49
2023-07-08 23:00:00+00:00,0.0,17.06
2023-07-09 00:00:00+00:00,0.0,16.6
2023-07-09 01:00:00+00:00,0.0,15.87
2023-07-09 02:00:00+00:00,0.0,15.1
2023-07-09 03:00:00+00:00,0.0,14.29
2023-07-09 04:00:00+00:00,14.18,14.78
2023-07-09 05:00:00+00:00,68.32,15.62
2023-07-09 06:00:00+00:00,135.12,16.37
2023-07-09 07:00:00+00:00,208.55,17.43
2023-07-09 08:00:00+00:00,274.1,17.94
2023-07-09 09:00:00+00:00,444.48,18.9
2023-07-09 10:00:00+00:00,594.95,20.07
2023-07-09 11:00:00+00:00,572.53,20.67
2023-07-09 12:00:00+00:00,643.12,20.63
2023-07-09 13:00:00+00:00,588.0,21.0
2023-07-09 14:00:00+00:00,546.4,21.79
2023-07-09 15:00:00+00:00,464.35,22.11
2023-07-09 16:00:00+00:00,409.02,21.97
2023-07-09 17:00:00+00:00,262.7,21.34
2023-07-09 18:00:00+00:00,140.73,20.17
2023-07-09 19:00:00+00:00,43.88,18.23
2023-07-09 20:00:00+00:00,0.0,16.71
2023-07-09 21:00:00+00:00,0.0,16.18
2023-07-09 22:00:00+00:00,0.0,15.71
2023-07-09 23:00:00+00:00,0.0,15.26
2023-07-10 00:00:00+00:00,0.0,14.5
2023-07-10 01:00:00+00:00,0.0,13.64
2023-07-10 02:00:00+00:00,0.0,12.89
2023-07-10 03:00:00+00:00,0.0,12.24
2023-07-10 04:00:00+00:00,20.65,12.72
2023-07-10 05:00:00+00:00,100.95,14.52
2023-07-10 06:00:00+00:00,189.3,16.41
2023-07-10 07:00:00+00:00,286.1,18.32
2023-07-10 08:00:00+00:00,374.4,19.75
2023-07-10 09:00:00+00:00,445.98,20.92
2023-07-10 10:00:00+00:00,534.12,21.92
2023-07-10 11:00:00+00:00,564.5,22.52
2023-07-10 12:00:00+00:00,574.05,23.01
2023-07-10 13:00:00+00:00,517.22,23.23
2023-07-10 14:00:00+00:00,422.98,23.03
2023-07-10 15:00:00+00:00,252.0,22.48
2023-07-10 16:00:00+00:00,159.02,21.85
2023-07-10 17:00:00+00:00,100.38,21.33
2023-07-10 18:00:00+00:00,49.78,20.4
2023-07-10 19:00:00+00:00,16.4,19.08
2023-07-10 20:00:00+00:00,0.0,18.04
2023-07-10 21:00:00+00:00,0.0,17.41
2023-07-10 22:00:00+00:00,0.0,16.96
2023-07-10 23:00:00+00:00,0.0,16.76
2023-07-11 00:00:00+00:00,0.0,16.5
2023-07-11 01:00:00+00:00,0.0,16.31
2023-07-11 02:00:00+00:00,0.0,16.24
2023-07-11 03:00:00+00:00,0.0,16.37
2023-07-11 04:00:00+00:00,12.32,16.36
2023-07-11 05:00:00+00:00,71.2,16.87
2023-07-11 06:00:00+00:00,154.25,17.8
2023-07-11 07:00:00+00:00,240.98,19.05
2023-07-11 08:00:00+00:00,348.65,20.42
2023-07-11 09:00:00+00:00,445.95,21.36
2023-07-11 10:00:00+00:00,441.67,21.69
2023-07-11 11:00:00+00:00,420.12,21.72
2023-07-11 12:00:00+00:00,459.33,21.69
2023-07-11 13:00:00+00:00,344.75,21.7
2023-07-11 14:00:00+00:00,311.83,21.74
2023-07-11 15:00:00+00:00,369.02,21.12
2023-07-11 16:00:00+00:00,254.07,19.99
2023-07-11 17:00:00+00:00,165.65,18.95
2023-07-11 18:00:00+00:00,90.9,17.96
2023-07-11 19:00:00+00:00,32.45,16.93
2023-07-11 20:00:00+00:00,0.0,15.87
2023-07-11 21:00:00+00:00,0.0,15.3
2023-07-11 22:00:00+00:00,0.0,14.89
2023-07-11 23:00:00+00:00,0.0,14.62
2023-07-12 00:00:00+00:00,0.0,14.2
2023-07-12 01:00:00+00:00,0.0,13.58
2023-07-12 02:00:00+00:00,0.0,12.89
2023-07-12 03:00:00+00:00,0.0,12.26
2023-07-12 04:00:00+00:00,20.1,12.45
2023-07-12 05:00:00+00:00,110.65,13.58
2023-07-12 06:00:00+00:00,216.57,15.37
2023-07-12 07:00:00+00:00,332.62,17.37
2023-07-12 08:00:00+00:00,452.33,18.88
2023-07-12 09:00:00+00:00,502.6,19.91
2023-07-12 10:00:00+00:00,555.47,20.67
2023-07-12 11:00:00+00:00,548.5,21.12
2023-07-12 12:00:00+00:00,507.7,21.45
2023-07-12 13:00:00+00:00,496.1,21.43
2023-07-12 14:00:00+00:00,446.58,21.55
2023-07-12 15:00:00+00:00,400.62,21.19
2023-07-12 16:00:00+00:00,337.55,20.75
2023-07-12 17:00:00+00:00,227.8,20.16
2023-07-12 18:00:00+00:00,130.8,19.13
2023-07-12 19:00:00+00:00,42.75,17.71
2023-07-12 20:00:00+00:00,0.0,16.31
2023-07-12 21:00:00+00:00,0.0,15.38
2023-07-12 22:00:00+00:00,0.0,14.42
2023-07-12 23:00:00+00:00,0.0,13.66
2023-07-13 00:00:00+00:00,0.0,13.03
2023-07-13 01:00:00+00:00,0.0,12.47
2023-07-13 02:00:00+00:00,0.0,12.02
2023-07-13 03:00:00+00:00,0.0,11.7
2023-07-13 04:00:00+00:00,14.7,12.18
2023-07-13 05:00:00+00:00,80.25,13.7
2023-07-13 06:00:00+00:00,151.27,15.57
2023-07-13 07:00:00+00:00,223.95,17.37
2023-07-13 08:00:00+00:00,328.2,18.81
2023-07-13 09:00:00+00:00,424.4,20.01
2023-07-13 10:00:00+00:00,480.38,20.95
2023-07-13 11:00:00+00:00,520.35,21.65
2023-07-13 12:00:00+00:00,454.6,21.63
2023-07-13 13:00:00+00:00,471.67,21.34
2023-07-13 14:00:00+00:00,386.4,21.27
2023-07-13 15:00:00+00:00,309.3,20.86
2023-07-13 16:00:00+00:00,212.18,20.35
2023-07-13 17:00:00+00:00,157.12,19.86
2023-07-13 18:00:00+00:00,90.85,18.93
2023-07-13 19:00:00+00:00,32.5,17.02
2023-07-13 20:00:00+00:00,0.0,15.6
2023-07-13 21:00:00+00:00,0.0,15.37
2023-07-13 22:00:00+00:00,0.0,14.96
2023-07-13 23:00:00+00:00,0.0,13.86
2023-07-14 00:00:00+00:00,0.0,13.05
2023-07-14 01:00:00+00:00,0.0,12.49
2023-07-14 02:00:00+00:00,0.0,12.06
2023-07-14 03:00:00+00:00,0.0,12.36
2023-07-14 04:00:00+00:00,5.55,13.28
2023-07-14 05:00:00+00:00,23.38,14.55
2023-07-14 06:00:00+00:00,46.75,15.23
2023-07-14 07:00:00+00:00,67.47,15.88
2023-07-14 08:00:00+00:00,84.47,17.14
2023-07-14 09:00:00+00:00,106.18,17.98
2023-07-14 10:00:00+00:00,177.2,18.69
2023-07-14 11:00:00+00:00,195.25,18.92
2023-07-14 12:00:00+00:00,95.32,18.73
2023-07-14 13:00:00+00:00,93.57,19.28
2023-07-14 14:00:00+00:00,111.82,19.91
2023-07-14 15:00:00+00:00,58.28,19.71
2023-07-14 16:00:00+00:00,59.4,19.17
2023-07-14 17:00:00+00:00,68.6,18.51
2023-07-14 18:00:00+00:00,60.33,18.07
2023-07-14 19:00:00+00:00,24.55,17.99
2023-07-14 20:00:00+00:00,0.0,17.64
2023-07-14 21:00:00+00:00,0.0,16.95
2023-07-14 22:00:00+00:00,0.0,16.09
2023-07-14 23:00:00+00:00,0.0,15.47
2023-07-15 00:00:00+00:00,0.0,15.02
2023-07-15 01:00:00+00:00,0.0,14.62
2023-07-15 02:00:00+00:00,0.0,14.45
2023-07-15 03:00:00+00:00,0.0,14.48
2023-07-15 04:00:00+00:00,11.3,14.75
2023-07-15 05:00:00+00:00,66.68,15.64
2023-07-15 06:00:00+00:00,136.77,16.81
2023-07-15 07:00:00+00:00,236.4,17.93
2023-07-15 08:00:00+00:00,351.4,19.01
2023-07-15 09:00:00+00:00,466.17,19.82
2023-07-15 10:00:00+00:00,584.42,20.45
2023-07-15 11:00:00+00:00,613.38,20.84
2023-07-15 12:00:00+00:00,623.12,20.93
2023-07-15 13:00:00+00:00,596.58,20.65
2023-07-15 14:00:00+00:00,536.45,20.27
2023-07-15 15:00:00+00:00,410.83,19.88
2023-07-15 16:00:00+00:00,314.2,19.34
2023-07-15 17:00:00+00:00,200.68,18.58
2023-07-15 18:00:00+00:00,105.65,17.58
2023-07-15 19:00:00+00:00,29.45,16.47
2023-07-15 20:00:00+00:00,0.0,15.66
2023-07-15 21:00:00+00:00,0.0,15.36
2023-07-15 22:00:00+00:00,0.0,15.21
2023-07-15 23:00:00+00:00,0.0,15.04
2023-07-16 00:00:00+00:00,0.0,14.78
2023-07-16 01:00:00+00:00,0.0,14.55
2023-07-16 02:00:00+00:00,0.0,14.28
2023-07-16 03:00:00+00:00,0.0,13.98
2023-07-16 04:00:00+00:00,15.0,13.78
2023-07-16 05:00:00+00:00,93.75,14.3
2023-07-16 06:00:00+00:00,189.38,15.49
2023-07-16 07:00:00+00:00,294.1,17.02
2023-07-16 08:00:00+00:00,416.0,18.28
2023-07-16 09:00:00+00:00,515.88,19.38
2023-07-16 10:00:00+00:00,596.38,20.32
2023-07-16 11:00:00+00:00,596.22,20.77
2023-07-16 12:00:00+00:00,509.75,20.4
2023-07-16 13:00:00+00:00,491.58,19.85
2023-07-16 14:00:00+00:00,446.17,19.52
2023-07-16 15:00:00+00:00,371.17,19.09
2023-07-16 16:00:00+00:00,269.42,18.54
2023-07-16 17:00:00+00:00,177.95,17.93
2023-07-16 18:00:00+00:00,110.2,17.13
2023-07-16 19:00:00+00:00,34.58,16.11
2023-07-16 20:00:00+00:00,0.0,14.94
2023-07-16 21:00:00+00:00,0.0,14.08
2023-07-16 22:00:00+00:00,0.0,13.57
2023-07-16 23:00:00+00:00,0.0,13.08
2023-07-17 00:00:00+00:00,0.0,12.61
2023-07-17 01:00:00+00:00,0.0,12.23
2023-07-17 02:00:00+00:00,0.0,11.97
2023-07-17 03:00:00+00:00,0.0,11.87
2023-07-17 04:00:00+00:00,14.15,12.21
2023-07-17 05:00:00+00:00,91.75,13.67
2023-07-17 06:00:00+00:00,197.6,15.26
2023-07-17 07:00:00+00:00,315.88,16.78
2023-07-17 08:00:00+00:00,456.38,18.01
2023-07-17 09:00:00+00:00,546.15,19.07
2023-07-17 10:00:00+00:00,646.47,19.99
2023-07-17 11:00:00+00:00,721.6,20.64
2023-07-17 12:00:00+00:00,701.25,21.08
2023-07-17 13:00:00+00:00,696.78,21.4
2023-07-17 14:00:00+00:00,612.8,21.58
2023-07-17 15:00:00+00:00,521.67,21.55
2023-07-17 16:00:00+00:00,352.42,21.24
2023-07-17 17:00:00+00:00,236.75,20.58
2023-07-17 18:00:00+00:00,131.4,19.3
2023-07-17 19:00:00+00:00,36.5,16.72
2023-07-17 20:00:00+00:00,0.0,15.48
2023-07-17 21:00:00+00:00,0.0,15.03
2023-07-17 22:00:00+00:00,0.0,14.29
2023-07-17 23:00:00+00:00,0.0,13.64
2023-07-18 00:00:00+00:00,0.0,13.14
2023-07-18 01:00:00+00:00,0.0,12.67
2023-07-18 02:00:00+00:00,0.0,12.3
2023-07-18 03:00:00+00:00,0.0,12.22
2023-07-18 04:00:00+00:00,11.55,12.42
2023-07-18 05:00:00+00:00,65.9,13.25
2023-07-18 06:00:00+00:00,143.05,13.82
2023-07-18 07:00:00+00:00,246.68,15.49
2023-07-18 08:00:00+00:00,323.65,17.52
2023-07-18 09:00:00+00:00,432.52,19.36
2023-07-18 10:00:00+00:00,539.45,20.46
2023-07-18 11:00:00+00:00,564.47,21.12
2023-07-18 12:00:00+00:00,507.83,21.59
2023-07-18 13:00:00+00:00,508.02,21.75
2023-07-18 14:00:00+00:00,384.58,21.46
2023-07-18 15:00:00+00:00,319.1,21.22
2023-07-18 16:00:00+00:00,250.52,21.3
2023-07-18 17:00:00+00:00,162.62,20.95
2023-07-18 18:00:00+00:00,87.53,19.88
2023-07-18 19:00:00+00:00,22.52,17.62
2023-07-18 20:00:00+00:00,0.0,16.31
2023-07-18 21:00:00+00:00,0.0,15.6
2023-07-18 22:00:00+00:00,0.0,14.65
2023-07-18 23:00:00+00:00,0.0,14.06
2023-07-19 00:00:00+00:00,0.0,13.35
2023-07-19 01:00:00+00:00,0.0,12.71
2023-07-19 02:00:00+00:00,0.0,12.11
2023-07-19 03:00:00+00:00,0.0,12.01
2023-07-19 04:00:00+00:00,9.07,12.67
2023-07-19 05:00:00+00:00,57.25,14.19
2023-07-19 06:00:00+00:00,132.7,15.82
2023-07-19 07:00:00+00:00,214.7,17.52
2023-07-19 08:00:00+00:00,339.12,19.0
2023-07-19 09:00:00+00:00,410.12,20.27
2023-07-19 10:00:00+00:00,523.22,21.29
2023-07-19 11:00:00+00:00,629.35,22.25
2023-07-19 12:00:00+00:00,601.62,22.79
2023-07-19 13:00:00+00:00,486.88,22.98
2023-07-19 14:00:00+00:00,445.48,22.67
2023-07-19 15:00:00+00:00,380.4,22.03
2023-07-19 16:00:00+00:00,296.52,21.3
2023-07-19 17:00:00+00:00,179.38,20.34
2023-07-19 18:00:00+00:00,98.97,19.18
2023-07-19 19:00:00+00:00,28.73,17.45
2023-07-19 20:00:00+00:00,0.0,15.92
2023-07-19 21:00:00+00:00,0.0,14.95
2023-07-19 22:00:00+00:00,0.0,13.97
2023-07-19 23:00:00+00:00,0.0,13.15
2023-07-20 00:00:00+00:00,0.0,12.44
2023-07-20 01:00:00+00:00,0.0,11.84
2023-07-20 02:00:00+00:00,0.0,11.37
2023-07-20 03:00:00+00:00,0.0,10.99
2023-07-20 04:00:00+00:00,10.75,11.22
2023-07-20 05:00:00+00:00,90.35,13.35
2023-07-20 06:00:00+00:00,208.8,15.31
2023-07-20 07:00:00+00:00,351.88,17.52
2023-07-20 08:00:00+00:00,515.65,19.13
2023-07-20 09:00:00+00:00,646.53,20.27
2023-07-20 10:00:00+00:00,674.9,21.13
2023-07-20 11:00:00+00:00,687.62,21.79
2023-07-20 12:00:00+00:00,597.5,22.27
2023-07-20 13:00:00+00:00,465.98,22.49
2023-07-20 14:00:00+00:00,392.27,22.43
2023-07-20 15:00:00+00:00,294.42,22.05
2023-07-20 16:00:00+00:00,214.88,21.33
2023-07-20 17:00:00+00:00,138.0,20.52
2023-07-20 18:00:00+00:00,72.0,19.2
2023-07-20 19:00:00+00:00,16.95,17.37
2023-07-20 20:00:00+00:00,0.0,16.16
2023-07-20 21:00:00+00:00,0.0,15.48
2023-07-20 22:00:00+00:00,0.0,14.84
2023-07-20 23:00:00+00:00,0.0,14.29
2023-07-21 00:00:00+00:00,0.0,13.79
2023-07-21 01:00:00+00:00,0.0,13.22
2023-07-21 02:00:00+00:00,0.0,12.54
2023-07-21 03:00:00+00:00,0.0,11.59
2023-07-21 04:00:00+00:00,10.95,10.92
2023-07-21 05:00:00+00:00,88.1,11.71
2023-07-21 06:00:00+00:00,196.23,13.64
2023-07-21 07:00:00+00:00,319.83,15.76
2023-07-21 08:00:00+00:00,452.83,17.21
2023-07-21 09:00:00+00:00,568.83,18.49
2023-07-21 10:00:00+00:00,583.65,19.63
2023-07-21 11:00:00+00:00,433.67,20.24
2023-07-21 12:00:00+00:00,352.85,20.43
2023-07-21 13:00:00+00:00,368.8,20.18
2023-07-21 14:00:00+00:00,284.05,20.02
2023-07-21 15:00:00+00:00,289.85,20.1
2023-07-21 16:00:00+00:00,257.27,19.65
2023-07-21 17:00:00+00:00,165.9,19.11
2023-07-21 18:00:00+00:00,89.28,18.07
2023-07-21 19:00:00+00:00,26.3,16.34
2023-07-21 20:00:00+00:00,0.0,15.22
2023-07-21 21:00:00+00:00,0.0,14.67
2023-07-21 22:00:00+00:00,0.0,14.2
2023-07-21 23:00:00+00:00,0.0,13.78
2023-07-22 00:00:00+00:00,0.0,13.14
2023-07-22 01:00:00+00:00,0.0,12.62
2023-07-22 02:00:00+00:00,0.0,12.32
2023-07-22 03:00:00+00:00,0.0,12.16
2023-07-22 04:00:00+00:00,6.05,12.18
2023-07-22 05:00:00+00:00,37.05,12.65
2023-07-22 06:00:00+00:00,91.82,13.47
2023-07-22 07:00:00+00:00,147.45,15.42
2023-07-22 08:00:00+00:00,218.02,17.36
2023-07-22 09:00:00+00:00,230.62,18.82
2023-07-22 10:00:00+00:00,201.55,19.61
2023-07-22 11:00:00+00:00,179.43,19.98
2023-07-22 12:00:00+00:00,174.77,19.2
2023-07-22 13:00:00+00:00,185.25,18.24
2023-07-22 14:00:00+00:00,150.75,17.7
2023-07-22 15:00:00+00:00,149.12,17.19
2023-07-22 16:00:00+00:00,120.03,16.8
2023-07-22 17:00:00+00:00,67.9,16.48
2023-07-22 18:00:00+00:00,28.67,15.93
2023-07-22 19:00:00+00:00,6.72,15.38
2023-07-22 20:00:00+00:00,0.0,15.25
2023-07-22 21:00:00+00:00,0.0,15.45
2023-07-22 22:00:00+00:00,0.0,15.65
2023-07-22 23:00:00+00:00,0.0,15.78
2023-07-23 00:00:00+00:00,0.0,15.88
2023-07-23 01:00:00+00:00,0.0,15.94
2023-07-23 02:00:00+00:00,0.0,15.95
2023-07-23 03:00:00+00:00,0.0,15.98
2023-07-23 04:00:00+00:00,6.68,16.01
2023-07-23 05:00:00+00:00,54.33,16.46
2023-07-23 06:00:00+00:00,130.9,17.25
2023-07-23 07:00:00+00:00,197.93,18.46
2023-07-23 08:00:00+00:00,295.7,20.06
2023-07-23 09:00:00+00:00,415.33,21.42
2023-07-23 10:00:00+00:00,511.35,22.38
2023-07-23 11:00:00+00:00,568.25,23.09
2023-07-23 12:00:00+00:00,515.55,23.5
2023-07-23 13:00:00+00:00,617.67,23.61
2023-07-23 14:00:00+00:00,539.67,23.45
2023-07-23 15:00:00+00:00,407.05,22.96
2023-07-23 16:00:00+00:00,308.92,22.22
2023-07-23 17:00:00+00:00,216.95,21.42
2023-07-23 18:00:00+00:00,99.65,20.19
2023-07-23 19:00:00+00:00,22.92,18.21
2023-07-23 20:00:00+00:00,0.0,17.01
2023-07-23 21:00:00+00:00,0.0,16.2
2023-07-23 22:00:00+00:00,0.0,15.5
2023-07-23 23:00:00+00:00,0.0,15.15
2023-07-24 00:00:00+00:00,0.0,14.83
2023-07-24 01:00:00+00:00,0.0,14.56
2023-07-24 02:00:00+00:00,0.0,14.33
2023-07-24 03:00:00+00:00,0.0,14.0
2023-07-24 04:00:00+00:00,5.5,13.99
2023-07-24 05:00:00+00:00,40.17,14.81
2023-07-24 06:00:00+00:00,94.82,15.61
2023-07-24 07:00:00+00:00,150.6,16.49
2023-07-24 08:00:00+00:00,188.8,17.39
2023-07-24 09:00:00+00:00,229.07,17.88
2023-07-24 10:00:00+00:00,279.83,17.87
2023-07-24 11:00:00+00:00,319.2,17.71
2023-07-24 12:00:00+00:00,302.17,17.87
2023-07-24 13:00:00+00:00,292.73,18.44
2023-07-24 14:00:00+00:00,185.18,18.97
2023-07-24 15:00:00+00:00,212.9,19.06
2023-07-24 16:00:00+00:00,151.82,18.62
2023-07-24 17:00:00+00:00,105.97,17.79
2023-07-24 18:00:00+00:00,59.6,16.71
2023-07-24 19:00:00+00:00,13.68,14.91
2023-07-24 20:00:00+00:00,0.0,13.47
2023-07-24 21:00:00+00:00,0.0,12.96
2023-07-24 22:00:00+00:00,0.0,12.48
2023-07-24 23:00:00+00:00,0.0,11.98
2023-07-25 00:00:00+00:00,0.0,11.57
2023-07-25 01:00:00+00:00,0.0,11.24
2023-07-25 02:00:00+00:00,0.0,11.09
2023-07-25 03:00:00+00:00,0.0,10.93
2023-07-25 04:00:00+00:00,6.7,10.9
2023-07-25 05:00:00+00:00,72.03,12.11
2023-07-25 06:00:00+00:00,175.52,13.09
2023-07-25 07:00:00+00:00,307.65,14.57
2023-07-25 08:00:00+00:00,450.17,16.16
2023-07-25 09:00:00+00:00,548.88,17.44
2023-07-25 10:00:00+00:00,598.7,18.4
2023-07-25 11:00:00+00:00,609.12,19.21
2023-07-25 12:00:00+00:00,526.25,19.89
2023-07-25 13:00:00+00:00,478.33,20.2
2023-07-25 14:00:00+00:00,459.33,20.25
2023-07-25 15:00:00+00:00,401.23,20.02
2023-07-25 16:00:00+00:00,285.88,19.66
2023-07-25 17:00:00+00:00,182.62,18.86
2023-07-25 18:00:00+00:00,102.6,17.35
2023-07-25 19:00:00+00:00,24.02,14.87
2023-07-25 20:00:00+00:00,0.0,13.39
2023-07-25 21:00:00+00:00,0.0,12.68
2023-07-25 22:00:00+00:00,0.0,12.04
2023-07-25 23:00:00+00:00,0.0,11.46
2023-07-26 00:00:00+00:00,0.0,10.91
2023-07-26 01:00:00+00:00,0.0,10.49
2023-07-26 02:00:00+00:00,0.0,9.96
2023-07-26 03:00:00+00:00,0.0,9.44
2023-07-26 04:00:00+00:00,7.55,9.43
2023-07-26 05:00:00+00:00,88.03,11.61
2023-07-26 06:00:00+00:00,210.98,13.17
2023-07-26 07:00:00+00:00,352.52,16.14
2023-07-26 08:00:00+00:00,499.52,18.18
2023-07-26 09:00:00+00:00,607.95,19.41
2023-07-26 10:00:00+00:00,631.35,20.18
2023-07-26 11:00:00+00:00,688.12,20.38
2023-07-26 12:00:00+00:00,623.0,20.46
2023-07-26 13:00:00+00:00,486.08,20.64
2023-07-26 14:00:00+00:00,294.38,20.51
2023-07-26 15:00:00+00:00,198.38,19.71
2023-07-26 16:00:00+00:00,134.8,18.72
2023-07-26 17:00:00+00:00,91.97,17.39
2023-07-26 18:00:00+00:00,51.75,16.25
2023-07-26 19:00:00+00:00,12.32,15.58
2023-07-26 20:00:00+00:00,0.0,15.49
2023-07-26 21:00:00+00:00,0.0,15.68
2023-07-26 22:00:00+00:00,0.0,15.99
2023-07-26 23:00:00+00:00,0.0,16.05
2023-07-27 00:00:00+00:00,0.0,15.97
2023-07-27 01:00:00+00:00,0.0,15.99
2023-07-27 02:00:00+00:00,0.0,16.07
2023-07-27 03:00:00+00:00,0.0,16.1
2023-07-27 04:00:00+00:00,4.45,16.07
2023-07-27 05:00:00+00:00,33.78,16.45
2023-07-27 06:00:00+00:00,105.15,17.23
2023-07-27 07:00:00+00:00,175.2,18.36
2023-07-27 08:00:00+00:00,245.82,19.42
2023-07-27 09:00:00+00:00,320.12,19.93
2023-07-27 10:00:00+00:00,356.25,21.03
2023-07-27 11:00:00+00:00,417.42,22.26
2023-07-27 12:00:00+00:00,386.4,23.2
2023-07-27 13:00:00+00:00,420.38,23.7
2023-07-27 14:00:00+00:00,389.9,23.67
2023-07-27 15:00:00+00:00,340.92,23.2
2023-07-27 16:00:00+00:00,274.88,22.54
2023-07-27 17:00:00+00:00,185.7,21.83
2023-07-27 18:00:00+00:00,105.88,20.86
2023-07-27 19:00:00+00:00,25.15,19.37
2023-07-27 20:00:00+00:00,0.0,18.37
2023-07-27 21:00:00+00:00,0.0,17.81
2023-07-27 22:00:00+00:00,0.0,17.16
2023-07-27 23:00:00+00:00,0.0,16.43
2023-07-28 00:00:00+00:00,0.0,15.6
2023-07-28 01:00:00+00:00,0.0,14.89
2023-07-28 02:00:00+00:00,0.0,14.24
2023-07-28 03:00:00+00:00,0.0,13.68
2023-07-28 04:00:00+00:00,6.12,13.6
2023-07-28 05:00:00+00:00,60.6,15.19
2023-07-28 06:00:00+00:00,126.3,16.75
2023-07-28 07:00:00+00:00,186.2,18.37
2023-07-28 08:00:00+00:00,260.4,19.88
2023-07-28 09:00:00+00:00,316.5,21.15
2023-07-28 10:00:00+00:00,388.85,22.23
2023-07-28 11:00:00+00:00,380.05,23.15
2023-07-28 12:00:00+00:00,423.15,23.78
2023-07-28 13:00:00+00:00,441.15,23.83
2023-07-28 14:00:00+00:00,396.85,23.69
2023-07-28 15:00:00+00:00,348.17,23.34
2023-07-28 16:00:00+00:00,280.55,22.64
2023-07-28 17:00:00+00:00,169.45,21.55
2023-07-28 18:00:00+00:00,81.0,20.06
2023-07-28 19:00:00+00:00,17.58,18.4
2023-07-28 20:00:00+00:00,0.0,17.31
2023-07-28 21:00:00+00:00,0.0,16.65
2023-07-28 22:00:00+00:00,0.0,16.2
2023-07-28 23:00:00+00:00,0.0,15.98
2023-07-29 00:00:00+00:00,0.0,15.85
2023-07-29 01:00:00+00:00,0.0,15.85
2023-07-29 02:00:00+00:00,0.0,15.78
2023-07-29 03:00:00+00:00,0.0,15.6
2023-07-29 04:00:00+00:00,4.15,15.39
2023-07-29 05:00:00+00:00,54.3,16.03
2023-07-29 06:00:00+00:00,154.0,17.15
2023-07-29 07:00:00+00:00,282.45,18.46
2023-07-29 08:00:00+00:00,411.33,19.83
2023-07-29 09:00:00+00:00,500.12,20.9
2023-07-29 10:00:00+00:00,597.22,21.71
2023-07-29 11:00:00+00:00,594.47,22.26
2023-07-29 12:00:00+00:00,668.03,22.63
2023-07-29 13:00:00+00:00,644.12,22.8
2023-07-29 14:00:00+00:00,598.12,22.55
2023-07-29 15:00:00+00:00,502.1,22.32
2023-07-29 16:00:00+00:00,378.27,21.66
2023-07-29 17:00:00+00:00,232.95,20.81
2023-07-29 18:00:00+00:00,116.57,19.36
2023-07-29 19:00:00+00:00,22.55,17.0
2023-07-29 20:00:00+00:00,0.0,15.83
2023-07-29 21:00:00+00:00,0.0,15.19
2023-07-29 22:00:00+00:00,0.0,14.6
2023-07-29 23:00:00+00:00,0.0,14.24
2023-07-30 00:00:00+00:00,0.0,14.05
2023-07-30 01:00:00+00:00,0.0,13.88
2023-07-30 02:00:00+00:00,0.0,13.49
2023-07-30 03:00:00+00:00,0.0,13.15
2023-07-30 04:00:00+00:00,5.2,13.04
2023-07-30 05:00:00+00:00,78.85,13.88
2023-07-30 06:00:00+00:00,211.65,15.35
2023-07-30 07:00:00+00:00,353.15,17.07
2023-07-30 08:00:00+00:00,505.73,18.56
2023-07-30 09:00:00+00:00,483.3,19.75
2023-07-30 10:00:00+00:00,411.02,20.71
2023-07-30 11:00:00+00:00,278.08,21.45
2023-07-30 12:00:00+00:00,267.1,21.41
2023-07-30 13:00:00+00:00,189.82,20.92
2023-07-30 14:00:00+00:00,142.07,20.22
2023-07-30 15:00:00+00:00,130.48,19.26
2023-07-30 16:00:00+00:00,115.6,18.75
2023-07-30 17:00:00+00:00,79.53,18.49
2023-07-30 18:00:00+00:00,41.83,18.01
2023-07-30 19:00:00+00:00,7.62,17.15
2023-07-30 20:00:00+00:00,0.0,16.49
2023-07-30 21:00:00+00:00,0.0,16.15
2023-07-30 22:00:00+00:00,0.0,16.04
2023-07-30 23:00:00+00:00,0.0,16.04
2023-07-31 00:00:00+00:00,0.0,16.14
2023-07-31 01:00:00+00:00,0.0,16.29
2023-07-31 02:00:00+00:00,0.0,16.37
2023-07-31 03:00:00+00:00,0.0,16.38
2023-07-31 04:00:00+00:00,2.88,16.41
2023-07-31 05:00:00+00:00,34.1,16.82
2023-07-31 06:00:00+00:00,92.55,17.62
2023-07-31 07:00:00+00:00,141.6,18.16
2023-07-31 08:00:00+00:00,209.35,18.65
2023-07-31 09:00:00+00:00,267.08,19.08
2023-07-31 10:00:00+00:00,276.23,19.81
2023-07-31 11:00:00+00:00,260.88,20.95
2023-07-31 12:00:00+00:00,186.57,22.2
2023-07-31 13:00:00+00:00,81.7,20.08
2023-07-31 14:00:00+00:00,107.3,18.76
2023-07-31 15:00:00+00:00,295.52,19.23
2023-07-31 16:00:00+00:00,241.98,19.63
2023-07-31 17:00:00+00:00,149.05,19.18
2023-07-31 18:00:00+00:00,80.18,18.07
2023-07-31 19:00:00+00:00,16.4,16.12
2023-07-31 20:00:00+00:00,0.0,14.94
2023-07-31 21:00:00+00:00,0.0,14.25
2023-07-31 22:00:00+00:00,0.0,13.66
2023-07-31 23:00:00+00:00,0.0,13.2
2023-08-01 00:00:00+00:00,0.0,12.99
2023-08-01 01:00:00+00:00,0.0,13.02
2023-08-01 02:00:00+00:00,0.0,13.07
2023-08-01 03:00:00+00:00,0.0,13.05
2023-08-01 04:00:00+00:00,4.0,13.0
2023-08-01 05:00:00+00:00,72.85,13.67
2023-08-01 06:00:00+00:00,201.4,14.95
2023-08-01 07:00:00+00:00,351.08,16.6
2023-08-01 08:00:00+00:00,508.2,18.26
2023-08-01 09:00:00+00:00,528.5,19.41
2023-08-01 10:00:00+00:00,537.47,20.38
2023-08-01 11:00:00+00:00,528.25,21.24
2023-08-01 12:00:00+00:00,494.98,21.93
2023-08-01 13:00:00+00:00,558.05,22.34
2023-08-01 14:00:00+00:00,478.17,22.53
2023-08-01 15:00:00+00:00,396.73,22.33
2023-08-01 16:00:00+00:00,270.05,21.49
2023-08-01 17:00:00+00:00,158.18,20.48
2023-08-01 18:00:00+00:00,68.3,19.29
2023-08-01 19:00:00+00:00,9.2,17.38
2023-08-01 20:00:00+00:00,0.0,16.05
2023-08-01 21:00:00+00:00,0.0,14.97
2023-08-01 22:00:00+00:00,0.0,14.47
2023-08-01 23:00:00+00:00,0.0,14.38
2023-08-02 00:00:00+00:00,0.0,14.59
2023-08-02 01:00:00+00:00,0.0,15.26
2023-08-02 02:00:00+00:00,0.0,15.87
2023-08-02 03:00:00+00:00,0.0,16.45
2023-08-02 04:00:00+00:00,2.78,16.91
2023-08-02 05:00:00+00:00,51.33,17.15
2023-08-02 06:00:00+00:00,158.43,17.24
2023-08-02 07:00:00+00:00,280.98,17.58
2023-08-02 08:00:00+00:00,414.48,18.53
2023-08-02 09:00:00+00:00,445.58,19.39
2023-08-02 10:00:00+00:00,390.38,20.12
2023-08-02 11:00:00+00:00,387.15,20.34
2023-08-02 12:00:00+00:00,295.2,20.0
2023-08-02 13:00:00+00:00,247.9,19.5
2023-08-02 14:00:00+00:00,270.92,18.96
2023-08-02 15:00:00+00:00,287.2,18.81
2023-08-02 16:00:00+00:00,239.38,18.64
2023-08-02 17:00:00+00:00,148.6,18.18
2023-08-02 18:00:00+00:00,65.68,17.51
2023-08-02 19:00:00+00:00,11.7,16.75
2023-08-02 20:00:00+00:00,0.0,16.13
2023-08-02 21:00:00+00:00,0.0,15.58
2023-08-02 22:00:00+00:00,0.0,15.11
2023-08-02 23:00:00+00:00,0.0,14.71
2023-08-03 00:00:00+00:00,0.0,14.39
2023-08-03 01:00:00+00:00,0.0,14.12
2023-08-03 02:00:00+00:00,0.0,13.86
2023-08-03 03:00:00+00:00,0.0,13.61
2023-08-03 04:00:00+00:00,0.0,13.32
2023-08-03 05:00:00+00:00,51.7,13.61
2023-08-03 06:00:00+00:00,133.7,14.48
2023-08-03 07:00:00+00:00,234.9,15.83
2023-08-03 08:00:00+00:00,355.55,17.4
2023-08-03 09:00:00+00:00,504.73,18.61
2023-08-03 10:00:00+00:00,512.2,19.71
2023-08-03 11:00:00+00:00,442.83,20.63
2023-08-03 12:00:00+00:00,452.12,21.28
2023-08-03 13:00:00+00:00,359.27,21.58
2023-08-03 14:00:00+00:00,338.15,21.51
2023-08-03 15:00:00+00:00,277.88,20.87
2023-08-03 16:00:00+00:00,193.85,20.07
2023-08-03 17:00:00+00:00,125.72,19.38
2023-08-03 18:00:00+00:00,57.3,18.07
2023-08-03 19:00:00+00:00,9.55,16.08
2023-08-03 20:00:00+00:00,0.0,15.45
2023-08-03 21:00:00+00:00,0.0,15.17
2023-08-03 22:00:00+00:00,0.0,14.77
2023-08-03 23:00:00+00:00,0.0,14.33
2023-08-04 00:00:00+00:00,0.0,13.81
2023-08-04 01:00:00+00:00,0.0,13.2
2023-08-04 02:00:00+00:00,0.0,12.68
2023-08-04 03:00:00+00:00,0.0,12.4
2023-08-04 04:00:00+00:00,0.0,12.2
2023-08-04 05:00:00+00:00,43.97,12.79
2023-08-04 06:00:00+00:00,105.43,14.09
2023-08-04 07:00:00+00:00,181.12,15.95
2023-08-04 08:00:00+00:00,264.2,17.63
2023-08-04 09:00:00+00:00,289.7,18.98
2023-08-04 10:00:00+00:00,326.85,19.89
2023-08-04 11:00:00+00:00,372.83,20.45
2023-08-04 12:00:00+00:00,361.45,20.67
2023-08-04 13:00:00+00:00,334.45,20.59
2023-08-04 14:00:00+00:00,301.52,20.55
2023-08-04 15:00:00+00:00,273.95,20.43
2023-08-04 16:00:00+00:00,207.85,19.94
2023-08-04 17:00:00+00:00,122.32,18.94
2023-08-04 18:00:00+00:00,50.62,17.8
2023-08-04 19:00:00+00:00,8.88,16.55
2023-08-04 20:00:00+00:00,0.0,15.78
2023-08-04 21:00:00+00:00,0.0,15.59
2023-08-04 22:00:00+00:00,0.0,15.28
2023-08-04 23:00:00+00:00,0.0,14.89
2023-08-05 00:00:00+00:00,0.0,14.59
2023-08-05 01:00:00+00:00,0.0,14.11
2023-08-05 02:00:00+00:00,0.0,13.34
2023-08-05 03:00:00+00:00,0.0,12.83
2023-08-05 04:00:00+00:00,0.0,12.5
2023-08-05 05:00:00+00:00,26.02,12.75
2023-08-05 06:00:00+00:00,67.53,13.52
2023-08-05 07:00:00+00:00,130.52,14.44
2023-08-05 08:00:00+00:00,162.6,14.86
2023-08-05 09:00:00+00:00,194.55,15.19
2023-08-05 10:00:00+00:00,212.62,15.6
2023-08-05 11:00:00+00:00,321.98,15.94
2023-08-05 12:00:00+00:00,308.75,17.16
2023-08-05 13:00:00+00:00,361.48,18.86
2023-08-05 14:00:00+00:00,316.38,19.92
2023-08-05 15:00:00+00:00,189.43,20.29
2023-08-05 16:00:00+00:00,144.9,19.61
2023-08-05 17:00:00+00:00,101.82,17.52
2023-08-05 18:00:00+00:00,52.22,14.79
2023-08-05 19:00:00+00:00,8.57,13.06
2023-08-05 20:00:00+00:00,0.0,12.4
2023-08-05 21:00:00+00:00,0.0,11.91
2023-08-05 22:00:00+00:00,0.0,11.59
2023-08-05 23:00:00+00:00,0.0,11.49
2023-08-06 00:00:00+00:00,0.0,11.42
2023-08-06 01:00:00+00:00,0.0,11.17
2023-08-06 02:00:00+00:00,0.0,10.74
2023-08-06 03:00:00+00:00,0.0,10.16
2023-08-06 04:00:00+00:00,0.0,9.62
2023-08-06 05:00:00+00:00,62.5,10.02
2023-08-06 06:00:00+00:00,177.73,11.59
2023-08-06 07:00:00+00:00,308.35,13.9
2023-08-06 08:00:00+00:00,463.48,15.94
2023-08-06 09:00:00+00:00,517.88,17.21
2023-08-06 10:00:00+00:00,555.03,17.93
2023-08-06 11:00:00+00:00,613.88,18.51
2023-08-06 12:00:00+00:00,513.3,18.91
2023-08-06 13:00:00+00:00,568.35,18.86
2023-08-06 14:00:00+00:00,487.08,18.68
2023-08-06 15:00:00+00:00,430.58,18.32
2023-08-06 16:00:00+00:00,317.83,17.84
2023-08-06 17:00:00+00:00,195.68,17.24
2023-08-06 18:00:00+00:00,88.32,16.13
2023-08-06 19:00:00+00:00,11.12,14.14
2023-08-06 20:00:00+00:00,0.0,13.19
2023-08-06 21:00:00+00:00,0.0,12.57
2023-08-06 22:00:00+00:00,0.0,12.1
2023-08-06 23:00:00+00:00,0.0,11.53
2023-08-07 00:00:00+00:00,0.0,10.86
2023-08-07 01:00:00+00:00,0.0,10.32
2023-08-07 02:00:00+00:00,0.0,9.92
2023-08-07 03:00:00+00:00,0.0,9.51
2023-08-07 04:00:00+00:00,0.0,9.24
2023-08-07 05:00:00+00:00,69.3,10.63
2023-08-07 06:00:00+00:00,201.6,12.43
2023-08-07 07:00:00+00:00,354.12,15.15
2023-08-07 08:00:00+00:00,501.2,17.15
2023-08-07 09:00:00+00:00,636.38,18.63
2023-08-07 10:00:00+00:00,667.85,19.69
2023-08-07 11:00:00+00:00,633.35,20.54
2023-08-07 12:00:00+00:00,589.12,21.24
2023-08-07 13:00:00+00:00,545.4,21.68
2023-08-07 14:00:00+00:00,442.6,21.78
2023-08-07 15:00:00+00:00,375.5,21.51
2023-08-07 16:00:00+00:00,279.02,20.68
2023-08-07 17:00:00+00:00,171.05,19.13
2023-08-07 18:00:00+00:00,79.22,17.75
2023-08-07 19:00:00+00:00,9.8,15.89
2023-08-07 20:00:00+00:00,0.0,14.37
2023-08-07 21:00:00+00:00,0.0,13.45
2023-08-07 22:00:00+00:00,0.0,12.52
2023-08-07 23:00:00+00:00,0.0,11.73
2023-08-08 00:00:00+00:00,0.0,10.88
2023-08-08 01:00:00+00:00,0.0,10.34
2023-08-08 02:00:00+00:00,0.0,10.03
2023-08-08 03:00:00+00:00,0.0,9.94
2023-08-08 04:00:00+00:00,0.0,9.83
2023-08-08 05:00:00+00:00,33.03,10.94
2023-08-08 06:00:00+00:00,99.82,12.68
2023-08-08 07:00:00+00:00,169.27,14.72
2023-08-08 08:00:00+00:00,199.05,16.37
2023-08-08 09:00:00+00:00,224.6,17.56
2023-08-08 10:00:00+00:00,252.0,17.92
2023-08-08 11:00:00+00:00,285.58,17.82
2023-08-08 12:00:00+00:00,230.95,17.3
2023-08-08 13:00:00+00:00,193.9,16.95
2023-08-08 14:00:00+00:00,170.02,17.39
2023-08-08 15:00:00+00:00,115.2,18.41
2023-08-08 16:00:00+00:00,185.77,19.07
2023-08-08 17:00:00+00:00,113.88,19.04
2023-08-08 18:00:00+00:00,45.65,18.03
2023-08-08 19:00:00+00:00,5.85,16.46
2023-08-08 20:00:00+00:00,0.0,15.86
2023-08-08 21:00:00+00:00,0.0,15.38
2023-08-08 22:00:00+00:00,0.0,14.62
2023-08-08 23:00:00+00:00,0.0,13.84
2023-08-09 00:00:00+00:00,0.0,13.25
2023-08-09 01:00:00+00:00,0.0,12.67
2023-08-09 02:00:00+00:00,0.0,12.0
2023-08-09 03:00:00+00:00,0.0,11.37
2023-08-09 04:00:00+00:00,0.0,10.69
2023-08-09 05:00:00+00:00,55.62,11.58
2023-08-09 06:00:00+00:00,185.07,12.69
2023-08-09 07:00:00+00:00,343.23,15.1
2023-08-09 08:00:00+00:00,500.27,17.51
2023-08-09 09:00:00+00:00,635.65,19.2
2023-08-09 10:00:00+00:00,726.38,20.43
2023-08-09 11:00:00+00:00,672.95,21.58
2023-08-09 12:00:00+00:00,720.95,22.54
2023-08-09 13:00:00+00:00,585.8,23.26
2023-08-09 14:00:00+00:00,601.75,23.75
2023-08-09 15:00:00+00:00,559.6,23.89
2023-08-09 16:00:00+00:00,413.5,23.66
2023-08-09 17:00:00+00:00,255.93,23.04
2023-08-09 18:00:00+00:00,105.65,21.6
2023-08-09 19:00:00+00:00,9.38,18.73
2023-08-09 20:00:00+00:00,0.0,17.28
2023-08-09 21:00:00+00:00,0.0,16.42
2023-08-09 22:00:00+00:00,0.0,15.6
2023-08-09 23:00:00+00:00,0.0,14.9
2023-08-10 00:00:00+00:00,0.0,14.28
2023-08-10 01:00:00+00:00,0.0,13.77
2023-08-10 02:00:00+00:00,0.0,13.37
2023-08-10 03:00:00+00:00,0.0,12.97
2023-08-10 04:00:00+00:00,0.0,12.7
2023-08-10 05:00:00+00:00,57.88,14.47
2023-08-10 06:00:00+00:00,192.43,16.4
2023-08-10 07:00:00+00:00,348.52,18.81
2023-08-10 08:00:00+00:00,499.3,20.77
2023-08-10 09:00:00+00:00,621.0,22.19
2023-08-10 10:00:00+00:00,673.17,23.19
2023-08-10 11:00:00+00:00,673.83,23.77
2023-08-10 12:00:00+00:00,717.3,24.14
2023-08-10 13:00:00+00:00,619.85,24.43
2023-08-10 14:00:00+00:00,519.53,24.71
2023-08-10 15:00:00+00:00,454.83,24.73
2023-08-10 16:00:00+00:00,297.33,24.35
2023-08-10 17:00:00+00:00,182.35,23.43
2023-08-10 18:00:00+00:00,75.25,21.57
2023-08-10 19:00:00+00:00,7.05,19.13
2023-08-10 20:00:00+00:00,0.0,18.25
2023-08-10 21:00:00+00:00,0.0,17.58
2023-08-10 22:00:00+00:00,0.0,16.9
2023-08-10 23:00:00+00:00,0.0,16.25
2023-08-11 00:00:00+00:00,0.0,15.74
2023-08-11 01:00:00+00:00,0.0,15.55
2023-08-11 02:00:00+00:00,0.0,15.72
2023-08-11 03:00:00+00:00,0.0,16.34
2023-08-11 04:00:00+00:00,0.0,16.73
2023-08-11 05:00:00+00:00,34.58,17.35
2023-08-11 06:00:00+00:00,122.75,18.5
2023-08-11 07:00:00+00:00,227.65,19.93
2023-08-11 08:00:00+00:00,344.02,21.05
2023-08-11 09:00:00+00:00,478.08,22.19
2023-08-11 10:00:00+00:00,549.72,23.22
2023-08-11 11:00:00+00:00,621.08,23.96
2023-08-11 12:00:00+00:00,590.28,24.18
2023-08-11 13:00:00+00:00,591.47,24.0
2023-08-11 14:00:00+00:00,524.6,23.33
2023-08-11 15:00:00+00:00,456.25,22.61
2023-08-11 16:00:00+00:00,332.85,22.12
2023-08-11 17:00:00+00:00,199.55,21.47
2023-08-11 18:00:00+00:00,79.25,20.21
2023-08-11 19:00:00+00:00,6.45,18.81
2023-08-11 20:00:00+00:00,0.0,18.05
2023-08-11 21:00:00+00:00,0.0,17.28
2023-08-11 22:00:00+00:00,0.0,16.52
2023-08-11 23:00:00+00:00,0.0,15.81
2023-08-12 00:00:00+00:00,0.0,15.08
2023-08-12 01:00:00+00:00,0.0,14.59
2023-08-12 02:00:00+00:00,0.0,14.25
2023-08-12 03:00:00+00:00,0.0,13.64
2023-08-12 04:00:00+00:00,0.0,12.97
2023-08-12 05:00:00+00:00,49.67,14.52
2023-08-12 06:00:00+00:00,145.93,16.52
2023-08-12 07:00:00+00:00,245.2,18.43
2023-08-12 08:00:00+00:00,341.65,19.85
2023-08-12 09:00:00+00:00,368.77,20.95
2023-08-12 10:00:00+00:00,435.1,21.71
2023-08-12 11:00:00+00:00,578.4,22.24
2023-08-12 12:00:00+00:00,508.02,22.47
2023-08-12 13:00:00+00:00,443.08,22.46
2023-08-12 14:00:00+00:00,335.92,22.2
2023-08-12 15:00:00+00:00,295.77,21.85
2023-08-12 16:00:00+00:00,201.2,21.24
2023-08-12 17:00:00+00:00,128.7,20.27
2023-08-12 18:00:00+00:00,52.5,18.95
2023-08-12 19:00:00+00:00,4.55,17.41
2023-08-12 20:00:00+00:00,0.0,16.38
2023-08-12 21:00:00+00:00,0.0,15.82
2023-08-12 22:00:00+00:00,0.0,15.55
2023-08-12 23:00:00+00:00,0.0,15.49
2023-08-13 00:00:00+00:00,0.0,15.44
2023-08-13 01:00:00+00:00,0.0,15.27
2023-08-13 02:00:00+00:00,0.0,15.1
2023-08-13 03:00:00+00:00,0.0,14.73
2023-08-13 04:00:00+00:00,0.0,14.38
2023-08-13 05:00:00+00:00,20.98,15.29
2023-08-13 06:00:00+00:00,87.25,16.63
2023-08-13 07:00:00+00:00,166.88,17.91
2023-08-13 08:00:00+00:00,244.43,19.29
2023-08-13 09:00:00+00:00,341.8,20.54
2023-08-13 10:00:00+00:00,468.52,21.63
2023-08-13 11:00:00+00:00,533.35,22.02
2023-08-13 12:00:00+00:00,515.45,22.15
2023-08-13 13:00:00+00:00,409.58,21.71
2023-08-13 14:00:00+00:00,339.73,21.95
2023-08-13 15:00:00+00:00,248.07,22.11
2023-08-13 16:00:00+00:00,168.38,21.28
2023-08-13 17:00:00+00:00,81.1,20.03
2023-08-13 18:00:00+00:00,29.58,18.61
2023-08-13 19:00:00+00:00,3.6,17.29
2023-08-13 20:00:00+00:00,0.0,16.49
2023-08-13 21:00:00+00:00,0.0,16.09
2023-08-13 22:00:00+00:00,0.0,15.71
2023-08-13 23:00:00+00:00,0.0,15.28
2023-08-14 00:00:00+00:00,0.0,15.13
2023-08-14 01:00:00+00:00,0.0,15.31
2023-08-14 02:00:00+00:00,0.0,15.55
2023-08-14 03:00:00+00:00,0.0,15.66
2023-08-14 04:00:00+00:00,0.0,15.86
2023-08-14 05:00:00+00:00,24.2,16.12
2023-08-14 06:00:00+00:00,84.82,16.66
2023-08-14 07:00:00+00:00,153.95,17.53
2023-08-14 08:00:00+00:00,224.25,19.34
2023-08-14 09:00:00+00:00,286.35,21.27
2023-08-14 10:00:00+00:00,331.58,21.98
2023-08-14 11:00:00+00:00,367.12,22.27
2023-08-14 12:00:00+00:00,312.75,22.51
2023-08-14 13:00:00+00:00,224.07,22.52
2023-08-14 14:00:00+00:00,323.5,22.45
2023-08-14 15:00:00+00:00,314.98,22.09
2023-08-14 16:00:00+00:00,229.98,21.48
2023-08-14 17:00:00+00:00,147.98,20.63
2023-08-14 18:00:00+00:00,63.53,19.43
2023-08-14 19:00:00+00:00,4.22,18.05
2023-08-14 20:00:00+00:00,0.0,17.14
2023-08-14 21:00:00+00:00,0.0,16.48
2023-08-14 22:00:00+00:00,0.0,15.57
2023-08-14 23:00:00+00:00,0.0,14.67
2023-08-15 00:00:00+00:00,0.0,13.8
2023-08-15 01:00:00+00:00,0.0,12.98
2023-08-15 02:00:00+00:00,0.0,12.24
2023-08-15 03:00:00+00:00,0.0,11.63
2023-08-15 04:00:00+00:00,0.0,11.16
2023-08-15 05:00:00+00:00,45.9,12.53
2023-08-15 06:00:00+00:00,172.12,14.36
2023-08-15 07:00:00+00:00,315.6,16.7
2023-08-15 08:00:00+00:00,456.35,18.93
2023-08-15 09:00:00+00:00,575.83,20.68
2023-08-15 10:00:00+00:00,664.1,21.98
2023-08-15 11:00:00+00:00,685.0,22.94
2023-08-15 12:00:00+00:00,647.75,23.55
2023-08-15 13:00:00+00:00,493.27,23.96
2023-08-15 14:00:00+00:00,430.73,23.97
2023-08-15 15:00:00+00:00,337.17,23.62
2023-08-15 16:00:00+00:00,211.98,22.72
2023-08-15 17:00:00+00:00,133.02,21.74
2023-08-15 18:00:00+00:00,55.78,20.06
2023-08-15 19:00:00+00:00,3.28,18.34
2023-08-15 20:00:00+00:00,0.0,17.25
2023-08-15 21:00:00+00:00,0.0,16.36
2023-08-15 22:00:00+00:00,0.0,15.69
2023-08-15 23:00:00+00:00,0.0,15.04
2023-08-16 00:00:00+00:00,0.0,14.51
2023-08-16 01:00:00+00:00,0.0,13.97
2023-08-16 02:00:00+00:00,0.0,13.6
2023-08-16 03:00:00+00:00,0.0,13.39
2023-08-16 04:00:00+00:00,0.0,13.07
2023-08-16 05:00:00+00:00,42.8,13.85
2023-08-16 06:00:00+00:00,175.85,15.19
2023-08-16 07:00:00+00:00,331.88,17.64
2023-08-16 08:00:00+00:00,488.88,20.36
2023-08-16 09:00:00+00:00,611.28,22.32
2023-08-16 10:00:00+00:00,712.72,23.53
2023-08-16 11:00:00+00:00,678.53,24.32
2023-08-16 12:00:00+00:00,572.17,24.77
2023-08-16 13:00:00+00:00,524.42,24.87
2023-08-16 14:00:00+00:00,505.17,24.68
2023-08-16 15:00:00+00:00,346.7,24.21
2023-08-16 16:00:00+00:00,223.85,23.45
2023-08-16 17:00:00+00:00,137.4,22.1
2023-08-16 18:00:00+00:00,54.65,19.69
2023-08-16 19:00:00+00:00,0.0,17.25
2023-08-16 20:00:00+00:00,0.0,16.17
2023-08-16 21:00:00+00:00,0.0,15.17
2023-08-16 22:00:00+00:00,0.0,14.34
2023-08-16 23:00:00+00:00,0.0,14.05
2023-08-17 00:00:00+00:00,0.0,14.29
2023-08-17 01:00:00+00:00,0.0,14.69
2023-08-17 02:00:00+00:00,0.0,14.92
2023-08-17 03:00:00+00:00,0.0,14.85
2023-08-17 04:00:00+00:00,0.0,14.72
2023-08-17 05:00:00+00:00,26.7,15.59
2023-08-17 06:00:00+00:00,119.93,16.98
2023-08-17 07:00:00+00:00,239.2,18.73
2023-08-17 08:00:00+00:00,356.58,20.56
2023-08-17 09:00:00+00:00,474.42,21.94
2023-08-17 10:00:00+00:00,542.05,22.87
2023-08-17 11:00:00+00:00,615.03,23.47
2023-08-17 12:00:00+00:00,582.75,23.78
2023-08-17 13:00:00+00:00,612.33,23.77
2023-08-17 14:00:00+00:00,497.1,23.46
2023-08-17 15:00:00+00:00,307.6,22.84
2023-08-17 16:00:00+00:00,234.45,21.84
2023-08-17 17:00:00+00:00,140.82,20.46
2023-08-17 18:00:00+00:00,57.22,18.69
2023-08-17 19:00:00+00:00,0.0,17.01
2023-08-17 20:00:00+00:00,0.0,16.28
2023-08-17 21:00:00+00:00,0.0,15.83
2023-08-17 22:00:00+00:00,0.0,15.6
2023-08-17 23:00:00+00:00,0.0,15.59
2023-08-18 00:00:00+00:00,0.0,15.62
2023-08-18 01:00:00+00:00,0.0,15.73
2023-08-18 02:00:00+00:00,0.0,15.94
2023-08-18 03:00:00+00:00,0.0,16.38
2023-08-18 04:00:00+00:00,0.0,16.65
2023-08-18 05:00:00+00:00,13.9,17.08
2023-08-18 06:00:00+00:00,58.67,17.88
2023-08-18 07:00:00+00:00,93.5,18.91
2023-08-18 08:00:00+00:00,86.53,19.97
2023-08-18 09:00:00+00:00,143.68,20.6
2023-08-18 10:00:00+00:00,290.23,21.08
2023-08-18 11:00:00+00:00,356.05,21.79
2023-08-18 12:00:00+00:00,455.7,21.5
2023-08-18 13:00:00+00:00,537.35,21.59
2023-08-18 14:00:00+00:00,478.5,22.53
2023-08-18 15:00:00+00:00,318.05,22.94
2023-08-18 16:00:00+00:00,214.95,22.64
2023-08-18 17:00:00+00:00,117.8,21.79
2023-08-18 18:00:00+00:00,44.38,20.35
2023-08-18 19:00:00+00:00,0.0,19.24
2023-08-18 20:00:00+00:00,0.0,18.99
2023-08-18 21:00:00+00:00,0.0,19.04
2023-08-18 22:00:00+00:00,0.0,19.12
2023-08-18 23:00:00+00:00,0.0,19.47
2023-08-19 00:00:00+00:00,0.0,19.67
2023-08-19 01:00:00+00:00,0.0,19.49
2023-08-19 02:00:00+00:00,0.0,18.95
2023-08-19 03:00:00+00:00,0.0,18.13
2023-08-19 04:00:00+00:00,0.0,17.29
2023-08-19 05:00:00+00:00,34.25,17.02
2023-08-19 06:00:00+00:00,137.18,17.7
2023-08-19 07:00:00+00:00,242.85,18.81
2023-08-19 08:00:00+00:00,345.38,20.44
2023-08-19 09:00:00+00:00,481.48,21.84
2023-08-19 10:00:00+00:00,558.97,22.97
2023-08-19 11:00:00+00:00,582.95,23.77
2023-08-19 12:00:00+00:00,563.05,24.13
2023-08-19 13:00:00+00:00,538.58,24.13
2023-08-19 14:00:00+00:00,482.2,23.82
2023-08-19 15:00:00+00:00,414.62,23.34
2023-08-19 16:00:00+00:00,290.85,22.55
2023-08-19 17:00:00+00:00,171.52,21.44
2023-08-19 18:00:00+00:00,62.85,19.75
2023-08-19 19:00:00+00:00,0.0,17.61
2023-08-19 20:00:00+00:00,0.0,16.75
2023-08-19 21:00:00+00:00,0.0,16.02
2023-08-19 22:00:00+00:00,0.0,15.34
2023-08-19 23:00:00+00:00,0.0,14.82
2023-08-20 00:00:00+00:00,0.0,14.39
2023-08-20 01:00:00+00:00,0.0,14.02
2023-08-20 02:00:00+00:00,0.0,13.68
2023-08-20 03:00:00+00:00,0.0,13.38
2023-08-20 04:00:00+00:00,0.0,13.11
2023-08-20 05:00:00+00:00,31.45,14.41
2023-08-20 06:00:00+00:00,153.2,17.01
2023-08-20 07:00:00+00:00,290.73,18.68
2023-08-20 08:00:00+00:00,431.23,20.4
2023-08-20 09:00:00+00:00,529.1,21.8
2023-08-20 10:00:00+00:00,601.0,22.87
2023-08-20 11:00:00+00:00,693.47,23.71
2023-08-20 12:00:00+00:00,629.38,24.11
2023-08-20 13:00:00+00:00,521.6,24.36
2023-08-20 14:00:00+00:00,417.15,24.1
2023-08-20 15:00:00+00:00,344.73,23.73
2023-08-20 16:00:00+00:00,225.9,23.16
2023-08-20 17:00:00+00:00,135.82,21.93
2023-08-20 18:00:00+00:00,49.9,19.88
2023-08-20 19:00:00+00:00,0.0,17.8
2023-08-20 20:00:00+00:00,0.0,17.06
2023-08-20 21:00:00+00:00,0.0,16.31
2023-08-20 22:00:00+00:00,0.0,15.6
2023-08-20 23:00:00+00:00,0.0,14.81
2023-08-21 00:00:00+00:00,0.0,13.94
2023-08-21 01:00:00+00:00,0.0,13.18
2023-08-21 02:00:00+00:00,0.0,12.53
2023-08-21 03:00:00+00:00,0.0,12.01
2023-08-21 04:00:00+00:00,0.0,11.62
2023-08-21 05:00:00+00:00,21.73,12.6
2023-08-21 06:00:00+00:00,99.03,15.11
2023-08-21 07:00:00+00:00,207.57,17.38
2023-08-21 08:00:00+00:00,319.83,19.1
2023-08-21 09:00:00+00:00,417.38,20.65
2023-08-21 10:00:00+00:00,560.9,22.13
2023-08-21 11:00:00+00:00,685.88,23.17
2023-08-21 12:00:00+00:00,631.45,23.65
2023-08-21 13:00:00+00:00,534.12,24.12
2023-08-21 14:00:00+00:00,506.42,24.11
2023-08-21 15:00:00+00:00,413.75,23.79
2023-08-21 16:00:00+00:00,276.08,23.01
2023-08-21 17:00:00+00:00,154.68,21.9
2023-08-21 18:00:00+00:00,47.65,19.56
2023-08-21 19:00:00+00:00,0.0,18.14
2023-08-21 20:00:00+00:00,0.0,17.35
2023-08-21 21:00:00+00:00,0.0,16.51
2023-08-21 22:00:00+00:00,0.0,15.67
2023-08-21 23:00:00+00:00,0.0,15.08
2023-08-22 00:00:00+00:00,0.0,14.95
2023-08-22 01:00:00+00:00,0.0,14.78
2023-08-22 02:00:00+00:00,0.0,14.47
2023-08-22 03:00:00+00:00,0.0,14.31
2023-08-22 04:00:00+00:00,0.0,14.31
2023-08-22 05:00:00+00:00,19.67,15.05
2023-08-22 06:00:00+00:00,113.2,16.38
2023-08-22 07:00:00+00:00,244.15,18.01
2023-08-22 08:00:00+00:00,382.77,19.72
2023-08-22 09:00:00+00:00,490.8,21.36
2023-08-22 10:00:00+00:00,612.3,22.71
2023-08-22 11:00:00+00:00,690.17,23.78
2023-08-22 12:00:00+00:00,697.42,24.62
2023-08-22 13:00:00+00:00,648.5,25.1
2023-08-22 14:00:00+00:00,570.92,25.23
2023-08-22 15:00:00+00:00,466.88,24.97
2023-08-22 16:00:00+00:00,326.2,24.28
2023-08-22 17:00:00+00:00,191.5,22.81
2023-08-22 18:00:00+00:00,61.17,19.79
2023-08-22 19:00:00+00:00,0.0,17.35
2023-08-22 20:00:00+00:00,0.0,16.64
2023-08-22 21:00:00+00:00,0.0,16.66
2023-08-22 22:00:00+00:00,0.0,15.93
2023-08-22 23:00:00+00:00,0.0,14.98
2023-08-23 00:00:00+00:00,0.0,14.06
2023-08-23 01:00:00+00:00,0.0,13.69
2023-08-23 02:00:00+00:00,0.0,12.98
2023-08-23 03:00:00+00:00,0.0,12.56
2023-08-23 04:00:00+00:00,0.0,12.19
2023-08-23 05:00:00+00:00,22.08,13.01
2023-08-23 06:00:00+00:00,107.28,15.38
2023-08-23 07:00:00+00:00,202.95,17.96
2023-08-23 08:00:00+00:00,302.65,20.37
2023-08-23 09:00:00+00:00,394.7,21.86
2023-08-23 10:00:00+00:00,547.75,23.06
2023-08-23 11:00:00+00:00,696.1,24.12
2023-08-23 12:00:00+00:00,735.28,25.05
2023-08-23 13:00:00+00:00,662.75,25.76
2023-08-23 14:00:00+00:00,563.78,26.11
2023-08-23 15:00:00+00:00,447.48,26.01
2023-08-23 16:00:00+00:00,307.1,25.56
2023-08-23 17:00:00+00:00,166.23,24.43
2023-08-23 18:00:00+00:00,44.22,21.6
2023-08-23 19:00:00+00:00,0.0,19.79
2023-08-23 20:00:00+00:00,0.0,19.2
2023-08-23 21:00:00+00:00,0.0,18.48
2023-08-23 22:00:00+00:00,0.0,17.83
2023-08-23 23:00:00+00:00,0.0,17.33
2023-08-24 00:00:00+00:00,0.0,16.42
2023-08-24 01:00:00+00:00,0.0,16.08
2023-08-24 02:00:00+00:00,0.0,16.43
2023-08-24 03:00:00+00:00,0.0,16.57
2023-08-24 04:00:00+00:00,0.0,16.74
2023-08-24 05:00:00+00:00,14.15,16.89
2023-08-24 06:00:00+00:00,94.05,18.1
2023-08-24 07:00:00+00:00,187.15,18.68
2023-08-24 08:00:00+00:00,264.45,19.22
2023-08-24 09:00:00+00:00,407.7,20.07
2023-08-24 10:00:00+00:00,548.92,21.66
2023-08-24 11:00:00+00:00,602.78,24.12
2023-08-24 12:00:00+00:00,490.52,25.84
2023-08-24 13:00:00+00:00,404.5,26.58
2023-08-24 14:00:00+00:00,410.3,26.69
2023-08-24 15:00:00+00:00,316.33,26.2
2023-08-24 16:00:00+00:00,213.88,24.38
2023-08-24 17:00:00+00:00,123.82,21.85
2023-08-24 18:00:00+00:00,35.85,20.07
2023-08-24 19:00:00+00:00,0.0,19.23
2023-08-24 20:00:00+00:00,0.0,18.56
2023-08-24 21:00:00+00:00,0.0,17.54
2023-08-24 22:00:00+00:00,0.0,16.31
2023-08-24 23:00:00+00:00,0.0,15.16
2023-08-25 00:00:00+00:00,0.0,14.03
2023-08-25 01:00:00+00:00,0.0,13.0
2023-08-25 02:00:00+00:00,0.0,12.14
2023-08-25 03:00:00+00:00,0.0,11.45
2023-08-25 04:00:00+00:00,0.0,11.01
2023-08-25 05:00:00+00:00,19.12,11.12
2023-08-25 06:00:00+00:00,112.35,12.25
2023-08-25 07:00:00+00:00,236.7,14.54
2023-08-25 08:00:00+00:00,361.92,16.78
2023-08-25 09:00:00+00:00,474.1,18.42
2023-08-25 10:00:00+00:00,568.65,19.62
2023-08-25 11:00:00+00:00,499.15,20.59
2023-08-25 12:00:00+00:00,525.6,21.24
2023-08-25 13:00:00+00:00,425.3,21.59
2023-08-25 14:00:00+00:00,376.52,21.38
2023-08-25 15:00:00+00:00,289.77,20.98
2023-08-25 16:00:00+00:00,197.05,20.2
2023-08-25 17:00:00+00:00,107.32,18.76
2023-08-25 18:00:00+00:00,28.98,16.89
2023-08-25 19:00:00+00:00,0.0,15.32
2023-08-25 20:00:00+00:00,0.0,14.75
2023-08-25 21:00:00+00:00,0.0,14.34
2023-08-25 22:00:00+00:00,0.0,13.99
2023-08-25 23:00:00+00:00,0.0,13.73
2023-08-26 00:00:00+00:00,0.0,13.48
2023-08-26 01:00:00+00:00,0.0,13.14
2023-08-26 02:00:00+00:00,0.0,12.86
2023-08-26 03:00:00+00:00,0.0,12.53
2023-08-26 04:00:00+00:00,0.0,12.11
2023-08-26 05:00:00+00:00,14.57,11.98
2023-08-26 06:00:00+00:00,86.57,12.94
2023-08-26 07:00:00+00:00,177.9,14.49
2023-08-26 08:00:00+00:00,289.23,16.3
2023-08-26 09:00:00+00:00,385.25,17.95
2023-08-26 10:00:00+00:00,473.48,19.04
2023-08-26 11:00:00+00:00,476.0,19.36
2023-08-26 12:00:00+00:00,449.15,19.34
2023-08-26 13:00:00+00:00,360.48,19.11
2023-08-26 14:00:00+00:00,392.1,18.76
2023-08-26 15:00:00+00:00,290.05,18.35
2023-08-26 16:00:00+00:00,187.7,17.82
2023-08-26 17:00:00+00:00,107.22,17.05
2023-08-26 18:00:00+00:00,28.6,15.17
2023-08-26 19:00:00+00:00,0.0,13.78
2023-08-26 20:00:00+00:00,0.0,13.32
2023-08-26 21:00:00+00:00,0.0,12.75
2023-08-26 22:00:00+00:00,0.0,12.21
2023-08-26 23:00:00+00:00,0.0,11.68
2023-08-27 00:00:00+00:00,0.0,11.11
2023-08-27 01:00:00+00:00,0.0,10.62
2023-08-27 02:00:00+00:00,0.0,10.21
2023-08-27 03:00:00+00:00,0.0,9.83
2023-08-27 04:00:00+00:00,0.0,9.48
2023-08-27 05:00:00+00:00,17.55,9.74
2023-08-27 06:00:00+00:00,117.97,11.28
2023-08-27 07:00:00+00:00,229.32,13.59
2023-08-27 08:00:00+00:00,346.45,16.02
2023-08-27 09:00:00+00:00,454.15,17.72
2023-08-27 10:00:00+00:00,450.88,18.63
2023-08-27 11:00:00+00:00,391.62,19.06
2023-08-27 12:00:00+00:00,370.62,19.29
2023-08-27 13:00:00+00:00,370.85,19.36
2023-08-27 14:00:00+00:00,402.58,19.58
2023-08-27 15:00:00+00:00,302.15,19.41
2023-08-27 16:00:00+00:00,197.25,18.91
2023-08-27 17:00:00+00:00,98.4,17.89
2023-08-27 18:00:00+00:00,22.95,16.02
2023-08-27 19:00:00+00:00,0.0,14.82
2023-08-27 20:00:00+00:00,0.0,14.3
2023-08-27 21:00:00+00:00,0.0,13.57
2023-08-27 22:00:00+00:00,0.0,12.71
2023-08-27 23:00:00+00:00,0.0,11.92
2023-08-28 00:00:00+00:00,0.0,11.06
2023-08-28 01:00:00+00:00,0.0,10.36
2023-08-28 02:00:00+00:00,0.0,9.86
2023-08-28 03:00:00+00:00,0.0,9.44
2023-08-28 04:00:00+00:00,0.0,9.06
2023-08-28 05:00:00+00:00,15.93,9.45
2023-08-28 06:00:00+00:00,104.1,11.68
2023-08-28 07:00:00+00:00,188.55,13.98
2023-08-28 08:00:00+00:00,275.35,16.41
2023-08-28 09:00:00+00:00,360.55,18.02
2023-08-28 10:00:00+00:00,452.77,19.09
2023-08-28 11:00:00+00:00,504.42,20.01
2023-08-28 12:00:00+00:00,375.48,20.7
2023-08-28 13:00:00+00:00,343.33,21.1
2023-08-28 14:00:00+00:00,361.55,21.16
2023-08-28 15:00:00+00:00,268.9,20.71
2023-08-28 16:00:00+00:00,157.48,19.8
2023-08-28 17:00:00+00:00,79.62,18.54
2023-08-28 18:00:00+00:00,15.32,16.55
2023-08-28 19:00:00+00:00,0.0,15.16
2023-08-28 20:00:00+00:00,0.0,14.28
2023-08-28 21:00:00+00:00,0.0,13.34
2023-08-28 22:00:00+00:00,0.0,12.58
2023-08-28 23:00:00+00:00,0.0,12.05
2023-08-29 00:00:00+00:00,0.0,11.62
2023-08-29 01:00:00+00:00,0.0,11.25
2023-08-29 02:00:00+00:00,0.0,10.8
2023-08-29 03:00:00+00:00,0.0,10.07
2023-08-29 04:00:00+00:00,0.0,9.75
2023-08-29 05:00:00+00:00,10.3,10.11
2023-08-29 06:00:00+00:00,90.07,12.28
2023-08-29 07:00:00+00:00,210.7,14.34
2023-08-29 08:00:00+00:00,328.27,17.28
2023-08-29 09:00:00+00:00,448.88,18.64
2023-08-29 10:00:00+00:00,546.5,19.44
2023-08-29 11:00:00+00:00,561.78,20.17
2023-08-29 12:00:00+00:00,434.55,20.8
2023-08-29 13:00:00+00:00,404.3,21.15
2023-08-29 14:00:00+00:00,340.95,21.15
2023-08-29 15:00:00+00:00,215.0,20.54
2023-08-29 16:00:00+00:00,141.73,19.52
2023-08-29 17:00:00+00:00,74.07,18.1
2023-08-29 18:00:00+00:00,15.07,16.68
2023-08-29 19:00:00+00:00,0.0,15.81
2023-08-29 20:00:00+00:00,0.0,15.33
2023-08-29 21:00:00+00:00,0.0,14.92
2023-08-29 22:00:00+00:00,0.0,14.56
2023-08-29 23:00:00+00:00,0.0,14.17
2023-08-30 00:00:00+00:00,0.0,13.57
2023-08-30 01:00:00+00:00,0.0,12.68
2023-08-30 02:00:00+00:00,0.0,11.5
2023-08-30 03:00:00+00:00,0.0,10.51
2023-08-30 04:00:00+00:00,0.0,9.67
2023-08-30 05:00:00+00:00,13.48,9.41
2023-08-30 06:00:00+00:00,111.47,10.48
2023-08-30 07:00:00+00:00,230.05,12.66
2023-08-30 08:00:00+00:00,350.38,15.2
2023-08-30 09:00:00+00:00,451.17,16.97
2023-08-30 10:00:00+00:00,484.35,18.09
2023-08-30 11:00:00+00:00,456.0,19.0
2023-08-30 12:00:00+00:00,514.97,19.57
2023-08-30 13:00:00+00:00,411.17,19.85
2023-08-30 14:00:00+00:00,413.65,19.81
2023-08-30 15:00:00+00:00,331.5,19.54
2023-08-30 16:00:00+00:00,196.1,18.89
2023-08-30 17:00:00+00:00,100.45,17.7
2023-08-30 18:00:00+00:00,19.88,15.7
2023-08-30 19:00:00+00:00,0.0,14.72
2023-08-30 20:00:00+00:00,0.0,14.28
2023-08-30 21:00:00+00:00,0.0,13.65
2023-08-30 22:00:00+00:00,0.0,12.52
2023-08-30 23:00:00+00:00,0.0,11.47
2023-08-31 00:00:00+00:00,0.0,10.88
2023-08-31 01:00:00+00:00,0.0,10.28
2023-08-31 02:00:00+00:00,0.0,9.91
2023-08-31 03:00:00+00:00,0.0,9.83
2023-08-31 04:00:00+00:00,0.0,9.99
2023-08-31 05:00:00+00:00,5.28,10.46
2023-08-31 06:00:00+00:00,40.88,11.49
2023-08-31 07:00:00+00:00,96.47,13.5
2023-08-31 08:00:00+00:00,154.3,16.36
2023-08-31 09:00:00+00:00,209.4,16.73
2023-08-31 10:00:00+00:00,375.27,17.04
2023-08-31 11:00:00+00:00,370.33,18.44
2023-08-31 12:00:00+00:00,303.15,19.09
2023-08-31 13:00:00+00:00,266.17,19.29
2023-08-31 14:00:00+00:00,203.45,18.65
2023-08-31 15:00:00+00:00,102.57,17.72
2023-08-31 16:00:00+00:00,67.38,16.68
2023-08-31 17:00:00+00:00,33.53,15.82
2023-08-31 18:00:00+00:00,5.95,15.09
2023-08-31 19:00:00+00:00,0.0,14.66
2023-08-31 20:00:00+00:00,0.0,14.54
2023-08-31 21:00:00+00:00,0.0,14.66
2023-08-31 22:00:00+00:00,0.0,14.76
2023-08-31 23:00:00+00:00,0.0,14.79
2023-09-01 00:00:00+00:00,0.0,14.74
2023-09-01 01:00:00+00:00,0.0,14.63
2023-09-01 02:00:00+00:00,0.0,14.54
2023-09-01 03:00:00+00:00,0.0,14.33
2023-09-01 04:00:00+00:00,0.0,13.92
2023-09-01 05:00:00+00:00,7.75,14.22
2023-09-01 06:00:00+00:00,56.75,15.96
2023-09-01 07:00:00+00:00,124.1,17.59
2023-09-01 08:00:00+00:00,207.3,19.33
2023-09-01 09:00:00+00:00,273.25,20.91
2023-09-01 10:00:00+00:00,350.15,21.89
2023-09-01 11:00:00+00:00,358.42,22.65
2023-09-01 12:00:00+00:00,391.42,23.04
2023-09-01 13:00:00+00:00,423.6,23.39
2023-09-01 14:00:00+00:00,407.05,23.37
2023-09-01 15:00:00+00:00,314.58,23.29
2023-09-01 16:00:00+00:00,203.15,22.88
2023-09-01 17:00:00+00:00,97.95,21.78
2023-09-01 18:00:00+00:00,16.02,19.95
2023-09-01 19:00:00+00:00,0.0,18.81
2023-09-01 20:00:00+00:00,0.0,18.18
2023-09-01 21:00:00+00:00,0.0,17.7
2023-09-01 22:00:00+00:00,0.0,17.18
2023-09-01 23:00:00+00:00,0.0,16.64
2023-09-02 00:00:00+00:00,0.0,16.08
2023-09-02 01:00:00+00:00,0.0,15.62
2023-09-02 02:00:00+00:00,0.0,15.01
2023-09-02 03:00:00+00:00,0.0,14.53
2023-09-02 04:00:00+00:00,0.0,14.41
2023-09-02 05:00:00+00:00,6.3,14.61
2023-09-02 06:00:00+00:00,55.62,16.09
2023-09-02 07:00:00+00:00,130.43,17.47
2023-09-02 08:00:00+00:00,204.02,19.2
2023-09-02 09:00:00+00:00,274.42,20.98
2023-09-02 10:00:00+00:00,397.1,22.16
2023-09-02 11:00:00+00:00,453.65,23.13
2023-09-02 12:00:00+00:00,545.97,23.74
2023-09-02 13:00:00+00:00,544.9,24.02
2023-09-02 14:00:00+00:00,423.88,23.93
2023-09-02 15:00:00+00:00,342.6,23.58
2023-09-02 16:00:00+00:00,233.4,22.77
2023-09-02 17:00:00+00:00,115.07,21.31
2023-09-02 18:00:00+00:00,18.12,19.31
2023-09-02 19:00:00+00:00,0.0,17.76
2023-09-02 20:00:00+00:00,0.0,16.71
2023-09-02 21:00:00+00:00,0.0,15.74
2023-09-02 22:00:00+00:00,0.0,15.14
2023-09-02 23:00:00+00:00,0.0,14.63
2023-09-03 00:00:00+00:00,0.0,14.15
2023-09-03 01:00:00+00:00,0.0,13.81
2023-09-03 02:00:00+00:00,0.0,13.49
2023-09-03 03:00:00+00:00,0.0,13.27
2023-09-03 04:00:00+00:00,0.0,13.24
2023-09-03 05:00:00+00:00,9.38,13.41
2023-09-03 06:00:00+00:00,106.78,15.56
2023-09-03 07:00:00+00:00,252.4,17.52
2023-09-03 08:00:00+00:00,404.27,19.59
2023-09-03 09:00:00+00:00,539.5,21.4
2023-09-03 10:00:00+00:00,633.03,22.77
2023-09-03 11:00:00+00:00,653.53,23.9
2023-09-03 12:00:00+00:00,659.65,24.7
2023-09-03 13:00:00+00:00,626.88,25.23
2023-09-03 14:00:00+00:00,524.8,25.38
2023-09-03 15:00:00+00:00,409.23,25.19
2023-09-03 16:00:00+00:00,267.88,24.55
2023-09-03 17:00:00+00:00,119.75,22.87
2023-09-03 18:00:00+00:00,15.98,19.53
2023-09-03 19:00:00+00:00,0.0,17.92
2023-09-03 20:00:00+00:00,0.0,17.0
2023-09-03 21:00:00+00:00,0.0,16.12
2023-09-03 22:00:00+00:00,0.0,15.44
2023-09-03 23:00:00+00:00,0.0,15.02
2023-09-04 00:00:00+00:00,0.0,14.75
2023-09-04 01:00:00+00:00,0.0,14.61
2023-09-04 02:00:00+00:00,0.0,14.44
2023-09-04 03:00:00+00:00,0.0,14.2
2023-09-04 04:00:00+00:00,0.0,13.93
2023-09-04 05:00:00+00:00,8.2,14.01
2023-09-04 06:00:00+00:00,105.72,16.66
2023-09-04 07:00:00+00:00,255.43,18.45
2023-09-04 08:00:00+00:00,408.1,21.08
2023-09-04 09:00:00+00:00,540.15,23.73
2023-09-04 10:00:00+00:00,640.1,25.57
2023-09-04 11:00:00+00:00,696.75,26.69
2023-09-04 12:00:00+00:00,716.25,27.28
2023-09-04 13:00:00+00:00,673.65,27.39
2023-09-04 14:00:00+00:00,584.12,27.04
2023-09-04 15:00:00+00:00,456.6,26.19
2023-09-04 16:00:00+00:00,302.85,24.68
2023-09-04 17:00:00+00:00,141.85,22.31
2023-09-04 18:00:00+00:00,16.9,19.05
2023-09-04 19:00:00+00:00,0.0,17.53
2023-09-04 20:00:00+00:00,0.0,16.57
2023-09-04 21:00:00+00:00,0.0,15.78
2023-09-04 22:00:00+00:00,0.0,15.28
2023-09-04 23:00:00+00:00,0.0,14.96
2023-09-05 00:00:00+00:00,0.0,14.81
2023-09-05 01:00:00+00:00,0.0,14.78
2023-09-05 02:00:00+00:00,0.0,14.88
2023-09-05 03:00:00+00:00,0.0,14.96
2023-09-05 04:00:00+00:00,0.0,15.26
2023-09-05 05:00:00+00:00,7.82,15.91
2023-09-05 06:00:00+00:00,105.7,17.27
2023-09-05 07:00:00+00:00,257.3,18.55
2023-09-05 08:00:00+00:00,405.77,20.25
2023-09-05 09:00:00+00:00,532.28,22.53
2023-09-05 10:00:00+00:00,622.1,24.7
2023-09-05 11:00:00+00:00,666.45,26.41
2023-09-05 12:00:00+00:00,700.6,27.53
2023-09-05 13:00:00+00:00,652.35,27.92
2023-09-05 14:00:00+00:00,560.12,27.73
2023-09-05 15:00:00+00:00,430.0,26.97
2023-09-05 16:00:00+00:00,275.6,25.61
2023-09-05 17:00:00+00:00,120.75,23.19
2023-09-05 18:00:00+00:00,12.77,20.11
2023-09-05 19:00:00+00:00,0.0,18.67
2023-09-05 20:00:00+00:00,0.0,17.84
2023-09-05 21:00:00+00:00,0.0,17.13
2023-09-05 22:00:00+00:00,0.0,16.51
2023-09-05 23:00:00+00:00,0.0,16.03
2023-09-06 00:00:00+00:00,0.0,15.78
2023-09-06 01:00:00+00:00,0.0,15.73
2023-09-06 02:00:00+00:00,0.0,15.66
2023-09-06 03:00:00+00:00,0.0,15.48
2023-09-06 04:00:00+00:00,0.0,15.25
2023-09-06 05:00:00+00:00,6.18,15.15
2023-09-06 06:00:00+00:00,89.03,16.78
2023-09-06 07:00:00+00:00,233.02,18.29
2023-09-06 08:00:00+00:00,382.48,20.43
2023-09-06 09:00:00+00:00,516.38,23.58
2023-09-06 10:00:00+00:00,609.38,25.52
2023-09-06 11:00:00+00:00,654.95,27.07
2023-09-06 12:00:00+00:00,624.62,28.08
2023-09-06 13:00:00+00:00,547.12,28.63
2023-09-06 14:00:00+00:00,438.42,28.62
2023-09-06 15:00:00+00:00,322.6,28.31
2023-09-06 16:00:00+00:00,195.88,27.58
2023-09-06 17:00:00+00:00,83.8,25.49
2023-09-06 18:00:00+00:00,9.15,22.81
2023-09-06 19:00:00+00:00,0.0,21.36
2023-09-06 20:00:00+00:00,0.0,20.34
2023-09-06 21:00:00+00:00,0.0,19.28
2023-09-06 22:00:00+00:00,0.0,18.35
2023-09-06 23:00:00+00:00,0.0,17.73
2023-09-07 00:00:00+00:00,0.0,17.53
2023-09-07 01:00:00+00:00,0.0,17.27
2023-09-07 02:00:00+00:00,0.0,16.8
2023-09-07 03:00:00+00:00,0.0,16.33
2023-09-07 04:00:00+00:00,0.0,16.09
2023-09-07 05:00:00+00:00,5.35,16.11
2023-09-07 06:00:00+00:00,76.18,17.95
2023-09-07 07:00:00+00:00,206.73,19.26
2023-09-07 08:00:00+00:00,359.45,21.12
2023-09-07 09:00:00+00:00,500.15,23.77
2023-09-07 10:00:00+00:00,604.6,26.27
2023-09-07 11:00:00+00:00,667.42,28.18
2023-09-07 12:00:00+00:00,689.4,29.09
2023-09-07 13:00:00+00:00,639.55,29.44
2023-09-07 14:00:00+00:00,520.42,29.34
2023-09-07 15:00:00+00:00,384.6,28.74
2023-09-07 16:00:00+00:00,234.95,27.69
2023-09-07 17:00:00+00:00,98.2,25.09
2023-09-07 18:00:00+00:00,8.68,22.05
2023-09-07 19:00:00+00:00,0.0,20.82
2023-09-07 20:00:00+00:00,0.0,20.19
2023-09-07 21:00:00+00:00,0.0,19.48
2023-09-07 22:00:00+00:00,0.0,18.91
2023-09-07 23:00:00+00:00,0.0,18.41
2023-09-08 00:00:00+00:00,0.0,17.94
2023-09-08 01:00:00+00:00,0.0,17.7
2023-09-08 02:00:00+00:00,0.0,17.46
2023-09-08 03:00:00+00:00,0.0,17.16
2023-09-08 04:00:00+00:00,0.0,16.88
2023-09-08 05:00:00+00:00,4.78,17.13
2023-09-08 06:00:00+00:00,66.5,18.22
2023-09-08 07:00:00+00:00,156.12,19.64
2023-09-08 08:00:00+00:00,263.55,20.56
2023-09-08 09:00:00+00:00,371.1,22.0
2023-09-08 10:00:00+00:00,493.2,24.27
2023-09-08 11:00:00+00:00,544.1,26.09
2023-09-08 12:00:00+00:00,494.1,27.5
2023-09-08 13:00:00+00:00,504.8,27.88
2023-09-08 14:00:00+00:00,443.73,27.97
2023-09-08 15:00:00+00:00,309.7,27.8
2023-09-08 16:00:00+00:00,179.07,26.75
2023-09-08 17:00:00+00:00,75.72,25.51
2023-09-08 18:00:00+00:00,6.0,24.24
2023-09-08 19:00:00+00:00,0.0,23.05
2023-09-08 20:00:00+00:00,0.0,21.99
2023-09-08 21:00:00+00:00,0.0,21.22
2023-09-08 22:00:00+00:00,0.0,20.62
2023-09-08 23:00:00+00:00,0.0,20.16
2023-09-09 00:00:00+00:00,0.0,19.86
2023-09-09 01:00:00+00:00,0.0,19.63
2023-09-09 02:00:00+00:00,0.0,19.47
2023-09-09 03:00:00+00:00,0.0,19.12
2023-09-09 04:00:00+00:00,0.0,18.8
2023-09-09 05:00:00+00:00,4.05,18.59
2023-09-09 06:00:00+00:00,76.75,19.43
2023-09-09 07:00:00+00:00,215.02,21.25
2023-09-09 08:00:00+00:00,364.17,23.04
2023-09-09 09:00:00+00:00,493.5,26.69
2023-09-09 10:00:00+00:00,573.22,29.06
2023-09-09 11:00:00+00:00,639.45,30.06
2023-09-09 12:00:00+00:00,652.55,30.71
2023-09-09 13:00:00+00:00,593.97,31.06
2023-09-09 14:00:00+00:00,496.7,31.07
2023-09-09 15:00:00+00:00,374.83,30.58
2023-09-09 16:00:00+00:00,233.45,29.9
2023-09-09 17:00:00+00:00,94.3,27.65
2023-09-09 18:00:00+00:00,6.82,24.68
2023-09-09 19:00:00+00:00,0.0,23.09
2023-09-09 20:00:00+00:00,0.0,22.1
2023-09-09 21:00:00+00:00,0.0,21.3
2023-09-09 22:00:00+00:00,0.0,20.61
2023-09-09 23:00:00+00:00,0.0,19.87
2023-09-10 00:00:00+00:00,0.0,19.08
2023-09-10 01:00:00+00:00,0.0,18.41
2023-09-10 02:00:00+00:00,0.0,17.96
2023-09-10 03:00:00+00:00,0.0,17.46
2023-09-10 04:00:00+00:00,0.0,17.24
2023-09-10 05:00:00+00:00,3.05,17.24
2023-09-10 06:00:00+00:00,51.2,19.34
2023-09-10 07:00:00+00:00,132.7,21.05
2023-09-10 08:00:00+00:00,222.85,23.16
2023-09-10 09:00:00+00:00,305.55,25.09
2023-09-10 10:00:00+00:00,312.38,25.9
2023-09-10 11:00:00+00:00,341.0,26.81
2023-09-10 12:00:00+00:00,293.52,27.5
2023-09-10 13:00:00+00:00,389.33,28.07
2023-09-10 14:00:00+00:00,272.73,27.79
2023-09-10 15:00:00+00:00,205.3,26.48
2023-09-10 16:00:00+00:00,134.1,24.88
2023-09-10 17:00:00+00:00,55.92,23.47
2023-09-10 18:00:00+00:00,5.4,21.75
2023-09-10 19:00:00+00:00,0.0,20.75
2023-09-10 20:00:00+00:00,0.0,19.88
2023-09-10 21:00:00+00:00,0.0,19.31
2023-09-10 22:00:00+00:00,0.0,18.86
2023-09-10 23:00:00+00:00,0.0,18.32
2023-09-11 00:00:00+00:00,0.0,17.72
2023-09-11 01:00:00+00:00,0.0,17.2
2023-09-11 02:00:00+00:00,0.0,16.79
2023-09-11 03:00:00+00:00,0.0,16.33
2023-09-11 04:00:00+00:00,0.0,16.04
2023-09-11 05:00:00+00:00,0.0,15.81
2023-09-11 06:00:00+00:00,64.28,16.62
2023-09-11 07:00:00+00:00,171.77,18.32
2023-09-11 08:00:00+00:00,295.75,20.64
2023-09-11 09:00:00+00:00,412.7,22.23
2023-09-11 10:00:00+00:00,451.65,23.65
2023-09-11 11:00:00+00:00,477.73,24.73
2023-09-11 12:00:00+00:00,392.83,25.2
2023-09-11 13:00:00+00:00,343.08,25.17
2023-09-11 14:00:00+00:00,341.88,24.91
2023-09-11 15:00:00+00:00,245.15,24.49
2023-09-11 16:00:00+00:00,138.2,23.69
2023-09-11 17:00:00+00:00,57.4,22.09
2023-09-11 18:00:00+00:00,3.8,20.16
2023-09-11 19:00:00+00:00,0.0,19.46
2023-09-11 20:00:00+00:00,0.0,18.93
2023-09-11 21:00:00+00:00,0.0,18.35
2023-09-11 22:00:00+00:00,0.0,17.51
2023-09-11 23:00:00+00:00,0.0,16.77
2023-09-12 00:00:00+00:00,0.0,16.3
2023-09-12 01:00:00+00:00,0.0,16.01
2023-09-12 02:00:00+00:00,0.0,15.74
2023-09-12 03:00:00+00:00,0.0,15.6
2023-09-12 04:00:00+00:00,0.0,15.51
2023-09-12 05:00:00+00:00,0.0,15.43
2023-09-12 06:00:00+00:00,31.77,16.79
2023-09-12 07:00:00+00:00,90.65,18.22
2023-09-12 08:00:00+00:00,147.45,19.67
2023-09-12 09:00:00+00:00,209.85,20.93
2023-09-12 10:00:00+00:00,301.88,22.21
2023-09-12 11:00:00+00:00,303.58,23.04
2023-09-12 12:00:00+00:00,258.27,23.35
2023-09-12 13:00:00+00:00,217.98,23.48
2023-09-12 14:00:00+00:00,167.15,23.28
2023-09-12 15:00:00+00:00,124.03,22.72
2023-09-12 16:00:00+00:00,74.4,21.86
2023-09-12 17:00:00+00:00,29.05,20.46
2023-09-12 18:00:00+00:00,2.03,18.6
2023-09-12 19:00:00+00:00,0.0,17.66
2023-09-12 20:00:00+00:00,0.0,16.78
2023-09-12 21:00:00+00:00,0.0,16.11
2023-09-12 22:00:00+00:00,0.0,15.37
2023-09-12 23:00:00+00:00,0.0,14.7
2023-09-13 00:00:00+00:00,0.0,14.19
2023-09-13 01:00:00+00:00,0.0,13.92
2023-09-13 02:00:00+00:00,0.0,13.69
2023-09-13 03:00:00+00:00,0.0,13.46
2023-09-13 04:00:00+00:00,0.0,13.08
2023-09-13 05:00:00+00:00,0.0,12.55
2023-09-13 06:00:00+00:00,71.88,12.63
2023-09-13 07:00:00+00:00,191.73,13.85
2023-09-13 08:00:00+00:00,309.9,16.04
2023-09-13 09:00:00+00:00,421.5,18.02
2023-09-13 10:00:00+00:00,464.7,19.31
2023-09-13 11:00:00+00:00,428.92,20.19
2023-09-13 12:00:00+00:00,383.38,20.84
2023-09-13 13:00:00+00:00,377.73,21.1
2023-09-13 14:00:00+00:00,381.85,21.0
2023-09-13 15:00:00+00:00,251.95,20.66
2023-09-13 16:00:00+00:00,154.95,19.99
2023-09-13 17:00:00+00:00,63.58,18.51
2023-09-13 18:00:00+00:00,0.0,16.48
2023-09-13 19:00:00+00:00,0.0,15.56
2023-09-13 20:00:00+00:00,0.0,14.93
2023-09-13 21:00:00+00:00,0.0,14.35
2023-09-13 22:00:00+00:00,0.0,13.61
2023-09-13 23:00:00+00:00,0.0,13.12
2023-09-14 00:00:00+00:00,0.0,12.79
2023-09-14 01:00:00+00:00,0.0,12.56
2023-09-14 02:00:00+00:00,0.0,12.29
2023-09-14 03:00:00+00:00,0.0,12.01
2023-09-14 04:00:00+00:00,0.0,11.64
2023-09-14 05:00:00+00:00,0.0,11.35
2023-09-14 06:00:00+00:00,67.2,12.99
2023-09-14 07:00:00+00:00,181.85,15.11
2023-09-14 08:00:00+00:00,304.83,17.66
2023-09-14 09:00:00+00:00,441.15,19.41
2023-09-14 10:00:00+00:00,523.65,20.73
2023-09-14 11:00:00+00:00,551.08,21.84
2023-09-14 12:00:00+00:00,555.9,22.68
2023-09-14 13:00:00+00:00,473.08,23.18
2023-09-14 14:00:00+00:00,382.02,23.32
2023-09-14 15:00:00+00:00,275.15,23.05
2023-09-14 16:00:00+00:00,160.5,22.25
2023-09-14 17:00:00+00:00,62.47,20.01
2023-09-14 18:00:00+00:00,0.0,16.95
2023-09-14 19:00:00+00:00,0.0,15.81
2023-09-14 20:00:00+00:00,0.0,14.93
2023-09-14 21:00:00+00:00,0.0,14.09
2023-09-14 22:00:00+00:00,0.0,13.47
2023-09-14 23:00:00+00:00,0.0,13.09
2023-09-15 00:00:00+00:00,0.0,12.76
2023-09-15 01:00:00+00:00,0.0,12.57
2023-09-15 02:00:00+00:00,0.0,12.32
2023-09-15 03:00:00+00:00,0.0,12.06
2023-09-15 04:00:00+00:00,0.0,12.1
2023-09-15 05:00:00+00:00,0.0,12.0
2023-09-15 06:00:00+00:00,71.85,13.14
2023-09-15 07:00:00+00:00,201.77,15.48
2023-09-15 08:00:00+00:00,340.6,18.63
2023-09-15 09:00:00+00:00,468.02,21.57
2023-09-15 10:00:00+00:00,573.53,23.21
2023-09-15 11:00:00+00:00,576.3,24.27
2023-09-15 12:00:00+00:00,491.92,24.91
2023-09-15 13:00:00+00:00,431.48,25.19
2023-09-15 14:00:00+00:00,374.52,25.06
2023-09-15 15:00:00+00:00,241.3,24.53
2023-09-15 16:00:00+00:00,156.62,23.47
2023-09-15 17:00:00+00:00,63.08,21.04
2023-09-15 18:00:00+00:00,0.0,18.21
2023-09-15 19:00:00+00:00,0.0,17.21
2023-09-15 20:00:00+00:00,0.0,16.34
2023-09-15 21:00:00+00:00,0.0,15.64
2023-09-15 22:00:00+00:00,0.0,15.07
2023-09-15 23:00:00+00:00,0.0,14.63
2023-09-16 00:00:00+00:00,0.0,14.33
2023-09-16 01:00:00+00:00,0.0,14.13
2023-09-16 02:00:00+00:00,0.0,14.17
2023-09-16 03:00:00+00:00,0.0,14.39
2023-09-16 04:00:00+00:00,0.0,14.61
2023-09-16 05:00:00+00:00,0.0,14.58
2023-09-16 06:00:00+00:00,54.72,15.17
2023-09-16 07:00:00+00:00,157.32,16.81
2023-09-16 08:00:00+00:00,260.98,17.95
2023-09-16 09:00:00+00:00,371.25,19.4
2023-09-16 10:00:00+00:00,458.5,21.56
2023-09-16 11:00:00+00:00,441.5,24.06
2023-09-16 12:00:00+00:00,375.77,25.64
2023-09-16 13:00:00+00:00,284.85,25.92
2023-09-16 14:00:00+00:00,271.27,25.31
2023-09-16 15:00:00+00:00,189.6,24.21
2023-09-16 16:00:00+00:00,108.8,22.76
2023-09-16 17:00:00+00:00,40.15,21.01
2023-09-16 18:00:00+00:00,0.0,19.34
2023-09-16 19:00:00+00:00,0.0,18.36
2023-09-16 20:00:00+00:00,0.0,17.34
2023-09-16 21:00:00+00:00,0.0,16.42
2023-09-16 22:00:00+00:00,0.0,15.65
2023-09-16 23:00:00+00:00,0.0,15.16
2023-09-17 00:00:00+00:00,0.0,14.88
2023-09-17 01:00:00+00:00,0.0,14.76
2023-09-17 02:00:00+00:00,0.0,14.72
2023-09-17 03:00:00+00:00,0.0,14.7
2023-09-17 04:00:00+00:00,0.0,14.73
2023-09-17 05:00:00+00:00,0.0,14.67
2023-09-17 06:00:00+00:00,30.58,15.51
2023-09-17 07:00:00+00:00,88.07,17.18
2023-09-17 08:00:00+00:00,146.6,19.22
2023-09-17 09:00:00+00:00,189.48,20.7
2023-09-17 10:00:00+00:00,231.12,21.22
2023-09-17 11:00:00+00:00,94.5,20.84
2023-09-17 12:00:00+00:00,101.78,20.34
2023-09-17 13:00:00+00:00,86.57,20.02
2023-09-17 14:00:00+00:00,121.75,19.93
2023-09-17 15:00:00+00:00,139.5,20.11
2023-09-17 16:00:00+00:00,77.18,20.02
2023-09-17 17:00:00+00:00,28.4,19.12
2023-09-17 18:00:00+00:00,0.0,17.78
2023-09-17 19:00:00+00:00,0.0,17.59
2023-09-17 20:00:00+00:00,0.0,17.68
2023-09-17 21:00:00+00:00,0.0,17.79
2023-09-17 22:00:00+00:00,0.0,17.7
2023-09-17 23:00:00+00:00,0.0,17.36
2023-09-18 00:00:00+00:00,0.0,17.18
2023-09-18 01:00:00+00:00,0.0,17.37
2023-09-18 02:00:00+00:00,0.0,17.49
2023-09-18 03:00:00+00:00,0.0,17.11
2023-09-18 04:00:00+00:00,0.0,16.53
2023-09-18 05:00:00+00:00,0.0,16.08
2023-09-18 06:00:00+00:00,48.05,16.13
2023-09-18 07:00:00+00:00,129.85,16.81
2023-09-18 08:00:00+00:00,190.85,17.94
2023-09-18 09:00:00+00:00,250.0,19.34
2023-09-18 10:00:00+00:00,253.52,20.19
2023-09-18 11:00:00+00:00,240.62,19.9
2023-09-18 12:00:00+00:00,331.52,20.02
2023-09-18 13:00:00+00:00,380.8,20.96
2023-09-18 14:00:00+00:00,376.88,20.94
2023-09-18 15:00:00+00:00,275.2,19.86
2023-09-18 16:00:00+00:00,167.48,18.3
2023-09-18 17:00:00+00:00,53.65,16.8
2023-09-18 18:00:00+00:00,0.0,15.03
2023-09-18 19:00:00+00:00,0.0,13.65
2023-09-18 20:00:00+00:00,0.0,12.65
2023-09-18 21:00:00+00:00,0.0,12.36
2023-09-18 22:00:00+00:00,0.0,12.41
2023-09-18 23:00:00+00:00,0.0,12.69
2023-09-19 00:00:00+00:00,0.0,12.86
2023-09-19 01:00:00+00:00,0.0,12.8
2023-09-19 02:00:00+00:00,0.0,12.77
2023-09-19 03:00:00+00:00,0.0,12.98
2023-09-19 04:00:00+00:00,0.0,13.37
2023-09-19 05:00:00+00:00,0.0,13.68
2023-09-19 06:00:00+00:00,18.02,14.22
2023-09-19 07:00:00+00:00,55.1,15.29
2023-09-19 08:00:00+00:00,95.95,16.63
2023-09-19 09:00:00+00:00,148.02,18.04
2023-09-19 10:00:00+00:00,244.18,19.33
2023-09-19 11:00:00+00:00,164.73,20.1
2023-09-19 12:00:00+00:00,133.7,20.47
2023-09-19 13:00:00+00:00,131.45,20.0
2023-09-19 14:00:00+00:00,174.15,18.77
2023-09-19 15:00:00+00:00,147.93,18.62
2023-09-19 16:00:00+00:00,85.03,18.85
2023-09-19 17:00:00+00:00,26.95,18.26
2023-09-19 18:00:00+00:00,0.0,17.5
2023-09-19 19:00:00+00:00,0.0,17.09
2023-09-19 20:00:00+00:00,0.0,16.93
2023-09-19 21:00:00+00:00,0.0,16.88
2023-09-19 22:00:00+00:00,0.0,16.88
2023-09-19 23:00:00+00:00,0.0,16.86
2023-09-20 00:00:00+00:00,0.0,16.82
2023-09-20 01:00:00+00:00,0.0,16.78
2023-09-20 02:00:00+00:00,0.0,16.73
2023-09-20 03:00:00+00:00,0.0,16.7
2023-09-20 04:00:00+00:00,0.0,16.67
2023-09-20 05:00:00+00:00,0.0,16.62
2023-09-20 06:00:00+00:00,29.38,16.69
2023-09-20 07:00:00+00:00,83.82,17.27
2023-09-20 08:00:00+00:00,127.78,18.36
2023-09-20 09:00:00+00:00,161.55,19.8
2023-09-20 10:00:00+00:00,140.2,20.88
2023-09-20 11:00:00+00:00,119.78,21.54
2023-09-20 12:00:00+00:00,92.4,21.56
2023-09-20 13:00:00+00:00,106.1,20.93
2023-09-20 14:00:00+00:00,98.68,19.76
2023-09-20 15:00:00+00:00,73.9,18.56
2023-09-20 16:00:00+00:00,44.97,17.97
2023-09-20 17:00:00+00:00,15.6,17.75
2023-09-20 18:00:00+00:00,0.0,17.49
2023-09-20 19:00:00+00:00,0.0,17.33
2023-09-20 20:00:00+00:00,0.0,16.99
2023-09-20 21:00:00+00:00,0.0,16.19
2023-09-20 22:00:00+00:00,0.0,14.85
2023-09-20 23:00:00+00:00,0.0,13.52
2023-09-21 00:00:00+00:00,0.0,12.88
2023-09-21 01:00:00+00:00,0.0,12.54
2023-09-21 02:00:00+00:00,0.0,12.25
2023-09-21 03:00:00+00:00,0.0,11.85
2023-09-21 04:00:00+00:00,0.0,11.5
2023-09-21 05:00:00+00:00,0.0,10.87
2023-09-21 06:00:00+00:00,56.35,11.28
2023-09-21 07:00:00+00:00,201.48,12.36
2023-09-21 08:00:00+00:00,350.02,13.1
2023-09-21 09:00:00+00:00,490.0,14.17
2023-09-21 10:00:00+00:00,556.78,15.18
2023-09-21 11:00:00+00:00,451.65,16.28
2023-09-21 12:00:00+00:00,367.83,17.64
2023-09-21 13:00:00+00:00,321.38,18.37
2023-09-21 14:00:00+00:00,285.4,18.33
2023-09-21 15:00:00+00:00,195.55,17.77
2023-09-21 16:00:00+00:00,112.32,16.98
2023-09-21 17:00:00+00:00,27.92,15.24
2023-09-21 18:00:00+00:00,0.0,13.56
2023-09-21 19:00:00+00:00,0.0,12.94
2023-09-21 20:00:00+00:00,0.0,12.43
2023-09-21 21:00:00+00:00,0.0,12.08
2023-09-21 22:00:00+00:00,0.0,11.92
2023-09-21 23:00:00+00:00,0.0,11.6
2023-09-22 00:00:00+00:00,0.0,11.28
2023-09-22 01:00:00+00:00,0.0,10.93
2023-09-22 02:00:00+00:00,0.0,10.62
2023-09-22 03:00:00+00:00,0.0,10.48
2023-09-22 04:00:00+00:00,0.0,10.22
2023-09-22 05:00:00+00:00,0.0,9.59
2023-09-22 06:00:00+00:00,46.78,9.75
2023-09-22 07:00:00+00:00,177.52,10.83
2023-09-22 08:00:00+00:00,311.67,12.69
2023-09-22 09:00:00+00:00,433.62,14.87
2023-09-22 10:00:00+00:00,522.0,16.55
2023-09-22 11:00:00+00:00,513.2,17.59
2023-09-22 12:00:00+00:00,374.65,18.14
2023-09-22 13:00:00+00:00,350.4,18.21
2023-09-22 14:00:00+00:00,290.38,17.76
2023-09-22 15:00:00+00:00,206.45,16.95
2023-09-22 16:00:00+00:00,117.43,15.87
2023-09-22 17:00:00+00:00,29.4,14.38
2023-09-22 18:00:00+00:00,0.0,12.76
2023-09-22 19:00:00+00:00,0.0,12.11
2023-09-22 20:00:00+00:00,0.0,11.53
2023-09-22 21:00:00+00:00,0.0,11.07
2023-09-22 22:00:00+00:00,0.0,10.64
2023-09-22 23:00:00+00:00,0.0,10.23
2023-09-23 00:00:00+00:00,0.0,9.86
2023-09-23 01:00:00+00:00,0.0,9.47
2023-09-23 02:00:00+00:00,0.0,9.03
2023-09-23 03:00:00+00:00,0.0,8.62
2023-09-23 04:00:00+00:00,0.0,8.28
2023-09-23 05:00:00+00:00,0.0,7.96
2023-09-23 06:00:00+00:00,49.8,8.26
2023-09-23 07:00:00+00:00,194.95,9.94
2023-09-23 08:00:00+00:00,336.5,12.29
2023-09-23 09:00:00+00:00,462.08,14.69
2023-09-23 10:00:00+00:00,566.08,16.33
2023-09-23 11:00:00+00:00,554.8,17.42
2023-09-23 12:00:00+00:00,400.3,18.08
2023-09-23 13:00:00+00:00,413.67,18.34
2023-09-23 14:00:00+00:00,286.75,18.2
2023-09-23 15:00:00+00:00,208.48,17.59
2023-09-23 16:00:00+00:00,122.07,16.51
2023-09-23 17:00:00+00:00,30.7,14.03
2023-09-23 18:00:00+00:00,0.0,11.71
2023-09-23 19:00:00+00:00,0.0,11.26
2023-09-23 20:00:00+00:00,0.0,11.03
2023-09-23 21:00:00+00:00,0.0,10.9
2023-09-23 22:00:00+00:00,0.0,11.04
2023-09-23 23:00:00+00:00,0.0,11.52
2023-09-24 00:00:00+00:00,0.0,12.13
2023-09-24 01:00:00+00:00,0.0,12.81
2023-09-24 02:00:00+00:00,0.0,13.24
2023-09-24 03:00:00+00:00,0.0,13.57
2023-09-24 04:00:00+00:00,0.0,13.86
2023-09-24 05:00:00+00:00,0.0,14.09
2023-09-24 06:00:00+00:00,22.8,14.46
2023-09-24 07:00:00+00:00,85.3,15.49
2023-09-24 08:00:00+00:00,150.7,17.19
2023-09-24 09:00:00+00:00,203.23,18.82
2023-09-24 10:00:00+00:00,205.55,19.79
2023-09-24 11:00:00+00:00,250.12,20.31
2023-09-24 12:00:00+00:00,308.7,20.47
2023-09-24 13:00:00+00:00,316.2,20.47
2023-09-24 14:00:00+00:00,217.7,20.4
2023-09-24 15:00:00+00:00,147.0,19.82
2023-09-24 16:00:00+00:00,76.7,18.73
2023-09-24 17:00:00+00:00,16.7,17.33
2023-09-24 18:00:00+00:00,0.0,16.25
2023-09-24 19:00:00+00:00,0.0,16.05
2023-09-24 20:00:00+00:00,0.0,15.99
2023-09-24 21:00:00+00:00,0.0,15.85
2023-09-24 22:00:00+00:00,0.0,15.54
2023-09-24 23:00:00+00:00,0.0,15.47
2023-09-25 00:00:00+00:00,0.0,15.3
2023-09-25 01:00:00+00:00,0.0,15.43
2023-09-25 02:00:00+00:00,0.0,15.63
2023-09-25 03:00:00+00:00,0.0,15.45
2023-09-25 04:00:00+00:00,0.0,14.55
2023-09-25 05:00:00+00:00,0.0,13.5
2023-09-25 06:00:00+00:00,43.9,13.71
2023-09-25 07:00:00+00:00,173.23,15.82
2023-09-25 08:00:00+00:00,298.7,17.09
2023-09-25 09:00:00+00:00,415.08,18.79
2023-09-25 10:00:00+00:00,504.52,20.22
2023-09-25 11:00:00+00:00,554.35,21.29
2023-09-25 12:00:00+00:00,520.38,21.85
2023-09-25 13:00:00+00:00,459.8,21.94
2023-09-25 14:00:00+00:00,377.45,21.76
2023-09-25 15:00:00+00:00,255.9,21.21
2023-09-25 16:00:00+00:00,132.85,19.59
2023-09-25 17:00:00+00:00,23.9,17.37
2023-09-25 18:00:00+00:00,0.0,15.69
2023-09-25 19:00:00+00:00,0.0,15.3
2023-09-25 20:00:00+00:00,0.0,14.79
2023-09-25 21:00:00+00:00,0.0,14.28
2023-09-25 22:00:00+00:00,0.0,13.87
2023-09-25 23:00:00+00:00,0.0,13.57
2023-09-26 00:00:00+00:00,0.0,13.45
2023-09-26 01:00:00+00:00,0.0,13.4
2023-09-26 02:00:00+00:00,0.0,13.41
2023-09-26 03:00:00+00:00,0.0,13.66
2023-09-26 04:00:00+00:00,0.0,14.51
2023-09-26 05:00:00+00:00,0.0,15.51
2023-09-26 06:00:00+00:00,24.83,16.33
2023-09-26 07:00:00+00:00,126.47,17.25
2023-09-26 08:00:00+00:00,239.05,18.14
2023-09-26 09:00:00+00:00,356.12,18.88
2023-09-26 10:00:00+00:00,447.1,19.71
2023-09-26 11:00:00+00:00,494.5,20.93
2023-09-26 12:00:00+00:00,484.67,21.97
2023-09-26 13:00:00+00:00,404.15,22.37
2023-09-26 14:00:00+00:00,320.08,22.52
2023-09-26 15:00:00+00:00,220.57,22.0
2023-09-26 16:00:00+00:00,117.65,20.72
2023-09-26 17:00:00+00:00,21.0,18.36
2023-09-26 18:00:00+00:00,0.0,16.9
2023-09-26 19:00:00+00:00,0.0,15.76
2023-09-26 20:00:00+00:00,0.0,14.67
2023-09-26 21:00:00+00:00,0.0,13.96
2023-09-26 22:00:00+00:00,0.0,13.45
2023-09-26 23:00:00+00:00,0.0,13.18
2023-09-27 00:00:00+00:00,0.0,13.2
2023-09-27 01:00:00+00:00,0.0,13.08
2023-09-27 02:00:00+00:00,0.0,13.04
2023-09-27 03:00:00+00:00,0.0,13.25
2023-09-27 04:00:00+00:00,0.0,13.43
2023-09-27 05:00:00+00:00,0.0,13.94
2023-09-27 06:00:00+00:00,18.15,14.82
2023-09-27 07:00:00+00:00,83.85,15.95
2023-09-27 08:00:00+00:00,165.2,17.55
2023-09-27 09:00:00+00:00,237.9,19.56
2023-09-27 10:00:00+00:00,297.9,20.71
2023-09-27 11:00:00+00:00,298.23,20.75
2023-09-27 12:00:00+00:00,164.48,20.23
2023-09-27 13:00:00+00:00,192.82,19.71
2023-09-27 14:00:00+00:00,163.62,19.05
2023-09-27 15:00:00+00:00,111.3,18.36
2023-09-27 16:00:00+00:00,66.65,18.48
2023-09-27 17:00:00+00:00,13.62,18.46
2023-09-27 18:00:00+00:00,0.0,18.01
2023-09-27 19:00:00+00:00,0.0,17.93
2023-09-27 20:00:00+00:00,0.0,17.25
2023-09-27 21:00:00+00:00,0.0,16.25
2023-09-27 22:00:00+00:00,0.0,15.54
2023-09-27 23:00:00+00:00,0.0,15.49
2023-09-28 00:00:00+00:00,0.0,15.39
2023-09-28 01:00:00+00:00,0.0,14.82
2023-09-28 02:00:00+00:00,0.0,13.84
2023-09-28 03:00:00+00:00,0.0,13.08
2023-09-28 04:00:00+00:00,0.0,12.73
2023-09-28 05:00:00+00:00,0.0,12.42
2023-09-28 06:00:00+00:00,13.73,12.78
2023-09-28 07:00:00+00:00,66.4,14.07
2023-09-28 08:00:00+00:00,134.82,15.83
2023-09-28 09:00:00+00:00,201.62,17.39
2023-09-28 10:00:00+00:00,265.52,18.26
2023-09-28 11:00:00+00:00,311.3,18.46
2023-09-28 12:00:00+00:00,203.57,19.03
2023-09-28 13:00:00+00:00,213.45,19.47
2023-09-28 14:00:00+00:00,168.1,19.35
2023-09-28 15:00:00+00:00,97.35,18.8
2023-09-28 16:00:00+00:00,36.62,17.84
2023-09-28 17:00:00+00:00,10.07,16.58
2023-09-28 18:00:00+00:00,0.0,15.73
2023-09-28 19:00:00+00:00,0.0,15.77
2023-09-28 20:00:00+00:00,0.0,16.22
2023-09-28 21:00:00+00:00,0.0,17.03
2023-09-28 22:00:00+00:00,0.0,17.63
2023-09-28 23:00:00+00:00,0.0,17.52
2023-09-29 00:00:00+00:00,0.0,17.35
2023-09-29 01:00:00+00:00,0.0,17.13
2023-09-29 02:00:00+00:00,0.0,16.92
2023-09-29 03:00:00+00:00,0.0,16.36
2023-09-29 04:00:00+00:00,0.0,15.68
2023-09-29 05:00:00+00:00,0.0,14.67
2023-09-29 06:00:00+00:00,32.9,13.69
2023-09-29 07:00:00+00:00,172.07,13.87
2023-09-29 08:00:00+00:00,320.48,15.07
2023-09-29 09:00:00+00:00,448.67,16.61
2023-09-29 10:00:00+00:00,542.35,17.98
2023-09-29 11:00:00+00:00,572.85,19.03
2023-09-29 12:00:00+00:00,534.4,19.75
2023-09-29 13:00:00+00:00,486.55,20.11
2023-09-29 14:00:00+00:00,373.4,20.1
2023-09-29 15:00:00+00:00,255.48,19.63
2023-09-29 16:00:00+00:00,130.82,18.44
2023-09-29 17:00:00+00:00,18.38,15.49
2023-09-29 18:00:00+00:00,0.0,13.91
2023-09-29 19:00:00+00:00,0.0,13.37
2023-09-29 20:00:00+00:00,0.0,12.89
2023-09-29 21:00:00+00:00,0.0,12.43
2023-09-29 22:00:00+00:00,0.0,12.03
2023-09-29 23:00:00+00:00,0.0,11.6
2023-09-30 00:00:00+00:00,0.0,10.96
2023-09-30 01:00:00+00:00,0.0,10.44
2023-09-30 02:00:00+00:00,0.0,9.58
2023-09-30 03:00:00+00:00,0.0,9.34
2023-09-30 04:00:00+00:00,0.0,9.13
2023-09-30 05:00:00+00:00,0.0,8.91
2023-09-30 06:00:00+00:00,16.95,9.39
2023-09-30 07:00:00+00:00,87.12,11.48
2023-09-30 08:00:00+00:00,184.18,13.48
2023-09-30 09:00:00+00:00,284.5,16.75
2023-09-30 10:00:00+00:00,345.2,18.24
2023-09-30 11:00:00+00:00,380.85,19.22
2023-09-30 12:00:00+00:00,351.6,19.86
2023-09-30 13:00:00+00:00,260.48,20.18
2023-09-30 14:00:00+00:00,198.88,20.32
2023-09-30 15:00:00+00:00,147.55,19.93
2023-09-30 16:00:00+00:00,86.4,18.78
2023-09-30 17:00:00+00:00,13.55,16.31
2023-09-30 18:00:00+00:00,0.0,14.74
2023-09-30 19:00:00+00:00,0.0,14.22
2023-09-30 20:00:00+00:00,0.0,13.98
2023-09-30 21:00:00+00:00,0.0,14.11
2023-09-30 22:00:00+00:00,0.0,14.45
2023-09-30 23:00:00+00:00,0.0,14.75
2023-10-01 00:00:00+00:00,0.0,14.91
2023-10-01 01:00:00+00:00,0.0,14.94
2023-10-01 02:00:00+00:00,0.0,14.85
2023-10-01 03:00:00+00:00,0.0,14.97
2023-10-01 04:00:00+00:00,0.0,15.28
2023-10-01 05:00:00+00:00,0.0,15.37
2023-10-01 06:00:00+00:00,14.7,15.72
2023-10-01 07:00:00+00:00,74.68,16.57
2023-10-01 08:00:00+00:00,126.35,17.33
2023-10-01 09:00:00+00:00,175.02,18.28
2023-10-01 10:00:00+00:00,208.93,19.46
2023-10-01 11:00:00+00:00,229.45,20.66
2023-10-01 12:00:00+00:00,237.18,21.66
2023-10-01 13:00:00+00:00,262.3,22.25
2023-10-01 14:00:00+00:00,188.55,22.35
2023-10-01 15:00:00+00:00,122.75,21.98
2023-10-01 16:00:00+00:00,62.55,21.01
2023-10-01 17:00:00+00:00,9.32,19.06
2023-10-01 18:00:00+00:00,0.0,17.35
2023-10-01 19:00:00+00:00,0.0,16.76
2023-10-01 20:00:00+00:00,0.0,16.23
2023-10-01 21:00:00+00:00,0.0,15.74
2023-10-01 22:00:00+00:00,0.0,15.39
2023-10-01 23:00:00+00:00,0.0,14.94
2023-10-02 00:00:00+00:00,0.0,14.48
2023-10-02 01:00:00+00:00,0.0,14.36
2023-10-02 02:00:00+00:00,0.0,14.26
2023-10-02 03:00:00+00:00,0.0,14.15
2023-10-02 04:00:00+00:00,0.0,14.02
2023-10-02 05:00:00+00:00,0.0,13.96
2023-10-02 06:00:00+00:00,10.23,14.19
2023-10-02 07:00:00+00:00,63.58,15.56
2023-10-02 08:00:00+00:00,129.77,16.61
2023-10-02 09:00:00+00:00,197.12,18.15
2023-10-02 10:00:00+00:00,222.62,19.1
2023-10-02 11:00:00+00:00,185.73,19.87
2023-10-02 12:00:00+00:00,135.5,20.41
2023-10-02 13:00:00+00:00,148.15,20.71
2023-10-02 14:00:00+00:00,110.05,20.96
2023-10-02 15:00:00+00:00,68.6,20.62
2023-10-02 16:00:00+00:00,27.27,19.66
2023-10-02 17:00:00+00:00,3.83,18.14
2023-10-02 18:00:00+00:00,0.0,17.59
2023-10-02 19:00:00+00:00,0.0,17.65
2023-10-02 20:00:00+00:00,0.0,17.66
2023-10-02 21:00:00+00:00,0.0,17.51
2023-10-02 22:00:00+00:00,0.0,17.29
2023-10-02 23:00:00+00:00,0.0,16.75
2023-10-03 00:00:00+00:00,0.0,16.24
2023-10-03 01:00:00+00:00,0.0,15.9
2023-10-03 02:00:00+00:00,0.0,15.33
2023-10-03 03:00:00+00:00,0.0,14.02
2023-10-03 04:00:00+00:00,0.0,12.32
2023-10-03 05:00:00+00:00,0.0,11.32
2023-10-03 06:00:00+00:00,17.12,11.12
2023-10-03 07:00:00+00:00,121.5,11.43
2023-10-03 08:00:00+00:00,252.25,12.93
2023-10-03 09:00:00+00:00,378.62,14.97
2023-10-03 10:00:00+00:00,471.08,16.39
2023-10-03 11:00:00+00:00,452.88,17.29
2023-10-03 12:00:00+00:00,411.98,17.79
2023-10-03 13:00:00+00:00,405.58,18.08
2023-10-03 14:00:00+00:00,309.3,18.21
2023-10-03 15:00:00+00:00,212.85,17.82
2023-10-03 16:00:00+00:00,100.6,16.77
2023-10-03 17:00:00+00:00,10.27,14.96
2023-10-03 18:00:00+00:00,0.0,13.58
2023-10-03 19:00:00+00:00,0.0,12.96
2023-10-03 20:00:00+00:00,0.0,12.39
2023-10-03 21:00:00+00:00,0.0,11.98
2023-10-03 22:00:00+00:00,0.0,11.79
2023-10-03 23:00:00+00:00,0.0,11.62
2023-10-04 00:00:00+00:00,0.0,10.82
2023-10-04 01:00:00+00:00,0.0,10.26
2023-10-04 02:00:00+00:00,0.0,10.05
2023-10-04 03:00:00+00:00,0.0,9.9
2023-10-04 04:00:00+00:00,0.0,9.83
2023-10-04 05:00:00+00:00,0.0,9.82
2023-10-04 06:00:00+00:00,13.52,10.15
2023-10-04 07:00:00+00:00,93.78,11.04
2023-10-04 08:00:00+00:00,200.57,12.16
2023-10-04 09:00:00+00:00,298.45,13.79
2023-10-04 10:00:00+00:00,378.75,15.33
2023-10-04 11:00:00+00:00,371.73,16.46
2023-10-04 12:00:00+00:00,326.6,17.31
2023-10-04 13:00:00+00:00,288.48,17.9
2023-10-04 14:00:00+00:00,230.95,18.04
2023-10-04 15:00:00+00:00,154.88,17.64
2023-10-04 16:00:00+00:00,67.0,16.63
2023-10-04 17:00:00+00:00,6.55,14.34
2023-10-04 18:00:00+00:00,0.0,13.57
2023-10-04 19:00:00+00:00,0.0,13.17
2023-10-04 20:00:00+00:00,0.0,12.87
2023-10-04 21:00:00+00:00,0.0,12.58
2023-10-04 22:00:00+00:00,0.0,12.41
2023-10-04 23:00:00+00:00,0.0,11.88
2023-10-05 00:00:00+00:00,0.0,11.65
2023-10-05 01:00:00+00:00,0.0,11.68
2023-10-05 02:00:00+00:00,0.0,11.7
2023-10-05 03:00:00+00:00,0.0,11.6
2023-10-05 04:00:00+00:00,0.0,11.31
2023-10-05 05:00:00+00:00,0.0,11.26
2023-10-05 06:00:00+00:00,11.65,11.23
2023-10-05 07:00:00+00:00,87.53,12.14
2023-10-05 08:00:00+00:00,166.52,14.04
2023-10-05 09:00:00+00:00,247.07,16.29
2023-10-05 10:00:00+00:00,307.1,17.68
2023-10-05 11:00:00+00:00,340.27,18.32
2023-10-05 12:00:00+00:00,384.4,18.65
2023-10-05 13:00:00+00:00,296.0,19.08
2023-10-05 14:00:00+00:00,232.9,19.11
2023-10-05 15:00:00+00:00,154.55,18.54
2023-10-05 16:00:00+00:00,64.78,17.29
2023-10-05 17:00:00+00:00,6.62,15.58
2023-10-05 18:00:00+00:00,0.0,14.5
2023-10-05 19:00:00+00:00,0.0,13.83
2023-10-05 20:00:00+00:00,0.0,13.37
2023-10-05 21:00:00+00:00,0.0,13.16
2023-10-05 22:00:00+00:00,0.0,13.13
2023-10-05 23:00:00+00:00,0.0,13.22
2023-10-06 00:00:00+00:00,0.0,13.34
2023-10-06 01:00:00+00:00,0.0,13.4
2023-10-06 02:00:00+00:00,0.0,13.49
2023-10-06 03:00:00+00:00,0.0,13.42
2023-10-06 04:00:00+00:00,0.0,13.26
2023-10-06 05:00:00+00:00,0.0,13.28
2023-10-06 06:00:00+00:00,12.7,13.35
2023-10-06 07:00:00+00:00,93.78,14.19
2023-10-06 08:00:00+00:00,213.27,15.53
2023-10-06 09:00:00+00:00,321.9,17.03
2023-10-06 10:00:00+00:00,400.58,18.58
2023-10-06 11:00:00+00:00,424.17,20.01
2023-10-06 12:00:00+00:00,432.17,20.97
2023-10-06 13:00:00+00:00,396.9,21.42
2023-10-06 14:00:00+00:00,293.62,21.41
2023-10-06 15:00:00+00:00,189.1,20.86
2023-10-06 16:00:00+00:00,73.57,19.54
2023-10-06 17:00:00+00:00,4.93,17.09
2023-10-06 18:00:00+00:00,0.0,16.09
2023-10-06 19:00:00+00:00,0.0,15.37
2023-10-06 20:00:00+00:00,0.0,14.74
2023-10-06 21:00:00+00:00,0.0,14.35
2023-10-06 22:00:00+00:00,0.0,14.36
2023-10-06 23:00:00+00:00,0.0,14.76
2023-10-07 00:00:00+00:00,0.0,14.95
2023-10-07 01:00:00+00:00,0.0,14.6
2023-10-07 02:00:00+00:00,0.0,14.3
2023-10-07 03:00:00+00:00,0.0,14.18
2023-10-07 04:00:00+00:00,0.0,14.1
2023-10-07 05:00:00+00:00,0.0,14.01
2023-10-07 06:00:00+00:00,12.1,13.95
2023-10-07 07:00:00+00:00,101.3,14.76
2023-10-07 08:00:00+00:00,213.95,16.34
2023-10-07 09:00:00+00:00,320.42,18.26
2023-10-07 10:00:00+00:00,391.35,20.12
2023-10-07 11:00:00+00:00,440.85,21.6
2023-10-07 12:00:00+00:00,444.17,22.53
2023-10-07 13:00:00+00:00,351.98,22.89
2023-10-07 14:00:00+00:00,271.5,22.67
2023-10-07 15:00:00+00:00,177.25,21.79
2023-10-07 16:00:00+00:00,72.43,20.22
2023-10-07 17:00:00+00:00,5.43,18.48
2023-10-07 18:00:00+00:00,0.0,17.81
2023-10-07 19:00:00+00:00,0.0,17.21
2023-10-07 20:00:00+00:00,0.0,16.51
2023-10-07 21:00:00+00:00,0.0,15.84
2023-10-07 22:00:00+00:00,0.0,15.3
2023-10-07 23:00:00+00:00,0.0,14.79
2023-10-08 00:00:00+00:00,0.0,14.26
2023-10-08 01:00:00+00:00,0.0,13.96
2023-10-08 02:00:00+00:00,0.0,13.66
2023-10-08 03:00:00+00:00,0.0,13.26
2023-10-08 04:00:00+00:00,0.0,12.71
2023-10-08 05:00:00+00:00,0.0,12.4
2023-10-08 06:00:00+00:00,11.48,12.37
2023-10-08 07:00:00+00:00,102.97,13.97
2023-10-08 08:00:00+00:00,220.0,15.55
2023-10-08 09:00:00+00:00,337.35,17.45
2023-10-08 10:00:00+00:00,419.42,19.71
2023-10-08 11:00:00+00:00,460.48,21.4
2023-10-08 12:00:00+00:00,468.33,22.42
2023-10-08 13:00:00+00:00,436.05,22.83
2023-10-08 14:00:00+00:00,335.88,22.78
2023-10-08 15:00:00+00:00,213.75,22.15
2023-10-08 16:00:00+00:00,80.2,19.7
2023-10-08 17:00:00+00:00,4.45,16.66
2023-10-08 18:00:00+00:00,0.0,15.82
2023-10-08 19:00:00+00:00,0.0,15.78
2023-10-08 20:00:00+00:00,0.0,15.38
2023-10-08 21:00:00+00:00,0.0,14.93
2023-10-08 22:00:00+00:00,0.0,14.62
2023-10-08 23:00:00+00:00,0.0,14.45
2023-10-09 00:00:00+00:00,0.0,14.26
2023-10-09 01:00:00+00:00,0.0,13.57
2023-10-09 02:00:00+00:00,0.0,12.99
2023-10-09 03:00:00+00:00,0.0,12.37
2023-10-09 04:00:00+00:00,0.0,11.9
2023-10-09 05:00:00+00:00,0.0,11.66
2023-10-09 06:00:00+00:00,9.5,11.8
2023-10-09 07:00:00+00:00,95.6,13.26
2023-10-09 08:00:00+00:00,208.68,14.49
2023-10-09 09:00:00+00:00,321.65,15.66
2023-10-09 10:00:00+00:00,402.35,17.06
2023-10-09 11:00:00+00:00,452.48,18.19
2023-10-09 12:00:00+00:00,480.88,19.18
2023-10-09 13:00:00+00:00,423.98,20.51
2023-10-09 14:00:00+00:00,326.48,21.92
2023-10-09 15:00:00+00:00,205.9,22.07
2023-10-09 16:00:00+00:00,83.03,20.81
2023-10-09 17:00:00+00:00,0.0,18.58
2023-10-09 18:00:00+00:00,0.0,16.68
2023-10-09 19:00:00+00:00,0.0,15.07
2023-10-09 20:00:00+00:00,0.0,14.26
2023-10-09 21:00:00+00:00,0.0,13.7
2023-10-09 22:00:00+00:00,0.0,13.29
2023-10-09 23:00:00+00:00,0.0,12.95
2023-10-10 00:00:00+00:00,0.0,12.65
2023-10-10 01:00:00+00:00,0.0,12.77
2023-10-10 02:00:00+00:00,0.0,12.54
2023-10-10 03:00:00+00:00,0.0,12.0
2023-10-10 04:00:00+00:00,0.0,11.91
2023-10-10 05:00:00+00:00,0.0,11.81
2023-10-10 06:00:00+00:00,8.52,11.87
2023-10-10 07:00:00+00:00,79.78,14.23
2023-10-10 08:00:00+00:00,167.9,16.14
2023-10-10 09:00:00+00:00,252.9,18.31
2023-10-10 10:00:00+00:00,312.3,20.25
2023-10-10 11:00:00+00:00,337.75,21.39
2023-10-10 12:00:00+00:00,371.17,21.93
2023-10-10 13:00:00+00:00,331.25,22.03
2023-10-10 14:00:00+00:00,243.43,21.65
2023-10-10 15:00:00+00:00,155.8,20.6
2023-10-10 16:00:00+00:00,60.22,18.81
2023-10-10 17:00:00+00:00,0.0,17.01
2023-10-10 18:00:00+00:00,0.0,16.09
2023-10-10 19:00:00+00:00,0.0,15.31
2023-10-10 20:00:00+00:00,0.0,14.64
2023-10-10 21:00:00+00:00,0.0,14.3
2023-10-10 22:00:00+00:00,0.0,14.16
2023-10-10 23:00:00+00:00,0.0,14.14
2023-10-11 00:00:00+00:00,0.0,14.18
2023-10-11 01:00:00+00:00,0.0,14.22
2023-10-11 02:00:00+00:00,0.0,14.01
2023-10-11 03:00:00+00:00,0.0,14.04
2023-10-11 04:00:00+00:00,0.0,14.25
2023-10-11 05:00:00+00:00,0.0,14.68
2023-10-11 06:00:00+00:00,6.45,14.99
2023-10-11 07:00:00+00:00,49.92,15.52
2023-10-11 08:00:00+00:00,128.02,16.3
2023-10-11 09:00:00+00:00,193.9,17.44
2023-10-11 10:00:00+00:00,232.18,18.42
2023-10-11 11:00:00+00:00,265.1,18.93
2023-10-11 12:00:00+00:00,243.4,19.12
2023-10-11 13:00:00+00:00,91.43,19.0
2023-10-11 14:00:00+00:00,103.12,18.63
2023-10-11 15:00:00+00:00,69.3,17.91
2023-10-11 16:00:00+00:00,30.75,16.99
2023-10-11 17:00:00+00:00,0.0,16.18
2023-10-11 18:00:00+00:00,0.0,15.59
2023-10-11 19:00:00+00:00,0.0,15.11
2023-10-11 20:00:00+00:00,0.0,14.87
2023-10-11 21:00:00+00:00,0.0,14.71
2023-10-11 22:00:00+00:00,0.0,14.69
2023-10-11 23:00:00+00:00,0.0,14.59
2023-10-12 00:00:00+00:00,0.0,14.51
2023-10-12 01:00:00+00:00,0.0,14.23
2023-10-12 02:00:00+00:00,0.0,13.61
2023-10-12 03:00:00+00:00,0.0,12.88
2023-10-12 04:00:00+00:00,0.0,12.39
2023-10-12 05:00:00+00:00,0.0,12.02
2023-10-12 06:00:00+00:00,3.55,11.69
2023-10-12 07:00:00+00:00,35.7,11.99
2023-10-12 08:00:00+00:00,85.93,12.98
2023-10-12 09:00:00+00:00,134.38,14.31
2023-10-12 10:00:00+00:00,178.88,15.54
2023-10-12 11:00:00+00:00,206.27,16.47
2023-10-12 12:00:00+00:00,181.0,16.95
2023-10-12 13:00:00+00:00,160.68,16.99
2023-10-12 14:00:00+00:00,107.3,16.75
2023-10-12 15:00:00+00:00,71.97,16.3
2023-10-12 16:00:00+00:00,30.6,15.63
2023-10-12 17:00:00+00:00,0.0,14.72
2023-10-12 18:00:00+00:00,0.0,14.51
2023-10-12 19:00:00+00:00,0.0,14.72
2023-10-12 20:00:00+00:00,0.0,15.03
2023-10-12 21:00:00+00:00,0.0,15.47
2023-10-12 22:00:00+00:00,0.0,15.83
2023-10-12 23:00:00+00:00,0.0,15.86
2023-10-13 00:00:00+00:00,0.0,16.09
2023-10-13 01:00:00+00:00,0.0,16.32
2023-10-13 02:00:00+00:00,0.0,16.74
2023-10-13 03:00:00+00:00,0.0,17.13
2023-10-13 04:00:00+00:00,0.0,17.25
2023-10-13 05:00:00+00:00,0.0,17.33
2023-10-13 06:00:00+00:00,4.1,17.47
2023-10-13 07:00:00+00:00,57.7,17.73
2023-10-13 08:00:00+00:00,151.35,18.08
2023-10-13 09:00:00+00:00,235.48,18.48
2023-10-13 10:00:00+00:00,290.12,19.16
2023-10-13 11:00:00+00:00,304.2,20.31
2023-10-13 12:00:00+00:00,294.8,21.43
2023-10-13 13:00:00+00:00,254.68,21.62
2023-10-13 14:00:00+00:00,187.15,21.04
2023-10-13 15:00:00+00:00,112.93,19.82
2023-10-13 16:00:00+00:00,37.3,18.04
2023-10-13 17:00:00+00:00,0.0,16.27
2023-10-13 18:00:00+00:00,0.0,14.53
2023-10-13 19:00:00+00:00,0.0,12.41
2023-10-13 20:00:00+00:00,0.0,10.94
2023-10-13 21:00:00+00:00,0.0,9.83
2023-10-13 22:00:00+00:00,0.0,8.71
2023-10-13 23:00:00+00:00,0.0,8.02
2023-10-14 00:00:00+00:00,0.0,7.66
2023-10-14 01:00:00+00:00,0.0,7.37
2023-10-14 02:00:00+00:00,0.0,7.09
2023-10-14 03:00:00+00:00,0.0,6.89
2023-10-14 04:00:00+00:00,0.0,6.82
2023-10-14 05:00:00+00:00,0.0,6.67
2023-10-14 06:00:00+00:00,7.55,6.57
2023-10-14 07:00:00+00:00,101.97,7.27
2023-10-14 08:00:00+00:00,216.52,8.79
2023-10-14 09:00:00+00:00,301.75,10.98
2023-10-14 10:00:00+00:00,353.67,12.29
2023-10-14 11:00:00+00:00,409.77,12.9
2023-10-14 12:00:00+00:00,434.62,13.32
2023-10-14 13:00:00+00:00,376.9,13.52
2023-10-14 14:00:00+00:00,291.58,13.39
2023-10-14 15:00:00+00:00,181.75,12.92
2023-10-14 16:00:00+00:00,64.68,11.55
2023-10-14 17:00:00+00:00,0.0,8.85
2023-10-14 18:00:00+00:00,0.0,7.95
2023-10-14 19:00:00+00:00,0.0,7.45
2023-10-14 20:00:00+00:00,0.0,7.12
2023-10-14 21:00:00+00:00,0.0,6.75
2023-10-14 22:00:00+00:00,0.0,6.24
2023-10-14 23:00:00+00:00,0.0,5.66
2023-10-15 00:00:00+00:00,0.0,5.27
2023-10-15 01:00:00+00:00,0.0,4.96
2023-10-15 02:00:00+00:00,0.0,4.84
2023-10-15 03:00:00+00:00,0.0,4.25
2023-10-15 04:00:00+00:00,0.0,3.9
2023-10-15 05:00:00+00:00,0.0,3.95
2023-10-15 06:00:00+00:00,6.85,2.93
2023-10-15 07:00:00+00:00,111.6,3.71
2023-10-15 08:00:00+00:00,256.67,5.37
2023-10-15 09:00:00+00:00,381.23,7.64
2023-10-15 10:00:00+00:00,469.52,9.29
2023-10-15 11:00:00+00:00,511.48,10.37
2023-10-15 12:00:00+00:00,503.92,11.07
2023-10-15 13:00:00+00:00,441.9,11.4
2023-10-15 14:00:00+00:00,336.8,11.3
2023-10-15 15:00:00+00:00,202.55,10.74
2023-10-15 16:00:00+00:00,60.5,8.85
2023-10-15 17:00:00+00:00,0.0,5.78
2023-10-15 18:00:00+00:00,0.0,5.28
2023-10-15 19:00:00+00:00,0.0,5.18
2023-10-15 20:00:00+00:00,0.0,4.95
2023-10-15 21:00:00+00:00,0.0,4.92
2023-10-15 22:00:00+00:00,0.0,4.66
2023-10-15 23:00:00+00:00,0.0,4.39
2023-10-16 00:00:00+00:00,0.0,4.21
2023-10-16 01:00:00+00:00,0.0,4.18
2023-10-16 02:00:00+00:00,0.0,4.05
2023-10-16 03:00:00+00:00,0.0,3.68
2023-10-16 04:00:00+00:00,0.0,3.2
2023-10-16 05:00:00+00:00,0.0,3.16
2023-10-16 06:00:00+00:00,3.62,3.02
2023-10-16 07:00:00+00:00,50.28,4.48
2023-10-16 08:00:00+00:00,119.05,6.64
2023-10-16 09:00:00+00:00,185.68,8.04
2023-10-16 10:00:00+00:00,238.43,9.75
2023-10-16 11:00:00+00:00,259.88,11.26
2023-10-16 12:00:00+00:00,241.0,11.95
2023-10-16 13:00:00+00:00,158.52,12.31
2023-10-16 14:00:00+00:00,119.22,12.22
2023-10-16 15:00:00+00:00,70.57,11.63
2023-10-16 16:00:00+00:00,22.3,10.61
2023-10-16 17:00:00+00:00,0.0,9.26
2023-10-16 18:00:00+00:00,0.0,9.25
2023-10-16 19:00:00+00:00,0.0,9.47
2023-10-16 20:00:00+00:00,0.0,9.59
2023-10-16 21:00:00+00:00,0.0,9.48
2023-10-16 22:00:00+00:00,0.0,9.13
2023-10-16 23:00:00+00:00,0.0,9.09
2023-10-17 00:00:00+00:00,0.0,9.08
2023-10-17 01:00:00+00:00,0.0,8.77
2023-10-17 02:00:00+00:00,0.0,8.57
2023-10-17 03:00:00+00:00,0.0,8.36
2023-10-17 04:00:00+00:00,0.0,7.66
2023-10-17 05:00:00+00:00,0.0,7.49
2023-10-17 06:00:00+00:00,3.53,7.67
2023-10-17 07:00:00+00:00,77.25,8.64
2023-10-17 08:00:00+00:00,208.82,10.38
2023-10-17 09:00:00+00:00,327.3,12.31
2023-10-17 10:00:00+00:00,416.52,13.59
2023-10-17 11:00:00+00:00,465.88,14.34
2023-10-17 12:00:00+00:00,444.67,14.6
2023-10-17 13:00:00+00:00,393.95,14.35
2023-10-17 14:00:00+00:00,287.02,13.9
2023-10-17 15:00:00+00:00,160.32,13.23
2023-10-17 16:00:00+00:00,41.6,12.17
2023-10-17 17:00:00+00:00,0.0,10.99
2023-10-17 18:00:00+00:00,0.0,10.66
2023-10-17 19:00:00+00:00,0.0,10.76
2023-10-17 20:00:00+00:00,0.0,10.84
2023-10-17 21:00:00+00:00,0.0,10.81
2023-10-17 22:00:00+00:00,0.0,10.6
2023-10-17 23:00:00+00:00,0.0,10.32
2023-10-18 00:00:00+00:00,0.0,10.08
2023-10-18 01:00:00+00:00,0.0,9.93
2023-10-18 02:00:00+00:00,0.0,9.83
2023-10-18 03:00:00+00:00,0.0,9.81
2023-10-18 04:00:00+00:00,0.0,9.89
2023-10-18 05:00:00+00:00,0.0,9.94
2023-10-18 06:00:00+00:00,0.0,10.07
2023-10-18 07:00:00+00:00,39.62,10.58
2023-10-18 08:00:00+00:00,89.53,11.66
2023-10-18 09:00:00+00:00,140.23,12.9
2023-10-18 10:00:00+00:00,173.23,13.69
2023-10-18 11:00:00+00:00,239.57,13.85
2023-10-18 12:00:00+00:00,112.8,13.76
2023-10-18 13:00:00+00:00,80.3,13.74
2023-10-18 14:00:00+00:00,61.53,13.73
2023-10-18 15:00:00+00:00,38.6,13.86
2023-10-18 16:00:00+00:00,10.4,14.19
2023-10-18 17:00:00+00:00,0.0,14.7
2023-10-18 18:00:00+00:00,0.0,15.59
2023-10-18 19:00:00+00:00,0.0,16.38
2023-10-18 20:00:00+00:00,0.0,16.27
2023-10-18 21:00:00+00:00,0.0,15.63
2023-10-18 22:00:00+00:00,0.0,14.98
2023-10-18 23:00:00+00:00,0.0,14.51
2023-10-19 00:00:00+00:00,0.0,14.09
2023-10-19 01:00:00+00:00,0.0,13.83
2023-10-19 02:00:00+00:00,0.0,13.99
2023-10-19 03:00:00+00:00,0.0,14.69
2023-10-19 04:00:00+00:00,0.0,15.29
2023-10-19 05:00:00+00:00,0.0,15.39
2023-10-19 06:00:00+00:00,0.0,15.2
2023-10-19 07:00:00+00:00,42.03,15.28
2023-10-19 08:00:00+00:00,99.1,15.72
2023-10-19 09:00:00+00:00,145.52,16.16
2023-10-19 10:00:00+00:00,193.0,16.93
2023-10-19 11:00:00+00:00,218.7,18.01
2023-10-19 12:00:00+00:00,226.05,18.67
2023-10-19 13:00:00+00:00,180.35,18.56
2023-10-19 14:00:00+00:00,118.18,18.25
2023-10-19 15:00:00+00:00,63.33,17.45
2023-10-19 16:00:00+00:00,11.85,16.32
2023-10-19 17:00:00+00:00,0.0,15.6
2023-10-19 18:00:00+00:00,0.0,15.27
2023-10-19 19:00:00+00:00,0.0,15.05
2023-10-19 20:00:00+00:00,0.0,14.79
2023-10-19 21:00:00+00:00,0.0,14.31
2023-10-19 22:00:00+00:00,0.0,13.61
2023-10-19 23:00:00+00:00,0.0,13.6
2023-10-20 00:00:00+00:00,0.0,13.73
2023-10-20 01:00:00+00:00,0.0,13.79
2023-10-20 02:00:00+00:00,0.0,13.9
2023-10-20 03:00:00+00:00,0.0,13.95
2023-10-20 04:00:00+00:00,0.0,14.22
2023-10-20 05:00:00+00:00,0.0,13.73
2023-10-20 06:00:00+00:00,0.0,13.42
2023-10-20 07:00:00+00:00,31.2,13.38
2023-10-20 08:00:00+00:00,66.6,13.67
2023-10-20 09:00:00+00:00,120.7,14.05
2023-10-20 10:00:00+00:00,157.38,14.48
2023-10-20 11:00:00+00:00,174.1,14.82
2023-10-20 12:00:00+00:00,172.12,15.14
2023-10-20 13:00:00+00:00,145.82,15.4
2023-10-20 14:00:00+00:00,107.28,15.6
2023-10-20 15:00:00+00:00,69.85,15.41
2023-10-20 16:00:00+00:00,18.17,14.35
2023-10-20 17:00:00+00:00,0.0,13.13
2023-10-20 18:00:00+00:00,0.0,12.89
2023-10-20 19:00:00+00:00,0.0,12.25
2023-10-20 20:00:00+00:00,0.0,11.78
2023-10-20 21:00:00+00:00,0.0,11.55
2023-10-20 22:00:00+00:00,0.0,11.54
2023-10-20 23:00:00+00:00,0.0,11.66
2023-10-21 00:00:00+00:00,0.0,11.92
2023-10-21 01:00:00+00:00,0.0,12.01
2023-10-21 02:00:00+00:00,0.0,12.18
2023-10-21 03:00:00+00:00,0.0,12.37
2023-10-21 04:00:00+00:00,0.0,12.49
2023-10-21 05:00:00+00:00,0.0,12.62
2023-10-21 06:00:00+00:00,0.0,12.79
2023-10-21 07:00:00+00:00,38.38,13.07
2023-10-21 08:00:00+00:00,94.22,13.66
2023-10-21 09:00:00+00:00,128.65,14.23
2023-10-21 10:00:00+00:00,170.9,14.66
2023-10-21 11:00:00+00:00,184.4,15.1
2023-10-21 12:00:00+00:00,175.27,15.27
2023-10-21 13:00:00+00:00,121.38,15.17
2023-10-21 14:00:00+00:00,93.68,14.89
2023-10-21 15:00:00+00:00,60.7,14.18
2023-10-21 16:00:00+00:00,15.18,12.84
2023-10-21 17:00:00+00:00,0.0,11.64
2023-10-21 18:00:00+00:00,0.0,10.63
2023-10-21 19:00:00+00:00,0.0,9.98
2023-10-21 20:00:00+00:00,0.0,9.54
2023-10-21 21:00:00+00:00,0.0,8.96
2023-10-21 22:00:00+00:00,0.0,8.06
2023-10-21 23:00:00+00:00,0.0,7.41
2023-10-22 00:00:00+00:00,0.0,7.04
2023-10-22 01:00:00+00:00,0.0,6.92
2023-10-22 02:00:00+00:00,0.0,6.85
2023-10-22 03:00:00+00:00,0.0,6.95
2023-10-22 04:00:00+00:00,0.0,6.91
2023-10-22 05:00:00+00:00,0.0,6.84
2023-10-22 06:00:00+00:00,0.0,6.69
2023-10-22 07:00:00+00:00,67.38,6.87
2023-10-22 08:00:00+00:00,189.73,7.79
2023-10-22 09:00:00+00:00,296.27,9.78
2023-10-22 10:00:00+00:00,375.35,12.49
2023-10-22 11:00:00+00:00,415.33,14.19
2023-10-22 12:00:00+00:00,385.98,15.01
2023-10-22 13:00:00+00:00,325.38,15.25
2023-10-22 14:00:00+00:00,238.02,15.18
2023-10-22 15:00:00+00:00,136.57,14.53
2023-10-22 16:00:00+00:00,28.77,12.35
2023-10-22 17:00:00+00:00,0.0,10.2
2023-10-22 18:00:00+00:00,0.0,9.4
2023-10-22 19:00:00+00:00,0.0,8.7
2023-10-22 20:00:00+00:00,0.0,8.3
2023-10-22 21:00:00+00:00,0.0,8.13
2023-10-22 22:00:00+00:00,0.0,7.89
2023-10-22 23:00:00+00:00,0.0,7.5
2023-10-23 00:00:00+00:00,0.0,7.23
2023-10-23 01:00:00+00:00,0.0,7.12
2023-10-23 02:00:00+00:00,0.0,7.32
2023-10-23 03:00:00+00:00,0.0,7.81
2023-10-23 04:00:00+00:00,0.0,8.16
2023-10-23 05:00:00+00:00,0.0,8.47
2023-10-23 06:00:00+00:00,0.0,8.74
2023-10-23 07:00:00+00:00,41.05,9.77
2023-10-23 08:00:00+00:00,116.22,11.38
2023-10-23 09:00:00+00:00,189.9,12.35
2023-10-23 10:00:00+00:00,243.45,13.15
2023-10-23 11:00:00+00:00,269.15,13.53
2023-10-23 12:00:00+00:00,219.0,13.56
2023-10-23 13:00:00+00:00,154.5,13.43
2023-10-23 14:00:00+00:00,142.73,13.01
2023-10-23 15:00:00+00:00,77.43,12.34
2023-10-23 16:00:00+00:00,15.77,11.47
2023-10-23 17:00:00+00:00,0.0,10.86
2023-10-23 18:00:00+00:00,0.0,10.59
2023-10-23 19:00:00+00:00,0.0,10.06
2023-10-23 20:00:00+00:00,0.0,9.56
2023-10-23 21:00:00+00:00,0.0,9.4
2023-10-23 22:00:00+00:00,0.0,9.05
2023-10-23 23:00:00+00:00,0.0,8.55
2023-10-24 00:00:00+00:00,0.0,8.08
2023-10-24 01:00:00+00:00,0.0,8.14
2023-10-24 02:00:00+00:00,0.0,8.62
2023-10-24 03:00:00+00:00,0.0,9.05
2023-10-24 04:00:00+00:00,0.0,9.23
2023-10-24 05:00:00+00:00,0.0,9.28
2023-10-24 06:00:00+00:00,0.0,9.08
2023-10-24 07:00:00+00:00,35.88,8.9
2023-10-24 08:00:00+00:00,128.57,9.61
2023-10-24 09:00:00+00:00,207.15,10.54
2023-10-24 10:00:00+00:00,281.35,11.67
2023-10-24 11:00:00+00:00,337.42,12.93
2023-10-24 12:00:00+00:00,359.55,13.97
2023-10-24 13:00:00+00:00,328.52,14.53
2023-10-24 14:00:00+00:00,224.0,14.48
2023-10-24 15:00:00+00:00,115.88,13.74
2023-10-24 16:00:00+00:00,19.8,11.34
2023-10-24 17:00:00+00:00,0.0,9.75
2023-10-24 18:00:00+00:00,0.0,9.73
2023-10-24 19:00:00+00:00,0.0,9.88
2023-10-24 20:00:00+00:00,0.0,9.88
2023-10-24 21:00:00+00:00,0.0,9.64
2023-10-24 22:00:00+00:00,0.0,9.21
2023-10-24 23:00:00+00:00,0.0,8.76
2023-10-25 00:00:00+00:00,0.0,8.44
2023-10-25 01:00:00+00:00,0.0,8.36
2023-10-25 02:00:00+00:00,0.0,8.43
2023-10-25 03:00:00+00:00,0.0,8.93
2023-10-25 04:00:00+00:00,0.0,9.32
2023-10-25 05:00:00+00:00,0.0,9.4
2023-10-25 06:00:00+00:00,0.0,9.21
2023-10-25 07:00:00+00:00,35.33,9.26
2023-10-25 08:00:00+00:00,132.75,9.89
2023-10-25 09:00:00+00:00,222.98,10.85
2023-10-25 10:00:00+00:00,293.12,11.94
2023-10-25 11:00:00+00:00,334.95,13.05
2023-10-25 12:00:00+00:00,349.35,14.04
2023-10-25 13:00:00+00:00,291.5,14.44
2023-10-25 14:00:00+00:00,212.0,14.27
2023-10-25 15:00:00+00:00,112.05,13.56
2023-10-25 16:00:00+00:00,18.62,11.59
2023-10-25 17:00:00+00:00,0.0,10.35
2023-10-25 18:00:00+00:00,0.0,10.14
2023-10-25 19:00:00+00:00,0.0,9.46
2023-10-25 20:00:00+00:00,0.0,8.94
2023-10-25 21:00:00+00:00,0.0,8.9
2023-10-25 22:00:00+00:00,0.0,9.21
2023-10-25 23:00:00+00:00,0.0,9.44
2023-10-26 00:00:00+00:00,0.0,9.49
2023-10-26 01:00:00+00:00,0.0,9.87
2023-10-26 02:00:00+00:00,0.0,10.16
2023-10-26 03:00:00+00:00,0.0,10.4
2023-10-26 04:00:00+00:00,0.0,10.53
2023-10-26 05:00:00+00:00,0.0,10.43
2023-10-26 06:00:00+00:00,0.0,10.52
2023-10-26 07:00:00+00:00,39.4,10.83
2023-10-26 08:00:00+00:00,132.8,11.91
2023-10-26 09:00:00+00:00,211.75,12.74
2023-10-26 10:00:00+00:00,287.0,13.68
2023-10-26 11:00:00+00:00,328.0,14.62
2023-10-26 12:00:00+00:00,328.2,15.34
2023-10-26 13:00:00+00:00,284.73,15.71
2023-10-26 14:00:00+00:00,219.32,15.65
2023-10-26 15:00:00+00:00,116.05,14.86
2023-10-26 16:00:00+00:00,19.65,12.34
2023-10-26 17:00:00+00:00,0.0,10.77
2023-10-26 18:00:00+00:00,0.0,10.01
2023-10-26 19:00:00+00:00,0.0,9.37
2023-10-26 20:00:00+00:00,0.0,8.8
2023-10-26 21:00:00+00:00,0.0,8.39
2023-10-26 22:00:00+00:00,0.0,8.17
2023-10-26 23:00:00+00:00,0.0,8.07
2023-10-27 00:00:00+00:00,0.0,8.23
2023-10-27 01:00:00+00:00,0.0,8.2
2023-10-27 02:00:00+00:00,0.0,8.25
2023-10-27 03:00:00+00:00,0.0,7.97
2023-10-27 04:00:00+00:00,0.0,7.66
2023-10-27 05:00:00+00:00,0.0,7.37
2023-10-27 06:00:00+00:00,0.0,7.33
2023-10-27 07:00:00+00:00,36.03,8.04
2023-10-27 08:00:00+00:00,130.68,10.22
2023-10-27 09:00:00+00:00,214.98,11.39
2023-10-27 10:00:00+00:00,280.95,12.26
2023-10-27 11:00:00+00:00,319.6,12.54
2023-10-27 12:00:00+00:00,309.2,12.71
2023-10-27 13:00:00+00:00,244.55,12.99
2023-10-27 14:00:00+00:00,184.8,13.0
2023-10-27 15:00:00+00:00,98.22,12.22
2023-10-27 16:00:00+00:00,16.55,10.79
2023-10-27 17:00:00+00:00,0.0,10.03
2023-10-27 18:00:00+00:00,0.0,9.82
2023-10-27 19:00:00+00:00,0.0,9.63
2023-10-27 20:00:00+00:00,0.0,9.38
2023-10-27 21:00:00+00:00,0.0,9.42
2023-10-27 22:00:00+00:00,0.0,9.81
2023-10-27 23:00:00+00:00,0.0,10.41
2023-10-28 00:00:00+00:00,0.0,11.09
2023-10-28 01:00:00+00:00,0.0,11.26
2023-10-28 02:00:00+00:00,0.0,11.06
2023-10-28 03:00:00+00:00,0.0,10.68
2023-10-28 04:00:00+00:00,0.0,10.37
2023-10-28 05:00:00+00:00,0.0,10.06
2023-10-28 06:00:00+00:00,0.0,9.92
2023-10-28 07:00:00+00:00,37.05,10.16
2023-10-28 08:00:00+00:00,132.6,10.92
2023-10-28 09:00:00+00:00,215.35,11.73
2023-10-28 10:00:00+00:00,276.27,12.94
2023-10-28 11:00:00+00:00,315.27,14.12
2023-10-28 12:00:00+00:00,262.73,15.09
2023-10-28 13:00:00+00:00,184.6,15.27
2023-10-28 14:00:00+00:00,126.5,14.26
2023-10-28 15:00:00+00:00,59.45,13.06
2023-10-28 16:00:00+00:00,7.4,12.26
2023-10-28 17:00:00+00:00,0.0,12.02
2023-10-28 18:00:00+00:00,0.0,12.19
2023-10-28 19:00:00+00:00,0.0,12.67
2023-10-28 20:00:00+00:00,0.0,13.44
2023-10-28 21:00:00+00:00,0.0,13.44
2023-10-28 22:00:00+00:00,0.0,12.28
2023-10-28 23:00:00+00:00,0.0,10.51
2023-10-29 00:00:00+00:00,0.0,9.31
2023-10-29 01:00:00+00:00,0.0,9.12
2023-10-29 02:00:00+00:00,0.0,9.5
2023-10-29 03:00:00+00:00,0.0,9.68
2023-10-29 04:00:00+00:00,0.0,9.55
2023-10-29 05:00:00+00:00,0.0,9.47
2023-10-29 06:00:00+00:00,0.0,9.76
2023-10-29 07:00:00+00:00,38.58,9.99
2023-10-29 08:00:00+00:00,117.4,10.81
2023-10-29 09:00:00+00:00,172.4,11.97
2023-10-29 10:00:00+00:00,193.68,12.95
2023-10-29 11:00:00+00:00,182.27,13.08
2023-10-29 12:00:00+00:00,180.68,12.77
2023-10-29 13:00:00+00:00,172.27,12.47
2023-10-29 14:00:00+00:00,124.78,12.1
2023-10-29 15:00:00+00:00,65.2,11.61
2023-10-29 16:00:00+00:00,10.8,11.03
2023-10-29 17:00:00+00:00,0.0,10.77
2023-10-29 18:00:00+00:00,0.0,10.76
2023-10-29 19:00:00+00:00,0.0,10.63
2023-10-29 20:00:00+00:00,0.0,10.59
2023-10-29 21:00:00+00:00,0.0,10.62
2023-10-29 22:00:00+00:00,0.0,10.62
2023-10-29 23:00:00+00:00,0.0,10.5
2023-10-30 00:00:00+00:00,0.0,10.06
2023-10-30 01:00:00+00:00,0.0,9.6
2023-10-30 02:00:00+00:00,0.0,9.37
2023-10-30 03:00:00+00:00,0.0,9.27
2023-10-30 04:00:00+00:00,0.0,9.17
2023-10-30 05:00:00+00:00,0.0,9.01
2023-10-30 06:00:00+00:00,0.0,8.78
2023-10-30 07:00:00+00:00,28.92,9.0
2023-10-30 08:00:00+00:00,118.1,10.95
2023-10-30 09:00:00+00:00,207.12,12.02
2023-10-30 10:00:00+00:00,275.7,12.76
2023-10-30 11:00:00+00:00,311.65,12.95
2023-10-30 12:00:00+00:00,314.08,12.72
2023-10-30 13:00:00+00:00,262.33,12.39
2023-10-30 14:00:00+00:00,189.23,11.92
2023-10-30 15:00:00+00:00,92.2,11.12
2023-10-30 16:00:00+00:00,11.18,10.01
2023-10-30 17:00:00+00:00,0.0,9.27
2023-10-30 18:00:00+00:00,0.0,9.01
2023-10-30 19:00:00+00:00,0.0,8.79
2023-10-30 20:00:00+00:00,0.0,8.51
2023-10-30 21:00:00+00:00,0.0,8.13
2023-10-30 22:00:00+00:00,0.0,7.55
2023-10-30 23:00:00+00:00,0.0,7.17
2023-10-31 00:00:00+00:00,0.0,6.8
2023-10-31 01:00:00+00:00,0.0,6.57
2023-10-31 02:00:00+00:00,0.0,6.62
2023-10-31 03:00:00+00:00,0.0,7.04
2023-10-31 04:00:00+00:00,0.0,7.57
2023-10-31 05:00:00+00:00,0.0,7.84
2023-10-31 06:00:00+00:00,0.0,8.06
2023-10-31 07:00:00+00:00,20.73,8.45
2023-10-31 08:00:00+00:00,82.5,9.82
2023-10-31 09:00:00+00:00,142.4,11.58
2023-10-31 10:00:00+00:00,195.27,12.95
2023-10-31 11:00:00+00:00,223.88,14.04
2023-10-31 12:00:00+00:00,225.6,14.66
2023-10-31 13:00:00+00:00,176.95,14.74
2023-10-31 14:00:00+00:00,118.5,14.44
2023-10-31 15:00:00+00:00,53.3,13.47
2023-10-31 16:00:00+00:00,7.1,11.95
2023-10-31 17:00:00+00:00,0.0,10.63
2023-10-31 18:00:00+00:00,0.0,9.64
2023-10-31 19:00:00+00:00,0.0,9.96
2023-10-31 20:00:00+00:00,0.0,10.37
2023-10-31 21:00:00+00:00,0.0,10.47
2023-10-31 22:00:00+00:00,0.0,10.48
2023-10-31 23:00:00+00:00,0.0,10.57
2023-11-01 00:00:00+00:00,0.0,11.08
2023-11-01 01:00:00+00:00,0.0,11.95
2023-11-01 02:00:00+00:00,0.0,12.44
2023-11-01 03:00:00+00:00,0.0,12.54
2023-11-01 04:00:00+00:00,0.0,12.71
2023-11-01 05:00:00+00:00,0.0,12.73
2023-11-01 06:00:00+00:00,0.0,12.73
2023-11-01 07:00:00+00:00,17.08,12.67
2023-11-01 08:00:00+00:00,81.12,12.75
2023-11-01 09:00:00+00:00,141.95,12.84
2023-11-01 10:00:00+00:00,190.02,13.04
2023-11-01 11:00:00+00:00,213.12,13.4
2023-11-01 12:00:00+00:00,213.82,13.26
2023-11-01 13:00:00+00:00,255.45,12.72
2023-11-01 14:00:00+00:00,173.6,12.6
2023-11-01 15:00:00+00:00,81.9,12.23
2023-11-01 16:00:00+00:00,8.75,10.94
2023-11-01 17:00:00+00:00,0.0,9.61
2023-11-01 18:00:00+00:00,0.0,9.33
2023-11-01 19:00:00+00:00,0.0,9.54
2023-11-01 20:00:00+00:00,0.0,10.0
2023-11-01 21:00:00+00:00,0.0,10.37
2023-11-01 22:00:00+00:00,0.0,10.29
2023-11-01 23:00:00+00:00,0.0,10.23
2023-11-02 00:00:00+00:00,0.0,10.48
2023-11-02 01:00:00+00:00,0.0,11.41
2023-11-02 02:00:00+00:00,0.0,12.31
2023-11-02 03:00:00+00:00,0.0,12.39
2023-11-02 04:00:00+00:00,0.0,11.76
2023-11-02 05:00:00+00:00,0.0,10.82
2023-11-02 06:00:00+00:00,0.0,10.48
2023-11-02 07:00:00+00:00,15.93,11.15
2023-11-02 08:00:00+00:00,62.45,11.81
2023-11-02 09:00:00+00:00,109.85,12.04
2023-11-02 10:00:00+00:00,133.98,11.69
2023-11-02 11:00:00+00:00,133.48,11.37
2023-11-02 12:00:00+00:00,100.03,11.43
2023-11-02 13:00:00+00:00,65.25,11.0
2023-11-02 14:00:00+00:00,49.42,9.94
2023-11-02 15:00:00+00:00,25.05,9.4
2023-11-02 16:00:00+00:00,3.35,9.14
2023-11-02 17:00:00+00:00,0.0,8.96
2023-11-02 18:00:00+00:00,0.0,8.84
2023-11-02 19:00:00+00:00,0.0,8.75
2023-11-02 20:00:00+00:00,0.0,8.76
2023-11-02 21:00:00+00:00,0.0,8.67
2023-11-02 22:00:00+00:00,0.0,8.58
2023-11-02 23:00:00+00:00,0.0,8.54
2023-11-03 00:00:00+00:00,0.0,8.41
2023-11-03 01:00:00+00:00,0.0,8.28
2023-11-03 02:00:00+00:00,0.0,8.16
2023-11-03 03:00:00+00:00,0.0,7.95
2023-11-03 04:00:00+00:00,0.0,7.77
2023-11-03 05:00:00+00:00,0.0,7.68
2023-11-03 06:00:00+00:00,0.0,7.65
2023-11-03 07:00:00+00:00,23.05,7.66
2023-11-03 08:00:00+00:00,107.4,8.22
2023-11-03 09:00:00+00:00,189.27,9.37
2023-11-03 10:00:00+00:00,238.3,10.96
2023-11-03 11:00:00+00:00,278.23,12.24
2023-11-03 12:00:00+00:00,263.75,12.94
2023-11-03 13:00:00+00:00,225.85,13.19
2023-11-03 14:00:00+00:00,163.32,12.87
2023-11-03 15:00:00+00:00,76.72,12.03
2023-11-03 16:00:00+00:00,6.7,10.57
2023-11-03 17:00:00+00:00,0.0,9.69
2023-11-03 18:00:00+00:00,0.0,8.72
2023-11-03 19:00:00+00:00,0.0,7.69
2023-11-03 20:00:00+00:00,0.0,7.13
2023-11-03 21:00:00+00:00,0.0,6.84
2023-11-03 22:00:00+00:00,0.0,6.57
2023-11-03 23:00:00+00:00,0.0,6.59
2023-11-04 00:00:00+00:00,0.0,6.52
2023-11-04 01:00:00+00:00,0.0,6.59
2023-11-04 02:00:00+00:00,0.0,6.64
2023-11-04 03:00:00+00:00,0.0,6.77
2023-11-04 04:00:00+00:00,0.0,7.44
2023-11-04 05:00:00+00:00,0.0,8.34
2023-11-04 06:00:00+00:00,0.0,8.76
2023-11-04 07:00:00+00:00,10.98,8.3
2023-11-04 08:00:00+00:00,73.53,7.56
2023-11-04 09:00:00+00:00,147.43,7.72
2023-11-04 10:00:00+00:00,195.1,8.88
2023-11-04 11:00:00+00:00,231.43,10.75
2023-11-04 12:00:00+00:00,247.48,12.36
2023-11-04 13:00:00+00:00,208.07,13.12
2023-11-04 14:00:00+00:00,152.57,12.83
2023-11-04 15:00:00+00:00,71.28,11.99
2023-11-04 16:00:00+00:00,6.05,11.12
2023-11-04 17:00:00+00:00,0.0,10.49
2023-11-04 18:00:00+00:00,0.0,10.04
2023-11-04 19:00:00+00:00,0.0,9.96
2023-11-04 20:00:00+00:00,0.0,9.75
2023-11-04 21:00:00+00:00,0.0,9.37
2023-11-04 22:00:00+00:00,0.0,8.99
2023-11-04 23:00:00+00:00,0.0,8.55
2023-11-05 00:00:00+00:00,0.0,7.99
2023-11-05 01:00:00+00:00,0.0,7.63
2023-11-05 02:00:00+00:00,0.0,7.52
2023-11-05 03:00:00+00:00,0.0,7.35
2023-11-05 04:00:00+00:00,0.0,7.38
2023-11-05 05:00:00+00:00,0.0,7.51
2023-11-05 06:00:00+00:00,0.0,7.54
2023-11-05 07:00:00+00:00,16.5,7.56
2023-11-05 08:00:00+00:00,88.6,7.89
2023-11-05 09:00:00+00:00,172.2,8.88
2023-11-05 10:00:00+00:00,234.25,10.41
2023-11-05 11:00:00+00:00,267.0,11.88
2023-11-05 12:00:00+00:00,265.52,12.68
2023-11-05 13:00:00+00:00,224.32,12.78
2023-11-05 14:00:00+00:00,158.85,12.49
2023-11-05 15:00:00+00:00,70.35,11.6
2023-11-05 16:00:00+00:00,5.35,9.81
2023-11-05 17:00:00+00:00,0.0,8.6
2023-11-05 18:00:00+00:00,0.0,8.15
2023-11-05 19:00:00+00:00,0.0,7.71
2023-11-05 20:00:00+00:00,0.0,7.4
2023-11-05 21:00:00+00:00,0.0,7.36
2023-11-05 22:00:00+00:00,0.0,7.49
2023-11-05 23:00:00+00:00,0.0,7.65
2023-11-06 00:00:00+00:00,0.0,7.76
2023-11-06 01:00:00+00:00,0.0,7.71
2023-11-06 02:00:00+00:00,0.0,7.74
2023-11-06 03:00:00+00:00,0.0,7.85
2023-11-06 04:00:00+00:00,0.0,7.95
2023-11-06 05:00:00+00:00,0.0,8.03
2023-11-06 06:00:00+00:00,0.0,8.01
2023-11-06 07:00:00+00:00,21.85,7.82
2023-11-06 08:00:00+00:00,121.75,8.22
2023-11-06 09:00:00+00:00,220.12,9.19
2023-11-06 10:00:00+00:00,287.27,10.64
2023-11-06 11:00:00+00:00,316.3,11.98
2023-11-06 12:00:00+00:00,299.4,12.82
2023-11-06 13:00:00+00:00,225.82,13.05
2023-11-06 14:00:00+00:00,164.27,12.83
2023-11-06 15:00:00+00:00,75.05,11.92
2023-11-06 16:00:00+00:00,5.2,10.06
2023-11-06 17:00:00+00:00,0.0,9.06
2023-11-06 18:00:00+00:00,0.0,8.48
2023-11-06 19:00:00+00:00,0.0,7.9
2023-11-06 20:00:00+00:00,0.0,7.72
2023-11-06 21:00:00+00:00,0.0,7.58
2023-11-06 22:00:00+00:00,0.0,7.4
2023-11-06 23:00:00+00:00,0.0,7.08
2023-11-07 00:00:00+00:00,0.0,6.92
2023-11-07 01:00:00+00:00,0.0,6.46
2023-11-07 02:00:00+00:00,0.0,6.46
2023-11-07 03:00:00+00:00,0.0,6.44
2023-11-07 04:00:00+00:00,0.0,6.32
2023-11-07 05:00:00+00:00,0.0,6.25
2023-11-07 06:00:00+00:00,0.0,6.23
2023-11-07 07:00:00+00:00,19.58,6.17
2023-11-07 08:00:00+00:00,117.32,6.55
2023-11-07 09:00:00+00:00,203.3,7.54
2023-11-07 10:00:00+00:00,255.5,9.29
2023-11-07 11:00:00+00:00,273.58,11.16
2023-11-07 12:00:00+00:00,260.52,11.98
2023-11-07 13:00:00+00:00,218.3,12.14
2023-11-07 14:00:00+00:00,156.7,11.93
2023-11-07 15:00:00+00:00,70.35,11.16
2023-11-07 16:00:00+00:00,4.15,9.56
2023-11-07 17:00:00+00:00,0.0,8.48
2023-11-07 18:00:00+00:00,0.0,7.58
2023-11-07 19:00:00+00:00,0.0,6.56
2023-11-07 20:00:00+00:00,0.0,5.86
2023-11-07 21:00:00+00:00,0.0,5.56
2023-11-07 22:00:00+00:00,0.0,5.87
2023-11-07 23:00:00+00:00,0.0,6.33
2023-11-08 00:00:00+00:00,0.0,6.61
2023-11-08 01:00:00+00:00,0.0,6.88
2023-11-08 02:00:00+00:00,0.0,7.04
2023-11-08 03:00:00+00:00,0.0,7.3
2023-11-08 04:00:00+00:00,0.0,7.75
2023-11-08 05:00:00+00:00,0.0,8.35
2023-11-08 06:00:00+00:00,0.0,9.09
2023-11-08 07:00:00+00:00,7.18,9.66
2023-11-08 08:00:00+00:00,23.12,10.24
2023-11-08 09:00:00+00:00,70.75,11.04
2023-11-08 10:00:00+00:00,85.38,11.75
2023-11-08 11:00:00+00:00,95.85,12.15
2023-11-08 12:00:00+00:00,98.35,12.54
2023-11-08 13:00:00+00:00,86.03,12.93
2023-11-08 14:00:00+00:00,63.15,12.82
2023-11-08 15:00:00+00:00,33.47,11.75
2023-11-08 16:00:00+00:00,0.0,9.85
2023-11-08 17:00:00+00:00,0.0,8.16
2023-11-08 18:00:00+00:00,0.0,7.0
2023-11-08 19:00:00+00:00,0.0,6.25
2023-11-08 20:00:00+00:00,0.0,5.85
2023-11-08 21:00:00+00:00,0.0,5.53
2023-11-08 22:00:00+00:00,0.0,5.17
2023-11-08 23:00:00+00:00,0.0,4.84
2023-11-09 00:00:00+00:00,0.0,4.58
2023-11-09 01:00:00+00:00,0.0,4.6
2023-11-09 02:00:00+00:00,0.0,4.96
2023-11-09 03:00:00+00:00,0.0,5.49
2023-11-09 04:00:00+00:00,0.0,5.91
2023-11-09 05:00:00+00:00,0.0,6.63
2023-11-09 06:00:00+00:00,0.0,7.09
2023-11-09 07:00:00+00:00,13.0,7.03
2023-11-09 08:00:00+00:00,87.78,7.77
2023-11-09 09:00:00+00:00,166.4,8.66
2023-11-09 10:00:00+00:00,223.15,9.52
2023-11-09 11:00:00+00:00,244.35,10.05
2023-11-09 12:00:00+00:00,251.05,9.95
2023-11-09 13:00:00+00:00,221.23,9.59
2023-11-09 14:00:00+00:00,143.3,9.0
2023-11-09 15:00:00+00:00,62.7,8.42
2023-11-09 16:00:00+00:00,0.0,7.66
2023-11-09 17:00:00+00:00,0.0,7.31
2023-11-09 18:00:00+00:00,0.0,7.05
2023-11-09 19:00:00+00:00,0.0,6.84
2023-11-09 20:00:00+00:00,0.0,6.8
2023-11-09 21:00:00+00:00,0.0,6.77
2023-11-09 22:00:00+00:00,0.0,6.67
2023-11-09 23:00:00+00:00,0.0,6.42
2023-11-10 00:00:00+00:00,0.0,6.33
2023-11-10 01:00:00+00:00,0.0,6.55
2023-11-10 02:00:00+00:00,0.0,6.95
2023-11-10 03:00:00+00:00,0.0,7.27
2023-11-10 04:00:00+00:00,0.0,7.38
2023-11-10 05:00:00+00:00,0.0,7.44
2023-11-10 06:00:00+00:00,0.0,7.6
2023-11-10 07:00:00+00:00,8.07,7.77
2023-11-10 08:00:00+00:00,65.97,8.11
2023-11-10 09:00:00+00:00,136.23,8.6
2023-11-10 10:00:00+00:00,189.75,9.12
2023-11-10 11:00:00+00:00,218.7,9.48
2023-11-10 12:00:00+00:00,214.75,9.4
2023-11-10 13:00:00+00:00,184.15,9.18
2023-11-10 14:00:00+00:00,130.68,8.89
2023-11-10 15:00:00+00:00,59.12,8.31
2023-11-10 16:00:00+00:00,0.0,7.34
2023-11-10 17:00:00+00:00,0.0,6.29
2023-11-10 18:00:00+00:00,0.0,5.01
2023-11-10 19:00:00+00:00,0.0,4.13
2023-11-10 20:00:00+00:00,0.0,3.59
2023-11-10 21:00:00+00:00,0.0,3.14
2023-11-10 22:00:00+00:00,0.0,3.12
2023-11-10 23:00:00+00:00,0.0,3.2
2023-11-11 00:00:00+00:00,0.0,3.71
2023-11-11 01:00:00+00:00,0.0,4.09
2023-11-11 02:00:00+00:00,0.0,4.36
2023-11-11 03:00:00+00:00,0.0,4.54
2023-11-11 04:00:00+00:00,0.0,4.66
2023-11-11 05:00:00+00:00,0.0,4.8
2023-11-11 06:00:00+00:00,0.0,4.95
2023-11-11 07:00:00+00:00,12.85,4.84
2023-11-11 08:00:00+00:00,104.43,4.83
2023-11-11 09:00:00+00:00,208.9,5.15
2023-11-11 10:00:00+00:00,285.0,6.02
2023-11-11 11:00:00+00:00,327.0,7.68
2023-11-11 12:00:00+00:00,328.55,9.27
2023-11-11 13:00:00+00:00,244.57,10.05
2023-11-11 14:00:00+00:00,138.82,10.01
2023-11-11 15:00:00+00:00,62.45,8.47
2023-11-11 16:00:00+00:00,0.0,6.54
2023-11-11 17:00:00+00:00,0.0,5.88
2023-11-11 18:00:00+00:00,0.0,5.21
2023-11-11 19:00:00+00:00,0.0,4.42
2023-11-11 20:00:00+00:00,0.0,3.9
2023-11-11 21:00:00+00:00,0.0,3.52
2023-11-11 22:00:00+00:00,0.0,3.21
2023-11-11 23:00:00+00:00,0.0,3.19
2023-11-12 00:00:00+00:00,0.0,3.93
2023-11-12 01:00:00+00:00,0.0,4.85
2023-11-12 02:00:00+00:00,0.0,5.4
2023-11-12 03:00:00+00:00,0.0,5.67
2023-11-12 04:00:00+00:00,0.0,5.85
2023-11-12 05:00:00+00:00,0.0,5.86
2023-11-12 06:00:00+00:00,0.0,5.76
2023-11-12 07:00:00+00:00,6.03,5.87
2023-11-12 08:00:00+00:00,44.67,6.93
2023-11-12 09:00:00+00:00,95.1,7.72
2023-11-12 10:00:00+00:00,124.72,8.28
2023-11-12 11:00:00+00:00,139.65,8.86
2023-11-12 12:00:00+00:00,126.88,9.3
2023-11-12 13:00:00+00:00,75.05,9.36
2023-11-12 14:00:00+00:00,73.07,9.13
2023-11-12 15:00:00+00:00,30.58,8.51
2023-11-12 16:00:00+00:00,0.0,7.88
2023-11-12 17:00:00+00:00,0.0,7.64
2023-11-12 18:00:00+00:00,0.0,7.73
2023-11-12 19:00:00+00:00,0.0,8.28
2023-11-12 20:00:00+00:00,0.0,8.64
2023-11-12 21:00:00+00:00,0.0,8.87
2023-11-12 22:00:00+00:00,0.0,9.0
2023-11-12 23:00:00+00:00,0.0,8.79
2023-11-13 00:00:00+00:00,0.0,8.57
2023-11-13 01:00:00+00:00,0.0,9.19
2023-11-13 02:00:00+00:00,0.0,9.76
2023-11-13 03:00:00+00:00,0.0,9.67
2023-11-13 04:00:00+00:00,0.0,10.59
2023-11-13 05:00:00+00:00,0.0,11.69
2023-11-13 06:00:00+00:00,0.0,12.84
2023-11-13 07:00:00+00:00,5.97,13.7
2023-11-13 08:00:00+00:00,57.72,14.35
2023-11-13 09:00:00+00:00,123.5,14.8
2023-11-13 10:00:00+00:00,176.35,14.35
2023-11-13 11:00:00+00:00,211.15,14.13
2023-11-13 12:00:00+00:00,210.15,14.24
2023-11-13 13:00:00+00:00,178.85,14.05
2023-11-13 14:00:00+00:00,124.15,13.56
2023-11-13 15:00:00+00:00,52.78,12.73
2023-11-13 16:00:00+00:00,0.0,11.71
2023-11-13 17:00:00+00:00,0.0,11.17
2023-11-13 18:00:00+00:00,0.0,10.94
2023-11-13 19:00:00+00:00,0.0,10.81
2023-11-13 20:00:00+00:00,0.0,10.7
2023-11-13 21:00:00+00:00,0.0,10.59
2023-11-13 22:00:00+00:00,0.0,10.4
2023-11-13 23:00:00+00:00,0.0,10.34
2023-11-14 00:00:00+00:00,0.0,10.4
2023-11-14 01:00:00+00:00,0.0,10.37
2023-11-14 02:00:00+00:00,0.0,10.33
2023-11-14 03:00:00+00:00,0.0,10.27
2023-11-14 04:00:00+00:00,0.0,10.31
2023-11-14 05:00:00+00:00,0.0,10.49
2023-11-14 06:00:00+00:00,0.0,10.55
2023-11-14 07:00:00+00:00,6.32,10.51
2023-11-14 08:00:00+00:00,50.58,10.86
2023-11-14 09:00:00+00:00,98.78,11.52
2023-11-14 10:00:00+00:00,126.2,11.94
2023-11-14 11:00:00+00:00,50.78,11.92
2023-11-14 12:00:00+00:00,83.57,11.83
2023-11-14 13:00:00+00:00,89.28,11.97
2023-11-14 14:00:00+00:00,94.15,11.65
2023-11-14 15:00:00+00:00,49.9,10.95
2023-11-14 16:00:00+00:00,0.0,9.96
2023-11-14 17:00:00+00:00,0.0,9.38
2023-11-14 18:00:00+00:00,0.0,9.19
2023-11-14 19:00:00+00:00,0.0,8.96
2023-11-14 20:00:00+00:00,0.0,8.6
2023-11-14 21:00:00+00:00,0.0,8.31
2023-11-14 22:00:00+00:00,0.0,8.11
2023-11-14 23:00:00+00:00,0.0,7.99
2023-11-15 00:00:00+00:00,0.0,7.91
2023-11-15 01:00:00+00:00,0.0,7.8
2023-11-15 02:00:00+00:00,0.0,7.59
2023-11-15 03:00:00+00:00,0.0,7.39
2023-11-15 04:00:00+00:00,0.0,7.25
2023-11-15 05:00:00+00:00,0.0,7.22
2023-11-15 06:00:00+00:00,0.0,7.27
2023-11-15 07:00:00+00:00,8.75,6.98
2023-11-15 08:00:00+00:00,91.45,7.25
2023-11-15 09:00:00+00:00,183.77,8.15
2023-11-15 10:00:00+00:00,245.38,9.37
2023-11-15 11:00:00+00:00,273.85,10.42
2023-11-15 12:00:00+00:00,266.15,11.09
2023-11-15 13:00:00+00:00,214.85,11.32
2023-11-15 14:00:00+00:00,137.2,10.98
2023-11-15 15:00:00+00:00,49.7,9.86
2023-11-15 16:00:00+00:00,0.0,8.02
2023-11-15 17:00:00+00:00,0.0,6.74
2023-11-15 18:00:00+00:00,0.0,6.25
2023-11-15 19:00:00+00:00,0.0,5.42
2023-11-15 20:00:00+00:00,0.0,5.0
2023-11-15 21:00:00+00:00,0.0,5.02
2023-11-15 22:00:00+00:00,0.0,5.12
2023-11-15 23:00:00+00:00,0.0,5.02
2023-11-16 00:00:00+00:00,0.0,4.88
2023-11-16 01:00:00+00:00,0.0,5.05
2023-11-16 02:00:00+00:00,0.0,4.81
2023-11-16 03:00:00+00:00,0.0,4.02
2023-11-16 04:00:00+00:00,0.0,4.11
2023-11-16 05:00:00+00:00,0.0,4.18
2023-11-16 06:00:00+00:00,0.0,4.4
2023-11-16 07:00:00+00:00,2.12,4.64
2023-11-16 08:00:00+00:00,20.85,5.16
2023-11-16 09:00:00+00:00,45.72,5.74
2023-11-16 10:00:00+00:00,64.9,6.24
2023-11-16 11:00:00+00:00,72.4,6.54
2023-11-16 12:00:00+00:00,74.6,6.65
2023-11-16 13:00:00+00:00,62.65,6.56
2023-11-16 14:00:00+00:00,51.92,6.44
2023-11-16 15:00:00+00:00,19.35,6.18
2023-11-16 16:00:00+00:00,0.0,5.85
2023-11-16 17:00:00+00:00,0.0,5.71
2023-11-16 18:00:00+00:00,0.0,5.74
2023-11-16 19:00:00+00:00,0.0,5.77
2023-11-16 20:00:00+00:00,0.0,5.82
2023-11-16 21:00:00+00:00,0.0,5.61
2023-11-16 22:00:00+00:00,0.0,5.21
2023-11-16 23:00:00+00:00,0.0,5.02
2023-11-17 00:00:00+00:00,0.0,4.88
2023-11-17 01:00:00+00:00,0.0,4.89
2023-11-17 02:00:00+00:00,0.0,4.9
2023-11-17 03:00:00+00:00,0.0,4.95
2023-11-17 04:00:00+00:00,0.0,4.88
2023-11-17 05:00:00+00:00,0.0,4.73
2023-11-17 06:00:00+00:00,0.0,4.51
2023-11-17 07:00:00+00:00,6.4,4.31
2023-11-17 08:00:00+00:00,86.62,4.33
2023-11-17 09:00:00+00:00,186.98,4.72
2023-11-17 10:00:00+00:00,261.42,5.44
2023-11-17 11:00:00+00:00,291.8,6.75
2023-11-17 12:00:00+00:00,287.65,8.16
2023-11-17 13:00:00+00:00,175.57,9.23
2023-11-17 14:00:00+00:00,111.1,9.53
2023-11-17 15:00:00+00:00,36.2,7.77
2023-11-17 16:00:00+00:00,0.0,6.42
2023-11-17 17:00:00+00:00,0.0,6.39
2023-11-17 18:00:00+00:00,0.0,6.42
2023-11-17 19:00:00+00:00,0.0,6.47
2023-11-17 20:00:00+00:00,0.0,6.67
2023-11-17 21:00:00+00:00,0.0,6.97
2023-11-17 22:00:00+00:00,0.0,7.23
2023-11-17 23:00:00+00:00,0.0,7.31
2023-11-18 00:00:00+00:00,0.0,7.57
2023-11-18 01:00:00+00:00,0.0,8.08
2023-11-18 02:00:00+00:00,0.0,8.5
2023-11-18 03:00:00+00:00,0.0,8.76
2023-11-18 04:00:00+00:00,0.0,9.08
2023-11-18 05:00:00+00:00,0.0,9.48
2023-11-18 06:00:00+00:00,0.0,10.09
2023-11-18 07:00:00+00:00,1.42,10.68
2023-11-18 08:00:00+00:00,16.25,11.48
2023-11-18 09:00:00+00:00,38.05,12.47
2023-11-18 10:00:00+00:00,57.3,13.39
2023-11-18 11:00:00+00:00,69.88,13.91
2023-11-18 12:00:00+00:00,86.7,14.17
2023-11-18 13:00:00+00:00,56.5,14.3
2023-11-18 14:00:00+00:00,38.53,14.52
2023-11-18 15:00:00+00:00,14.82,14.43
2023-11-18 16:00:00+00:00,0.0,14.02
2023-11-18 17:00:00+00:00,0.0,13.75
2023-11-18 18:00:00+00:00,0.0,13.48
2023-11-18 19:00:00+00:00,0.0,13.15
2023-11-18 20:00:00+00:00,0.0,12.73
2023-11-18 21:00:00+00:00,0.0,12.22
2023-11-18 22:00:00+00:00,0.0,11.67
2023-11-18 23:00:00+00:00,0.0,11.1
2023-11-19 00:00:00+00:00,0.0,10.59
2023-11-19 01:00:00+00:00,0.0,10.25
2023-11-19 02:00:00+00:00,0.0,9.99
2023-11-19 03:00:00+00:00,0.0,9.72
2023-11-19 04:00:00+00:00,0.0,9.59
2023-11-19 05:00:00+00:00,0.0,9.55
2023-11-19 06:00:00+00:00,0.0,9.65
2023-11-19 07:00:00+00:00,3.88,9.8
2023-11-19 08:00:00+00:00,50.72,10.29
2023-11-19 09:00:00+00:00,103.32,11.28
2023-11-19 10:00:00+00:00,130.45,12.28
2023-11-19 11:00:00+00:00,125.12,12.94
2023-11-19 12:00:00+00:00,127.5,13.11
2023-11-19 13:00:00+00:00,98.65,12.9
2023-11-19 14:00:00+00:00,64.03,12.66
2023-11-19 15:00:00+00:00,20.25,12.34
2023-11-19 16:00:00+00:00,0.0,11.96
2023-11-19 17:00:00+00:00,0.0,11.79
2023-11-19 18:00:00+00:00,0.0,11.48
2023-11-19 19:00:00+00:00,0.0,10.95
2023-11-19 20:00:00+00:00,0.0,10.38
2023-11-19 21:00:00+00:00,0.0,9.95
2023-11-19 22:00:00+00:00,0.0,9.69
2023-11-19 23:00:00+00:00,0.0,9.62
2023-11-20 00:00:00+00:00,0.0,9.48
2023-11-20 01:00:00+00:00,0.0,9.19
2023-11-20 02:00:00+00:00,0.0,8.78
2023-11-20 03:00:00+00:00,0.0,8.2
2023-11-20 04:00:00+00:00,0.0,7.67
2023-11-20 05:00:00+00:00,0.0,7.26
2023-11-20 06:00:00+00:00,0.0,7.45
2023-11-20 07:00:00+00:00,0.0,7.77
2023-11-20 08:00:00+00:00,64.38,8.15
2023-11-20 09:00:00+00:00,129.6,9.1
2023-11-20 10:00:00+00:00,181.07,10.07
2023-11-20 11:00:00+00:00,199.75,10.83
2023-11-20 12:00:00+00:00,189.9,11.32
2023-11-20 13:00:00+00:00,151.27,11.48
2023-11-20 14:00:00+00:00,87.45,11.21
2023-11-20 15:00:00+00:00,24.77,9.53
2023-11-20 16:00:00+00:00,0.0,7.88
2023-11-20 17:00:00+00:00,0.0,8.67
2023-11-20 18:00:00+00:00,0.0,9.42
2023-11-20 19:00:00+00:00,0.0,9.72
2023-11-20 20:00:00+00:00,0.0,9.75
2023-11-20 21:00:00+00:00,0.0,9.64
2023-11-20 22:00:00+00:00,0.0,9.51
2023-11-20 23:00:00+00:00,0.0,9.31
2023-11-21 00:00:00+00:00,0.0,9.2
2023-11-21 01:00:00+00:00,0.0,9.15
2023-11-21 02:00:00+00:00,0.0,9.19
2023-11-21 03:00:00+00:00,0.0,9.26
2023-11-21 04:00:00+00:00,0.0,9.19
2023-11-21 05:00:00+00:00,0.0,9.03
2023-11-21 06:00:00+00:00,0.0,8.42
2023-11-21 07:00:00+00:00,0.0,7.76
2023-11-21 08:00:00+00:00,54.53,7.71
2023-11-21 09:00:00+00:00,107.25,8.51
2023-11-21 10:00:00+00:00,137.73,9.55
2023-11-21 11:00:00+00:00,135.0,10.39
2023-11-21 12:00:00+00:00,75.38,10.85
2023-11-21 13:00:00+00:00,76.35,10.83
2023-11-21 14:00:00+00:00,53.8,10.35
2023-11-21 15:00:00+00:00,18.42,9.45
2023-11-21 16:00:00+00:00,0.0,8.52
2023-11-21 17:00:00+00:00,0.0,7.79
2023-11-21 18:00:00+00:00,0.0,6.96
2023-11-21 19:00:00+00:00,0.0,6.37
2023-11-21 20:00:00+00:00,0.0,5.95
2023-11-21 21:00:00+00:00,0.0,5.48
2023-11-21 22:00:00+00:00,0.0,5.12
2023-11-21 23:00:00+00:00,0.0,4.86
2023-11-22 00:00:00+00:00,0.0,5.07
2023-11-22 01:00:00+00:00,0.0,4.82
2023-11-22 02:00:00+00:00,0.0,4.58
2023-11-22 03:00:00+00:00,0.0,4.4
2023-11-22 04:00:00+00:00,0.0,4.4
2023-11-22 05:00:00+00:00,0.0,4.36
2023-11-22 06:00:00+00:00,0.0,4.3
2023-11-22 07:00:00+00:00,0.0,4.38
2023-11-22 08:00:00+00:00,35.58,4.78
2023-11-22 09:00:00+00:00,80.55,5.77
2023-11-22 10:00:00+00:00,115.47,7.03
2023-11-22 11:00:00+00:00,131.57,8.02
2023-11-22 12:00:00+00:00,126.45,8.49
2023-11-22 13:00:00+00:00,71.85,8.99
2023-11-22 14:00:00+00:00,44.92,9.45
2023-11-22 15:00:00+00:00,15.95,9.31
2023-11-22 16:00:00+00:00,0.0,8.96
2023-11-22 17:00:00+00:00,0.0,9.0
2023-11-22 18:00:00+00:00,0.0,9.06
2023-11-22 19:00:00+00:00,0.0,8.87
2023-11-22 20:00:00+00:00,0.0,8.98
2023-11-22 21:00:00+00:00,0.0,9.17
2023-11-22 22:00:00+00:00,0.0,8.87
2023-11-22 23:00:00+00:00,0.0,8.26
2023-11-23 00:00:00+00:00,0.0,7.75
2023-11-23 01:00:00+00:00,0.0,7.53
2023-11-23 02:00:00+00:00,0.0,7.47
2023-11-23 03:00:00+00:00,0.0,7.52
2023-11-23 04:00:00+00:00,0.0,7.76
2023-11-23 05:00:00+00:00,0.0,8.04
2023-11-23 06:00:00+00:00,0.0,8.47
2023-11-23 07:00:00+00:00,0.0,8.81
2023-11-23 08:00:00+00:00,55.38,9.62
2023-11-23 09:00:00+00:00,144.25,10.46
2023-11-23 10:00:00+00:00,220.02,11.28
2023-11-23 11:00:00+00:00,255.85,12.06
2023-11-23 12:00:00+00:00,249.93,12.42
2023-11-23 13:00:00+00:00,222.98,12.48
2023-11-23 14:00:00+00:00,134.18,12.1
2023-11-23 15:00:00+00:00,37.33,11.2
2023-11-23 16:00:00+00:00,0.0,10.07
2023-11-23 17:00:00+00:00,0.0,9.64
2023-11-23 18:00:00+00:00,0.0,9.83
2023-11-23 19:00:00+00:00,0.0,10.24
2023-11-23 20:00:00+00:00,0.0,10.47
2023-11-23 21:00:00+00:00,0.0,10.62
2023-11-23 22:00:00+00:00,0.0,10.54
2023-11-23 23:00:00+00:00,0.0,9.5
2023-11-24 00:00:00+00:00,0.0,7.93
2023-11-24 01:00:00+00:00,0.0,6.77
2023-11-24 02:00:00+00:00,0.0,6.13
2023-11-24 03:00:00+00:00,0.0,5.9
2023-11-24 04:00:00+00:00,0.0,6.02
2023-11-24 05:00:00+00:00,0.0,6.11
2023-11-24 06:00:00+00:00,0.0,6.21
2023-11-24 07:00:00+00:00,0.0,5.89
2023-11-24 08:00:00+00:00,40.9,5.96
2023-11-24 09:00:00+00:00,101.75,6.81
2023-11-24 10:00:00+00:00,152.2,7.43
2023-11-24 11:00:00+00:00,177.62,7.57
2023-11-24 12:00:00+00:00,211.38,7.54
2023-11-24 13:00:00+00:00,205.5,7.22
2023-11-24 14:00:00+00:00,131.25,6.53
2023-11-24 15:00:00+00:00,40.67,5.26
2023-11-24 16:00:00+00:00,0.0,3.56
2023-11-24 17:00:00+00:00,0.0,2.93
2023-11-24 18:00:00+00:00,0.0,2.27
2023-11-24 19:00:00+00:00,0.0,1.59
2023-11-24 20:00:00+00:00,0.0,0.93
2023-11-24 21:00:00+00:00,0.0,0.5
2023-11-24 22:00:00+00:00,0.0,0.17
2023-11-24 23:00:00+00:00,0.0,-0.05
2023-11-25 00:00:00+00:00,0.0,-0.29
2023-11-25 01:00:00+00:00,0.0,-0.57
2023-11-25 02:00:00+00:00,0.0,-0.79
2023-11-25 03:00:00+00:00,0.0,-0.94
2023-11-25 04:00:00+00:00,0.0,-1.13
2023-11-25 05:00:00+00:00,0.0,-1.31
2023-11-25 06:00:00+00:00,0.0,-1.56
2023-11-25 07:00:00+00:00,0.0,-1.86
2023-11-25 08:00:00+00:00,71.55,-1.49
2023-11-25 09:00:00+00:00,176.73,-0.11
2023-11-25 10:00:00+00:00,257.92,1.75
2023-11-25 11:00:00+00:00,297.23,3.99
2023-11-25 12:00:00+00:00,289.67,5.18
2023-11-25 13:00:00+00:00,238.05,5.58
2023-11-25 14:00:00+00:00,144.38,5.26
2023-11-25 15:00:00+00:00,37.2,3.13
2023-11-25 16:00:00+00:00,0.0,1.02
2023-11-25 17:00:00+00:00,0.0,0.79
2023-11-25 18:00:00+00:00,0.0,0.56
2023-11-25 19:00:00+00:00,0.0,0.2
2023-11-25 20:00:00+00:00,0.0,-0.2
2023-11-25 21:00:00+00:00,0.0,-0.43
2023-11-25 22:00:00+00:00,0.0,-0.42
2023-11-25 23:00:00+00:00,0.0,-0.25
2023-11-26 00:00:00+00:00,0.0,-0.07
2023-11-26 01:00:00+00:00,0.0,0.07
2023-11-26 02:00:00+00:00,0.0,0.25
2023-11-26 03:00:00+00:00,0.0,0.38
2023-11-26 04:00:00+00:00,0.0,0.4
2023-11-26 05:00:00+00:00,0.0,0.47
2023-11-26 06:00:00+00:00,0.0,0.4
2023-11-26 07:00:00+00:00,0.0,0.35
2023-11-26 08:00:00+00:00,19.05,0.48
2023-11-26 09:00:00+00:00,47.7,1.12
2023-11-26 10:00:00+00:00,70.75,1.88
2023-11-26 11:00:00+00:00,83.72,2.69
2023-11-26 12:00:00+00:00,77.8,3.54
2023-11-26 13:00:00+00:00,67.85,4.13
2023-11-26 14:00:00+00:00,41.12,4.68
2023-11-26 15:00:00+00:00,10.73,5.51
2023-11-26 16:00:00+00:00,0.0,6.36
2023-11-26 17:00:00+00:00,0.0,7.05
2023-11-26 18:00:00+00:00,0.0,7.5
2023-11-26 19:00:00+00:00,0.0,7.79
2023-11-26 20:00:00+00:00,0.0,8.02
2023-11-26 21:00:00+00:00,0.0,8.23
2023-11-26 22:00:00+00:00,0.0,8.57
2023-11-26 23:00:00+00:00,0.0,9.04
2023-11-27 00:00:00+00:00,0.0,9.36
2023-11-27 01:00:00+00:00,0.0,9.46
2023-11-27 02:00:00+00:00,0.0,9.04
2023-11-27 03:00:00+00:00,0.0,8.57
2023-11-27 04:00:00+00:00,0.0,8.35
2023-11-27 05:00:00+00:00,0.0,8.31
2023-11-27 06:00:00+00:00,0.0,8.06
2023-11-27 07:00:00+00:00,0.0,7.81
2023-11-27 08:00:00+00:00,24.5,7.62
2023-11-27 09:00:00+00:00,61.9,7.6
2023-11-27 10:00:00+00:00,93.32,7.76
2023-11-27 11:00:00+00:00,103.03,7.81
2023-11-27 12:00:00+00:00,88.9,7.52
2023-11-27 13:00:00+00:00,72.22,6.88
2023-11-27 14:00:00+00:00,26.85,5.99
2023-11-27 15:00:00+00:00,12.3,5.08
2023-11-27 16:00:00+00:00,0.0,4.37
2023-11-27 17:00:00+00:00,0.0,3.97
2023-11-27 18:00:00+00:00,0.0,3.76
2023-11-27 19:00:00+00:00,0.0,3.85
2023-11-27 20:00:00+00:00,0.0,4.16
2023-11-27 21:00:00+00:00,0.0,4.53
2023-11-27 22:00:00+00:00,0.0,4.7
2023-11-27 23:00:00+00:00,0.0,4.73
2023-11-28 00:00:00+00:00,0.0,4.65
2023-11-28 01:00:00+00:00,0.0,4.25
2023-11-28 02:00:00+00:00,0.0,3.99
2023-11-28 03:00:00+00:00,0.0,3.81
2023-11-28 04:00:00+00:00,0.0,3.67
2023-11-28 05:00:00+00:00,0.0,3.35
2023-11-28 06:00:00+00:00,0.0,2.9
2023-11-28 07:00:00+00:00,0.0,2.3
2023-11-28 08:00:00+00:00,43.72,2.24
2023-11-28 09:00:00+00:00,121.0,3.05
2023-11-28 10:00:00+00:00,183.93,4.25
2023-11-28 11:00:00+00:00,214.38,5.68
2023-11-28 12:00:00+00:00,208.82,6.44
2023-11-28 13:00:00+00:00,140.9,6.55
2023-11-28 14:00:00+00:00,86.65,6.0
2023-11-28 15:00:00+00:00,24.38,3.6
2023-11-28 16:00:00+00:00,0.0,1.49
2023-11-28 17:00:00+00:00,0.0,0.93
2023-11-28 18:00:00+00:00,0.0,0.46
2023-11-28 19:00:00+00:00,0.0,0.06
2023-11-28 20:00:00+00:00,0.0,-0.04
2023-11-28 21:00:00+00:00,0.0,0.26
2023-11-28 22:00:00+00:00,0.0,0.53
2023-11-28 23:00:00+00:00,0.0,0.65
2023-11-29 00:00:00+00:00,0.0,1.03
2023-11-29 01:00:00+00:00,0.0,1.17
2023-11-29 02:00:00+00:00,0.0,0.89
2023-11-29 03:00:00+00:00,0.0,0.36
2023-11-29 04:00:00+00:00,0.0,-0.09
2023-11-29 05:00:00+00:00,0.0,-0.15
2023-11-29 06:00:00+00:00,0.0,-0.35
2023-11-29 07:00:00+00:00,0.0,-0.94
2023-11-29 08:00:00+00:00,36.38,-0.9
2023-11-29 09:00:00+00:00,109.5,-0.02
2023-11-29 10:00:00+00:00,172.35,1.22
2023-11-29 11:00:00+00:00,207.12,2.64
2023-11-29 12:00:00+00:00,198.73,4.02
2023-11-29 13:00:00+00:00,155.68,4.3
2023-11-29 14:00:00+00:00,87.9,3.78
2023-11-29 15:00:00+00:00,20.55,1.33
2023-11-29 16:00:00+00:00,0.0,-0.6
2023-11-29 17:00:00+00:00,0.0,-1.01
2023-11-29 18:00:00+00:00,0.0,-1.47
2023-11-29 19:00:00+00:00,0.0,-1.95
2023-11-29 20:00:00+00:00,0.0,-2.04
2023-11-29 21:00:00+00:00,0.0,-2.48
2023-11-29 22:00:00+00:00,0.0,-2.49
2023-11-29 23:00:00+00:00,0.0,-1.6
2023-11-30 00:00:00+00:00,0.0,-1.42
2023-11-30 01:00:00+00:00,0.0,-1.56
2023-11-30 02:00:00+00:00,0.0,-1.65
2023-11-30 03:00:00+00:00,0.0,-1.7
2023-11-30 04:00:00+00:00,0.0,-1.77
2023-11-30 05:00:00+00:00,0.0,-1.81
2023-11-30 06:00:00+00:00,0.0,-1.78
2023-11-30 07:00:00+00:00,0.0,-1.74
2023-11-30 08:00:00+00:00,31.05,-1.3
2023-11-30 09:00:00+00:00,91.85,0.2
2023-11-30 10:00:00+00:00,150.05,2.12
2023-11-30 11:00:00+00:00,177.45,3.83
2023-11-30 12:00:00+00:00,183.05,4.84
2023-11-30 13:00:00+00:00,159.52,5.05
2023-11-30 14:00:00+00:00,97.35,4.46
2023-11-30 15:00:00+00:00,26.4,2.79
2023-11-30 16:00:00+00:00,0.0,1.2
2023-11-30 17:00:00+00:00,0.0,0.59
2023-11-30 18:00:00+00:00,0.0,-0.19
2023-11-30 19:00:00+00:00,0.0,-0.78
2023-11-30 20:00:00+00:00,0.0,-1.21
2023-11-30 21:00:00+00:00,0.0,-1.58
2023-11-30 22:00:00+00:00,0.0,-1.88
2023-11-30 23:00:00+00:00,0.0,-2.13
2023-12-01 00:00:00+00:00,0.0,-2.23
2023-12-01 01:00:00+00:00,0.0,-2.32
2023-12-01 02:00:00+00:00,0.0,-2.41
2023-12-01 03:00:00+00:00,0.0,-2.38
2023-12-01 04:00:00+00:00,0.0,-2.51
2023-12-01 05:00:00+00:00,0.0,-2.38
2023-12-01 06:00:00+00:00,0.0,-2.36
2023-12-01 07:00:00+00:00,0.0,-2.3
2023-12-01 08:00:00+00:00,31.1,-1.85
2023-12-01 09:00:00+00:00,103.55,-0.64
2023-12-01 10:00:00+00:00,164.65,0.95
2023-12-01 11:00:00+00:00,195.48,2.71
2023-12-01 12:00:00+00:00,189.9,3.74
2023-12-01 13:00:00+00:00,162.02,3.99
2023-12-01 14:00:00+00:00,99.05,3.35
2023-12-01 15:00:00+00:00,25.12,1.08
2023-12-01 16:00:00+00:00,0.0,-0.44
2023-12-01 17:00:00+00:00,0.0,-0.57
2023-12-01 18:00:00+00:00,0.0,-0.9
2023-12-01 19:00:00+00:00,0.0,-1.01
2023-12-01 20:00:00+00:00,0.0,-0.93
2023-12-01 21:00:00+00:00,0.0,-1.06
2023-12-01 22:00:00+00:00,0.0,-1.22
2023-12-01 23:00:00+00:00,0.0,-1.35
2023-12-02 00:00:00+00:00,0.0,-1.74
2023-12-02 01:00:00+00:00,0.0,-2.26
2023-12-02 02:00:00+00:00,0.0,-2.57
2023-12-02 03:00:00+00:00,0.0,-2.74
2023-12-02 04:00:00+00:00,0.0,-2.75
2023-12-02 05:00:00+00:00,0.0,-2.71
2023-12-02 06:00:00+00:00,0.0,-2.67
2023-12-02 07:00:00+00:00,0.0,-2.62
2023-12-02 08:00:00+00:00,31.27,-2.4
2023-12-02 09:00:00+00:00,97.53,-1.72
2023-12-02 10:00:00+00:00,153.85,-1.04
2023-12-02 11:00:00+00:00,180.6,-0.43
2023-12-02 12:00:00+00:00,168.5,0.08
2023-12-02 13:00:00+00:00,124.35,0.41
2023-12-02 14:00:00+00:00,69.47,0.34
2023-12-02 15:00:00+00:00,18.75,-1.09
2023-12-02 16:00:00+00:00,0.0,-2.11
2023-12-02 17:00:00+00:00,0.0,-1.77
2023-12-02 18:00:00+00:00,0.0,-1.59
2023-12-02 19:00:00+00:00,0.0,-1.62
2023-12-02 20:00:00+00:00,0.0,-1.79
2023-12-02 21:00:00+00:00,0.0,-1.56
2023-12-02 22:00:00+00:00,0.0,-1.07
2023-12-02 23:00:00+00:00,0.0,0.04
2023-12-03 00:00:00+00:00,0.0,1.28
2023-12-03 01:00:00+00:00,0.0,2.14
2023-12-03 02:00:00+00:00,0.0,2.68
2023-12-03 03:00:00+00:00,0.0,2.51
2023-12-03 04:00:00+00:00,0.0,2.44
2023-12-03 05:00:00+00:00,0.0,2.96
2023-12-03 06:00:00+00:00,0.0,3.91
2023-12-03 07:00:00+00:00,0.0,4.86
2023-12-03 08:00:00+00:00,11.1,5.39
2023-12-03 09:00:00+00:00,29.8,5.75
2023-12-03 10:00:00+00:00,44.78,6.31
2023-12-03 11:00:00+00:00,51.38,6.77
2023-12-03 12:00:00+00:00,72.03,6.83
2023-12-03 13:00:00+00:00,83.6,6.91
2023-12-03 14:00:00+00:00,42.0,7.24
2023-12-03 15:00:00+00:00,12.55,7.34
2023-12-03 16:00:00+00:00,0.0,6.99
2023-12-03 17:00:00+00:00,0.0,6.84
2023-12-03 18:00:00+00:00,0.0,6.96
2023-12-03 19:00:00+00:00,0.0,7.02
2023-12-03 20:00:00+00:00,0.0,7.03
2023-12-03 21:00:00+00:00,0.0,6.91
2023-12-03 22:00:00+00:00,0.0,6.65
2023-12-03 23:00:00+00:00,0.0,6.3
2023-12-04 00:00:00+00:00,0.0,5.67
2023-12-04 01:00:00+00:00,0.0,5.09
2023-12-04 02:00:00+00:00,0.0,4.76
2023-12-04 03:00:00+00:00,0.0,4.62
2023-12-04 04:00:00+00:00,0.0,4.46
2023-12-04 05:00:00+00:00,0.0,4.25
2023-12-04 06:00:00+00:00,0.0,4.12
2023-12-04 07:00:00+00:00,0.0,4.16
2023-12-04 08:00:00+00:00,16.65,4.43
2023-12-04 09:00:00+00:00,44.8,4.9
2023-12-04 10:00:00+00:00,70.2,5.41
2023-12-04 11:00:00+00:00,73.68,5.92
2023-12-04 12:00:00+00:00,70.95,6.27
2023-12-04 13:00:00+00:00,46.58,6.42
2023-12-04 14:00:00+00:00,27.12,6.31
2023-12-04 15:00:00+00:00,7.88,5.98
2023-12-04 16:00:00+00:00,0.0,5.61
2023-12-04 17:00:00+00:00,0.0,5.32
2023-12-04 18:00:00+00:00,0.0,5.11
2023-12-04 19:00:00+00:00,0.0,4.95
2023-12-04 20:00:00+00:00,0.0,4.93
2023-12-04 21:00:00+00:00,0.0,4.92
2023-12-04 22:00:00+00:00,0.0,4.76
2023-12-04 23:00:00+00:00,0.0,4.5
2023-12-05 00:00:00+00:00,0.0,4.2
2023-12-05 01:00:00+00:00,0.0,3.97
2023-12-05 02:00:00+00:00,0.0,3.84
2023-12-05 03:00:00+00:00,0.0,3.82
2023-12-05 04:00:00+00:00,0.0,3.87
2023-12-05 05:00:00+00:00,0.0,3.9
2023-12-05 06:00:00+00:00,0.0,3.89
2023-12-05 07:00:00+00:00,0.0,3.81
2023-12-05 08:00:00+00:00,16.2,3.86
2023-12-05 09:00:00+00:00,47.47,4.36
2023-12-05 10:00:00+00:00,66.0,4.83
2023-12-05 11:00:00+00:00,75.5,5.12
2023-12-05 12:00:00+00:00,90.9,5.3
2023-12-05 13:00:00+00:00,76.5,5.4
2023-12-05 14:00:00+00:00,41.05,5.33
2023-12-05 15:00:00+00:00,8.98,4.88
2023-12-05 16:00:00+00:00,0.0,4.22
2023-12-05 17:00:00+00:00,0.0,3.84
2023-12-05 18:00:00+00:00,0.0,3.43
2023-12-05 19:00:00+00:00,0.0,2.99
2023-12-05 20:00:00+00:00,0.0,2.66
2023-12-05 21:00:00+00:00,0.0,2.6
2023-12-05 22:00:00+00:00,0.0,2.5
2023-12-05 23:00:00+00:00,0.0,2.25
2023-12-06 00:00:00+00:00,0.0,1.87
2023-12-06 01:00:00+00:00,0.0,1.54
2023-12-06 02:00:00+00:00,0.0,1.28
2023-12-06 03:00:00+00:00,0.0,1.15
2023-12-06 04:00:00+00:00,0.0,1.17
2023-12-06 05:00:00+00:00,0.0,1.22
2023-12-06 06:00:00+00:00,0.0,1.26
2023-12-06 07:00:00+00:00,0.0,1.3
2023-12-06 08:00:00+00:00,29.27,1.32
2023-12-06 09:00:00+00:00,103.55,1.62
2023-12-06 10:00:00+00:00,167.75,2.12
2023-12-06 11:00:00+00:00,195.73,2.72
2023-12-06 12:00:00+00:00,183.57,3.4
2023-12-06 13:00:00+00:00,152.07,4.03
2023-12-06 14:00:00+00:00,88.68,4.06
2023-12-06 15:00:00+00:00,17.77,2.22
2023-12-06 16:00:00+00:00,0.0,0.66
2023-12-06 17:00:00+00:00,0.0,0.5
2023-12-06 18:00:00+00:00,0.0,1.01
2023-12-06 19:00:00+00:00,0.0,2.01
2023-12-06 20:00:00+00:00,0.0,2.56
2023-12-06 21:00:00+00:00,0.0,3.1
2023-12-06 22:00:00+00:00,0.0,3.88
2023-12-06 23:00:00+00:00,0.0,4.38
2023-12-07 00:00:00+00:00,0.0,4.83
2023-12-07 01:00:00+00:00,0.0,5.04
2023-12-07 02:00:00+00:00,0.0,4.71
2023-12-07 03:00:00+00:00,0.0,4.45
2023-12-07 04:00:00+00:00,0.0,4.69
2023-12-07 05:00:00+00:00,0.0,4.83
2023-12-07 06:00:00+00:00,0.0,4.97
2023-12-07 07:00:00+00:00,0.0,5.02
2023-12-07 08:00:00+00:00,18.2,5.2
2023-12-07 09:00:00+00:00,49.72,5.79
2023-12-07 10:00:00+00:00,103.88,6.49
2023-12-07 11:00:00+00:00,123.55,6.9
2023-12-07 12:00:00+00:00,36.65,6.99
2023-12-07 13:00:00+00:00,86.32,6.82
2023-12-07 14:00:00+00:00,51.03,6.4
2023-12-07 15:00:00+00:00,12.52,5.93
2023-12-07 16:00:00+00:00,0.0,5.62
2023-12-07 17:00:00+00:00,0.0,5.51
2023-12-07 18:00:00+00:00,0.0,5.44
2023-12-07 19:00:00+00:00,0.0,5.44
2023-12-07 20:00:00+00:00,0.0,5.75
2023-12-07 21:00:00+00:00,0.0,6.33
2023-12-07 22:00:00+00:00,0.0,6.88
2023-12-07 23:00:00+00:00,0.0,6.96
2023-12-08 00:00:00+00:00,0.0,6.75
2023-12-08 01:00:00+00:00,0.0,6.41
2023-12-08 02:00:00+00:00,0.0,5.99
2023-12-08 03:00:00+00:00,0.0,5.8
2023-12-08 04:00:00+00:00,0.0,5.88
2023-12-08 05:00:00+00:00,0.0,6.18
2023-12-08 06:00:00+00:00,0.0,6.22
2023-12-08 07:00:00+00:00,0.0,6.21
2023-12-08 08:00:00+00:00,29.17,6.28
2023-12-08 09:00:00+00:00,112.22,6.88
2023-12-08 10:00:00+00:00,177.18,7.84
2023-12-08 11:00:00+00:00,207.35,8.91
2023-12-08 12:00:00+00:00,196.48,9.88
2023-12-08 13:00:00+00:00,92.68,10.29
2023-12-08 14:00:00+00:00,63.0,9.93
2023-12-08 15:00:00+00:00,13.23,9.03
2023-12-08 16:00:00+00:00,0.0,8.31
2023-12-08 17:00:00+00:00,0.0,7.92
2023-12-08 18:00:00+00:00,0.0,7.68
2023-12-08 19:00:00+00:00,0.0,7.71
2023-12-08 20:00:00+00:00,0.0,7.77
2023-12-08 21:00:00+00:00,0.0,7.66
2023-12-08 22:00:00+00:00,0.0,7.5
2023-12-08 23:00:00+00:00,0.0,7.31
2023-12-09 00:00:00+00:00,0.0,6.96
2023-12-09 01:00:00+00:00,0.0,7.07
2023-12-09 02:00:00+00:00,0.0,7.53
2023-12-09 03:00:00+00:00,0.0,8.06
2023-12-09 04:00:00+00:00,0.0,8.48
2023-12-09 05:00:00+00:00,0.0,8.68
2023-12-09 06:00:00+00:00,0.0,8.63
2023-12-09 07:00:00+00:00,0.0,8.64
2023-12-09 08:00:00+00:00,12.77,9.14
2023-12-09 09:00:00+00:00,53.83,10.13
2023-12-09 10:00:00+00:00,95.8,11.48
2023-12-09 11:00:00+00:00,120.72,12.83
2023-12-09 12:00:00+00:00,137.73,13.07
2023-12-09 13:00:00+00:00,131.0,12.01
2023-12-09 14:00:00+00:00,80.5,10.74
2023-12-09 15:00:00+00:00,19.33,9.8
2023-12-09 16:00:00+00:00,0.0,8.84
2023-12-09 17:00:00+00:00,0.0,8.25
2023-12-09 18:00:00+00:00,0.0,8.14
2023-12-09 19:00:00+00:00,0.0,8.15
2023-12-09 20:00:00+00:00,0.0,8.0
2023-12-09 21:00:00+00:00,0.0,7.83
2023-12-09 22:00:00+00:00,0.0,7.69
2023-12-09 23:00:00+00:00,0.0,7.55
2023-12-10 00:00:00+00:00,0.0,7.37
2023-12-10 01:00:00+00:00,0.0,7.22
2023-12-10 02:00:00+00:00,0.0,7.06
2023-12-10 03:00:00+00:00,0.0,6.84
2023-12-10 04:00:00+00:00,0.0,6.64
2023-12-10 05:00:00+00:00,0.0,6.22
2023-12-10 06:00:00+00:00,0.0,5.76
2023-12-10 07:00:00+00:00,0.0,6.07
2023-12-10 08:00:00+00:00,11.43,6.66
2023-12-10 09:00:00+00:00,39.33,7.85
2023-12-10 10:00:00+00:00,61.7,9.09
2023-12-10 11:00:00+00:00,77.8,9.91
2023-12-10 12:00:00+00:00,89.75,9.72
2023-12-10 13:00:00+00:00,102.65,9.35
2023-12-10 14:00:00+00:00,72.72,9.74
2023-12-10 15:00:00+00:00,18.83,10.31
2023-12-10 16:00:00+00:00,0.0,9.35
2023-12-10 17:00:00+00:00,0.0,8.72
2023-12-10 18:00:00+00:00,0.0,8.12
2023-12-10 19:00:00+00:00,0.0,8.09
2023-12-10 20:00:00+00:00,0.0,8.74
2023-12-10 21:00:00+00:00,0.0,9.28
2023-12-10 22:00:00+00:00,0.0,9.22
2023-12-10 23:00:00+00:00,0.0,9.08
2023-12-11 00:00:00+00:00,0.0,8.99
2023-12-11 01:00:00+00:00,0.0,8.99
2023-12-11 02:00:00+00:00,0.0,9.11
2023-12-11 03:00:00+00:00,0.0,9.25
2023-12-11 04:00:00+00:00,0.0,9.07
2023-12-11 05:00:00+00:00,0.0,8.63
2023-12-11 06:00:00+00:00,0.0,8.15
2023-12-11 07:00:00+00:00,0.0,7.49
2023-12-11 08:00:00+00:00,24.1,6.84
2023-12-11 09:00:00+00:00,97.93,7.37
2023-12-11 10:00:00+00:00,151.7,8.47
2023-12-11 11:00:00+00:00,170.73,9.5
2023-12-11 12:00:00+00:00,179.43,10.13
2023-12-11 13:00:00+00:00,156.45,10.23
2023-12-11 14:00:00+00:00,98.78,9.63
2023-12-11 15:00:00+00:00,23.05,7.27
2023-12-11 16:00:00+00:00,0.0,5.33
2023-12-11 17:00:00+00:00,0.0,4.71
2023-12-11 18:00:00+00:00,0.0,4.23
2023-12-11 19:00:00+00:00,0.0,4.11
2023-12-11 20:00:00+00:00,0.0,4.52
2023-12-11 21:00:00+00:00,0.0,5.21
2023-12-11 22:00:00+00:00,0.0,5.87
2023-12-11 23:00:00+00:00,0.0,6.32
2023-12-12 00:00:00+00:00,0.0,7.01
2023-12-12 01:00:00+00:00,0.0,7.61
2023-12-12 02:00:00+00:00,0.0,8.07
2023-12-12 03:00:00+00:00,0.0,8.73
2023-12-12 04:00:00+00:00,0.0,9.28
2023-12-12 05:00:00+00:00,0.0,9.44
2023-12-12 06:00:00+00:00,0.0,9.65
2023-12-12 07:00:00+00:00,0.0,9.76
2023-12-12 08:00:00+00:00,18.8,9.86
2023-12-12 09:00:00+00:00,86.05,10.34
2023-12-12 10:00:00+00:00,153.65,10.88
2023-12-12 11:00:00+00:00,206.45,11.17
2023-12-12 12:00:00+00:00,111.98,10.98
2023-12-12 13:00:00+00:00,172.88,10.66
2023-12-12 14:00:00+00:00,88.93,10.27
2023-12-12 15:00:00+00:00,17.38,9.67
2023-12-12 16:00:00+00:00,0.0,9.05
2023-12-12 17:00:00+00:00,0.0,8.57
2023-12-12 18:00:00+00:00,0.0,8.31
2023-12-12 19:00:00+00:00,0.0,8.2
2023-12-12 20:00:00+00:00,0.0,8.07
2023-12-12 21:00:00+00:00,0.0,7.92
2023-12-12 22:00:00+00:00,0.0,7.77
2023-12-12 23:00:00+00:00,0.0,7.7
2023-12-13 00:00:00+00:00,0.0,7.68
2023-12-13 01:00:00+00:00,0.0,7.56
2023-12-13 02:00:00+00:00,0.0,7.45
2023-12-13 03:00:00+00:00,0.0,7.37
2023-12-13 04:00:00+00:00,0.0,7.26
2023-12-13 05:00:00+00:00,0.0,7.01
2023-12-13 06:00:00+00:00,0.0,6.7
2023-12-13 07:00:00+00:00,0.0,6.36
2023-12-13 08:00:00+00:00,10.02,6.06
2023-12-13 09:00:00+00:00,46.7,6.13
2023-12-13 10:00:00+00:00,79.9,6.27
2023-12-13 11:00:00+00:00,99.7,6.21
2023-12-13 12:00:00+00:00,95.7,6.11
2023-12-13 13:00:00+00:00,84.88,6.16
2023-12-13 14:00:00+00:00,49.35,6.13
2023-12-13 15:00:00+00:00,9.12,5.84
2023-12-13 16:00:00+00:00,0.0,5.44
2023-12-13 17:00:00+00:00,0.0,5.28
2023-12-13 18:00:00+00:00,0.0,5.16
2023-12-13 19:00:00+00:00,0.0,4.9
2023-12-13 20:00:00+00:00,0.0,4.51
2023-12-13 21:00:00+00:00,0.0,3.93
2023-12-13 22:00:00+00:00,0.0,3.41
2023-12-13 23:00:00+00:00,0.0,2.98
2023-12-14 00:00:00+00:00,0.0,2.57
2023-12-14 01:00:00+00:00,0.0,2.37
2023-12-14 02:00:00+00:00,0.0,2.3
2023-12-14 03:00:00+00:00,0.0,2.32
2023-12-14 04:00:00+00:00,0.0,2.29
2023-12-14 05:00:00+00:00,0.0,2.27
2023-12-14 06:00:00+00:00,0.0,2.23
2023-12-14 07:00:00+00:00,0.0,2.13
2023-12-14 08:00:00+00:00,10.07,2.03
2023-12-14 09:00:00+00:00,46.17,2.84
2023-12-14 10:00:00+00:00,96.7,3.95
2023-12-14 11:00:00+00:00,119.85,5.03
2023-12-14 12:00:00+00:00,110.88,6.13
2023-12-14 13:00:00+00:00,128.6,6.76
2023-12-14 14:00:00+00:00,78.7,6.9
2023-12-14 15:00:00+00:00,17.38,6.41
2023-12-14 16:00:00+00:00,0.0,5.86
2023-12-14 17:00:00+00:00,0.0,5.4
2023-12-14 18:00:00+00:00,0.0,4.92
2023-12-14 19:00:00+00:00,0.0,5.06
2023-12-14 20:00:00+00:00,0.0,5.19
2023-12-14 21:00:00+00:00,0.0,4.93
2023-12-14 22:00:00+00:00,0.0,4.75
2023-12-14 23:00:00+00:00,0.0,4.58
2023-12-15 00:00:00+00:00,0.0,4.29
2023-12-15 01:00:00+00:00,0.0,4.09
2023-12-15 02:00:00+00:00,0.0,3.86
2023-12-15 03:00:00+00:00,0.0,3.6
2023-12-15 04:00:00+00:00,0.0,3.3
2023-12-15 05:00:00+00:00,0.0,2.95
2023-12-15 06:00:00+00:00,0.0,2.72
2023-12-15 07:00:00+00:00,0.0,2.4
2023-12-15 08:00:00+00:00,16.35,2.19
2023-12-15 09:00:00+00:00,68.5,4.15
2023-12-15 10:00:00+00:00,102.85,5.63
2023-12-15 11:00:00+00:00,97.45,6.8
2023-12-15 12:00:00+00:00,141.1,7.76
2023-12-15 13:00:00+00:00,116.25,8.2
2023-12-15 14:00:00+00:00,60.2,7.26
2023-12-15 15:00:00+00:00,14.85,4.74
2023-12-15 16:00:00+00:00,0.0,3.51
2023-12-15 17:00:00+00:00,0.0,3.45
2023-12-15 18:00:00+00:00,0.0,3.97
2023-12-15 19:00:00+00:00,0.0,4.55
2023-12-15 20:00:00+00:00,0.0,4.7
2023-12-15 21:00:00+00:00,0.0,4.52
2023-12-15 22:00:00+00:00,0.0,4.27
2023-12-15 23:00:00+00:00,0.0,4.2
2023-12-16 00:00:00+00:00,0.0,4.42
2023-12-16 01:00:00+00:00,0.0,4.92
2023-12-16 02:00:00+00:00,0.0,5.38
2023-12-16 03:00:00+00:00,0.0,5.63
2023-12-16 04:00:00+00:00,0.0,5.73
2023-12-16 05:00:00+00:00,0.0,5.81
2023-12-16 06:00:00+00:00,0.0,5.95
2023-12-16 07:00:00+00:00,0.0,6.22
2023-12-16 08:00:00+00:00,14.15,6.55
2023-12-16 09:00:00+00:00,58.22,7.28
2023-12-16 10:00:00+00:00,92.9,8.59
2023-12-16 11:00:00+00:00,91.3,10.02
2023-12-16 12:00:00+00:00,117.38,10.99
2023-12-16 13:00:00+00:00,136.12,11.26
2023-12-16 14:00:00+00:00,80.85,10.95
2023-12-16 15:00:00+00:00,15.3,10.19
2023-12-16 16:00:00+00:00,0.0,9.53
2023-12-16 17:00:00+00:00,0.0,9.39
2023-12-16 18:00:00+00:00,0.0,9.4
2023-12-16 19:00:00+00:00,0.0,9.46
2023-12-16 20:00:00+00:00,0.0,9.57
2023-12-16 21:00:00+00:00,0.0,9.71
2023-12-16 22:00:00+00:00,0.0,9.71
2023-12-16 23:00:00+00:00,0.0,9.49
2023-12-17 00:00:00+00:00,0.0,9.01
2023-12-17 01:00:00+00:00,0.0,8.33
2023-12-17 02:00:00+00:00,0.0,7.98
2023-12-17 03:00:00+00:00,0.0,7.81
2023-12-17 04:00:00+00:00,0.0,7.6
2023-12-17 05:00:00+00:00,0.0,7.17
2023-12-17 06:00:00+00:00,0.0,6.79
2023-12-17 07:00:00+00:00,0.0,6.54
2023-12-17 08:00:00+00:00,13.23,6.51
2023-12-17 09:00:00+00:00,58.25,7.27
2023-12-17 10:00:00+00:00,102.15,8.24
2023-12-17 11:00:00+00:00,126.7,9.06
2023-12-17 12:00:00+00:00,126.38,9.43
2023-12-17 13:00:00+00:00,104.05,9.51
2023-12-17 14:00:00+00:00,61.83,9.28
2023-12-17 15:00:00+00:00,14.35,8.88
2023-12-17 16:00:00+00:00,0.0,8.68
2023-12-17 17:00:00+00:00,0.0,8.68
2023-12-17 18:00:00+00:00,0.0,8.66
2023-12-17 19:00:00+00:00,0.0,8.71
2023-12-17 20:00:00+00:00,0.0,8.85
2023-12-17 21:00:00+00:00,0.0,8.76
2023-12-17 22:00:00+00:00,0.0,8.64
2023-12-17 23:00:00+00:00,0.0,8.4
2023-12-18 00:00:00+00:00,0.0,8.03
2023-12-18 01:00:00+00:00,0.0,7.95
2023-12-18 02:00:00+00:00,0.0,8.17
2023-12-18 03:00:00+00:00,0.0,8.25
2023-12-18 04:00:00+00:00,0.0,8.23
2023-12-18 05:00:00+00:00,0.0,8.53
2023-12-18 06:00:00+00:00,0.0,9.03
2023-12-18 07:00:00+00:00,0.0,9.34
2023-12-18 08:00:00+00:00,8.55,9.54
2023-12-18 09:00:00+00:00,30.45,9.94
2023-12-18 10:00:00+00:00,59.17,10.47
2023-12-18 11:00:00+00:00,74.45,10.93
2023-12-18 12:00:00+00:00,65.82,11.3
2023-12-18 13:00:00+00:00,65.15,11.43
2023-12-18 14:00:00+00:00,44.88,11.36
2023-12-18 15:00:00+00:00,12.07,10.92
2023-12-18 16:00:00+00:00,0.0,10.63
2023-12-18 17:00:00+00:00,0.0,10.44
2023-12-18 18:00:00+00:00,0.0,10.14
2023-12-18 19:00:00+00:00,0.0,9.96
2023-12-18 20:00:00+00:00,0.0,9.88
2023-12-18 21:00:00+00:00,0.0,9.91
2023-12-18 22:00:00+00:00,0.0,10.05
2023-12-18 23:00:00+00:00,0.0,10.36
2023-12-19 00:00:00+00:00,0.0,10.76
2023-12-19 01:00:00+00:00,0.0,10.99
2023-12-19 02:00:00+00:00,0.0,11.1
2023-12-19 03:00:00+00:00,0.0,11.14
2023-12-19 04:00:00+00:00,0.0,11.19
2023-12-19 05:00:00+00:00,0.0,11.21
2023-12-19 06:00:00+00:00,0.0,11.19
2023-12-19 07:00:00+00:00,0.0,11.11
2023-12-19 08:00:00+00:00,6.5,11.12
2023-12-19 09:00:00+00:00,27.17,11.27
2023-12-19 10:00:00+00:00,44.42,11.34
2023-12-19 11:00:00+00:00,51.2,11.15
2023-12-19 12:00:00+00:00,47.35,10.28
2023-12-19 13:00:00+00:00,31.33,9.58
2023-12-19 14:00:00+00:00,44.75,9.05
2023-12-19 15:00:00+00:00,10.27,8.4
2023-12-19 16:00:00+00:00,0.0,7.57
2023-12-19 17:00:00+00:00,0.0,6.76
2023-12-19 18:00:00+00:00,0.0,6.12
2023-12-19 19:00:00+00:00,0.0,5.44
2023-12-19 20:00:00+00:00,0.0,4.72
2023-12-19 21:00:00+00:00,0.0,4.37
2023-12-19 22:00:00+00:00,0.0,4.25
2023-12-19 23:00:00+00:00,0.0,4.24
2023-12-20 00:00:00+00:00,0.0,4.38
2023-12-20 01:00:00+00:00,0.0,4.43
2023-12-20 02:00:00+00:00,0.0,4.52
2023-12-20 03:00:00+00:00,0.0,4.71
2023-12-20 04:00:00+00:00,0.0,4.99
2023-12-20 05:00:00+00:00,0.0,5.18
2023-12-20 06:00:00+00:00,0.0,5.36
2023-12-20 07:00:00+00:00,0.0,5.55
2023-12-20 08:00:00+00:00,14.45,5.87
2023-12-20 09:00:00+00:00,73.85,6.62
2023-12-20 10:00:00+00:00,127.43,7.45
2023-12-20 11:00:00+00:00,144.57,8.21
2023-12-20 12:00:00+00:00,126.22,8.75
2023-12-20 13:00:00+00:00,82.15,9.02
2023-12-20 14:00:00+00:00,53.4,9.1
2023-12-20 15:00:00+00:00,13.05,9.01
2023-12-20 16:00:00+00:00,0.0,8.94
2023-12-20 17:00:00+00:00,0.0,8.84
2023-12-20 18:00:00+00:00,0.0,8.68
2023-12-20 19:00:00+00:00,0.0,8.5
2023-12-20 20:00:00+00:00,0.0,8.55
2023-12-20 21:00:00+00:00,0.0,8.68
2023-12-20 22:00:00+00:00,0.0,8.65
2023-12-20 23:00:00+00:00,0.0,8.81
2023-12-21 00:00:00+00:00,0.0,9.06
2023-12-21 01:00:00+00:00,0.0,9.18
2023-12-21 02:00:00+00:00,0.0,9.35
2023-12-21 03:00:00+00:00,0.0,9.58
2023-12-21 04:00:00+00:00,0.0,9.7
2023-12-21 05:00:00+00:00,0.0,9.83
2023-12-21 06:00:00+00:00,0.0,10.07
2023-12-21 07:00:00+00:00,0.0,10.23
2023-12-21 08:00:00+00:00,10.48,10.37
2023-12-21 09:00:00+00:00,45.83,10.75
2023-12-21 10:00:00+00:00,84.68,11.41
2023-12-21 11:00:00+00:00,106.53,11.96
2023-12-21 12:00:00+00:00,108.47,12.03
2023-12-21 13:00:00+00:00,96.22,11.74
2023-12-21 14:00:00+00:00,63.3,11.28
2023-12-21 15:00:00+00:00,14.25,10.42
2023-12-21 16:00:00+00:00,0.0,9.54
2023-12-21 17:00:00+00:00,0.0,9.09
2023-12-21 18:00:00+00:00,0.0,8.8
2023-12-21 19:00:00+00:00,0.0,8.53
2023-12-21 20:00:00+00:00,0.0,8.3
2023-12-21 21:00:00+00:00,0.0,8.12
2023-12-21 22:00:00+00:00,0.0,7.87
2023-12-21 23:00:00+00:00,0.0,7.74
2023-12-22 00:00:00+00:00,0.0,7.71
2023-12-22 01:00:00+00:00,0.0,7.76
2023-12-22 02:00:00+00:00,0.0,8.04
2023-12-22 03:00:00+00:00,0.0,8.48
2023-12-22 04:00:00+00:00,0.0,8.87
2023-12-22 05:00:00+00:00,0.0,9.05
2023-12-22 06:00:00+00:00,0.0,9.05
2023-12-22 07:00:00+00:00,0.0,8.96
2023-12-22 08:00:00+00:00,8.9,8.98
2023-12-22 09:00:00+00:00,39.38,9.33
2023-12-22 10:00:00+00:00,69.9,9.77
2023-12-22 11:00:00+00:00,81.43,9.99
2023-12-22 12:00:00+00:00,76.45,9.9
2023-12-22 13:00:00+00:00,65.18,9.8
2023-12-22 14:00:00+00:00,40.8,9.68
2023-12-22 15:00:00+00:00,12.12,9.19
2023-12-22 16:00:00+00:00,0.0,8.72
2023-12-22 17:00:00+00:00,0.0,8.48
2023-12-22 18:00:00+00:00,0.0,8.36
2023-12-22 19:00:00+00:00,0.0,8.31
2023-12-22 20:00:00+00:00,0.0,8.24
2023-12-22 21:00:00+00:00,0.0,8.13
2023-12-22 22:00:00+00:00,0.0,7.96
2023-12-22 23:00:00+00:00,0.0,7.74
2023-12-23 00:00:00+00:00,0.0,7.74
2023-12-23 01:00:00+00:00,0.0,7.63
2023-12-23 02:00:00+00:00,0.0,7.45
2023-12-23 03:00:00+00:00,0.0,7.43
2023-12-23 04:00:00+00:00,0.0,7.54
2023-12-23 05:00:00+00:00,0.0,7.84
2023-12-23 06:00:00+00:00,0.0,8.64
2023-12-23 07:00:00+00:00,0.0,8.83
2023-12-23 08:00:00+00:00,10.05,8.63
2023-12-23 09:00:00+00:00,52.12,8.93
2023-12-23 10:00:00+00:00,95.95,9.53
2023-12-23 11:00:00+00:00,120.1,9.96
2023-12-23 12:00:00+00:00,105.15,10.36
2023-12-23 13:00:00+00:00,99.25,10.49
2023-12-23 14:00:00+00:00,64.28,10.14
2023-12-23 15:00:00+00:00,16.98,9.52
2023-12-23 16:00:00+00:00,0.0,9.21
2023-12-23 17:00:00+00:00,0.0,9.17
2023-12-23 18:00:00+00:00,0.0,9.21
2023-12-23 19:00:00+00:00,0.0,9.2
2023-12-23 20:00:00+00:00,0.0,9.15
2023-12-23 21:00:00+00:00,0.0,9.06
2023-12-23 22:00:00+00:00,0.0,9.15
2023-12-23 23:00:00+00:00,0.0,9.43
2023-12-24 00:00:00+00:00,0.0,9.92
2023-12-24 01:00:00+00:00,0.0,10.5
2023-12-24 02:00:00+00:00,0.0,10.84
2023-12-24 03:00:00+00:00,0.0,10.98
2023-12-24 04:00:00+00:00,0.0,11.08
2023-12-24 05:00:00+00:00,0.0,11.2
2023-12-24 06:00:00+00:00,0.0,11.34
2023-12-24 07:00:00+00:00,0.0,11.44
2023-12-24 08:00:00+00:00,6.5,11.44
2023-12-24 09:00:00+00:00,17.75,11.76
2023-12-24 10:00:00+00:00,38.65,12.33
2023-12-24 11:00:00+00:00,44.4,12.87
2023-12-24 12:00:00+00:00,40.8,13.18
2023-12-24 13:00:00+00:00,27.6,13.21
2023-12-24 14:00:00+00:00,23.67,12.93
2023-12-24 15:00:00+00:00,7.68,12.53
2023-12-24 16:00:00+00:00,0.0,12.31
2023-12-24 17:00:00+00:00,0.0,12.19
2023-12-24 18:00:00+00:00,0.0,12.0
2023-12-24 19:00:00+00:00,0.0,11.79
2023-12-24 20:00:00+00:00,0.0,11.68
2023-12-24 21:00:00+00:00,0.0,11.54
2023-12-24 22:00:00+00:00,0.0,11.28
2023-12-24 23:00:00+00:00,0.0,11.18
2023-12-25 00:00:00+00:00,0.0,11.17
2023-12-25 01:00:00+00:00,0.0,11.15
2023-12-25 02:00:00+00:00,0.0,11.16
2023-12-25 03:00:00+00:00,0.0,11.21
2023-12-25 04:00:00+00:00,0.0,11.15
2023-12-25 05:00:00+00:00,0.0,11.07
2023-12-25 06:00:00+00:00,0.0,11.0
2023-12-25 07:00:00+00:00,0.0,10.83
2023-12-25 08:00:00+00:00,6.62,10.69
2023-12-25 09:00:00+00:00,38.65,10.94
2023-12-25 10:00:00+00:00,70.53,11.28
2023-12-25 11:00:00+00:00,55.3,11.51
2023-12-25 12:00:00+00:00,42.12,11.81
2023-12-25 13:00:00+00:00,35.95,12.0
2023-12-25 14:00:00+00:00,27.42,12.03
2023-12-25 15:00:00+00:00,8.82,11.9
2023-12-25 16:00:00+00:00,0.0,11.67
2023-12-25 17:00:00+00:00,0.0,11.5
2023-12-25 18:00:00+00:00,0.0,11.31
2023-12-25 19:00:00+00:00,0.0,11.19
2023-12-25 20:00:00+00:00,0.0,11.04
2023-12-25 21:00:00+00:00,0.0,10.74
2023-12-25 22:00:00+00:00,0.0,10.13
2023-12-25 23:00:00+00:00,0.0,9.31
2023-12-26 00:00:00+00:00,0.0,8.77
2023-12-26 01:00:00+00:00,0.0,8.36
2023-12-26 02:00:00+00:00,0.0,7.87
2023-12-26 03:00:00+00:00,0.0,6.92
2023-12-26 04:00:00+00:00,0.0,6.33
2023-12-26 05:00:00+00:00,0.0,5.86
2023-12-26 06:00:00+00:00,0.0,5.45
2023-12-26 07:00:00+00:00,0.0,5.0
2023-12-26 08:00:00+00:00,15.38,4.87
2023-12-26 09:00:00+00:00,85.32,5.79
2023-12-26 10:00:00+00:00,143.38,6.87
2023-12-26 11:00:00+00:00,160.15,8.01
2023-12-26 12:00:00+00:00,151.68,8.59
2023-12-26 13:00:00+00:00,113.78,8.46
2023-12-26 14:00:00+00:00,74.38,7.5
2023-12-26 15:00:00+00:00,20.42,5.86
2023-12-26 16:00:00+00:00,0.0,5.65
2023-12-26 17:00:00+00:00,0.0,6.34
2023-12-26 18:00:00+00:00,0.0,5.65
2023-12-26 19:00:00+00:00,0.0,4.49
2023-12-26 20:00:00+00:00,0.0,4.47
2023-12-26 21:00:00+00:00,0.0,4.88
2023-12-26 22:00:00+00:00,0.0,5.25
2023-12-26 23:00:00+00:00,0.0,5.66
2023-12-27 00:00:00+00:00,0.0,6.22
2023-12-27 01:00:00+00:00,0.0,6.86
2023-12-27 02:00:00+00:00,0.0,7.65
2023-12-27 03:00:00+00:00,0.0,8.44
2023-12-27 04:00:00+00:00,0.0,8.99
2023-12-27 05:00:00+00:00,0.0,9.27
2023-12-27 06:00:00+00:00,0.0,9.6
2023-12-27 07:00:00+00:00,0.0,9.88
2023-12-27 08:00:00+00:00,4.43,10.1
2023-12-27 09:00:00+00:00,22.02,10.32
2023-12-27 10:00:00+00:00,38.55,10.39
2023-12-27 11:00:00+00:00,48.62,10.39
2023-12-27 12:00:00+00:00,54.3,10.37
2023-12-27 13:00:00+00:00,37.67,10.18
2023-12-27 14:00:00+00:00,29.85,10.18
2023-12-27 15:00:00+00:00,9.48,10.48
2023-12-27 16:00:00+00:00,0.0,10.98
2023-12-27 17:00:00+00:00,0.0,11.34
2023-12-27 18:00:00+00:00,0.0,10.85
2023-12-27 19:00:00+00:00,0.0,9.71
2023-12-27 20:00:00+00:00,0.0,8.71
2023-12-27 21:00:00+00:00,0.0,8.53
2023-12-27 22:00:00+00:00,0.0,8.72
2023-12-27 23:00:00+00:00,0.0,9.14
2023-12-28 00:00:00+00:00,0.0,9.62
2023-12-28 01:00:00+00:00,0.0,10.01
2023-12-28 02:00:00+00:00,0.0,10.42
2023-12-28 03:00:00+00:00,0.0,10.56
2023-12-28 04:00:00+00:00,0.0,10.4
2023-12-28 05:00:00+00:00,0.0,10.0
2023-12-28 06:00:00+00:00,0.0,9.65
2023-12-28 07:00:00+00:00,0.0,9.4
2023-12-28 08:00:00+00:00,9.75,9.36
2023-12-28 09:00:00+00:00,51.72,9.93
2023-12-28 10:00:00+00:00,89.88,10.64
2023-12-28 11:00:00+00:00,108.3,11.15
2023-12-28 12:00:00+00:00,107.43,11.42
2023-12-28 13:00:00+00:00,90.22,11.31
2023-12-28 14:00:00+00:00,53.12,10.91
2023-12-28 15:00:00+00:00,13.62,10.59
2023-12-28 16:00:00+00:00,0.0,10.52
2023-12-28 17:00:00+00:00,0.0,10.5
2023-12-28 18:00:00+00:00,0.0,10.44
2023-12-28 19:00:00+00:00,0.0,10.28
2023-12-28 20:00:00+00:00,0.0,9.9
2023-12-28 21:00:00+00:00,0.0,9.22
2023-12-28 22:00:00+00:00,0.0,8.86
2023-12-28 23:00:00+00:00,0.0,8.72
2023-12-29 00:00:00+00:00,0.0,8.58
2023-12-29 01:00:00+00:00,0.0,8.43
2023-12-29 02:00:00+00:00,0.0,8.28
2023-12-29 03:00:00+00:00,0.0,8.25
2023-12-29 04:00:00+00:00,0.0,8.24
2023-12-29 05:00:00+00:00,0.0,8.26
2023-12-29 06:00:00+00:00,0.0,8.17
2023-12-29 07:00:00+00:00,0.0,8.04
2023-12-29 08:00:00+00:00,11.85,7.86
2023-12-29 09:00:00+00:00,69.05,8.32
2023-12-29 10:00:00+00:00,129.77,9.02
2023-12-29 11:00:00+00:00,159.8,9.89
2023-12-29 12:00:00+00:00,150.55,10.37
2023-12-29 13:00:00+00:00,116.07,10.18
2023-12-29 14:00:00+00:00,68.47,9.59
2023-12-29 15:00:00+00:00,21.05,8.81
2023-12-29 16:00:00+00:00,0.0,8.12
2023-12-29 17:00:00+00:00,0.0,7.34
2023-12-29 18:00:00+00:00,0.0,6.77
2023-12-29 19:00:00+00:00,0.0,6.36
2023-12-29 20:00:00+00:00,0.0,5.9
2023-12-29 21:00:00+00:00,0.0,5.5
2023-12-29 22:00:00+00:00,0.0,5.47
2023-12-29 23:00:00+00:00,0.0,5.37
2023-12-30 00:00:00+00:00,0.0,5.22
2023-12-30 01:00:00+00:00,0.0,5.21
2023-12-30 02:00:00+00:00,0.0,5.15
2023-12-30 03:00:00+00:00,0.0,5.18
2023-12-30 04:00:00+00:00,0.0,5.3
2023-12-30 05:00:00+00:00,0.0,5.52
2023-12-30 06:00:00+00:00,0.0,5.9
2023-12-30 07:00:00+00:00,0.0,6.38
2023-12-30 08:00:00+00:00,6.95,7.27
2023-12-30 09:00:00+00:00,36.75,8.38
2023-12-30 10:00:00+00:00,62.05,9.29
2023-12-30 11:00:00+00:00,84.97,10.03
2023-12-30 12:00:00+00:00,70.5,10.48
2023-12-30 13:00:00+00:00,47.58,10.66
2023-12-30 14:00:00+00:00,40.2,10.51
2023-12-30 15:00:00+00:00,12.98,10.28
2023-12-30 16:00:00+00:00,0.0,10.34
2023-12-30 17:00:00+00:00,0.0,10.61
2023-12-30 18:00:00+00:00,0.0,10.7
2023-12-30 19:00:00+00:00,0.0,10.63
2023-12-30 20:00:00+00:00,0.0,10.48
2023-12-30 21:00:00+00:00,0.0,10.35
2023-12-30 22:00:00+00:00,0.0,10.3
2023-12-30 23:00:00+00:00,0.0,10.18
2023-12-31 00:00:00+00:00,0.0,10.03
2023-12-31 01:00:00+00:00,0.0,9.94
2023-12-31 02:00:00+00:00,0.0,9.85
2023-12-31 03:00:00+00:00,0.0,9.11
2023-12-31 04:00:00+00:00,0.0,7.63
2023-12-31 05:00:00+00:00,0.0,6.57
2023-12-31 06:00:00+00:00,0.0,6.16
2023-12-31 07:00:00+00:00,0.0,6.1
2023-12-31 08:00:00+00:00,12.18,6.47
2023-12-31 09:00:00+00:00,63.62,7.48
2023-12-31 10:00:00+00:00,104.1,8.02
2023-12-31 11:00:00+00:00,113.22,8.44
2023-12-31 12:00:00+00:00,111.1,8.68
2023-12-31 13:00:00+00:00,92.12,8.56
2023-12-31 14:00:00+00:00,55.85,8.33
2023-12-31 15:00:00+00:00,16.67,8.03
2023-12-31 16:00:00+00:00,0.0,7.61
2023-12-31 17:00:00+00:00,0.0,7.44
2023-12-31 18:00:00+00:00,0.0,7.53
2023-12-31 19:00:00+00:00,0.0,7.68
2023-12-31 20:00:00+00:00,0.0,7.75
2023-12-31 21:00:00+00:00,0.0,7.73
2023-12-31 22:00:00+00:00,0.0,7.62
2023-12-31 23:00:00+00:00,0.0,7.48
