timestamp,ghi_wm2,temp_c
2025-01-01 00:00:00+00:00,75.8,15.89
2025-01-01 01:00:00+00:00,157.05,17.05
2025-01-01 02:00:00+00:00,233.6,17.77
2025-01-01 03:00:00+00:00,266.5,18.02
2025-01-01 04:00:00+00:00,301.6,18.25
2025-01-01 05:00:00+00:00,288.67,18.4
2025-01-01 06:00:00+00:00,209.02,18.5
2025-01-01 07:00:00+00:00,167.23,18.5
2025-01-01 08:00:00+00:00,92.57,18.23
2025-01-01 09:00:00+00:00,12.05,17.18
2025-01-01 10:00:00+00:00,0.0,16.36
2025-01-01 11:00:00+00:00,0.0,16.11
2025-01-01 12:00:00+00:00,0.0,15.95
2025-01-01 13:00:00+00:00,0.0,15.83
2025-01-01 14:00:00+00:00,0.0,15.75
2025-01-01 15:00:00+00:00,0.0,15.7
2025-01-01 16:00:00+00:00,0.0,15.64
2025-01-01 17:00:00+00:00,0.0,15.56
2025-01-01 18:00:00+00:00,0.0,15.43
2025-01-01 19:00:00+00:00,0.0,15.25
2025-01-01 20:00:00+00:00,0.0,14.96
2025-01-01 21:00:00+00:00,0.0,14.61
2025-01-01 22:00:00+00:00,0.0,14.31
2025-01-01 23:00:00+00:00,27.73,14.54
2025-01-02 00:00:00+00:00,134.48,15.72
2025-01-02 01:00:00+00:00,238.3,17.48
2025-01-02 02:00:00+00:00,377.62,19.08
2025-01-02 03:00:00+00:00,455.67,20.31
2025-01-02 04:00:00+00:00,499.48,21.19
2025-01-02 05:00:00+00:00,377.27,21.9
2025-01-02 06:00:00+00:00,291.52,22.42
2025-01-02 07:00:00+00:00,211.27,22.64
2025-01-02 08:00:00+00:00,120.95,22.3
2025-01-02 09:00:00+00:00,19.8,20.78
2025-01-02 10:00:00+00:00,0.0,19.74
2025-01-02 11:00:00+00:00,0.0,18.69
2025-01-02 12:00:00+00:00,0.0,17.71
2025-01-02 13:00:00+00:00,0.0,16.76
2025-01-02 14:00:00+00:00,0.0,15.77
2025-01-02 15:00:00+00:00,0.0,15.0
2025-01-02 16:00:00+00:00,0.0,14.45
2025-01-02 17:00:00+00:00,0.0,13.98
2025-01-02 18:00:00+00:00,0.0,13.55
2025-01-02 19:00:00+00:00,0.0,13.12
2025-01-02 20:00:00+00:00,0.0,12.73
2025-01-02 21:00:00+00:00,0.0,12.32
2025-01-02 22:00:00+00:00,0.0,11.9
2025-01-02 23:00:00+00:00,36.9,12.23
2025-01-03 00:00:00+00:00,217.05,13.82
2025-01-03 01:00:00+00:00,410.12,15.8
2025-01-03 02:00:00+00:00,559.85,18.17
2025-01-03 03:00:00+00:00,671.28,19.57
2025-01-03 04:00:00+00:00,687.08,20.34
2025-01-03 05:00:00+00:00,667.05,20.87
2025-01-03 06:00:00+00:00,563.2,21.12
2025-01-03 07:00:00+00:00,403.33,21.06
2025-01-03 08:00:00+00:00,205.98,20.48
2025-01-03 09:00:00+00:00,28.6,18.55
2025-01-03 10:00:00+00:00,0.0,17.67
2025-01-03 11:00:00+00:00,0.0,16.96
2025-01-03 12:00:00+00:00,0.0,16.11
2025-01-03 13:00:00+00:00,0.0,15.3
2025-01-03 14:00:00+00:00,0.0,14.69
2025-01-03 15:00:00+00:00,0.0,14.29
2025-01-03 16:00:00+00:00,0.0,14.0
2025-01-03 17:00:00+00:00,0.0,13.61
2025-01-03 18:00:00+00:00,0.0,13.14
2025-01-03 19:00:00+00:00,0.0,12.65
2025-01-03 20:00:00+00:00,0.0,12.15
2025-01-03 21:00:00+00:00,0.0,11.75
2025-01-03 22:00:00+00:00,0.0,11.49
2025-01-03 23:00:00+00:00,33.88,12.12
2025-01-04 00:00:00+00:00,175.2,14.06
2025-01-04 01:00:00+00:00,358.75,15.91
2025-01-04 02:00:00+00:00,518.05,17.51
2025-01-04 03:00:00+00:00,606.53,18.62
2025-01-04 04:00:00+00:00,646.33,19.46
2025-01-04 05:00:00+00:00,482.55,20.04
2025-01-04 06:00:00+00:00,401.27,20.28
2025-01-04 07:00:00+00:00,272.3,20.18
2025-01-04 08:00:00+00:00,128.2,19.59
2025-01-04 09:00:00+00:00,17.98,17.84
2025-01-04 10:00:00+00:00,0.0,16.98
2025-01-04 11:00:00+00:00,0.0,17.01
2025-01-04 12:00:00+00:00,0.0,16.98
2025-01-04 13:00:00+00:00,0.0,16.79
2025-01-04 14:00:00+00:00,0.0,16.46
2025-01-04 15:00:00+00:00,0.0,16.3
2025-01-04 16:00:00+00:00,0.0,16.35
2025-01-04 17:00:00+00:00,0.0,16.23
2025-01-04 18:00:00+00:00,0.0,16.03
2025-01-04 19:00:00+00:00,0.0,15.85
2025-01-04 20:00:00+00:00,0.0,15.7
2025-01-04 21:00:00+00:00,0.0,15.52
2025-01-04 22:00:00+00:00,0.0,15.25
2025-01-04 23:00:00+00:00,27.75,15.39
2025-01-05 00:00:00+00:00,130.12,16.29
2025-01-05 01:00:00+00:00,261.52,17.21
2025-01-05 02:00:00+00:00,389.9,18.35
2025-01-05 03:00:00+00:00,546.45,19.26
2025-01-05 04:00:00+00:00,615.03,19.8
2025-01-05 05:00:00+00:00,561.28,20.16
2025-01-05 06:00:00+00:00,482.5,20.46
2025-01-05 07:00:00+00:00,305.58,20.72
2025-01-05 08:00:00+00:00,156.02,20.56
2025-01-05 09:00:00+00:00,25.2,19.6
2025-01-05 10:00:00+00:00,0.0,18.89
2025-01-05 11:00:00+00:00,0.0,17.94
2025-01-05 12:00:00+00:00,0.0,17.06
2025-01-05 13:00:00+00:00,0.0,16.29
2025-01-05 14:00:00+00:00,0.0,15.39
2025-01-05 15:00:00+00:00,0.0,14.51
2025-01-05 16:00:00+00:00,0.0,13.84
2025-01-05 17:00:00+00:00,0.0,13.44
2025-01-05 18:00:00+00:00,0.0,13.03
2025-01-05 19:00:00+00:00,0.0,12.56
2025-01-05 20:00:00+00:00,0.0,12.18
2025-01-05 21:00:00+00:00,0.0,11.91
2025-01-05 22:00:00+00:00,0.0,11.51
2025-01-05 23:00:00+00:00,38.17,11.79
2025-01-06 00:00:00+00:00,223.23,13.16
2025-01-06 01:00:00+00:00,418.48,15.5
2025-01-06 02:00:00+00:00,571.17,18.15
2025-01-06 03:00:00+00:00,681.92,19.75
2025-01-06 04:00:00+00:00,728.97,20.44
2025-01-06 05:00:00+00:00,687.95,20.75
2025-01-06 06:00:00+00:00,579.08,20.83
2025-01-06 07:00:00+00:00,413.12,20.67
2025-01-06 08:00:00+00:00,212.77,20.19
2025-01-06 09:00:00+00:00,33.58,18.71
2025-01-06 10:00:00+00:00,0.0,17.57
2025-01-06 11:00:00+00:00,0.0,16.97
2025-01-06 12:00:00+00:00,0.0,16.38
2025-01-06 13:00:00+00:00,0.0,15.76
2025-01-06 14:00:00+00:00,0.0,15.13
2025-01-06 15:00:00+00:00,0.0,14.65
2025-01-06 16:00:00+00:00,0.0,14.31
2025-01-06 17:00:00+00:00,0.0,13.95
2025-01-06 18:00:00+00:00,0.0,13.61
2025-01-06 19:00:00+00:00,0.0,13.29
2025-01-06 20:00:00+00:00,0.0,12.99
2025-01-06 21:00:00+00:00,0.0,12.74
2025-01-06 22:00:00+00:00,0.0,12.66
2025-01-06 23:00:00+00:00,24.58,13.22
2025-01-07 00:00:00+00:00,140.15,14.79
2025-01-07 01:00:00+00:00,306.55,16.44
2025-01-07 02:00:00+00:00,468.33,17.72
2025-01-07 03:00:00+00:00,544.45,18.89
2025-01-07 04:00:00+00:00,506.85,19.67
2025-01-07 05:00:00+00:00,446.27,20.26
2025-01-07 06:00:00+00:00,389.45,20.46
2025-01-07 07:00:00+00:00,291.65,20.41
2025-01-07 08:00:00+00:00,153.02,19.98
2025-01-07 09:00:00+00:00,30.35,18.55
2025-01-07 10:00:00+00:00,0.0,17.46
2025-01-07 11:00:00+00:00,0.0,16.87
2025-01-07 12:00:00+00:00,0.0,16.24
2025-01-07 13:00:00+00:00,0.0,15.65
2025-01-07 14:00:00+00:00,0.0,15.18
2025-01-07 15:00:00+00:00,0.0,14.84
2025-01-07 16:00:00+00:00,0.0,14.51
2025-01-07 17:00:00+00:00,0.0,14.11
2025-01-07 18:00:00+00:00,0.0,13.63
2025-01-07 19:00:00+00:00,0.0,13.19
2025-01-07 20:00:00+00:00,0.0,12.79
2025-01-07 21:00:00+00:00,0.0,12.46
2025-01-07 22:00:00+00:00,0.0,12.2
2025-01-07 23:00:00+00:00,24.2,12.7
2025-01-08 00:00:00+00:00,147.55,14.29
2025-01-08 01:00:00+00:00,287.45,16.18
2025-01-08 02:00:00+00:00,444.4,17.83
2025-01-08 03:00:00+00:00,585.97,19.14
2025-01-08 04:00:00+00:00,683.2,20.12
2025-01-08 05:00:00+00:00,635.53,20.7
2025-01-08 06:00:00+00:00,539.03,21.08
2025-01-08 07:00:00+00:00,377.55,21.18
2025-01-08 08:00:00+00:00,184.38,20.86
2025-01-08 09:00:00+00:00,30.27,19.8
2025-01-08 10:00:00+00:00,0.0,18.83
2025-01-08 11:00:00+00:00,0.0,17.99
2025-01-08 12:00:00+00:00,0.0,17.22
2025-01-08 13:00:00+00:00,0.0,16.28
2025-01-08 14:00:00+00:00,0.0,15.27
2025-01-08 15:00:00+00:00,0.0,14.55
2025-01-08 16:00:00+00:00,0.0,13.93
2025-01-08 17:00:00+00:00,0.0,13.37
2025-01-08 18:00:00+00:00,0.0,12.88
2025-01-08 19:00:00+00:00,0.0,12.43
2025-01-08 20:00:00+00:00,0.0,12.04
2025-01-08 21:00:00+00:00,0.0,11.73
2025-01-08 22:00:00+00:00,0.0,11.49
2025-01-08 23:00:00+00:00,32.15,12.04
2025-01-09 00:00:00+00:00,193.55,13.75
2025-01-09 01:00:00+00:00,388.2,15.73
2025-01-09 02:00:00+00:00,547.28,17.94
2025-01-09 03:00:00+00:00,657.7,19.34
2025-01-09 04:00:00+00:00,674.35,20.12
2025-01-09 05:00:00+00:00,644.85,20.54
2025-01-09 06:00:00+00:00,442.6,20.75
2025-01-09 07:00:00+00:00,313.02,20.71
2025-01-09 08:00:00+00:00,186.27,20.27
2025-01-09 09:00:00+00:00,30.27,18.61
2025-01-09 10:00:00+00:00,0.0,17.5
2025-01-09 11:00:00+00:00,0.0,16.73
2025-01-09 12:00:00+00:00,0.0,15.99
2025-01-09 13:00:00+00:00,0.0,14.97
2025-01-09 14:00:00+00:00,0.0,13.6
2025-01-09 15:00:00+00:00,0.0,12.67
2025-01-09 16:00:00+00:00,0.0,12.07
2025-01-09 17:00:00+00:00,0.0,11.56
2025-01-09 18:00:00+00:00,0.0,11.17
2025-01-09 19:00:00+00:00,0.0,10.84
2025-01-09 20:00:00+00:00,0.0,10.52
2025-01-09 21:00:00+00:00,0.0,10.12
2025-01-09 22:00:00+00:00,0.0,9.6
2025-01-09 23:00:00+00:00,26.12,9.49
2025-01-10 00:00:00+00:00,152.3,10.37
2025-01-10 01:00:00+00:00,387.88,11.97
2025-01-10 02:00:00+00:00,541.22,13.87
2025-01-10 03:00:00+00:00,660.67,15.37
2025-01-10 04:00:00+00:00,696.22,16.37
2025-01-10 05:00:00+00:00,675.22,17.1
2025-01-10 06:00:00+00:00,510.6,17.56
2025-01-10 07:00:00+00:00,395.08,17.73
2025-01-10 08:00:00+00:00,199.88,17.46
2025-01-10 09:00:00+00:00,33.6,15.95
2025-01-10 10:00:00+00:00,0.0,14.66
2025-01-10 11:00:00+00:00,0.0,13.96
2025-01-10 12:00:00+00:00,0.0,13.07
2025-01-10 13:00:00+00:00,0.0,12.12
2025-01-10 14:00:00+00:00,0.0,11.46
2025-01-10 15:00:00+00:00,0.0,11.01
2025-01-10 16:00:00+00:00,0.0,10.62
2025-01-10 17:00:00+00:00,0.0,10.24
2025-01-10 18:00:00+00:00,0.0,9.87
2025-01-10 19:00:00+00:00,0.0,9.55
2025-01-10 20:00:00+00:00,0.0,9.26
2025-01-10 21:00:00+00:00,0.0,9.01
2025-01-10 22:00:00+00:00,0.0,8.78
2025-01-10 23:00:00+00:00,28.5,9.15
2025-01-11 00:00:00+00:00,171.98,10.47
2025-01-11 01:00:00+00:00,358.17,12.43
2025-01-11 02:00:00+00:00,536.03,14.17
2025-01-11 03:00:00+00:00,671.12,15.27
2025-01-11 04:00:00+00:00,710.83,16.01
2025-01-11 05:00:00+00:00,626.83,16.54
2025-01-11 06:00:00+00:00,481.9,16.88
2025-01-11 07:00:00+00:00,353.45,16.88
2025-01-11 08:00:00+00:00,185.23,16.36
2025-01-11 09:00:00+00:00,24.98,14.89
2025-01-11 10:00:00+00:00,0.0,13.48
2025-01-11 11:00:00+00:00,0.0,12.6
2025-01-11 12:00:00+00:00,0.0,11.61
2025-01-11 13:00:00+00:00,0.0,10.92
2025-01-11 14:00:00+00:00,0.0,10.53
2025-01-11 15:00:00+00:00,0.0,10.18
2025-01-11 16:00:00+00:00,0.0,9.85
2025-01-11 17:00:00+00:00,0.0,9.54
2025-01-11 18:00:00+00:00,0.0,9.24
2025-01-11 19:00:00+00:00,0.0,8.94
2025-01-11 20:00:00+00:00,0.0,8.67
2025-01-11 21:00:00+00:00,0.0,8.39
2025-01-11 22:00:00+00:00,0.0,8.05
2025-01-11 23:00:00+00:00,40.03,8.6
2025-01-12 00:00:00+00:00,228.2,10.23
2025-01-12 01:00:00+00:00,445.45,12.35
2025-01-12 02:00:00+00:00,611.12,14.28
2025-01-12 03:00:00+00:00,735.38,15.81
2025-01-12 04:00:00+00:00,789.05,17.15
2025-01-12 05:00:00+00:00,751.9,18.09
2025-01-12 06:00:00+00:00,639.7,18.67
2025-01-12 07:00:00+00:00,473.6,18.83
2025-01-12 08:00:00+00:00,257.77,18.36
2025-01-12 09:00:00+00:00,47.55,16.22
2025-01-12 10:00:00+00:00,0.0,15.22
2025-01-12 11:00:00+00:00,0.0,14.61
2025-01-12 12:00:00+00:00,0.0,13.96
2025-01-12 13:00:00+00:00,0.0,13.34
2025-01-12 14:00:00+00:00,0.0,12.78
2025-01-12 15:00:00+00:00,0.0,12.12
2025-01-12 16:00:00+00:00,0.0,11.46
2025-01-12 17:00:00+00:00,0.0,10.84
2025-01-12 18:00:00+00:00,0.0,10.27
2025-01-12 19:00:00+00:00,0.0,9.78
2025-01-12 20:00:00+00:00,0.0,9.4
2025-01-12 21:00:00+00:00,0.0,9.12
2025-01-12 22:00:00+00:00,0.0,8.92
2025-01-12 23:00:00+00:00,28.98,9.81
2025-01-13 00:00:00+00:00,160.2,11.72
2025-01-13 01:00:00+00:00,320.27,14.39
2025-01-13 02:00:00+00:00,459.05,16.7
2025-01-13 03:00:00+00:00,568.7,17.89
2025-01-13 04:00:00+00:00,717.35,18.82
2025-01-13 05:00:00+00:00,623.3,19.42
2025-01-13 06:00:00+00:00,532.03,19.65
2025-01-13 07:00:00+00:00,370.3,19.5
2025-01-13 08:00:00+00:00,186.3,18.9
2025-01-13 09:00:00+00:00,32.78,17.15
2025-01-13 10:00:00+00:00,0.0,15.79
2025-01-13 11:00:00+00:00,0.0,15.43
2025-01-13 12:00:00+00:00,0.0,15.15
2025-01-13 13:00:00+00:00,0.0,14.88
2025-01-13 14:00:00+00:00,0.0,14.61
2025-01-13 15:00:00+00:00,0.0,14.36
2025-01-13 16:00:00+00:00,0.0,14.1
2025-01-13 17:00:00+00:00,0.0,13.79
2025-01-13 18:00:00+00:00,0.0,13.52
2025-01-13 19:00:00+00:00,0.0,13.38
2025-01-13 20:00:00+00:00,0.0,13.32
2025-01-13 21:00:00+00:00,0.0,13.47
2025-01-13 22:00:00+00:00,0.0,13.68
2025-01-13 23:00:00+00:00,21.65,14.32
2025-01-14 00:00:00+00:00,122.25,15.48
2025-01-14 01:00:00+00:00,220.1,16.8
2025-01-14 02:00:00+00:00,306.27,17.99
2025-01-14 03:00:00+00:00,365.85,19.0
2025-01-14 04:00:00+00:00,385.3,19.72
2025-01-14 05:00:00+00:00,345.62,20.19
2025-01-14 06:00:00+00:00,290.77,20.29
2025-01-14 07:00:00+00:00,217.0,20.14
2025-01-14 08:00:00+00:00,122.3,19.79
2025-01-14 09:00:00+00:00,20.6,18.73
2025-01-14 10:00:00+00:00,0.0,18.14
2025-01-14 11:00:00+00:00,0.0,17.96
2025-01-14 12:00:00+00:00,0.0,17.91
2025-01-14 13:00:00+00:00,0.0,17.72
2025-01-14 14:00:00+00:00,0.0,17.35
2025-01-14 15:00:00+00:00,0.0,17.04
2025-01-14 16:00:00+00:00,0.0,16.91
2025-01-14 17:00:00+00:00,0.0,16.85
2025-01-14 18:00:00+00:00,0.0,16.78
2025-01-14 19:00:00+00:00,0.0,16.76
2025-01-14 20:00:00+00:00,0.0,16.76
2025-01-14 21:00:00+00:00,0.0,16.6
2025-01-14 22:00:00+00:00,0.0,16.24
2025-01-14 23:00:00+00:00,29.65,16.03
2025-01-15 00:00:00+00:00,175.12,16.25
2025-01-15 01:00:00+00:00,341.45,17.01
2025-01-15 02:00:00+00:00,523.28,18.53
2025-01-15 03:00:00+00:00,683.33,20.17
2025-01-15 04:00:00+00:00,710.15,21.23
2025-01-15 05:00:00+00:00,653.6,21.79
2025-01-15 06:00:00+00:00,548.03,22.01
2025-01-15 07:00:00+00:00,399.3,21.9
2025-01-15 08:00:00+00:00,223.5,21.27
2025-01-15 09:00:00+00:00,42.45,19.24
2025-01-15 10:00:00+00:00,0.0,17.65
2025-01-15 11:00:00+00:00,0.0,16.79
2025-01-15 12:00:00+00:00,0.0,15.88
2025-01-15 13:00:00+00:00,0.0,15.08
2025-01-15 14:00:00+00:00,0.0,14.42
2025-01-15 15:00:00+00:00,0.0,13.91
2025-01-15 16:00:00+00:00,0.0,13.45
2025-01-15 17:00:00+00:00,0.0,12.98
2025-01-15 18:00:00+00:00,0.0,12.45
2025-01-15 19:00:00+00:00,0.0,11.92
2025-01-15 20:00:00+00:00,0.0,11.38
2025-01-15 21:00:00+00:00,0.0,10.86
2025-01-15 22:00:00+00:00,0.0,10.44
2025-01-15 23:00:00+00:00,29.6,10.75
2025-01-16 00:00:00+00:00,196.05,11.94
2025-01-16 01:00:00+00:00,383.15,13.88
2025-01-16 02:00:00+00:00,537.97,15.96
2025-01-16 03:00:00+00:00,666.17,17.05
2025-01-16 04:00:00+00:00,706.6,17.85
2025-01-16 05:00:00+00:00,651.1,18.49
2025-01-16 06:00:00+00:00,512.83,18.87
2025-01-16 07:00:00+00:00,369.17,18.95
2025-01-16 08:00:00+00:00,188.8,18.67
2025-01-16 09:00:00+00:00,27.05,17.08
2025-01-16 10:00:00+00:00,0.0,15.93
2025-01-16 11:00:00+00:00,0.0,15.17
2025-01-16 12:00:00+00:00,0.0,14.32
2025-01-16 13:00:00+00:00,0.0,13.43
2025-01-16 14:00:00+00:00,0.0,12.61
2025-01-16 15:00:00+00:00,0.0,12.0
2025-01-16 16:00:00+00:00,0.0,11.55
2025-01-16 17:00:00+00:00,0.0,11.14
2025-01-16 18:00:00+00:00,0.0,10.73
2025-01-16 19:00:00+00:00,0.0,10.33
2025-01-16 20:00:00+00:00,0.0,9.95
2025-01-16 21:00:00+00:00,0.0,9.61
2025-01-16 22:00:00+00:00,0.0,9.32
2025-01-16 23:00:00+00:00,33.78,9.9
2025-01-17 00:00:00+00:00,214.62,11.44
2025-01-17 01:00:00+00:00,411.8,14.19
2025-01-17 02:00:00+00:00,574.95,15.86
2025-01-17 03:00:00+00:00,698.67,16.87
2025-01-17 04:00:00+00:00,724.53,17.59
2025-01-17 05:00:00+00:00,709.5,18.03
2025-01-17 06:00:00+00:00,570.95,18.2
2025-01-17 07:00:00+00:00,414.58,18.15
2025-01-17 08:00:00+00:00,212.52,17.75
2025-01-17 09:00:00+00:00,45.03,16.19
2025-01-17 10:00:00+00:00,0.0,14.56
2025-01-17 11:00:00+00:00,0.0,13.77
2025-01-17 12:00:00+00:00,0.0,13.26
2025-01-17 13:00:00+00:00,0.0,12.89
2025-01-17 14:00:00+00:00,0.0,12.59
2025-01-17 15:00:00+00:00,0.0,12.34
2025-01-17 16:00:00+00:00,0.0,12.14
2025-01-17 17:00:00+00:00,0.0,11.89
2025-01-17 18:00:00+00:00,0.0,11.6
2025-01-17 19:00:00+00:00,0.0,11.33
2025-01-17 20:00:00+00:00,0.0,11.15
2025-01-17 21:00:00+00:00,0.0,11.0
2025-01-17 22:00:00+00:00,0.0,10.89
2025-01-17 23:00:00+00:00,32.85,11.7
2025-01-18 00:00:00+00:00,194.3,13.39
2025-01-18 01:00:00+00:00,383.0,15.08
2025-01-18 02:00:00+00:00,577.45,16.68
2025-01-18 03:00:00+00:00,697.7,18.09
2025-01-18 04:00:00+00:00,740.97,19.08
2025-01-18 05:00:00+00:00,675.92,19.64
2025-01-18 06:00:00+00:00,560.55,20.04
2025-01-18 07:00:00+00:00,401.62,20.16
2025-01-18 08:00:00+00:00,214.1,19.78
2025-01-18 09:00:00+00:00,44.7,18.18
2025-01-18 10:00:00+00:00,0.0,16.94
2025-01-18 11:00:00+00:00,0.0,16.33
2025-01-18 12:00:00+00:00,0.0,15.77
2025-01-18 13:00:00+00:00,0.0,15.38
2025-01-18 14:00:00+00:00,0.0,14.98
2025-01-18 15:00:00+00:00,0.0,14.79
2025-01-18 16:00:00+00:00,0.0,14.68
2025-01-18 17:00:00+00:00,0.0,14.26
2025-01-18 18:00:00+00:00,0.0,13.8
2025-01-18 19:00:00+00:00,0.0,13.28
2025-01-18 20:00:00+00:00,0.0,12.77
2025-01-18 21:00:00+00:00,0.0,12.27
2025-01-18 22:00:00+00:00,0.0,11.8
2025-01-18 23:00:00+00:00,35.2,12.26
2025-01-19 00:00:00+00:00,220.75,13.98
2025-01-19 01:00:00+00:00,418.58,16.17
2025-01-19 02:00:00+00:00,578.6,18.58
2025-01-19 03:00:00+00:00,701.28,19.74
2025-01-19 04:00:00+00:00,742.35,20.43
2025-01-19 05:00:00+00:00,718.85,20.95
2025-01-19 06:00:00+00:00,537.92,21.31
2025-01-19 07:00:00+00:00,396.85,21.43
2025-01-19 08:00:00+00:00,221.48,21.12
2025-01-19 09:00:00+00:00,41.4,20.02
2025-01-19 10:00:00+00:00,0.0,18.92
2025-01-19 11:00:00+00:00,0.0,18.02
2025-01-19 12:00:00+00:00,0.0,17.29
2025-01-19 13:00:00+00:00,0.0,16.62
2025-01-19 14:00:00+00:00,0.0,16.02
2025-01-19 15:00:00+00:00,0.0,15.2
2025-01-19 16:00:00+00:00,0.0,14.45
2025-01-19 17:00:00+00:00,0.0,13.72
2025-01-19 18:00:00+00:00,0.0,13.09
2025-01-19 19:00:00+00:00,0.0,12.61
2025-01-19 20:00:00+00:00,0.0,12.27
2025-01-19 21:00:00+00:00,0.0,12.02
2025-01-19 22:00:00+00:00,0.0,11.81
2025-01-19 23:00:00+00:00,34.7,12.63
2025-01-20 00:00:00+00:00,215.65,14.66
2025-01-20 01:00:00+00:00,409.95,16.78
2025-01-20 02:00:00+00:00,568.5,18.2
2025-01-20 03:00:00+00:00,692.72,19.13
2025-01-20 04:00:00+00:00,733.5,19.77
2025-01-20 05:00:00+00:00,704.58,20.31
2025-01-20 06:00:00+00:00,605.38,20.69
2025-01-20 07:00:00+00:00,448.95,20.79
2025-01-20 08:00:00+00:00,248.35,20.5
2025-01-20 09:00:00+00:00,51.67,19.04
2025-01-20 10:00:00+00:00,0.0,17.51
2025-01-20 11:00:00+00:00,0.0,16.74
2025-01-20 12:00:00+00:00,0.0,16.22
2025-01-20 13:00:00+00:00,0.0,15.83
2025-01-20 14:00:00+00:00,0.0,15.49
2025-01-20 15:00:00+00:00,0.0,15.09
2025-01-20 16:00:00+00:00,0.0,14.67
2025-01-20 17:00:00+00:00,0.0,14.25
2025-01-20 18:00:00+00:00,0.0,13.85
2025-01-20 19:00:00+00:00,0.0,13.45
2025-01-20 20:00:00+00:00,0.0,13.11
2025-01-20 21:00:00+00:00,0.0,12.85
2025-01-20 22:00:00+00:00,0.0,12.67
2025-01-20 23:00:00+00:00,27.67,13.61
2025-01-21 00:00:00+00:00,155.1,15.69
2025-01-21 01:00:00+00:00,315.48,17.52
2025-01-21 02:00:00+00:00,461.95,18.84
2025-01-21 03:00:00+00:00,564.33,19.88
2025-01-21 04:00:00+00:00,555.2,20.58
2025-01-21 05:00:00+00:00,391.52,20.93
2025-01-21 06:00:00+00:00,312.3,20.97
2025-01-21 07:00:00+00:00,278.8,20.71
2025-01-21 08:00:00+00:00,152.07,20.06
2025-01-21 09:00:00+00:00,23.45,18.31
2025-01-21 10:00:00+00:00,0.0,16.82
2025-01-21 11:00:00+00:00,0.0,16.4
2025-01-21 12:00:00+00:00,0.0,16.14
2025-01-21 13:00:00+00:00,0.0,15.99
2025-01-21 14:00:00+00:00,0.0,15.8
2025-01-21 15:00:00+00:00,0.0,15.76
2025-01-21 16:00:00+00:00,0.0,15.61
2025-01-21 17:00:00+00:00,0.0,15.55
2025-01-21 18:00:00+00:00,0.0,15.4
2025-01-21 19:00:00+00:00,0.0,15.24
2025-01-21 20:00:00+00:00,0.0,15.11
2025-01-21 21:00:00+00:00,0.0,14.98
2025-01-21 22:00:00+00:00,0.0,14.9
2025-01-21 23:00:00+00:00,17.25,15.25
2025-01-22 00:00:00+00:00,102.03,16.28
2025-01-22 01:00:00+00:00,215.65,17.68
2025-01-22 02:00:00+00:00,313.7,19.08
2025-01-22 03:00:00+00:00,372.73,20.01
2025-01-22 04:00:00+00:00,361.9,20.59
2025-01-22 05:00:00+00:00,330.95,20.96
2025-01-22 06:00:00+00:00,276.62,21.15
2025-01-22 07:00:00+00:00,196.93,21.06
2025-01-22 08:00:00+00:00,112.9,20.69
2025-01-22 09:00:00+00:00,20.55,19.66
2025-01-22 10:00:00+00:00,0.0,18.67
2025-01-22 11:00:00+00:00,0.0,18.22
2025-01-22 12:00:00+00:00,0.0,17.83
2025-01-22 13:00:00+00:00,0.0,17.48
2025-01-22 14:00:00+00:00,0.0,17.15
2025-01-22 15:00:00+00:00,0.0,16.9
2025-01-22 16:00:00+00:00,0.0,16.72
2025-01-22 17:00:00+00:00,0.0,16.56
2025-01-22 18:00:00+00:00,0.0,16.39
2025-01-22 19:00:00+00:00,0.0,16.23
2025-01-22 20:00:00+00:00,0.0,16.08
2025-01-22 21:00:00+00:00,0.0,15.99
2025-01-22 22:00:00+00:00,0.0,15.84
2025-01-22 23:00:00+00:00,20.85,16.32
2025-01-23 00:00:00+00:00,107.0,17.53
2025-01-23 01:00:00+00:00,210.9,18.97
2025-01-23 02:00:00+00:00,329.67,20.25
2025-01-23 03:00:00+00:00,382.73,21.3
2025-01-23 04:00:00+00:00,444.25,21.82
2025-01-23 05:00:00+00:00,431.15,22.06
2025-01-23 06:00:00+00:00,273.42,22.07
2025-01-23 07:00:00+00:00,203.8,21.82
2025-01-23 08:00:00+00:00,106.8,21.21
2025-01-23 09:00:00+00:00,24.25,19.93
2025-01-23 10:00:00+00:00,0.0,18.57
2025-01-23 11:00:00+00:00,0.0,17.92
2025-01-23 12:00:00+00:00,0.0,17.34
2025-01-23 13:00:00+00:00,0.0,16.97
2025-01-23 14:00:00+00:00,0.0,16.83
2025-01-23 15:00:00+00:00,0.0,16.8
2025-01-23 16:00:00+00:00,0.0,16.85
2025-01-23 17:00:00+00:00,0.0,16.85
2025-01-23 18:00:00+00:00,0.0,16.76
2025-01-23 19:00:00+00:00,0.0,16.69
2025-01-23 20:00:00+00:00,0.0,16.61
2025-01-23 21:00:00+00:00,0.0,16.51
2025-01-23 22:00:00+00:00,0.0,16.36
2025-01-23 23:00:00+00:00,33.42,16.69
2025-01-24 00:00:00+00:00,196.6,17.67
2025-01-24 01:00:00+00:00,400.55,18.96
2025-01-24 02:00:00+00:00,572.6,20.21
2025-01-24 03:00:00+00:00,681.75,21.04
2025-01-24 04:00:00+00:00,739.72,21.54
2025-01-24 05:00:00+00:00,691.22,21.81
2025-01-24 06:00:00+00:00,611.8,21.76
2025-01-24 07:00:00+00:00,460.48,21.42
2025-01-24 08:00:00+00:00,237.75,20.79
2025-01-24 09:00:00+00:00,51.17,19.41
2025-01-24 10:00:00+00:00,0.0,17.99
2025-01-24 11:00:00+00:00,0.0,17.46
2025-01-24 12:00:00+00:00,0.0,17.01
2025-01-24 13:00:00+00:00,0.0,16.62
2025-01-24 14:00:00+00:00,0.0,16.27
2025-01-24 15:00:00+00:00,0.0,16.01
2025-01-24 16:00:00+00:00,0.0,15.82
2025-01-24 17:00:00+00:00,0.0,15.63
2025-01-24 18:00:00+00:00,0.0,15.44
2025-01-24 19:00:00+00:00,0.0,15.32
2025-01-24 20:00:00+00:00,0.0,15.25
2025-01-24 21:00:00+00:00,0.0,15.23
2025-01-24 22:00:00+00:00,0.0,15.13
2025-01-24 23:00:00+00:00,29.75,16.07
2025-01-25 00:00:00+00:00,145.82,17.54
2025-01-25 01:00:00+00:00,271.45,18.82
2025-01-25 02:00:00+00:00,388.73,19.96
2025-01-25 03:00:00+00:00,545.7,20.79
2025-01-25 04:00:00+00:00,677.4,21.3
2025-01-25 05:00:00+00:00,682.9,21.56
2025-01-25 06:00:00+00:00,610.35,21.51
2025-01-25 07:00:00+00:00,450.23,21.18
2025-01-25 08:00:00+00:00,255.7,20.53
2025-01-25 09:00:00+00:00,48.7,19.35
2025-01-25 10:00:00+00:00,0.0,18.09
2025-01-25 11:00:00+00:00,0.0,17.64
2025-01-25 12:00:00+00:00,0.0,17.27
2025-01-25 13:00:00+00:00,0.0,16.94
2025-01-25 14:00:00+00:00,0.0,16.63
2025-01-25 15:00:00+00:00,0.0,16.36
2025-01-25 16:00:00+00:00,0.0,16.15
2025-01-25 17:00:00+00:00,0.0,15.96
2025-01-25 18:00:00+00:00,0.0,15.86
2025-01-25 19:00:00+00:00,0.0,15.75
2025-01-25 20:00:00+00:00,0.0,15.65
2025-01-25 21:00:00+00:00,0.0,15.68
2025-01-25 22:00:00+00:00,0.0,15.82
2025-01-25 23:00:00+00:00,7.95,15.93
2025-01-26 00:00:00+00:00,36.2,15.74
2025-01-26 01:00:00+00:00,63.88,15.13
2025-01-26 02:00:00+00:00,83.8,14.78
2025-01-26 03:00:00+00:00,179.65,14.87
2025-01-26 04:00:00+00:00,219.18,15.4
2025-01-26 05:00:00+00:00,211.7,16.0
2025-01-26 06:00:00+00:00,164.73,16.21
2025-01-26 07:00:00+00:00,120.47,15.98
2025-01-26 08:00:00+00:00,68.72,15.18
2025-01-26 09:00:00+00:00,12.25,13.79
2025-01-26 10:00:00+00:00,0.0,12.56
2025-01-26 11:00:00+00:00,0.0,11.8
2025-01-26 12:00:00+00:00,0.0,11.18
2025-01-26 13:00:00+00:00,0.0,10.69
2025-01-26 14:00:00+00:00,0.0,10.39
2025-01-26 15:00:00+00:00,0.0,10.23
2025-01-26 16:00:00+00:00,0.0,10.13
2025-01-26 17:00:00+00:00,0.0,9.94
2025-01-26 18:00:00+00:00,0.0,9.73
2025-01-26 19:00:00+00:00,0.0,9.42
2025-01-26 20:00:00+00:00,0.0,9.04
2025-01-26 21:00:00+00:00,0.0,8.71
2025-01-26 22:00:00+00:00,0.0,8.49
2025-01-26 23:00:00+00:00,33.78,8.81
2025-01-27 00:00:00+00:00,208.18,10.07
2025-01-27 01:00:00+00:00,427.38,11.97
2025-01-27 02:00:00+00:00,625.7,14.19
2025-01-27 03:00:00+00:00,759.28,15.99
2025-01-27 04:00:00+00:00,818.85,17.25
2025-01-27 05:00:00+00:00,784.67,18.13
2025-01-27 06:00:00+00:00,673.45,18.64
2025-01-27 07:00:00+00:00,501.52,18.78
2025-01-27 08:00:00+00:00,292.25,18.43
2025-01-27 09:00:00+00:00,71.57,16.42
2025-01-27 10:00:00+00:00,0.0,14.83
2025-01-27 11:00:00+00:00,0.0,14.04
2025-01-27 12:00:00+00:00,0.0,13.18
2025-01-27 13:00:00+00:00,0.0,12.37
2025-01-27 14:00:00+00:00,0.0,11.6
2025-01-27 15:00:00+00:00,0.0,11.06
2025-01-27 16:00:00+00:00,0.0,10.61
2025-01-27 17:00:00+00:00,0.0,10.23
2025-01-27 18:00:00+00:00,0.0,10.13
2025-01-27 19:00:00+00:00,0.0,9.96
2025-01-27 20:00:00+00:00,0.0,9.81
2025-01-27 21:00:00+00:00,0.0,9.74
2025-01-27 22:00:00+00:00,0.0,9.52
2025-01-27 23:00:00+00:00,38.67,10.17
2025-01-28 00:00:00+00:00,214.23,11.72
2025-01-28 01:00:00+00:00,420.27,13.61
2025-01-28 02:00:00+00:00,631.45,15.37
2025-01-28 03:00:00+00:00,757.78,16.81
2025-01-28 04:00:00+00:00,814.92,18.0
2025-01-28 05:00:00+00:00,783.47,18.81
2025-01-28 06:00:00+00:00,670.08,19.25
2025-01-28 07:00:00+00:00,499.23,19.34
2025-01-28 08:00:00+00:00,287.58,19.07
2025-01-28 09:00:00+00:00,75.65,17.52
2025-01-28 10:00:00+00:00,0.0,16.33
2025-01-28 11:00:00+00:00,0.0,15.43
2025-01-28 12:00:00+00:00,0.0,14.5
2025-01-28 13:00:00+00:00,0.0,13.48
2025-01-28 14:00:00+00:00,0.0,12.66
2025-01-28 15:00:00+00:00,0.0,11.99
2025-01-28 16:00:00+00:00,0.0,11.52
2025-01-28 17:00:00+00:00,0.0,11.22
2025-01-28 18:00:00+00:00,0.0,11.24
2025-01-28 19:00:00+00:00,0.0,11.09
2025-01-28 20:00:00+00:00,0.0,10.87
2025-01-28 21:00:00+00:00,0.0,10.65
2025-01-28 22:00:00+00:00,0.0,10.42
2025-01-28 23:00:00+00:00,25.38,11.13
2025-01-29 00:00:00+00:00,138.15,12.73
2025-01-29 01:00:00+00:00,286.15,15.25
2025-01-29 02:00:00+00:00,470.77,16.6
2025-01-29 03:00:00+00:00,567.58,17.64
2025-01-29 04:00:00+00:00,694.9,18.53
2025-01-29 05:00:00+00:00,642.65,19.12
2025-01-29 06:00:00+00:00,592.28,19.32
2025-01-29 07:00:00+00:00,431.3,19.18
2025-01-29 08:00:00+00:00,243.0,18.7
2025-01-29 09:00:00+00:00,63.22,17.12
2025-01-29 10:00:00+00:00,0.0,15.51
2025-01-29 11:00:00+00:00,0.0,14.92
2025-01-29 12:00:00+00:00,0.0,14.48
2025-01-29 13:00:00+00:00,0.0,14.12
2025-01-29 14:00:00+00:00,0.0,13.81
2025-01-29 15:00:00+00:00,0.0,13.64
2025-01-29 16:00:00+00:00,0.0,13.48
2025-01-29 17:00:00+00:00,0.0,13.31
2025-01-29 18:00:00+00:00,0.0,13.11
2025-01-29 19:00:00+00:00,0.0,12.92
2025-01-29 20:00:00+00:00,0.0,12.75
2025-01-29 21:00:00+00:00,0.0,12.55
2025-01-29 22:00:00+00:00,0.0,12.47
2025-01-29 23:00:00+00:00,31.08,13.33
2025-01-30 00:00:00+00:00,166.5,14.65
2025-01-30 01:00:00+00:00,350.38,16.01
2025-01-30 02:00:00+00:00,507.02,17.1
2025-01-30 03:00:00+00:00,668.05,18.18
2025-01-30 04:00:00+00:00,745.3,19.04
2025-01-30 05:00:00+00:00,638.3,19.6
2025-01-30 06:00:00+00:00,609.45,19.74
2025-01-30 07:00:00+00:00,430.83,19.51
2025-01-30 08:00:00+00:00,243.12,18.96
2025-01-30 09:00:00+00:00,63.55,17.81
2025-01-30 10:00:00+00:00,0.0,16.39
2025-01-30 11:00:00+00:00,0.0,16.0
2025-01-30 12:00:00+00:00,0.0,15.74
2025-01-30 13:00:00+00:00,0.0,15.56
2025-01-30 14:00:00+00:00,0.0,15.4
2025-01-30 15:00:00+00:00,0.0,15.3
2025-01-30 16:00:00+00:00,0.0,15.14
2025-01-30 17:00:00+00:00,0.0,14.88
2025-01-30 18:00:00+00:00,0.0,14.68
2025-01-30 19:00:00+00:00,0.0,14.57
2025-01-30 20:00:00+00:00,0.0,14.49
2025-01-30 21:00:00+00:00,0.0,14.44
2025-01-30 22:00:00+00:00,0.0,14.31
2025-01-30 23:00:00+00:00,32.58,15.27
2025-01-31 00:00:00+00:00,162.38,16.97
2025-01-31 01:00:00+00:00,323.9,18.62
2025-01-31 02:00:00+00:00,501.5,19.92
2025-01-31 03:00:00+00:00,627.97,20.88
2025-01-31 04:00:00+00:00,520.28,21.52
2025-01-31 05:00:00+00:00,345.12,21.92
2025-01-31 06:00:00+00:00,253.6,22.03
2025-01-31 07:00:00+00:00,149.3,21.8
2025-01-31 08:00:00+00:00,92.12,21.22
2025-01-31 09:00:00+00:00,22.88,19.92
2025-01-31 10:00:00+00:00,0.0,18.38
2025-01-31 11:00:00+00:00,0.0,17.81
2025-01-31 12:00:00+00:00,0.0,17.38
2025-01-31 13:00:00+00:00,0.0,17.06
2025-01-31 14:00:00+00:00,0.0,16.76
2025-01-31 15:00:00+00:00,0.0,16.46
2025-01-31 16:00:00+00:00,0.0,16.17
2025-01-31 17:00:00+00:00,0.0,15.91
2025-01-31 18:00:00+00:00,0.0,15.67
2025-01-31 19:00:00+00:00,0.0,15.47
2025-01-31 20:00:00+00:00,0.0,15.32
2025-01-31 21:00:00+00:00,0.0,15.19
2025-01-31 22:00:00+00:00,0.0,15.09
2025-01-31 23:00:00+00:00,31.5,16.09
2025-02-01 00:00:00+00:00,102.45,17.55
2025-02-01 01:00:00+00:00,204.05,20.04
2025-02-01 02:00:00+00:00,279.95,21.67
2025-02-01 03:00:00+00:00,328.58,22.7
2025-02-01 04:00:00+00:00,385.75,23.42
2025-02-01 05:00:00+00:00,391.67,23.84
2025-02-01 06:00:00+00:00,332.83,24.02
2025-02-01 07:00:00+00:00,230.25,23.9
2025-02-01 08:00:00+00:00,148.38,23.42
2025-02-01 09:00:00+00:00,52.33,22.31
2025-02-01 10:00:00+00:00,0.0,20.73
2025-02-01 11:00:00+00:00,0.0,20.04
2025-02-01 12:00:00+00:00,0.0,19.48
2025-02-01 13:00:00+00:00,0.0,19.01
2025-02-01 14:00:00+00:00,0.0,18.69
2025-02-01 15:00:00+00:00,0.0,18.2
2025-02-01 16:00:00+00:00,0.0,17.8
2025-02-01 17:00:00+00:00,0.0,17.45
2025-02-01 18:00:00+00:00,0.0,17.09
2025-02-01 19:00:00+00:00,0.0,16.71
2025-02-01 20:00:00+00:00,0.0,16.35
2025-02-01 21:00:00+00:00,0.0,15.98
2025-02-01 22:00:00+00:00,0.0,15.57
2025-02-01 23:00:00+00:00,22.48,15.96
2025-02-02 00:00:00+00:00,114.97,17.35
2025-02-02 01:00:00+00:00,223.23,19.06
2025-02-02 02:00:00+00:00,336.25,20.32
2025-02-02 03:00:00+00:00,376.1,21.15
2025-02-02 04:00:00+00:00,364.58,22.05
2025-02-02 05:00:00+00:00,425.42,22.62
2025-02-02 06:00:00+00:00,329.12,22.69
2025-02-02 07:00:00+00:00,243.45,22.44
2025-02-02 08:00:00+00:00,126.75,21.82
2025-02-02 09:00:00+00:00,31.15,20.71
2025-02-02 10:00:00+00:00,0.0,19.44
2025-02-02 11:00:00+00:00,0.0,18.76
2025-02-02 12:00:00+00:00,0.0,18.2
2025-02-02 13:00:00+00:00,0.0,17.6
2025-02-02 14:00:00+00:00,0.0,16.69
2025-02-02 15:00:00+00:00,0.0,15.66
2025-02-02 16:00:00+00:00,0.0,14.7
2025-02-02 17:00:00+00:00,0.0,13.92
2025-02-02 18:00:00+00:00,0.0,13.43
2025-02-02 19:00:00+00:00,0.0,13.21
2025-02-02 20:00:00+00:00,0.0,13.14
2025-02-02 21:00:00+00:00,0.0,13.11
2025-02-02 22:00:00+00:00,0.0,13.05
2025-02-02 23:00:00+00:00,16.02,13.09
2025-02-03 00:00:00+00:00,71.8,13.39
2025-02-03 01:00:00+00:00,75.4,13.95
2025-02-03 02:00:00+00:00,113.28,14.67
2025-02-03 03:00:00+00:00,197.75,15.35
2025-02-03 04:00:00+00:00,299.1,15.84
2025-02-03 05:00:00+00:00,334.67,16.25
2025-02-03 06:00:00+00:00,284.8,16.5
2025-02-03 07:00:00+00:00,158.32,16.56
2025-02-03 08:00:00+00:00,92.38,16.41
2025-02-03 09:00:00+00:00,24.3,15.91
2025-02-03 10:00:00+00:00,0.0,15.18
2025-02-03 11:00:00+00:00,0.0,14.34
2025-02-03 12:00:00+00:00,0.0,13.37
2025-02-03 13:00:00+00:00,0.0,12.47
2025-02-03 14:00:00+00:00,0.0,11.86
2025-02-03 15:00:00+00:00,0.0,11.5
2025-02-03 16:00:00+00:00,0.0,11.24
2025-02-03 17:00:00+00:00,0.0,11.02
2025-02-03 18:00:00+00:00,0.0,10.82
2025-02-03 19:00:00+00:00,0.0,10.76
2025-02-03 20:00:00+00:00,0.0,10.87
2025-02-03 21:00:00+00:00,0.0,11.01
2025-02-03 22:00:00+00:00,0.0,11.07
2025-02-03 23:00:00+00:00,31.38,11.32
2025-02-04 00:00:00+00:00,166.23,12.31
2025-02-04 01:00:00+00:00,330.23,13.76
2025-02-04 02:00:00+00:00,510.62,15.16
2025-02-04 03:00:00+00:00,632.92,16.32
2025-02-04 04:00:00+00:00,771.12,17.23
2025-02-04 05:00:00+00:00,742.0,17.88
2025-02-04 06:00:00+00:00,643.22,18.33
2025-02-04 07:00:00+00:00,461.75,18.45
2025-02-04 08:00:00+00:00,270.4,18.21
2025-02-04 09:00:00+00:00,69.32,17.22
2025-02-04 10:00:00+00:00,0.0,16.11
2025-02-04 11:00:00+00:00,0.0,15.5
2025-02-04 12:00:00+00:00,0.0,14.87
2025-02-04 13:00:00+00:00,0.0,14.3
2025-02-04 14:00:00+00:00,0.0,13.71
2025-02-04 15:00:00+00:00,0.0,13.17
2025-02-04 16:00:00+00:00,0.0,12.76
2025-02-04 17:00:00+00:00,0.0,12.4
2025-02-04 18:00:00+00:00,0.0,12.13
2025-02-04 19:00:00+00:00,0.0,11.91
2025-02-04 20:00:00+00:00,0.0,11.7
2025-02-04 21:00:00+00:00,0.0,11.46
2025-02-04 22:00:00+00:00,0.0,11.17
2025-02-04 23:00:00+00:00,44.53,12.05
2025-02-05 00:00:00+00:00,221.02,13.5
2025-02-05 01:00:00+00:00,421.52,15.16
2025-02-05 02:00:00+00:00,545.0,16.33
2025-02-05 03:00:00+00:00,672.1,17.32
2025-02-05 04:00:00+00:00,714.78,18.13
2025-02-05 05:00:00+00:00,630.5,18.68
2025-02-05 06:00:00+00:00,511.9,18.94
2025-02-05 07:00:00+00:00,296.58,18.92
2025-02-05 08:00:00+00:00,133.45,18.59
2025-02-05 09:00:00+00:00,31.83,17.78
2025-02-05 10:00:00+00:00,0.0,16.74
2025-02-05 11:00:00+00:00,0.0,16.5
2025-02-05 12:00:00+00:00,0.0,16.26
2025-02-05 13:00:00+00:00,0.0,15.87
2025-02-05 14:00:00+00:00,0.0,15.5
2025-02-05 15:00:00+00:00,0.0,15.29
2025-02-05 16:00:00+00:00,0.0,15.09
2025-02-05 17:00:00+00:00,0.0,14.87
2025-02-05 18:00:00+00:00,0.0,14.64
2025-02-05 19:00:00+00:00,0.0,14.44
2025-02-05 20:00:00+00:00,0.0,14.26
2025-02-05 21:00:00+00:00,0.0,14.1
2025-02-05 22:00:00+00:00,0.0,13.99
2025-02-05 23:00:00+00:00,9.93,14.61
2025-02-06 00:00:00+00:00,70.47,15.64
2025-02-06 01:00:00+00:00,143.88,16.75
2025-02-06 02:00:00+00:00,284.92,17.76
2025-02-06 03:00:00+00:00,448.23,18.54
2025-02-06 04:00:00+00:00,486.5,19.04
2025-02-06 05:00:00+00:00,470.6,19.4
2025-02-06 06:00:00+00:00,372.6,19.59
2025-02-06 07:00:00+00:00,215.02,19.58
2025-02-06 08:00:00+00:00,119.05,19.37
2025-02-06 09:00:00+00:00,36.33,18.8
2025-02-06 10:00:00+00:00,0.0,17.88
2025-02-06 11:00:00+00:00,0.0,17.39
2025-02-06 12:00:00+00:00,0.0,16.93
2025-02-06 13:00:00+00:00,0.0,16.75
2025-02-06 14:00:00+00:00,0.0,16.62
2025-02-06 15:00:00+00:00,0.0,16.32
2025-02-06 16:00:00+00:00,0.0,15.71
2025-02-06 17:00:00+00:00,0.0,14.81
2025-02-06 18:00:00+00:00,0.0,14.02
2025-02-06 19:00:00+00:00,0.0,13.49
2025-02-06 20:00:00+00:00,0.0,13.14
2025-02-06 21:00:00+00:00,0.0,12.93
2025-02-06 22:00:00+00:00,0.0,12.76
2025-02-06 23:00:00+00:00,17.65,12.89
2025-02-07 00:00:00+00:00,84.2,13.75
2025-02-07 01:00:00+00:00,126.05,15.04
2025-02-07 02:00:00+00:00,178.0,16.42
2025-02-07 03:00:00+00:00,226.43,17.42
2025-02-07 04:00:00+00:00,266.75,18.01
2025-02-07 05:00:00+00:00,255.48,18.27
2025-02-07 06:00:00+00:00,205.5,18.11
2025-02-07 07:00:00+00:00,161.75,17.62
2025-02-07 08:00:00+00:00,98.55,16.76
2025-02-07 09:00:00+00:00,33.75,15.6
2025-02-07 10:00:00+00:00,0.0,14.53
2025-02-07 11:00:00+00:00,0.0,13.73
2025-02-07 12:00:00+00:00,0.0,13.06
2025-02-07 13:00:00+00:00,0.0,12.57
2025-02-07 14:00:00+00:00,0.0,12.09
2025-02-07 15:00:00+00:00,0.0,11.71
2025-02-07 16:00:00+00:00,0.0,11.29
2025-02-07 17:00:00+00:00,0.0,10.71
2025-02-07 18:00:00+00:00,0.0,10.12
2025-02-07 19:00:00+00:00,0.0,9.57
2025-02-07 20:00:00+00:00,0.0,9.14
2025-02-07 21:00:00+00:00,0.0,8.88
2025-02-07 22:00:00+00:00,0.0,8.75
2025-02-07 23:00:00+00:00,33.58,9.05
2025-02-08 00:00:00+00:00,155.55,10.08
2025-02-08 01:00:00+00:00,309.6,11.76
2025-02-08 02:00:00+00:00,537.45,13.75
2025-02-08 03:00:00+00:00,713.25,15.31
2025-02-08 04:00:00+00:00,777.55,16.4
2025-02-08 05:00:00+00:00,735.35,17.21
2025-02-08 06:00:00+00:00,578.5,17.71
2025-02-08 07:00:00+00:00,341.73,17.89
2025-02-08 08:00:00+00:00,176.88,17.64
2025-02-08 09:00:00+00:00,52.05,16.58
2025-02-08 10:00:00+00:00,0.0,14.91
2025-02-08 11:00:00+00:00,0.0,14.17
2025-02-08 12:00:00+00:00,0.0,13.1
2025-02-08 13:00:00+00:00,0.0,12.03
2025-02-08 14:00:00+00:00,0.0,11.53
2025-02-08 15:00:00+00:00,0.0,11.37
2025-02-08 16:00:00+00:00,0.0,11.28
2025-02-08 17:00:00+00:00,0.0,11.09
2025-02-08 18:00:00+00:00,0.0,10.87
2025-02-08 19:00:00+00:00,0.0,10.69
2025-02-08 20:00:00+00:00,0.0,10.6
2025-02-08 21:00:00+00:00,0.0,10.37
2025-02-08 22:00:00+00:00,0.0,10.0
2025-02-08 23:00:00+00:00,47.08,10.19
2025-02-09 00:00:00+00:00,228.52,11.18
2025-02-09 01:00:00+00:00,454.17,12.59
2025-02-09 02:00:00+00:00,634.67,13.97
2025-02-09 03:00:00+00:00,749.0,14.95
2025-02-09 04:00:00+00:00,813.83,15.73
2025-02-09 05:00:00+00:00,803.67,16.35
2025-02-09 06:00:00+00:00,682.3,16.78
2025-02-09 07:00:00+00:00,474.65,16.96
2025-02-09 08:00:00+00:00,295.25,16.79
2025-02-09 09:00:00+00:00,88.97,15.89
2025-02-09 10:00:00+00:00,0.0,14.3
2025-02-09 11:00:00+00:00,0.0,13.57
2025-02-09 12:00:00+00:00,0.0,13.08
2025-02-09 13:00:00+00:00,0.0,12.72
2025-02-09 14:00:00+00:00,0.0,12.44
2025-02-09 15:00:00+00:00,0.0,12.26
2025-02-09 16:00:00+00:00,0.0,12.14
2025-02-09 17:00:00+00:00,0.0,11.94
2025-02-09 18:00:00+00:00,0.0,11.67
2025-02-09 19:00:00+00:00,0.0,11.41
2025-02-09 20:00:00+00:00,0.0,11.2
2025-02-09 21:00:00+00:00,0.0,11.05
2025-02-09 22:00:00+00:00,0.0,10.94
2025-02-09 23:00:00+00:00,41.25,11.92
2025-02-10 00:00:00+00:00,197.38,13.49
2025-02-10 01:00:00+00:00,399.15,15.17
2025-02-10 02:00:00+00:00,633.53,16.7
2025-02-10 03:00:00+00:00,752.12,17.88
2025-02-10 04:00:00+00:00,805.17,18.8
2025-02-10 05:00:00+00:00,709.95,19.42
2025-02-10 06:00:00+00:00,621.25,19.7
2025-02-10 07:00:00+00:00,464.9,19.61
2025-02-10 08:00:00+00:00,266.95,19.1
2025-02-10 09:00:00+00:00,84.25,17.92
2025-02-10 10:00:00+00:00,0.0,16.23
2025-02-10 11:00:00+00:00,0.0,15.69
2025-02-10 12:00:00+00:00,0.0,15.32
2025-02-10 13:00:00+00:00,0.0,15.03
2025-02-10 14:00:00+00:00,0.0,14.74
2025-02-10 15:00:00+00:00,0.0,14.48
2025-02-10 16:00:00+00:00,0.0,14.19
2025-02-10 17:00:00+00:00,0.0,13.88
2025-02-10 18:00:00+00:00,0.0,13.6
2025-02-10 19:00:00+00:00,0.0,13.32
2025-02-10 20:00:00+00:00,0.0,13.11
2025-02-10 21:00:00+00:00,0.0,12.98
2025-02-10 22:00:00+00:00,0.0,12.91
2025-02-10 23:00:00+00:00,41.42,14.25
2025-02-11 00:00:00+00:00,208.82,15.99
2025-02-11 01:00:00+00:00,427.88,17.54
2025-02-11 02:00:00+00:00,587.22,18.83
2025-02-11 03:00:00+00:00,591.08,19.91
2025-02-11 04:00:00+00:00,595.33,20.61
2025-02-11 05:00:00+00:00,395.7,21.0
2025-02-11 06:00:00+00:00,298.85,21.05
2025-02-11 07:00:00+00:00,211.12,20.78
2025-02-11 08:00:00+00:00,135.38,20.26
2025-02-11 09:00:00+00:00,56.33,19.4
2025-02-11 10:00:00+00:00,0.0,18.32
2025-02-11 11:00:00+00:00,0.0,17.98
2025-02-11 12:00:00+00:00,0.0,17.71
2025-02-11 13:00:00+00:00,0.0,17.46
2025-02-11 14:00:00+00:00,0.0,17.23
2025-02-11 15:00:00+00:00,0.0,17.04
2025-02-11 16:00:00+00:00,0.0,16.86
2025-02-11 17:00:00+00:00,0.0,16.66
2025-02-11 18:00:00+00:00,0.0,16.57
2025-02-11 19:00:00+00:00,0.0,16.51
2025-02-11 20:00:00+00:00,0.0,16.43
2025-02-11 21:00:00+00:00,0.0,16.38
2025-02-11 22:00:00+00:00,0.0,16.36
2025-02-11 23:00:00+00:00,18.4,16.55
2025-02-12 00:00:00+00:00,71.97,17.1
2025-02-12 01:00:00+00:00,125.55,17.9
2025-02-12 02:00:00+00:00,159.18,18.6
2025-02-12 03:00:00+00:00,230.2,19.27
2025-02-12 04:00:00+00:00,260.75,19.77
2025-02-12 05:00:00+00:00,274.52,20.14
2025-02-12 06:00:00+00:00,222.62,20.44
2025-02-12 07:00:00+00:00,193.07,20.64
2025-02-12 08:00:00+00:00,101.97,20.59
2025-02-12 09:00:00+00:00,30.2,19.92
2025-02-12 10:00:00+00:00,0.0,19.13
2025-02-12 11:00:00+00:00,0.0,18.8
2025-02-12 12:00:00+00:00,0.0,18.55
2025-02-12 13:00:00+00:00,0.0,18.25
2025-02-12 14:00:00+00:00,0.0,18.06
2025-02-12 15:00:00+00:00,0.0,17.72
2025-02-12 16:00:00+00:00,0.0,17.0
2025-02-12 17:00:00+00:00,0.0,15.9
2025-02-12 18:00:00+00:00,0.0,15.05
2025-02-12 19:00:00+00:00,0.0,14.74
2025-02-12 20:00:00+00:00,0.0,14.62
2025-02-12 21:00:00+00:00,0.0,14.39
2025-02-12 22:00:00+00:00,0.0,13.96
2025-02-12 23:00:00+00:00,31.42,14.23
2025-02-13 00:00:00+00:00,115.0,15.44
2025-02-13 01:00:00+00:00,143.57,17.15
2025-02-13 02:00:00+00:00,258.12,19.05
2025-02-13 03:00:00+00:00,304.62,20.24
2025-02-13 04:00:00+00:00,320.1,20.88
2025-02-13 05:00:00+00:00,371.95,21.16
2025-02-13 06:00:00+00:00,302.45,21.2
2025-02-13 07:00:00+00:00,229.85,20.91
2025-02-13 08:00:00+00:00,137.93,20.23
2025-02-13 09:00:00+00:00,48.97,19.14
2025-02-13 10:00:00+00:00,0.0,17.74
2025-02-13 11:00:00+00:00,0.0,17.12
2025-02-13 12:00:00+00:00,0.0,16.66
2025-02-13 13:00:00+00:00,0.0,16.27
2025-02-13 14:00:00+00:00,0.0,15.95
2025-02-13 15:00:00+00:00,0.0,15.73
2025-02-13 16:00:00+00:00,0.0,15.53
2025-02-13 17:00:00+00:00,0.0,15.31
2025-02-13 18:00:00+00:00,0.0,15.09
2025-02-13 19:00:00+00:00,0.0,14.87
2025-02-13 20:00:00+00:00,0.0,14.7
2025-02-13 21:00:00+00:00,0.0,14.48
2025-02-13 22:00:00+00:00,0.0,14.31
2025-02-13 23:00:00+00:00,34.22,15.11
2025-02-14 00:00:00+00:00,118.65,16.13
2025-02-14 01:00:00+00:00,198.27,17.28
2025-02-14 02:00:00+00:00,273.17,18.4
2025-02-14 03:00:00+00:00,354.4,19.37
2025-02-14 04:00:00+00:00,281.1,20.12
2025-02-14 05:00:00+00:00,334.73,20.74
2025-02-14 06:00:00+00:00,339.85,21.05
2025-02-14 07:00:00+00:00,235.45,21.02
2025-02-14 08:00:00+00:00,158.5,20.58
2025-02-14 09:00:00+00:00,66.32,19.68
2025-02-14 10:00:00+00:00,0.0,18.19
2025-02-14 11:00:00+00:00,0.0,17.53
2025-02-14 12:00:00+00:00,0.0,17.14
2025-02-14 13:00:00+00:00,0.0,16.85
2025-02-14 14:00:00+00:00,0.0,16.64
2025-02-14 15:00:00+00:00,0.0,16.49
2025-02-14 16:00:00+00:00,0.0,16.41
2025-02-14 17:00:00+00:00,0.0,16.32
2025-02-14 18:00:00+00:00,0.0,16.19
2025-02-14 19:00:00+00:00,0.0,16.01
2025-02-14 20:00:00+00:00,0.0,15.82
2025-02-14 21:00:00+00:00,0.0,15.59
2025-02-14 22:00:00+00:00,0.0,15.37
2025-02-14 23:00:00+00:00,45.35,16.24
2025-02-15 00:00:00+00:00,167.95,17.59
2025-02-15 01:00:00+00:00,304.83,19.19
2025-02-15 02:00:00+00:00,403.55,20.5
2025-02-15 03:00:00+00:00,433.98,21.69
2025-02-15 04:00:00+00:00,422.35,22.68
2025-02-15 05:00:00+00:00,412.62,23.35
2025-02-15 06:00:00+00:00,493.92,23.79
2025-02-15 07:00:00+00:00,435.27,23.74
2025-02-15 08:00:00+00:00,260.42,23.3
2025-02-15 09:00:00+00:00,93.5,22.25
2025-02-15 10:00:00+00:00,0.0,20.46
2025-02-15 11:00:00+00:00,0.0,19.7
2025-02-15 12:00:00+00:00,0.0,19.11
2025-02-15 13:00:00+00:00,0.0,18.69
2025-02-15 14:00:00+00:00,0.0,18.46
2025-02-15 15:00:00+00:00,0.0,18.25
2025-02-15 16:00:00+00:00,0.0,18.07
2025-02-15 17:00:00+00:00,0.0,17.92
2025-02-15 18:00:00+00:00,0.0,17.82
2025-02-15 19:00:00+00:00,0.0,17.67
2025-02-15 20:00:00+00:00,0.0,17.42
2025-02-15 21:00:00+00:00,0.0,17.02
2025-02-15 22:00:00+00:00,0.0,16.54
2025-02-15 23:00:00+00:00,51.25,16.84
2025-02-16 00:00:00+00:00,229.07,17.68
2025-02-16 01:00:00+00:00,448.1,19.3
2025-02-16 02:00:00+00:00,632.78,21.09
2025-02-16 03:00:00+00:00,743.42,22.97
2025-02-16 04:00:00+00:00,745.67,24.25
2025-02-16 05:00:00+00:00,707.4,25.15
2025-02-16 06:00:00+00:00,585.7,25.76
2025-02-16 07:00:00+00:00,434.15,25.92
2025-02-16 08:00:00+00:00,259.1,25.62
2025-02-16 09:00:00+00:00,91.5,24.51
2025-02-16 10:00:00+00:00,0.0,22.61
2025-02-16 11:00:00+00:00,0.0,21.42
2025-02-16 12:00:00+00:00,0.0,20.43
2025-02-16 13:00:00+00:00,0.0,19.48
2025-02-16 14:00:00+00:00,0.0,18.6
2025-02-16 15:00:00+00:00,0.0,17.82
2025-02-16 16:00:00+00:00,0.0,17.1
2025-02-16 17:00:00+00:00,0.0,16.46
2025-02-16 18:00:00+00:00,0.0,15.97
2025-02-16 19:00:00+00:00,0.0,15.63
2025-02-16 20:00:00+00:00,0.0,15.42
2025-02-16 21:00:00+00:00,0.0,15.29
2025-02-16 22:00:00+00:00,0.0,15.22
2025-02-16 23:00:00+00:00,37.72,16.26
2025-02-17 00:00:00+00:00,151.5,17.73
2025-02-17 01:00:00+00:00,273.98,19.17
2025-02-17 02:00:00+00:00,433.9,20.33
2025-02-17 03:00:00+00:00,556.95,21.17
2025-02-17 04:00:00+00:00,628.15,21.83
2025-02-17 05:00:00+00:00,548.33,22.18
2025-02-17 06:00:00+00:00,586.6,22.16
2025-02-17 07:00:00+00:00,388.75,21.77
2025-02-17 08:00:00+00:00,224.8,21.05
2025-02-17 09:00:00+00:00,74.8,19.99
2025-02-17 10:00:00+00:00,0.0,18.62
2025-02-17 11:00:00+00:00,0.0,18.05
2025-02-17 12:00:00+00:00,0.0,17.64
2025-02-17 13:00:00+00:00,0.0,17.26
2025-02-17 14:00:00+00:00,0.0,16.89
2025-02-17 15:00:00+00:00,0.0,16.62
2025-02-17 16:00:00+00:00,0.0,16.29
2025-02-17 17:00:00+00:00,0.0,15.97
2025-02-17 18:00:00+00:00,0.0,15.65
2025-02-17 19:00:00+00:00,0.0,15.34
2025-02-17 20:00:00+00:00,0.0,15.07
2025-02-17 21:00:00+00:00,0.0,14.84
2025-02-17 22:00:00+00:00,0.0,14.67
2025-02-17 23:00:00+00:00,37.08,15.8
2025-02-18 00:00:00+00:00,154.12,17.05
2025-02-18 01:00:00+00:00,332.62,18.34
2025-02-18 02:00:00+00:00,498.42,19.62
2025-02-18 03:00:00+00:00,580.35,20.51
2025-02-18 04:00:00+00:00,524.47,21.17
2025-02-18 05:00:00+00:00,518.12,21.68
2025-02-18 06:00:00+00:00,503.2,21.93
2025-02-18 07:00:00+00:00,320.33,21.88
2025-02-18 08:00:00+00:00,161.27,21.45
2025-02-18 09:00:00+00:00,52.25,20.5
2025-02-18 10:00:00+00:00,0.0,18.94
2025-02-18 11:00:00+00:00,0.0,18.16
2025-02-18 12:00:00+00:00,0.0,17.54
2025-02-18 13:00:00+00:00,0.0,17.02
2025-02-18 14:00:00+00:00,0.0,16.5
2025-02-18 15:00:00+00:00,0.0,16.23
2025-02-18 16:00:00+00:00,0.0,16.02
2025-02-18 17:00:00+00:00,0.0,15.7
2025-02-18 18:00:00+00:00,0.0,15.49
2025-02-18 19:00:00+00:00,0.0,15.46
2025-02-18 20:00:00+00:00,0.0,15.45
2025-02-18 21:00:00+00:00,0.0,15.44
2025-02-18 22:00:00+00:00,0.0,15.37
2025-02-18 23:00:00+00:00,30.52,15.54
2025-02-19 00:00:00+00:00,134.6,16.08
2025-02-19 01:00:00+00:00,301.8,16.92
2025-02-19 02:00:00+00:00,445.3,17.85
2025-02-19 03:00:00+00:00,512.47,18.83
2025-02-19 04:00:00+00:00,553.75,19.61
2025-02-19 05:00:00+00:00,445.0,20.31
2025-02-19 06:00:00+00:00,383.35,20.65
2025-02-19 07:00:00+00:00,335.4,20.59
2025-02-19 08:00:00+00:00,196.38,20.21
2025-02-19 09:00:00+00:00,74.82,19.35
2025-02-19 10:00:00+00:00,0.0,17.96
2025-02-19 11:00:00+00:00,0.0,17.33
2025-02-19 12:00:00+00:00,0.0,16.9
2025-02-19 13:00:00+00:00,0.0,16.56
2025-02-19 14:00:00+00:00,0.0,16.25
2025-02-19 15:00:00+00:00,0.0,16.02
2025-02-19 16:00:00+00:00,0.0,15.85
2025-02-19 17:00:00+00:00,0.0,15.64
2025-02-19 18:00:00+00:00,0.0,15.41
2025-02-19 19:00:00+00:00,0.0,15.23
2025-02-19 20:00:00+00:00,0.0,14.98
2025-02-19 21:00:00+00:00,0.0,14.81
2025-02-19 22:00:00+00:00,0.0,14.82
2025-02-19 23:00:00+00:00,26.0,15.75
2025-02-20 00:00:00+00:00,109.85,16.95
2025-02-20 01:00:00+00:00,233.45,18.22
2025-02-20 02:00:00+00:00,431.23,19.44
2025-02-20 03:00:00+00:00,613.78,20.49
2025-02-20 04:00:00+00:00,698.65,21.17
2025-02-20 05:00:00+00:00,577.33,21.59
2025-02-20 06:00:00+00:00,558.05,21.69
2025-02-20 07:00:00+00:00,381.52,21.46
2025-02-20 08:00:00+00:00,220.98,20.85
2025-02-20 09:00:00+00:00,66.88,19.81
2025-02-20 10:00:00+00:00,2.4,18.42
2025-02-20 11:00:00+00:00,0.0,17.76
2025-02-20 12:00:00+00:00,0.0,17.31
2025-02-20 13:00:00+00:00,0.0,17.0
2025-02-20 14:00:00+00:00,0.0,16.79
2025-02-20 15:00:00+00:00,0.0,16.56
2025-02-20 16:00:00+00:00,0.0,16.43
2025-02-20 17:00:00+00:00,0.0,16.31
2025-02-20 18:00:00+00:00,0.0,16.15
2025-02-20 19:00:00+00:00,0.0,15.74
2025-02-20 20:00:00+00:00,0.0,15.43
2025-02-20 21:00:00+00:00,0.0,15.05
2025-02-20 22:00:00+00:00,0.0,14.74
2025-02-20 23:00:00+00:00,12.23,15.29
2025-02-21 00:00:00+00:00,64.75,16.39
2025-02-21 01:00:00+00:00,138.62,17.75
2025-02-21 02:00:00+00:00,186.73,19.14
2025-02-21 03:00:00+00:00,280.1,20.15
2025-02-21 04:00:00+00:00,335.0,20.74
2025-02-21 05:00:00+00:00,359.75,21.17
2025-02-21 06:00:00+00:00,426.75,21.3
2025-02-21 07:00:00+00:00,354.5,21.04
2025-02-21 08:00:00+00:00,201.45,20.55
2025-02-21 09:00:00+00:00,66.47,19.89
2025-02-21 10:00:00+00:00,2.47,19.01
2025-02-21 11:00:00+00:00,0.0,18.35
2025-02-21 12:00:00+00:00,0.0,17.81
2025-02-21 13:00:00+00:00,0.0,17.39
2025-02-21 14:00:00+00:00,0.0,17.0
2025-02-21 15:00:00+00:00,0.0,16.75
2025-02-21 16:00:00+00:00,0.0,16.56
2025-02-21 17:00:00+00:00,0.0,16.3
2025-02-21 18:00:00+00:00,0.0,16.0
2025-02-21 19:00:00+00:00,0.0,15.71
2025-02-21 20:00:00+00:00,0.0,15.45
2025-02-21 21:00:00+00:00,0.0,15.24
2025-02-21 22:00:00+00:00,0.0,15.09
2025-02-21 23:00:00+00:00,14.43,15.34
2025-02-22 00:00:00+00:00,68.12,15.93
2025-02-22 01:00:00+00:00,138.7,16.71
2025-02-22 02:00:00+00:00,208.35,17.5
2025-02-22 03:00:00+00:00,252.57,18.21
2025-02-22 04:00:00+00:00,273.25,18.83
2025-02-22 05:00:00+00:00,247.35,19.29
2025-02-22 06:00:00+00:00,262.35,19.53
2025-02-22 07:00:00+00:00,204.35,19.57
2025-02-22 08:00:00+00:00,126.05,19.24
2025-02-22 09:00:00+00:00,44.17,18.67
2025-02-22 10:00:00+00:00,2.03,17.94
2025-02-22 11:00:00+00:00,0.0,17.55
2025-02-22 12:00:00+00:00,0.0,17.29
2025-02-22 13:00:00+00:00,0.0,17.16
2025-02-22 14:00:00+00:00,0.0,17.03
2025-02-22 15:00:00+00:00,0.0,16.86
2025-02-22 16:00:00+00:00,0.0,16.6
2025-02-22 17:00:00+00:00,0.0,16.07
2025-02-22 18:00:00+00:00,0.0,15.33
2025-02-22 19:00:00+00:00,0.0,14.58
2025-02-22 20:00:00+00:00,0.0,14.04
2025-02-22 21:00:00+00:00,0.0,13.73
2025-02-22 22:00:00+00:00,0.0,13.58
2025-02-22 23:00:00+00:00,18.2,13.92
2025-02-23 00:00:00+00:00,67.18,14.92
2025-02-23 01:00:00+00:00,138.0,16.47
2025-02-23 02:00:00+00:00,199.27,18.14
2025-02-23 03:00:00+00:00,362.25,19.4
2025-02-23 04:00:00+00:00,365.6,20.19
2025-02-23 05:00:00+00:00,320.92,20.67
2025-02-23 06:00:00+00:00,285.48,20.79
2025-02-23 07:00:00+00:00,201.98,20.5
2025-02-23 08:00:00+00:00,117.45,19.78
2025-02-23 09:00:00+00:00,42.92,18.85
2025-02-23 10:00:00+00:00,1.77,17.7
2025-02-23 11:00:00+00:00,0.0,16.44
2025-02-23 12:00:00+00:00,0.0,14.89
2025-02-23 13:00:00+00:00,0.0,13.52
2025-02-23 14:00:00+00:00,0.0,12.71
2025-02-23 15:00:00+00:00,0.0,12.4
2025-02-23 16:00:00+00:00,0.0,12.32
2025-02-23 17:00:00+00:00,0.0,12.22
2025-02-23 18:00:00+00:00,0.0,12.13
2025-02-23 19:00:00+00:00,0.0,12.05
2025-02-23 20:00:00+00:00,0.0,11.96
2025-02-23 21:00:00+00:00,0.0,11.7
2025-02-23 22:00:00+00:00,0.0,11.42
2025-02-23 23:00:00+00:00,36.42,11.93
2025-02-24 00:00:00+00:00,115.78,13.3
2025-02-24 01:00:00+00:00,224.38,14.97
2025-02-24 02:00:00+00:00,427.48,16.41
2025-02-24 03:00:00+00:00,680.95,17.56
2025-02-24 04:00:00+00:00,815.12,18.41
2025-02-24 05:00:00+00:00,787.55,19.03
2025-02-24 06:00:00+00:00,634.25,19.42
2025-02-24 07:00:00+00:00,463.67,19.5
2025-02-24 08:00:00+00:00,272.7,19.17
2025-02-24 09:00:00+00:00,90.35,18.4
2025-02-24 10:00:00+00:00,3.22,16.87
2025-02-24 11:00:00+00:00,0.0,16.21
2025-02-24 12:00:00+00:00,0.0,15.95
2025-02-24 13:00:00+00:00,0.0,15.74
2025-02-24 14:00:00+00:00,0.0,15.51
2025-02-24 15:00:00+00:00,0.0,15.34
2025-02-24 16:00:00+00:00,0.0,15.15
2025-02-24 17:00:00+00:00,0.0,14.91
2025-02-24 18:00:00+00:00,0.0,14.63
2025-02-24 19:00:00+00:00,0.0,14.44
2025-02-24 20:00:00+00:00,0.0,14.29
2025-02-24 21:00:00+00:00,0.0,14.1
2025-02-24 22:00:00+00:00,0.0,13.92
2025-02-24 23:00:00+00:00,35.03,14.29
2025-02-25 00:00:00+00:00,107.53,15.03
2025-02-25 01:00:00+00:00,209.77,16.08
2025-02-25 02:00:00+00:00,311.25,17.25
2025-02-25 03:00:00+00:00,322.27,18.37
2025-02-25 04:00:00+00:00,324.95,19.39
2025-02-25 05:00:00+00:00,324.83,20.12
2025-02-25 06:00:00+00:00,345.3,20.53
2025-02-25 07:00:00+00:00,269.33,20.63
2025-02-25 08:00:00+00:00,165.38,20.41
2025-02-25 09:00:00+00:00,58.92,19.86
2025-02-25 10:00:00+00:00,2.42,18.89
2025-02-25 11:00:00+00:00,0.0,18.32
2025-02-25 12:00:00+00:00,0.0,17.74
2025-02-25 13:00:00+00:00,0.0,17.22
2025-02-25 14:00:00+00:00,0.0,16.73
2025-02-25 15:00:00+00:00,0.0,16.3
2025-02-25 16:00:00+00:00,0.0,15.96
2025-02-25 17:00:00+00:00,0.0,15.71
2025-02-25 18:00:00+00:00,0.0,15.64
2025-02-25 19:00:00+00:00,0.0,15.53
2025-02-25 20:00:00+00:00,0.0,15.36
2025-02-25 21:00:00+00:00,0.0,15.22
2025-02-25 22:00:00+00:00,0.0,15.03
2025-02-25 23:00:00+00:00,25.48,15.35
2025-02-26 00:00:00+00:00,76.45,16.1
2025-02-26 01:00:00+00:00,135.52,17.22
2025-02-26 02:00:00+00:00,251.18,18.56
2025-02-26 03:00:00+00:00,375.25,19.64
2025-02-26 04:00:00+00:00,368.8,20.26
2025-02-26 05:00:00+00:00,381.25,20.58
2025-02-26 06:00:00+00:00,326.9,20.62
2025-02-26 07:00:00+00:00,245.3,20.37
2025-02-26 08:00:00+00:00,150.65,19.87
2025-02-26 09:00:00+00:00,60.5,19.15
2025-02-26 10:00:00+00:00,2.62,18.23
2025-02-26 11:00:00+00:00,0.0,17.71
2025-02-26 12:00:00+00:00,0.0,17.38
2025-02-26 13:00:00+00:00,0.0,17.12
2025-02-26 14:00:00+00:00,0.0,16.82
2025-02-26 15:00:00+00:00,0.0,16.51
2025-02-26 16:00:00+00:00,0.0,16.27
2025-02-26 17:00:00+00:00,0.0,16.04
2025-02-26 18:00:00+00:00,0.0,15.83
2025-02-26 19:00:00+00:00,0.0,15.65
2025-02-26 20:00:00+00:00,0.0,15.5
2025-02-26 21:00:00+00:00,0.0,15.33
2025-02-26 22:00:00+00:00,0.0,15.19
2025-02-26 23:00:00+00:00,58.08,16.27
2025-02-27 00:00:00+00:00,210.75,17.38
2025-02-27 01:00:00+00:00,396.95,18.69
2025-02-27 02:00:00+00:00,555.95,19.89
2025-02-27 03:00:00+00:00,661.58,20.97
2025-02-27 04:00:00+00:00,733.35,21.85
2025-02-27 05:00:00+00:00,649.47,22.54
2025-02-27 06:00:00+00:00,701.25,22.77
2025-02-27 07:00:00+00:00,498.02,22.63
2025-02-27 08:00:00+00:00,308.73,22.18
2025-02-27 09:00:00+00:00,113.18,21.3
2025-02-27 10:00:00+00:00,4.72,19.71
2025-02-27 11:00:00+00:00,0.0,18.94
2025-02-27 12:00:00+00:00,0.0,18.38
2025-02-27 13:00:00+00:00,0.0,17.91
2025-02-27 14:00:00+00:00,0.0,17.54
2025-02-27 15:00:00+00:00,0.0,17.29
2025-02-27 16:00:00+00:00,0.0,17.08
2025-02-27 17:00:00+00:00,0.0,16.93
2025-02-27 18:00:00+00:00,0.0,16.87
2025-02-27 19:00:00+00:00,0.0,16.75
2025-02-27 20:00:00+00:00,0.0,16.5
2025-02-27 21:00:00+00:00,0.0,16.28
2025-02-27 22:00:00+00:00,0.0,16.19
2025-02-27 23:00:00+00:00,84.18,17.64
2025-02-28 00:00:00+00:00,291.95,19.37
2025-02-28 01:00:00+00:00,526.92,21.09
2025-02-28 02:00:00+00:00,714.47,22.41
2025-02-28 03:00:00+00:00,808.5,23.28
2025-02-28 04:00:00+00:00,861.1,23.94
2025-02-28 05:00:00+00:00,794.38,24.31
2025-02-28 06:00:00+00:00,677.22,24.36
2025-02-28 07:00:00+00:00,549.92,24.1
2025-02-28 08:00:00+00:00,337.7,23.49
2025-02-28 09:00:00+00:00,124.12,22.45
2025-02-28 10:00:00+00:00,5.1,20.7
2025-02-28 11:00:00+00:00,0.0,20.0
2025-02-28 12:00:00+00:00,0.0,19.55
2025-02-28 13:00:00+00:00,0.0,19.21
2025-02-28 14:00:00+00:00,0.0,18.99
2025-02-28 15:00:00+00:00,0.0,18.82
2025-02-28 16:00:00+00:00,0.0,18.8
2025-02-28 17:00:00+00:00,0.0,18.91
2025-02-28 18:00:00+00:00,0.0,19.02
2025-02-28 19:00:00+00:00,0.0,19.13
2025-02-28 20:00:00+00:00,0.0,19.17
2025-02-28 21:00:00+00:00,0.0,19.15
2025-02-28 22:00:00+00:00,0.0,19.12
2025-02-28 23:00:00+00:00,82.72,19.92
2025-03-01 00:00:00+00:00,185.8,20.9
2025-03-01 01:00:00+00:00,324.15,22.26
2025-03-01 02:00:00+00:00,332.2,23.31
2025-03-01 03:00:00+00:00,429.0,23.84
2025-03-01 04:00:00+00:00,375.65,23.97
2025-03-01 05:00:00+00:00,428.33,23.88
2025-03-01 06:00:00+00:00,404.88,23.63
2025-03-01 07:00:00+00:00,303.88,23.28
2025-03-01 08:00:00+00:00,182.23,22.79
2025-03-01 09:00:00+00:00,71.22,22.06
2025-03-01 10:00:00+00:00,3.28,21.16
2025-03-01 11:00:00+00:00,0.0,20.75
2025-03-01 12:00:00+00:00,0.0,20.48
2025-03-01 13:00:00+00:00,0.0,20.15
2025-03-01 14:00:00+00:00,0.0,19.89
2025-03-01 15:00:00+00:00,0.0,19.78
2025-03-01 16:00:00+00:00,0.0,19.81
2025-03-01 17:00:00+00:00,0.0,19.89
2025-03-01 18:00:00+00:00,0.0,19.86
2025-03-01 19:00:00+00:00,0.0,19.85
2025-03-01 20:00:00+00:00,0.0,19.9
2025-03-01 21:00:00+00:00,0.0,19.97
2025-03-01 22:00:00+00:00,0.0,20.0
2025-03-01 23:00:00+00:00,59.25,21.31
2025-03-02 00:00:00+00:00,166.15,22.64
2025-03-02 01:00:00+00:00,294.15,23.91
2025-03-02 02:00:00+00:00,426.02,25.0
2025-03-02 03:00:00+00:00,551.6,25.86
2025-03-02 04:00:00+00:00,647.97,26.42
2025-03-02 05:00:00+00:00,517.9,26.71
2025-03-02 06:00:00+00:00,562.28,26.68
2025-03-02 07:00:00+00:00,460.8,26.29
2025-03-02 08:00:00+00:00,284.85,25.55
2025-03-02 09:00:00+00:00,105.1,24.44
2025-03-02 10:00:00+00:00,5.12,23.07
2025-03-02 11:00:00+00:00,0.0,22.23
2025-03-02 12:00:00+00:00,0.0,21.68
2025-03-02 13:00:00+00:00,0.0,21.29
2025-03-02 14:00:00+00:00,0.0,20.93
2025-03-02 15:00:00+00:00,0.0,20.63
2025-03-02 16:00:00+00:00,0.0,20.38
2025-03-02 17:00:00+00:00,0.0,20.2
2025-03-02 18:00:00+00:00,0.0,20.11
2025-03-02 19:00:00+00:00,0.0,20.07
2025-03-02 20:00:00+00:00,0.0,20.1
2025-03-02 21:00:00+00:00,0.0,20.24
2025-03-02 22:00:00+00:00,0.0,20.41
2025-03-02 23:00:00+00:00,62.45,21.52
2025-03-03 00:00:00+00:00,182.15,22.77
2025-03-03 01:00:00+00:00,336.1,24.11
2025-03-03 02:00:00+00:00,409.38,25.25
2025-03-03 03:00:00+00:00,560.62,25.98
2025-03-03 04:00:00+00:00,510.75,26.34
2025-03-03 05:00:00+00:00,504.12,26.44
2025-03-03 06:00:00+00:00,437.35,26.21
2025-03-03 07:00:00+00:00,250.4,25.7
2025-03-03 08:00:00+00:00,155.52,24.89
2025-03-03 09:00:00+00:00,51.03,23.96
2025-03-03 10:00:00+00:00,3.5,22.92
2025-03-03 11:00:00+00:00,0.0,22.25
2025-03-03 12:00:00+00:00,0.0,21.8
2025-03-03 13:00:00+00:00,0.0,21.5
2025-03-03 14:00:00+00:00,0.0,21.35
2025-03-03 15:00:00+00:00,0.0,21.36
2025-03-03 16:00:00+00:00,0.0,21.42
2025-03-03 17:00:00+00:00,0.0,21.43
2025-03-03 18:00:00+00:00,0.0,21.45
2025-03-03 19:00:00+00:00,0.0,21.16
2025-03-03 20:00:00+00:00,0.0,20.92
2025-03-03 21:00:00+00:00,0.0,20.95
2025-03-03 22:00:00+00:00,0.0,20.9
2025-03-03 23:00:00+00:00,41.47,20.87
2025-03-04 00:00:00+00:00,128.52,20.92
2025-03-04 01:00:00+00:00,239.75,21.4
2025-03-04 02:00:00+00:00,265.05,22.19
2025-03-04 03:00:00+00:00,299.05,23.09
2025-03-04 04:00:00+00:00,240.62,24.05
2025-03-04 05:00:00+00:00,232.07,25.13
2025-03-04 06:00:00+00:00,154.73,25.74
2025-03-04 07:00:00+00:00,167.18,25.54
2025-03-04 08:00:00+00:00,105.3,24.95
2025-03-04 09:00:00+00:00,42.03,24.04
2025-03-04 10:00:00+00:00,2.88,22.67
2025-03-04 11:00:00+00:00,0.0,21.91
2025-03-04 12:00:00+00:00,0.0,21.32
2025-03-04 13:00:00+00:00,0.0,20.85
2025-03-04 14:00:00+00:00,0.0,20.41
2025-03-04 15:00:00+00:00,0.0,19.98
2025-03-04 16:00:00+00:00,0.0,19.49
2025-03-04 17:00:00+00:00,0.0,18.94
2025-03-04 18:00:00+00:00,0.0,18.31
2025-03-04 19:00:00+00:00,0.0,17.55
2025-03-04 20:00:00+00:00,0.0,16.74
2025-03-04 21:00:00+00:00,0.0,16.07
2025-03-04 22:00:00+00:00,0.0,15.53
2025-03-04 23:00:00+00:00,29.95,15.64
2025-03-05 00:00:00+00:00,68.25,16.65
2025-03-05 01:00:00+00:00,101.25,18.19
2025-03-05 02:00:00+00:00,123.93,19.52
2025-03-05 03:00:00+00:00,159.9,20.56
2025-03-05 04:00:00+00:00,157.32,21.18
2025-03-05 05:00:00+00:00,169.27,21.46
2025-03-05 06:00:00+00:00,186.85,21.54
2025-03-05 07:00:00+00:00,87.07,21.34
2025-03-05 08:00:00+00:00,92.6,20.86
2025-03-05 09:00:00+00:00,32.42,20.26
2025-03-05 10:00:00+00:00,2.08,19.55
2025-03-05 11:00:00+00:00,0.0,19.03
2025-03-05 12:00:00+00:00,0.0,18.6
2025-03-05 13:00:00+00:00,0.0,18.15
2025-03-05 14:00:00+00:00,0.0,17.51
2025-03-05 15:00:00+00:00,0.0,16.81
2025-03-05 16:00:00+00:00,0.0,16.1
2025-03-05 17:00:00+00:00,0.0,15.38
2025-03-05 18:00:00+00:00,0.0,14.71
2025-03-05 19:00:00+00:00,0.0,14.11
2025-03-05 20:00:00+00:00,0.0,13.6
2025-03-05 21:00:00+00:00,0.0,13.13
2025-03-05 22:00:00+00:00,0.0,12.75
2025-03-05 23:00:00+00:00,29.62,12.8
2025-03-06 00:00:00+00:00,72.32,13.43
2025-03-06 01:00:00+00:00,114.5,14.44
2025-03-06 02:00:00+00:00,158.75,15.7
2025-03-06 03:00:00+00:00,204.73,16.56
2025-03-06 04:00:00+00:00,208.55,17.13
2025-03-06 05:00:00+00:00,202.12,17.53
2025-03-06 06:00:00+00:00,165.55,17.94
2025-03-06 07:00:00+00:00,121.85,18.09
2025-03-06 08:00:00+00:00,74.72,17.86
2025-03-06 09:00:00+00:00,32.3,17.3
2025-03-06 10:00:00+00:00,2.28,16.46
2025-03-06 11:00:00+00:00,0.0,15.53
2025-03-06 12:00:00+00:00,0.0,14.66
2025-03-06 13:00:00+00:00,0.0,14.0
2025-03-06 14:00:00+00:00,0.0,13.45
2025-03-06 15:00:00+00:00,0.0,13.04
2025-03-06 16:00:00+00:00,0.0,12.75
2025-03-06 17:00:00+00:00,0.0,12.58
2025-03-06 18:00:00+00:00,0.0,12.69
2025-03-06 19:00:00+00:00,0.0,12.94
2025-03-06 20:00:00+00:00,0.0,13.13
2025-03-06 21:00:00+00:00,0.0,13.17
2025-03-06 22:00:00+00:00,0.88,13.1
2025-03-06 23:00:00+00:00,15.9,13.34
2025-03-07 00:00:00+00:00,46.05,14.11
2025-03-07 01:00:00+00:00,69.55,14.91
2025-03-07 02:00:00+00:00,84.2,15.27
2025-03-07 03:00:00+00:00,108.82,15.36
2025-03-07 04:00:00+00:00,114.15,15.69
2025-03-07 05:00:00+00:00,160.18,16.23
2025-03-07 06:00:00+00:00,148.6,16.41
2025-03-07 07:00:00+00:00,117.78,16.13
2025-03-07 08:00:00+00:00,73.18,15.47
2025-03-07 09:00:00+00:00,30.35,14.93
2025-03-07 10:00:00+00:00,1.8,14.38
2025-03-07 11:00:00+00:00,0.0,14.04
2025-03-07 12:00:00+00:00,0.0,13.64
2025-03-07 13:00:00+00:00,0.0,13.11
2025-03-07 14:00:00+00:00,0.0,12.59
2025-03-07 15:00:00+00:00,0.0,12.25
2025-03-07 16:00:00+00:00,0.0,12.08
2025-03-07 17:00:00+00:00,0.0,11.95
2025-03-07 18:00:00+00:00,0.0,11.86
2025-03-07 19:00:00+00:00,0.0,11.83
2025-03-07 20:00:00+00:00,0.0,11.93
2025-03-07 21:00:00+00:00,0.0,12.07
2025-03-07 22:00:00+00:00,2.38,12.16
2025-03-07 23:00:00+00:00,45.65,13.15
2025-03-08 00:00:00+00:00,152.75,14.48
2025-03-08 01:00:00+00:00,288.6,16.03
2025-03-08 02:00:00+00:00,342.23,17.41
2025-03-08 03:00:00+00:00,502.83,18.53
2025-03-08 04:00:00+00:00,647.92,19.41
2025-03-08 05:00:00+00:00,536.75,20.02
2025-03-08 06:00:00+00:00,651.0,20.37
2025-03-08 07:00:00+00:00,512.62,20.41
2025-03-08 08:00:00+00:00,309.88,20.24
2025-03-08 09:00:00+00:00,114.5,19.83
2025-03-08 10:00:00+00:00,5.75,18.97
2025-03-08 11:00:00+00:00,0.0,18.33
2025-03-08 12:00:00+00:00,0.0,17.91
2025-03-08 13:00:00+00:00,0.0,17.55
2025-03-08 14:00:00+00:00,0.0,17.2
2025-03-08 15:00:00+00:00,0.0,16.93
2025-03-08 16:00:00+00:00,0.0,16.69
2025-03-08 17:00:00+00:00,0.0,16.49
2025-03-08 18:00:00+00:00,0.0,16.32
2025-03-08 19:00:00+00:00,0.0,16.16
2025-03-08 20:00:00+00:00,0.0,15.95
2025-03-08 21:00:00+00:00,0.0,15.79
2025-03-08 22:00:00+00:00,3.17,15.68
2025-03-08 23:00:00+00:00,83.75,16.39
2025-03-09 00:00:00+00:00,268.15,17.38
2025-03-09 01:00:00+00:00,475.12,18.58
2025-03-09 02:00:00+00:00,630.58,19.74
2025-03-09 03:00:00+00:00,709.25,20.55
2025-03-09 04:00:00+00:00,762.78,21.11
2025-03-09 05:00:00+00:00,624.35,21.49
2025-03-09 06:00:00+00:00,629.17,21.65
2025-03-09 07:00:00+00:00,407.9,21.65
2025-03-09 08:00:00+00:00,202.07,21.43
2025-03-09 09:00:00+00:00,76.2,20.83
2025-03-09 10:00:00+00:00,4.75,19.64
2025-03-09 11:00:00+00:00,0.0,18.98
2025-03-09 12:00:00+00:00,0.0,18.56
2025-03-09 13:00:00+00:00,0.0,18.27
2025-03-09 14:00:00+00:00,0.0,18.05
2025-03-09 15:00:00+00:00,0.0,17.91
2025-03-09 16:00:00+00:00,0.0,17.82
2025-03-09 17:00:00+00:00,0.0,17.74
2025-03-09 18:00:00+00:00,0.0,17.65
2025-03-09 19:00:00+00:00,0.0,17.46
2025-03-09 20:00:00+00:00,0.0,17.24
2025-03-09 21:00:00+00:00,0.0,17.08
2025-03-09 22:00:00+00:00,2.15,17.06
2025-03-09 23:00:00+00:00,39.9,17.79
2025-03-10 00:00:00+00:00,162.02,18.97
2025-03-10 01:00:00+00:00,300.6,20.25
2025-03-10 02:00:00+00:00,410.9,21.28
2025-03-10 03:00:00+00:00,488.7,22.32
2025-03-10 04:00:00+00:00,655.33,23.19
2025-03-10 05:00:00+00:00,490.98,23.61
2025-03-10 06:00:00+00:00,481.45,23.76
2025-03-10 07:00:00+00:00,368.8,23.7
2025-03-10 08:00:00+00:00,197.48,23.33
2025-03-10 09:00:00+00:00,81.12,22.56
2025-03-10 10:00:00+00:00,5.1,21.07
2025-03-10 11:00:00+00:00,0.0,20.28
2025-03-10 12:00:00+00:00,0.0,19.77
2025-03-10 13:00:00+00:00,0.0,19.44
2025-03-10 14:00:00+00:00,0.0,19.18
2025-03-10 15:00:00+00:00,0.0,18.93
2025-03-10 16:00:00+00:00,0.0,18.76
2025-03-10 17:00:00+00:00,0.0,18.71
2025-03-10 18:00:00+00:00,0.0,18.62
2025-03-10 19:00:00+00:00,0.0,18.55
2025-03-10 20:00:00+00:00,0.0,18.51
2025-03-10 21:00:00+00:00,0.0,18.46
2025-03-10 22:00:00+00:00,3.22,18.44
2025-03-10 23:00:00+00:00,40.72,19.22
2025-03-11 00:00:00+00:00,135.23,20.56
2025-03-11 01:00:00+00:00,229.05,22.32
2025-03-11 02:00:00+00:00,376.33,23.82
2025-03-11 03:00:00+00:00,596.42,24.83
2025-03-11 04:00:00+00:00,594.65,25.43
2025-03-11 05:00:00+00:00,484.6,25.72
2025-03-11 06:00:00+00:00,386.65,25.69
2025-03-11 07:00:00+00:00,317.77,25.34
2025-03-11 08:00:00+00:00,182.73,24.64
2025-03-11 09:00:00+00:00,67.12,23.68
2025-03-11 10:00:00+00:00,3.83,22.46
2025-03-11 11:00:00+00:00,0.0,21.72
2025-03-11 12:00:00+00:00,0.0,21.26
2025-03-11 13:00:00+00:00,0.0,20.91
2025-03-11 14:00:00+00:00,0.0,20.62
2025-03-11 15:00:00+00:00,0.0,20.36
2025-03-11 16:00:00+00:00,0.0,20.11
2025-03-11 17:00:00+00:00,0.0,19.9
2025-03-11 18:00:00+00:00,0.0,19.73
2025-03-11 19:00:00+00:00,0.0,19.69
2025-03-11 20:00:00+00:00,0.0,19.7
2025-03-11 21:00:00+00:00,0.0,19.57
2025-03-11 22:00:00+00:00,4.12,19.47
2025-03-11 23:00:00+00:00,65.18,20.32
2025-03-12 00:00:00+00:00,157.2,21.93
2025-03-12 01:00:00+00:00,245.07,23.69
2025-03-12 02:00:00+00:00,317.45,24.96
2025-03-12 03:00:00+00:00,450.75,25.8
2025-03-12 04:00:00+00:00,554.08,26.34
2025-03-12 05:00:00+00:00,486.35,26.52
2025-03-12 06:00:00+00:00,360.5,26.32
2025-03-12 07:00:00+00:00,383.8,25.81
2025-03-12 08:00:00+00:00,221.52,24.84
2025-03-12 09:00:00+00:00,87.88,23.76
2025-03-12 10:00:00+00:00,6.47,22.57
2025-03-12 11:00:00+00:00,0.0,21.84
2025-03-12 12:00:00+00:00,0.0,21.48
2025-03-12 13:00:00+00:00,0.0,21.25
2025-03-12 14:00:00+00:00,0.0,21.09
2025-03-12 15:00:00+00:00,0.0,20.96
2025-03-12 16:00:00+00:00,0.0,20.81
2025-03-12 17:00:00+00:00,0.0,20.76
2025-03-12 18:00:00+00:00,0.0,20.78
2025-03-12 19:00:00+00:00,0.0,20.8
2025-03-12 20:00:00+00:00,0.0,20.82
2025-03-12 21:00:00+00:00,0.0,20.79
2025-03-12 22:00:00+00:00,4.78,20.82
2025-03-12 23:00:00+00:00,109.43,21.61
2025-03-13 00:00:00+00:00,288.15,23.07
2025-03-13 01:00:00+00:00,483.0,24.66
2025-03-13 02:00:00+00:00,687.88,26.29
2025-03-13 03:00:00+00:00,748.15,27.61
2025-03-13 04:00:00+00:00,672.65,28.57
2025-03-13 05:00:00+00:00,662.2,28.84
2025-03-13 06:00:00+00:00,577.1,28.56
2025-03-13 07:00:00+00:00,346.58,27.95
2025-03-13 08:00:00+00:00,226.48,27.02
2025-03-13 09:00:00+00:00,88.55,25.79
2025-03-13 10:00:00+00:00,6.12,23.97
2025-03-13 11:00:00+00:00,0.0,22.91
2025-03-13 12:00:00+00:00,0.0,22.36
2025-03-13 13:00:00+00:00,0.0,22.07
2025-03-13 14:00:00+00:00,0.0,21.93
2025-03-13 15:00:00+00:00,0.0,21.76
2025-03-13 16:00:00+00:00,0.0,21.56
2025-03-13 17:00:00+00:00,0.0,21.38
2025-03-13 18:00:00+00:00,0.0,21.22
2025-03-13 19:00:00+00:00,0.0,21.06
2025-03-13 20:00:00+00:00,0.0,20.89
2025-03-13 21:00:00+00:00,0.0,20.76
2025-03-13 22:00:00+00:00,4.28,20.74
2025-03-13 23:00:00+00:00,54.53,21.32
2025-03-14 00:00:00+00:00,141.25,22.44
2025-03-14 01:00:00+00:00,200.8,23.59
2025-03-14 02:00:00+00:00,260.0,24.64
2025-03-14 03:00:00+00:00,369.7,25.38
2025-03-14 04:00:00+00:00,443.27,25.81
2025-03-14 05:00:00+00:00,426.45,25.92
2025-03-14 06:00:00+00:00,382.7,25.8
2025-03-14 07:00:00+00:00,244.07,25.46
2025-03-14 08:00:00+00:00,150.7,24.82
2025-03-14 09:00:00+00:00,59.1,23.78
2025-03-14 10:00:00+00:00,5.05,22.47
2025-03-14 11:00:00+00:00,0.0,21.67
2025-03-14 12:00:00+00:00,0.0,21.22
2025-03-14 13:00:00+00:00,0.0,20.95
2025-03-14 14:00:00+00:00,0.0,20.8
2025-03-14 15:00:00+00:00,0.0,20.72
2025-03-14 16:00:00+00:00,0.0,20.69
2025-03-14 17:00:00+00:00,0.0,20.64
2025-03-14 18:00:00+00:00,0.0,20.57
2025-03-14 19:00:00+00:00,0.0,20.48
2025-03-14 20:00:00+00:00,0.0,20.38
2025-03-14 21:00:00+00:00,0.0,20.26
2025-03-14 22:00:00+00:00,3.4,20.23
2025-03-14 23:00:00+00:00,52.28,20.98
2025-03-15 00:00:00+00:00,154.32,22.44
2025-03-15 01:00:00+00:00,273.73,24.07
2025-03-15 02:00:00+00:00,400.38,25.46
2025-03-15 03:00:00+00:00,529.45,26.16
2025-03-15 04:00:00+00:00,558.67,26.54
2025-03-15 05:00:00+00:00,441.7,26.67
2025-03-15 06:00:00+00:00,421.17,26.47
2025-03-15 07:00:00+00:00,205.48,25.75
2025-03-15 08:00:00+00:00,151.55,24.76
2025-03-15 09:00:00+00:00,60.95,23.67
2025-03-15 10:00:00+00:00,4.38,22.62
2025-03-15 11:00:00+00:00,0.0,21.61
2025-03-15 12:00:00+00:00,0.0,20.02
2025-03-15 13:00:00+00:00,0.0,17.86
2025-03-15 14:00:00+00:00,0.0,15.86
2025-03-15 15:00:00+00:00,0.0,15.11
2025-03-15 16:00:00+00:00,0.0,14.93
2025-03-15 17:00:00+00:00,0.0,14.61
2025-03-15 18:00:00+00:00,0.0,14.28
2025-03-15 19:00:00+00:00,0.0,14.08
2025-03-15 20:00:00+00:00,0.0,13.94
2025-03-15 21:00:00+00:00,0.0,13.68
2025-03-15 22:00:00+00:00,4.75,13.39
2025-03-15 23:00:00+00:00,76.6,13.57
2025-03-16 00:00:00+00:00,221.77,14.29
2025-03-16 01:00:00+00:00,391.75,15.67
2025-03-16 02:00:00+00:00,520.85,17.27
2025-03-16 03:00:00+00:00,667.58,18.66
2025-03-16 04:00:00+00:00,853.42,19.66
2025-03-16 05:00:00+00:00,815.83,20.25
2025-03-16 06:00:00+00:00,666.3,20.57
2025-03-16 07:00:00+00:00,478.98,20.59
2025-03-16 08:00:00+00:00,270.5,20.17
2025-03-16 09:00:00+00:00,88.65,19.35
2025-03-16 10:00:00+00:00,5.0,18.13
2025-03-16 11:00:00+00:00,0.0,17.32
2025-03-16 12:00:00+00:00,0.0,16.67
2025-03-16 13:00:00+00:00,0.0,15.92
2025-03-16 14:00:00+00:00,0.0,15.08
2025-03-16 15:00:00+00:00,0.0,14.45
2025-03-16 16:00:00+00:00,0.0,14.04
2025-03-16 17:00:00+00:00,0.0,13.63
2025-03-16 18:00:00+00:00,0.0,13.29
2025-03-16 19:00:00+00:00,0.0,13.05
2025-03-16 20:00:00+00:00,0.0,12.85
2025-03-16 21:00:00+00:00,0.0,12.66
2025-03-16 22:00:00+00:00,2.8,12.61
2025-03-16 23:00:00+00:00,50.17,13.32
2025-03-17 00:00:00+00:00,128.45,14.59
2025-03-17 01:00:00+00:00,236.7,16.11
2025-03-17 02:00:00+00:00,382.52,17.47
2025-03-17 03:00:00+00:00,426.27,18.26
2025-03-17 04:00:00+00:00,250.7,18.91
2025-03-17 05:00:00+00:00,372.42,19.58
2025-03-17 06:00:00+00:00,361.9,20.0
2025-03-17 07:00:00+00:00,174.95,20.13
2025-03-17 08:00:00+00:00,89.43,20.0
2025-03-17 09:00:00+00:00,31.23,19.44
2025-03-17 10:00:00+00:00,1.85,18.06
2025-03-17 11:00:00+00:00,0.0,17.32
2025-03-17 12:00:00+00:00,0.0,16.78
2025-03-17 13:00:00+00:00,0.0,16.15
2025-03-17 14:00:00+00:00,0.0,15.57
2025-03-17 15:00:00+00:00,0.0,15.26
2025-03-17 16:00:00+00:00,0.0,15.08
2025-03-17 17:00:00+00:00,0.0,14.92
2025-03-17 18:00:00+00:00,0.0,14.89
2025-03-17 19:00:00+00:00,0.0,14.75
2025-03-17 20:00:00+00:00,0.0,14.58
2025-03-17 21:00:00+00:00,0.0,14.35
2025-03-17 22:00:00+00:00,1.65,14.06
2025-03-17 23:00:00+00:00,28.6,14.47
2025-03-18 00:00:00+00:00,82.97,15.7
2025-03-18 01:00:00+00:00,125.22,17.15
2025-03-18 02:00:00+00:00,303.85,18.58
2025-03-18 03:00:00+00:00,481.9,19.69
2025-03-18 04:00:00+00:00,592.97,20.42
2025-03-18 05:00:00+00:00,422.85,20.91
2025-03-18 06:00:00+00:00,330.12,21.17
2025-03-18 07:00:00+00:00,216.3,21.14
2025-03-18 08:00:00+00:00,142.3,20.78
2025-03-18 09:00:00+00:00,63.17,20.09
2025-03-18 10:00:00+00:00,6.0,18.48
2025-03-18 11:00:00+00:00,0.0,17.66
2025-03-18 12:00:00+00:00,0.0,17.02
2025-03-18 13:00:00+00:00,0.0,16.31
2025-03-18 14:00:00+00:00,0.0,15.59
2025-03-18 15:00:00+00:00,0.0,15.01
2025-03-18 16:00:00+00:00,0.0,14.61
2025-03-18 17:00:00+00:00,0.0,14.24
2025-03-18 18:00:00+00:00,0.0,13.9
2025-03-18 19:00:00+00:00,0.0,13.59
2025-03-18 20:00:00+00:00,0.0,13.69
2025-03-18 21:00:00+00:00,0.0,13.5
2025-03-18 22:00:00+00:00,8.12,13.24
2025-03-18 23:00:00+00:00,131.73,14.13
2025-03-19 00:00:00+00:00,350.33,16.47
2025-03-19 01:00:00+00:00,556.0,18.37
2025-03-19 02:00:00+00:00,736.97,19.7
2025-03-19 03:00:00+00:00,896.42,20.67
2025-03-19 04:00:00+00:00,949.15,21.31
2025-03-19 05:00:00+00:00,892.72,21.74
2025-03-19 06:00:00+00:00,790.0,21.96
2025-03-19 07:00:00+00:00,616.9,22.06
2025-03-19 08:00:00+00:00,367.7,21.93
2025-03-19 09:00:00+00:00,148.82,21.33
2025-03-19 10:00:00+00:00,9.38,19.64
2025-03-19 11:00:00+00:00,0.0,18.79
2025-03-19 12:00:00+00:00,0.0,18.25
2025-03-19 13:00:00+00:00,0.0,17.88
2025-03-19 14:00:00+00:00,0.0,17.49
2025-03-19 15:00:00+00:00,0.0,17.09
2025-03-19 16:00:00+00:00,0.0,16.79
2025-03-19 17:00:00+00:00,0.0,16.47
2025-03-19 18:00:00+00:00,0.0,16.07
2025-03-19 19:00:00+00:00,0.0,15.71
2025-03-19 20:00:00+00:00,0.0,15.28
2025-03-19 21:00:00+00:00,0.0,14.77
2025-03-19 22:00:00+00:00,8.95,14.4
2025-03-19 23:00:00+00:00,137.62,15.8
2025-03-20 00:00:00+00:00,354.98,17.53
2025-03-20 01:00:00+00:00,560.12,19.21
2025-03-20 02:00:00+00:00,737.0,20.72
2025-03-20 03:00:00+00:00,870.62,21.7
2025-03-20 04:00:00+00:00,930.85,22.37
2025-03-20 05:00:00+00:00,891.65,22.89
2025-03-20 06:00:00+00:00,804.42,23.23
2025-03-20 07:00:00+00:00,627.38,23.25
2025-03-20 08:00:00+00:00,404.52,22.81
2025-03-20 09:00:00+00:00,167.32,21.76
2025-03-20 10:00:00+00:00,9.98,19.64
2025-03-20 11:00:00+00:00,0.0,18.53
2025-03-20 12:00:00+00:00,0.0,17.71
2025-03-20 13:00:00+00:00,0.0,17.16
2025-03-20 14:00:00+00:00,0.0,16.86
2025-03-20 15:00:00+00:00,0.0,16.77
2025-03-20 16:00:00+00:00,0.0,16.78
2025-03-20 17:00:00+00:00,0.0,16.69
2025-03-20 18:00:00+00:00,0.0,16.42
2025-03-20 19:00:00+00:00,0.0,15.94
2025-03-20 20:00:00+00:00,0.0,15.42
2025-03-20 21:00:00+00:00,0.0,14.88
2025-03-20 22:00:00+00:00,9.05,14.56
2025-03-20 23:00:00+00:00,121.15,16.1
2025-03-21 00:00:00+00:00,323.73,18.24
2025-03-21 01:00:00+00:00,538.95,20.5
2025-03-21 02:00:00+00:00,743.8,21.81
2025-03-21 03:00:00+00:00,866.72,22.76
2025-03-21 04:00:00+00:00,943.1,23.44
2025-03-21 05:00:00+00:00,897.17,23.87
2025-03-21 06:00:00+00:00,772.95,23.99
2025-03-21 07:00:00+00:00,587.38,23.78
2025-03-21 08:00:00+00:00,362.48,23.24
2025-03-21 09:00:00+00:00,163.88,22.18
2025-03-21 10:00:00+00:00,9.52,19.95
2025-03-21 11:00:00+00:00,0.0,18.92
2025-03-21 12:00:00+00:00,0.0,18.38
2025-03-21 13:00:00+00:00,0.0,18.0
2025-03-21 14:00:00+00:00,0.0,17.74
2025-03-21 15:00:00+00:00,0.0,17.57
2025-03-21 16:00:00+00:00,0.0,17.51
2025-03-21 17:00:00+00:00,0.0,17.48
2025-03-21 18:00:00+00:00,0.0,17.36
2025-03-21 19:00:00+00:00,0.0,17.05
2025-03-21 20:00:00+00:00,0.0,16.55
2025-03-21 21:00:00+00:00,0.0,16.06
2025-03-21 22:00:00+00:00,10.95,15.81
2025-03-21 23:00:00+00:00,170.3,17.32
2025-03-22 00:00:00+00:00,364.1,19.42
2025-03-22 01:00:00+00:00,584.65,21.58
2025-03-22 02:00:00+00:00,760.0,23.17
2025-03-22 03:00:00+00:00,870.9,24.2
2025-03-22 04:00:00+00:00,943.92,24.89
2025-03-22 05:00:00+00:00,908.45,25.34
2025-03-22 06:00:00+00:00,802.95,25.48
2025-03-22 07:00:00+00:00,622.4,25.29
2025-03-22 08:00:00+00:00,395.92,24.76
2025-03-22 09:00:00+00:00,159.23,23.71
2025-03-22 10:00:00+00:00,10.45,21.28
2025-03-22 11:00:00+00:00,0.0,20.02
2025-03-22 12:00:00+00:00,0.0,19.3
2025-03-22 13:00:00+00:00,0.0,18.81
2025-03-22 14:00:00+00:00,0.0,18.52
2025-03-22 15:00:00+00:00,0.0,18.38
2025-03-22 16:00:00+00:00,0.0,18.38
2025-03-22 17:00:00+00:00,0.0,18.54
2025-03-22 18:00:00+00:00,0.0,18.72
2025-03-22 19:00:00+00:00,0.0,18.53
2025-03-22 20:00:00+00:00,0.0,17.77
2025-03-22 21:00:00+00:00,0.0,17.09
2025-03-22 22:00:00+00:00,12.18,16.8
2025-03-22 23:00:00+00:00,175.75,18.05
2025-03-23 00:00:00+00:00,411.55,19.96
2025-03-23 01:00:00+00:00,629.22,22.83
2025-03-23 02:00:00+00:00,797.88,24.53
2025-03-23 03:00:00+00:00,900.88,25.51
2025-03-23 04:00:00+00:00,950.75,26.14
2025-03-23 05:00:00+00:00,908.85,26.42
2025-03-23 06:00:00+00:00,786.0,26.38
2025-03-23 07:00:00+00:00,553.3,26.06
2025-03-23 08:00:00+00:00,360.45,25.4
2025-03-23 09:00:00+00:00,140.75,24.28
2025-03-23 10:00:00+00:00,9.0,22.08
2025-03-23 11:00:00+00:00,0.0,21.0
2025-03-23 12:00:00+00:00,0.0,20.34
2025-03-23 13:00:00+00:00,0.0,19.86
2025-03-23 14:00:00+00:00,0.0,19.5
2025-03-23 15:00:00+00:00,0.0,19.17
2025-03-23 16:00:00+00:00,0.0,18.8
2025-03-23 17:00:00+00:00,0.0,18.46
2025-03-23 18:00:00+00:00,0.0,18.14
2025-03-23 19:00:00+00:00,0.0,17.88
2025-03-23 20:00:00+00:00,0.0,17.71
2025-03-23 21:00:00+00:00,0.0,17.56
2025-03-23 22:00:00+00:00,12.55,17.52
2025-03-23 23:00:00+00:00,175.93,18.71
2025-03-24 00:00:00+00:00,408.8,20.72
2025-03-24 01:00:00+00:00,624.15,23.24
2025-03-24 02:00:00+00:00,791.6,25.03
2025-03-24 03:00:00+00:00,894.62,26.32
2025-03-24 04:00:00+00:00,938.72,27.16
2025-03-24 05:00:00+00:00,899.97,27.71
2025-03-24 06:00:00+00:00,745.3,27.98
2025-03-24 07:00:00+00:00,497.25,27.8
2025-03-24 08:00:00+00:00,334.3,27.13
2025-03-24 09:00:00+00:00,129.48,25.69
2025-03-24 10:00:00+00:00,8.8,23.21
2025-03-24 11:00:00+00:00,0.0,21.83
2025-03-24 12:00:00+00:00,0.0,21.03
2025-03-24 13:00:00+00:00,0.0,20.44
2025-03-24 14:00:00+00:00,0.0,19.99
2025-03-24 15:00:00+00:00,0.0,19.65
2025-03-24 16:00:00+00:00,0.0,19.41
2025-03-24 17:00:00+00:00,0.0,19.2
2025-03-24 18:00:00+00:00,0.0,19.03
2025-03-24 19:00:00+00:00,0.0,18.91
2025-03-24 20:00:00+00:00,0.0,18.83
2025-03-24 21:00:00+00:00,0.0,18.85
2025-03-24 22:00:00+00:00,12.65,19.0
2025-03-24 23:00:00+00:00,145.3,20.23
2025-03-25 00:00:00+00:00,359.12,21.95
2025-03-25 01:00:00+00:00,573.65,23.65
2025-03-25 02:00:00+00:00,744.17,25.2
2025-03-25 03:00:00+00:00,851.62,26.33
2025-03-25 04:00:00+00:00,919.08,27.18
2025-03-25 05:00:00+00:00,873.0,27.62
2025-03-25 06:00:00+00:00,748.65,27.69
2025-03-25 07:00:00+00:00,509.75,27.35
2025-03-25 08:00:00+00:00,356.17,26.58
2025-03-25 09:00:00+00:00,138.6,25.21
2025-03-25 10:00:00+00:00,10.1,22.94
2025-03-25 11:00:00+00:00,0.0,21.78
2025-03-25 12:00:00+00:00,0.0,21.15
2025-03-25 13:00:00+00:00,0.0,20.74
2025-03-25 14:00:00+00:00,0.0,20.44
2025-03-25 15:00:00+00:00,0.0,20.2
2025-03-25 16:00:00+00:00,0.0,19.99
2025-03-25 17:00:00+00:00,0.0,19.81
2025-03-25 18:00:00+00:00,0.0,19.68
2025-03-25 19:00:00+00:00,0.0,19.64
2025-03-25 20:00:00+00:00,0.0,19.63
2025-03-25 21:00:00+00:00,0.0,19.66
2025-03-25 22:00:00+00:00,12.25,19.87
2025-03-25 23:00:00+00:00,131.75,21.48
2025-03-26 00:00:00+00:00,334.23,22.82
2025-03-26 01:00:00+00:00,550.0,23.93
2025-03-26 02:00:00+00:00,732.5,24.9
2025-03-26 03:00:00+00:00,852.1,25.59
2025-03-26 04:00:00+00:00,893.55,26.05
2025-03-26 05:00:00+00:00,842.78,26.28
2025-03-26 06:00:00+00:00,741.22,26.22
2025-03-26 07:00:00+00:00,541.2,25.83
2025-03-26 08:00:00+00:00,347.62,25.1
2025-03-26 09:00:00+00:00,143.52,24.04
2025-03-26 10:00:00+00:00,10.52,22.68
2025-03-26 11:00:00+00:00,0.0,22.01
2025-03-26 12:00:00+00:00,0.0,21.69
2025-03-26 13:00:00+00:00,0.0,21.43
2025-03-26 14:00:00+00:00,0.0,21.32
2025-03-26 15:00:00+00:00,0.0,21.25
2025-03-26 16:00:00+00:00,0.0,21.19
2025-03-26 17:00:00+00:00,0.0,21.09
2025-03-26 18:00:00+00:00,0.0,21.05
2025-03-26 19:00:00+00:00,0.0,21.03
2025-03-26 20:00:00+00:00,0.0,21.0
2025-03-26 21:00:00+00:00,0.0,20.99
2025-03-26 22:00:00+00:00,12.0,21.29
2025-03-26 23:00:00+00:00,104.38,22.52
2025-03-27 00:00:00+00:00,258.05,23.63
2025-03-27 01:00:00+00:00,428.73,24.71
2025-03-27 02:00:00+00:00,548.08,25.62
2025-03-27 03:00:00+00:00,562.65,26.35
2025-03-27 04:00:00+00:00,679.95,26.94
2025-03-27 05:00:00+00:00,674.38,27.17
2025-03-27 06:00:00+00:00,549.03,27.01
2025-03-27 07:00:00+00:00,423.08,26.58
2025-03-27 08:00:00+00:00,262.02,25.95
2025-03-27 09:00:00+00:00,111.4,25.16
2025-03-27 10:00:00+00:00,9.82,24.19
2025-03-27 11:00:00+00:00,0.0,23.62
2025-03-27 12:00:00+00:00,0.0,23.37
2025-03-27 13:00:00+00:00,0.0,23.22
2025-03-27 14:00:00+00:00,0.0,23.13
2025-03-27 15:00:00+00:00,0.0,23.02
2025-03-27 16:00:00+00:00,0.0,22.88
2025-03-27 17:00:00+00:00,0.0,22.78
2025-03-27 18:00:00+00:00,0.0,22.72
2025-03-27 19:00:00+00:00,0.0,22.68
2025-03-27 20:00:00+00:00,0.0,22.6
2025-03-27 21:00:00+00:00,0.0,22.52
2025-03-27 22:00:00+00:00,9.3,22.72
2025-03-27 23:00:00+00:00,60.12,23.92
2025-03-28 00:00:00+00:00,152.95,25.21
2025-03-28 01:00:00+00:00,211.52,26.28
2025-03-28 02:00:00+00:00,322.48,26.91
2025-03-28 03:00:00+00:00,430.0,27.35
2025-03-28 04:00:00+00:00,515.03,27.75
2025-03-28 05:00:00+00:00,502.9,28.02
2025-03-28 06:00:00+00:00,461.58,27.99
2025-03-28 07:00:00+00:00,257.0,27.52
2025-03-28 08:00:00+00:00,144.12,26.63
2025-03-28 09:00:00+00:00,51.55,25.7
2025-03-28 10:00:00+00:00,4.62,24.56
2025-03-28 11:00:00+00:00,0.0,23.68
2025-03-28 12:00:00+00:00,0.0,22.83
2025-03-28 13:00:00+00:00,0.0,21.79
2025-03-28 14:00:00+00:00,0.0,20.45
2025-03-28 15:00:00+00:00,0.0,19.08
2025-03-28 16:00:00+00:00,0.0,18.23
2025-03-28 17:00:00+00:00,0.0,17.62
2025-03-28 18:00:00+00:00,0.0,16.84
2025-03-28 19:00:00+00:00,0.0,16.0
2025-03-28 20:00:00+00:00,0.0,15.34
2025-03-28 21:00:00+00:00,0.0,14.82
2025-03-28 22:00:00+00:00,3.62,14.49
2025-03-28 23:00:00+00:00,24.7,14.83
2025-03-29 00:00:00+00:00,62.1,15.84
2025-03-29 01:00:00+00:00,89.18,17.37
2025-03-29 02:00:00+00:00,145.88,19.14
2025-03-29 03:00:00+00:00,156.5,20.01
2025-03-29 04:00:00+00:00,218.32,20.24
2025-03-29 05:00:00+00:00,159.02,20.34
2025-03-29 06:00:00+00:00,121.53,20.25
2025-03-29 07:00:00+00:00,99.8,19.86
2025-03-29 08:00:00+00:00,84.2,19.18
2025-03-29 09:00:00+00:00,33.22,18.28
2025-03-29 10:00:00+00:00,3.1,17.18
2025-03-29 11:00:00+00:00,0.0,16.18
2025-03-29 12:00:00+00:00,0.0,15.34
2025-03-29 13:00:00+00:00,0.0,14.58
2025-03-29 14:00:00+00:00,0.0,13.93
2025-03-29 15:00:00+00:00,0.0,13.6
2025-03-29 16:00:00+00:00,0.0,13.44
2025-03-29 17:00:00+00:00,0.0,13.3
2025-03-29 18:00:00+00:00,0.0,13.12
2025-03-29 19:00:00+00:00,0.0,12.93
2025-03-29 20:00:00+00:00,0.0,12.77
2025-03-29 21:00:00+00:00,0.0,12.58
2025-03-29 22:00:00+00:00,3.78,12.6
2025-03-29 23:00:00+00:00,34.12,13.26
2025-03-30 00:00:00+00:00,69.38,14.43
2025-03-30 01:00:00+00:00,95.35,15.59
2025-03-30 02:00:00+00:00,126.45,16.49
2025-03-30 03:00:00+00:00,147.18,17.2
2025-03-30 04:00:00+00:00,183.88,17.81
2025-03-30 05:00:00+00:00,153.23,18.33
2025-03-30 06:00:00+00:00,82.53,18.64
2025-03-30 07:00:00+00:00,60.55,18.59
2025-03-30 08:00:00+00:00,56.47,18.1
2025-03-30 09:00:00+00:00,24.25,17.21
2025-03-30 10:00:00+00:00,2.62,16.08
2025-03-30 11:00:00+00:00,0.0,14.98
2025-03-30 12:00:00+00:00,0.0,13.96
2025-03-30 13:00:00+00:00,0.0,13.08
2025-03-30 14:00:00+00:00,0.0,12.34
2025-03-30 15:00:00+00:00,0.0,12.01
2025-03-30 16:00:00+00:00,0.0,11.94
2025-03-30 17:00:00+00:00,0.0,12.0
2025-03-30 18:00:00+00:00,0.0,12.12
2025-03-30 19:00:00+00:00,0.0,12.21
2025-03-30 20:00:00+00:00,0.0,12.31
2025-03-30 21:00:00+00:00,0.0,12.33
2025-03-30 22:00:00+00:00,4.95,12.32
2025-03-30 23:00:00+00:00,43.95,12.6
2025-03-31 00:00:00+00:00,98.07,13.13
2025-03-31 01:00:00+00:00,153.48,13.93
2025-03-31 02:00:00+00:00,204.75,15.17
2025-03-31 03:00:00+00:00,216.25,16.33
2025-03-31 04:00:00+00:00,217.7,17.2
2025-03-31 05:00:00+00:00,205.32,17.74
2025-03-31 06:00:00+00:00,144.18,17.89
2025-03-31 07:00:00+00:00,124.97,17.66
2025-03-31 08:00:00+00:00,74.38,17.16
2025-03-31 09:00:00+00:00,32.1,16.5
2025-03-31 10:00:00+00:00,2.8,15.58
2025-03-31 11:00:00+00:00,0.0,14.62
2025-03-31 12:00:00+00:00,0.0,13.68
2025-03-31 13:00:00+00:00,0.0,12.91
2025-03-31 14:00:00+00:00,0.0,12.38
2025-03-31 15:00:00+00:00,0.0,12.21
2025-03-31 16:00:00+00:00,0.0,12.23
2025-03-31 17:00:00+00:00,0.0,12.28
2025-03-31 18:00:00+00:00,0.0,12.35
2025-03-31 19:00:00+00:00,0.0,12.36
2025-03-31 20:00:00+00:00,0.0,12.38
2025-03-31 21:00:00+00:00,0.0,12.35
2025-03-31 22:00:00+00:00,9.82,12.28
2025-03-31 23:00:00+00:00,71.88,12.86
2025-04-01 00:00:00+00:00,207.9,13.99
2025-04-01 01:00:00+00:00,290.4,15.34
2025-04-01 02:00:00+00:00,426.55,16.9
2025-04-01 03:00:00+00:00,687.38,18.24
2025-04-01 04:00:00+00:00,598.72,19.38
2025-04-01 05:00:00+00:00,546.15,20.4
2025-04-01 06:00:00+00:00,382.67,21.17
2025-04-01 07:00:00+00:00,341.88,21.57
2025-04-01 08:00:00+00:00,200.3,21.55
2025-04-01 09:00:00+00:00,76.78,21.07
2025-04-01 10:00:00+00:00,7.53,19.53
2025-04-01 11:00:00+00:00,0.0,18.56
2025-04-01 12:00:00+00:00,0.0,17.85
2025-04-01 13:00:00+00:00,0.0,17.11
2025-04-01 14:00:00+00:00,0.0,16.42
2025-04-01 15:00:00+00:00,0.0,15.85
2025-04-01 16:00:00+00:00,0.0,15.4
2025-04-01 17:00:00+00:00,0.0,15.04
2025-04-01 18:00:00+00:00,0.0,14.76
2025-04-01 19:00:00+00:00,0.0,14.52
2025-04-01 20:00:00+00:00,0.0,14.31
2025-04-01 21:00:00+00:00,0.0,14.09
2025-04-01 22:00:00+00:00,12.52,14.23
2025-04-01 23:00:00+00:00,112.35,15.64
2025-04-02 00:00:00+00:00,386.0,17.24
2025-04-02 01:00:00+00:00,594.4,18.72
2025-04-02 02:00:00+00:00,763.5,19.91
2025-04-02 03:00:00+00:00,780.3,20.86
2025-04-02 04:00:00+00:00,890.0,21.62
2025-04-02 05:00:00+00:00,833.15,22.09
2025-04-02 06:00:00+00:00,678.55,22.45
2025-04-02 07:00:00+00:00,543.15,22.62
2025-04-02 08:00:00+00:00,334.58,22.45
2025-04-02 09:00:00+00:00,134.3,21.83
2025-04-02 10:00:00+00:00,8.38,20.31
2025-04-02 11:00:00+00:00,0.0,19.07
2025-04-02 12:00:00+00:00,0.0,18.2
2025-04-02 13:00:00+00:00,0.0,17.64
2025-04-02 14:00:00+00:00,0.0,17.21
2025-04-02 15:00:00+00:00,0.0,16.93
2025-04-02 16:00:00+00:00,0.0,16.82
2025-04-02 17:00:00+00:00,0.0,16.84
2025-04-02 18:00:00+00:00,0.0,16.9
2025-04-02 19:00:00+00:00,0.0,16.87
2025-04-02 20:00:00+00:00,0.0,16.73
2025-04-02 21:00:00+00:00,0.0,16.41
2025-04-02 22:00:00+00:00,18.9,16.23
2025-04-02 23:00:00+00:00,182.73,17.48
2025-04-03 00:00:00+00:00,405.15,19.06
2025-04-03 01:00:00+00:00,589.6,20.92
2025-04-03 02:00:00+00:00,748.28,22.32
2025-04-03 03:00:00+00:00,839.62,23.26
2025-04-03 04:00:00+00:00,902.8,23.93
2025-04-03 05:00:00+00:00,846.78,24.35
2025-04-03 06:00:00+00:00,703.03,24.47
2025-04-03 07:00:00+00:00,565.28,24.25
2025-04-03 08:00:00+00:00,349.6,23.69
2025-04-03 09:00:00+00:00,141.12,22.73
2025-04-03 10:00:00+00:00,9.05,20.78
2025-04-03 11:00:00+00:00,0.0,19.61
2025-04-03 12:00:00+00:00,0.0,18.98
2025-04-03 13:00:00+00:00,0.0,18.55
2025-04-03 14:00:00+00:00,0.0,18.23
2025-04-03 15:00:00+00:00,0.0,17.97
2025-04-03 16:00:00+00:00,0.0,17.71
2025-04-03 17:00:00+00:00,0.0,17.43
2025-04-03 18:00:00+00:00,0.0,17.14
2025-04-03 19:00:00+00:00,0.0,16.85
2025-04-03 20:00:00+00:00,0.0,16.61
2025-04-03 21:00:00+00:00,0.0,16.39
2025-04-03 22:00:00+00:00,19.8,16.57
2025-04-03 23:00:00+00:00,149.43,18.24
2025-04-04 00:00:00+00:00,339.35,19.59
2025-04-04 01:00:00+00:00,515.6,20.78
2025-04-04 02:00:00+00:00,563.42,21.89
2025-04-04 03:00:00+00:00,548.75,22.69
2025-04-04 04:00:00+00:00,451.45,23.13
2025-04-04 05:00:00+00:00,312.73,23.36
2025-04-04 06:00:00+00:00,251.52,23.33
2025-04-04 07:00:00+00:00,172.82,23.05
2025-04-04 08:00:00+00:00,84.78,22.5
2025-04-04 09:00:00+00:00,31.75,21.8
2025-04-04 10:00:00+00:00,2.75,21.02
2025-04-04 11:00:00+00:00,0.0,20.48
2025-04-04 12:00:00+00:00,0.0,20.18
2025-04-04 13:00:00+00:00,0.0,19.96
2025-04-04 14:00:00+00:00,0.0,19.76
2025-04-04 15:00:00+00:00,0.0,19.56
2025-04-04 16:00:00+00:00,0.0,19.42
2025-04-04 17:00:00+00:00,0.0,19.3
2025-04-04 18:00:00+00:00,0.0,19.18
2025-04-04 19:00:00+00:00,0.0,19.08
2025-04-04 20:00:00+00:00,0.0,18.96
2025-04-04 21:00:00+00:00,0.0,18.82
2025-04-04 22:00:00+00:00,4.9,18.76
2025-04-04 23:00:00+00:00,40.22,19.08
2025-04-05 00:00:00+00:00,76.97,19.62
2025-04-05 01:00:00+00:00,91.9,20.34
2025-04-05 02:00:00+00:00,100.95,21.01
2025-04-05 03:00:00+00:00,136.5,21.42
2025-04-05 04:00:00+00:00,157.88,21.74
2025-04-05 05:00:00+00:00,154.68,22.03
2025-04-05 06:00:00+00:00,124.75,22.27
2025-04-05 07:00:00+00:00,97.75,22.29
2025-04-05 08:00:00+00:00,55.4,22.14
2025-04-05 09:00:00+00:00,21.95,21.7
2025-04-05 10:00:00+00:00,2.22,20.82
2025-04-05 11:00:00+00:00,0.0,20.16
2025-04-05 12:00:00+00:00,0.0,19.7
2025-04-05 13:00:00+00:00,0.0,19.24
2025-04-05 14:00:00+00:00,0.0,18.78
2025-04-05 15:00:00+00:00,0.0,18.46
2025-04-05 16:00:00+00:00,0.0,18.28
2025-04-05 17:00:00+00:00,0.0,18.09
2025-04-05 18:00:00+00:00,0.0,17.91
2025-04-05 19:00:00+00:00,0.0,17.72
2025-04-05 20:00:00+00:00,0.0,17.54
2025-04-05 21:00:00+00:00,0.0,17.36
2025-04-05 22:00:00+00:00,17.05,17.47
2025-04-05 23:00:00+00:00,124.1,18.48
2025-04-06 00:00:00+00:00,293.33,20.08
2025-04-06 01:00:00+00:00,478.67,21.6
2025-04-06 02:00:00+00:00,592.5,22.88
2025-04-06 03:00:00+00:00,590.22,23.97
2025-04-06 04:00:00+00:00,434.4,24.89
2025-04-06 05:00:00+00:00,307.23,25.63
2025-04-06 06:00:00+00:00,160.57,26.09
2025-04-06 07:00:00+00:00,112.53,26.09
2025-04-06 08:00:00+00:00,68.35,25.8
2025-04-06 09:00:00+00:00,28.83,25.06
2025-04-06 10:00:00+00:00,2.67,23.26
2025-04-06 11:00:00+00:00,0.0,21.86
2025-04-06 12:00:00+00:00,0.0,20.97
2025-04-06 13:00:00+00:00,0.0,20.35
2025-04-06 14:00:00+00:00,0.0,19.91
2025-04-06 15:00:00+00:00,0.0,19.59
2025-04-06 16:00:00+00:00,0.0,19.39
2025-04-06 17:00:00+00:00,0.0,19.23
2025-04-06 18:00:00+00:00,0.0,19.09
2025-04-06 19:00:00+00:00,0.0,18.96
2025-04-06 20:00:00+00:00,0.0,18.91
2025-04-06 21:00:00+00:00,0.0,18.71
2025-04-06 22:00:00+00:00,19.05,18.81
2025-04-06 23:00:00+00:00,131.23,19.98
2025-04-07 00:00:00+00:00,299.98,21.88
2025-04-07 01:00:00+00:00,463.88,23.44
2025-04-07 02:00:00+00:00,646.22,24.57
2025-04-07 03:00:00+00:00,761.42,25.34
2025-04-07 04:00:00+00:00,811.33,25.89
2025-04-07 05:00:00+00:00,865.97,26.24
2025-04-07 06:00:00+00:00,734.78,26.27
2025-04-07 07:00:00+00:00,534.78,26.11
2025-04-07 08:00:00+00:00,328.85,25.56
2025-04-07 09:00:00+00:00,131.02,24.63
2025-04-07 10:00:00+00:00,11.45,22.92
2025-04-07 11:00:00+00:00,0.0,21.75
2025-04-07 12:00:00+00:00,0.0,21.13
2025-04-07 13:00:00+00:00,0.0,20.65
2025-04-07 14:00:00+00:00,0.0,20.31
2025-04-07 15:00:00+00:00,0.0,19.99
2025-04-07 16:00:00+00:00,0.0,19.8
2025-04-07 17:00:00+00:00,0.0,19.67
2025-04-07 18:00:00+00:00,0.0,19.51
2025-04-07 19:00:00+00:00,0.0,19.32
2025-04-07 20:00:00+00:00,0.0,19.17
2025-04-07 21:00:00+00:00,0.0,19.12
2025-04-07 22:00:00+00:00,2.88,19.37
2025-04-07 23:00:00+00:00,75.43,20.71
2025-04-08 00:00:00+00:00,154.27,22.45
2025-04-08 01:00:00+00:00,270.62,23.83
2025-04-08 02:00:00+00:00,400.85,25.16
2025-04-08 03:00:00+00:00,484.55,26.25
2025-04-08 04:00:00+00:00,643.45,26.85
2025-04-08 05:00:00+00:00,570.38,27.09
2025-04-08 06:00:00+00:00,405.8,26.84
2025-04-08 07:00:00+00:00,433.55,26.29
2025-04-08 08:00:00+00:00,268.05,25.61
2025-04-08 09:00:00+00:00,116.2,24.77
2025-04-08 10:00:00+00:00,11.65,23.62
2025-04-08 11:00:00+00:00,0.0,22.76
2025-04-08 12:00:00+00:00,0.0,22.28
2025-04-08 13:00:00+00:00,0.0,21.98
2025-04-08 14:00:00+00:00,0.0,21.76
2025-04-08 15:00:00+00:00,0.0,21.5
2025-04-08 16:00:00+00:00,0.0,21.38
2025-04-08 17:00:00+00:00,0.0,21.3
2025-04-08 18:00:00+00:00,0.0,21.38
2025-04-08 19:00:00+00:00,0.0,21.58
2025-04-08 20:00:00+00:00,0.0,21.55
2025-04-08 21:00:00+00:00,0.0,21.43
2025-04-08 22:00:00+00:00,20.1,21.47
2025-04-08 23:00:00+00:00,121.1,22.42
2025-04-09 00:00:00+00:00,295.33,23.61
2025-04-09 01:00:00+00:00,468.38,24.67
2025-04-09 02:00:00+00:00,656.15,25.8
2025-04-09 03:00:00+00:00,778.38,26.73
2025-04-09 04:00:00+00:00,867.58,27.37
2025-04-09 05:00:00+00:00,740.65,27.61
2025-04-09 06:00:00+00:00,658.42,27.5
2025-04-09 07:00:00+00:00,464.75,27.12
2025-04-09 08:00:00+00:00,288.0,26.49
2025-04-09 09:00:00+00:00,121.82,25.64
2025-04-09 10:00:00+00:00,13.1,24.39
2025-04-09 11:00:00+00:00,0.0,23.36
2025-04-09 12:00:00+00:00,0.0,22.72
2025-04-09 13:00:00+00:00,0.0,22.33
2025-04-09 14:00:00+00:00,0.0,22.09
2025-04-09 15:00:00+00:00,0.0,21.92
2025-04-09 16:00:00+00:00,0.0,21.76
2025-04-09 17:00:00+00:00,0.0,21.69
2025-04-09 18:00:00+00:00,0.0,21.63
2025-04-09 19:00:00+00:00,0.0,21.64
2025-04-09 20:00:00+00:00,0.0,21.72
2025-04-09 21:00:00+00:00,0.0,21.77
2025-04-09 22:00:00+00:00,17.6,21.9
2025-04-09 23:00:00+00:00,111.1,22.59
2025-04-10 00:00:00+00:00,247.85,23.45
2025-04-10 01:00:00+00:00,396.38,24.4
2025-04-10 02:00:00+00:00,609.2,25.16
2025-04-10 03:00:00+00:00,752.7,25.66
2025-04-10 04:00:00+00:00,810.7,26.2
2025-04-10 05:00:00+00:00,771.0,26.83
2025-04-10 06:00:00+00:00,631.0,27.32
2025-04-10 07:00:00+00:00,471.95,27.3
2025-04-10 08:00:00+00:00,293.0,26.87
2025-04-10 09:00:00+00:00,122.93,26.17
2025-04-10 10:00:00+00:00,13.38,24.92
2025-04-10 11:00:00+00:00,0.0,23.93
2025-04-10 12:00:00+00:00,0.0,23.4
2025-04-10 13:00:00+00:00,0.0,22.96
2025-04-10 14:00:00+00:00,0.0,22.61
2025-04-10 15:00:00+00:00,0.0,22.29
2025-04-10 16:00:00+00:00,0.0,22.05
2025-04-10 17:00:00+00:00,0.0,21.85
2025-04-10 18:00:00+00:00,0.0,21.7
2025-04-10 19:00:00+00:00,0.0,21.61
2025-04-10 20:00:00+00:00,0.0,21.66
2025-04-10 21:00:00+00:00,0.0,21.63
2025-04-10 22:00:00+00:00,22.95,21.89
2025-04-10 23:00:00+00:00,122.57,23.23
2025-04-11 00:00:00+00:00,234.0,24.76
2025-04-11 01:00:00+00:00,268.92,26.01
2025-04-11 02:00:00+00:00,288.95,26.87
2025-04-11 03:00:00+00:00,354.38,27.39
2025-04-11 04:00:00+00:00,433.25,27.6
2025-04-11 05:00:00+00:00,416.95,27.52
2025-04-11 06:00:00+00:00,336.05,27.23
2025-04-11 07:00:00+00:00,294.7,26.76
2025-04-11 08:00:00+00:00,185.25,26.1
2025-04-11 09:00:00+00:00,90.43,25.23
2025-04-11 10:00:00+00:00,10.98,24.22
2025-04-11 11:00:00+00:00,0.0,23.58
2025-04-11 12:00:00+00:00,0.0,23.42
2025-04-11 13:00:00+00:00,0.0,23.35
2025-04-11 14:00:00+00:00,0.0,23.3
2025-04-11 15:00:00+00:00,0.0,23.27
2025-04-11 16:00:00+00:00,0.0,23.28
2025-04-11 17:00:00+00:00,0.0,23.27
2025-04-11 18:00:00+00:00,0.0,23.21
2025-04-11 19:00:00+00:00,0.0,23.16
2025-04-11 20:00:00+00:00,0.0,23.15
2025-04-11 21:00:00+00:00,0.0,23.22
2025-04-11 22:00:00+00:00,5.93,23.43
2025-04-11 23:00:00+00:00,59.72,23.91
2025-04-12 00:00:00+00:00,112.7,24.61
2025-04-12 01:00:00+00:00,179.68,25.35
2025-04-12 02:00:00+00:00,258.17,25.94
2025-04-12 03:00:00+00:00,289.3,26.33
2025-04-12 04:00:00+00:00,265.67,26.73
2025-04-12 05:00:00+00:00,205.23,26.94
2025-04-12 06:00:00+00:00,177.9,26.41
2025-04-12 07:00:00+00:00,151.18,24.34
2025-04-12 08:00:00+00:00,109.9,21.55
2025-04-12 09:00:00+00:00,46.38,20.15
2025-04-12 10:00:00+00:00,5.22,19.95
2025-04-12 11:00:00+00:00,0.0,19.81
2025-04-12 12:00:00+00:00,0.0,19.68
2025-04-12 13:00:00+00:00,0.0,19.59
2025-04-12 14:00:00+00:00,0.0,19.51
2025-04-12 15:00:00+00:00,0.0,19.34
2025-04-12 16:00:00+00:00,0.0,19.13
2025-04-12 17:00:00+00:00,0.0,18.87
2025-04-12 18:00:00+00:00,0.0,18.46
2025-04-12 19:00:00+00:00,0.0,17.97
2025-04-12 20:00:00+00:00,0.0,17.62
2025-04-12 21:00:00+00:00,0.0,17.27
2025-04-12 22:00:00+00:00,19.27,17.21
2025-04-12 23:00:00+00:00,124.32,18.23
2025-04-13 00:00:00+00:00,279.85,19.88
2025-04-13 01:00:00+00:00,545.4,21.72
2025-04-13 02:00:00+00:00,677.88,23.31
2025-04-13 03:00:00+00:00,642.05,24.47
2025-04-13 04:00:00+00:00,438.1,25.06
2025-04-13 05:00:00+00:00,361.98,24.99
2025-04-13 06:00:00+00:00,259.33,24.8
2025-04-13 07:00:00+00:00,252.23,24.47
2025-04-13 08:00:00+00:00,152.45,23.84
2025-04-13 09:00:00+00:00,86.55,23.04
2025-04-13 10:00:00+00:00,6.75,21.97
2025-04-13 11:00:00+00:00,0.0,21.2
2025-04-13 12:00:00+00:00,0.0,20.67
2025-04-13 13:00:00+00:00,0.0,20.17
2025-04-13 14:00:00+00:00,0.0,19.7
2025-04-13 15:00:00+00:00,0.0,19.29
2025-04-13 16:00:00+00:00,0.0,18.9
2025-04-13 17:00:00+00:00,0.0,18.56
2025-04-13 18:00:00+00:00,0.0,18.24
2025-04-13 19:00:00+00:00,0.0,18.02
2025-04-13 20:00:00+00:00,0.0,17.88
2025-04-13 21:00:00+00:00,0.0,17.61
2025-04-13 22:00:00+00:00,31.35,17.59
2025-04-13 23:00:00+00:00,198.93,19.02
2025-04-14 00:00:00+00:00,453.0,20.73
2025-04-14 01:00:00+00:00,661.22,22.41
2025-04-14 02:00:00+00:00,812.55,23.66
2025-04-14 03:00:00+00:00,885.9,25.13
2025-04-14 04:00:00+00:00,932.95,26.53
2025-04-14 05:00:00+00:00,776.88,27.95
2025-04-14 06:00:00+00:00,693.17,29.26
2025-04-14 07:00:00+00:00,522.05,29.95
2025-04-14 08:00:00+00:00,348.98,29.6
2025-04-14 09:00:00+00:00,157.05,27.83
2025-04-14 10:00:00+00:00,17.67,25.23
2025-04-14 11:00:00+00:00,0.0,23.55
2025-04-14 12:00:00+00:00,0.0,22.15
2025-04-14 13:00:00+00:00,0.0,21.16
2025-04-14 14:00:00+00:00,0.0,20.41
2025-04-14 15:00:00+00:00,0.0,20.03
2025-04-14 16:00:00+00:00,0.0,19.74
2025-04-14 17:00:00+00:00,0.0,19.44
2025-04-14 18:00:00+00:00,0.0,19.24
2025-04-14 19:00:00+00:00,0.0,19.13
2025-04-14 20:00:00+00:00,0.0,19.09
2025-04-14 21:00:00+00:00,0.0,18.98
2025-04-14 22:00:00+00:00,41.95,19.24
2025-04-14 23:00:00+00:00,237.43,21.01
2025-04-15 00:00:00+00:00,477.65,23.07
2025-04-15 01:00:00+00:00,691.9,26.36
2025-04-15 02:00:00+00:00,845.62,27.73
2025-04-15 03:00:00+00:00,953.12,28.4
2025-04-15 04:00:00+00:00,1010.53,28.9
2025-04-15 05:00:00+00:00,973.5,29.16
2025-04-15 06:00:00+00:00,851.2,29.16
2025-04-15 07:00:00+00:00,666.97,28.76
2025-04-15 08:00:00+00:00,429.15,27.89
2025-04-15 09:00:00+00:00,187.48,26.4
2025-04-15 10:00:00+00:00,18.15,24.01
2025-04-15 11:00:00+00:00,0.0,22.87
2025-04-15 12:00:00+00:00,0.0,22.31
2025-04-15 13:00:00+00:00,0.0,21.62
2025-04-15 14:00:00+00:00,0.0,20.93
2025-04-15 15:00:00+00:00,0.0,20.47
2025-04-15 16:00:00+00:00,0.0,20.06
2025-04-15 17:00:00+00:00,0.0,19.79
2025-04-15 18:00:00+00:00,0.0,19.6
2025-04-15 19:00:00+00:00,0.0,19.38
2025-04-15 20:00:00+00:00,0.0,19.11
2025-04-15 21:00:00+00:00,0.0,18.87
2025-04-15 22:00:00+00:00,40.25,19.33
2025-04-15 23:00:00+00:00,210.8,21.44
2025-04-16 00:00:00+00:00,415.45,23.36
2025-04-16 01:00:00+00:00,616.2,24.87
2025-04-16 02:00:00+00:00,774.4,25.98
2025-04-16 03:00:00+00:00,921.9,26.68
2025-04-16 04:00:00+00:00,962.95,27.0
2025-04-16 05:00:00+00:00,878.85,27.07
2025-04-16 06:00:00+00:00,773.47,26.82
2025-04-16 07:00:00+00:00,595.2,26.3
2025-04-16 08:00:00+00:00,381.9,25.52
2025-04-16 09:00:00+00:00,169.95,24.55
2025-04-16 10:00:00+00:00,17.17,23.23
2025-04-16 11:00:00+00:00,0.0,22.28
2025-04-16 12:00:00+00:00,0.0,21.79
2025-04-16 13:00:00+00:00,0.0,21.43
2025-04-16 14:00:00+00:00,0.0,21.27
2025-04-16 15:00:00+00:00,0.0,21.05
2025-04-16 16:00:00+00:00,0.0,20.96
2025-04-16 17:00:00+00:00,0.0,20.93
2025-04-16 18:00:00+00:00,0.0,20.72
2025-04-16 19:00:00+00:00,0.0,20.64
2025-04-16 20:00:00+00:00,0.0,20.71
2025-04-16 21:00:00+00:00,0.0,20.82
2025-04-16 22:00:00+00:00,37.05,21.23
2025-04-16 23:00:00+00:00,179.43,22.38
2025-04-17 00:00:00+00:00,368.98,23.31
2025-04-17 01:00:00+00:00,513.83,24.17
2025-04-17 02:00:00+00:00,641.95,25.1
2025-04-17 03:00:00+00:00,683.9,25.87
2025-04-17 04:00:00+00:00,744.53,26.33
2025-04-17 05:00:00+00:00,676.67,26.52
2025-04-17 06:00:00+00:00,579.78,26.63
2025-04-17 07:00:00+00:00,390.88,26.38
2025-04-17 08:00:00+00:00,248.5,25.67
2025-04-17 09:00:00+00:00,108.4,24.75
2025-04-17 10:00:00+00:00,14.05,23.81
2025-04-17 11:00:00+00:00,0.0,23.21
2025-04-17 12:00:00+00:00,0.0,22.93
2025-04-17 13:00:00+00:00,0.0,22.74
2025-04-17 14:00:00+00:00,0.0,22.56
2025-04-17 15:00:00+00:00,0.0,22.45
2025-04-17 16:00:00+00:00,0.0,22.4
2025-04-17 17:00:00+00:00,0.0,22.4
2025-04-17 18:00:00+00:00,0.0,22.45
2025-04-17 19:00:00+00:00,0.0,22.44
2025-04-17 20:00:00+00:00,0.0,22.44
2025-04-17 21:00:00+00:00,0.0,22.44
2025-04-17 22:00:00+00:00,13.02,22.67
2025-04-17 23:00:00+00:00,65.1,23.21
2025-04-18 00:00:00+00:00,153.65,24.0
2025-04-18 01:00:00+00:00,205.6,24.95
2025-04-18 02:00:00+00:00,286.42,25.61
2025-04-18 03:00:00+00:00,279.62,25.9
2025-04-18 04:00:00+00:00,278.92,26.04
2025-04-18 05:00:00+00:00,294.48,25.95
2025-04-18 06:00:00+00:00,214.12,25.53
2025-04-18 07:00:00+00:00,183.32,25.13
2025-04-18 08:00:00+00:00,101.15,25.03
2025-04-18 09:00:00+00:00,43.58,24.78
2025-04-18 10:00:00+00:00,4.8,24.32
2025-04-18 11:00:00+00:00,0.0,24.1
2025-04-18 12:00:00+00:00,0.0,24.03
2025-04-18 13:00:00+00:00,0.0,24.01
2025-04-18 14:00:00+00:00,0.0,23.99
2025-04-18 15:00:00+00:00,0.0,23.86
2025-04-18 16:00:00+00:00,0.0,23.74
2025-04-18 17:00:00+00:00,0.0,23.61
2025-04-18 18:00:00+00:00,0.0,23.5
2025-04-18 19:00:00+00:00,0.0,23.39
2025-04-18 20:00:00+00:00,0.0,23.31
2025-04-18 21:00:00+00:00,0.0,23.23
2025-04-18 22:00:00+00:00,11.93,23.46
2025-04-18 23:00:00+00:00,67.05,24.2
2025-04-19 00:00:00+00:00,130.93,25.42
2025-04-19 01:00:00+00:00,223.32,26.71
2025-04-19 02:00:00+00:00,344.25,27.34
2025-04-19 03:00:00+00:00,510.35,27.62
2025-04-19 04:00:00+00:00,645.62,27.72
2025-04-19 05:00:00+00:00,563.67,27.65
2025-04-19 06:00:00+00:00,504.38,27.41
2025-04-19 07:00:00+00:00,396.62,27.05
2025-04-19 08:00:00+00:00,246.27,26.59
2025-04-19 09:00:00+00:00,110.03,26.09
2025-04-19 10:00:00+00:00,13.88,25.39
2025-04-19 11:00:00+00:00,0.0,24.82
2025-04-19 12:00:00+00:00,0.0,24.68
2025-04-19 13:00:00+00:00,0.0,24.62
2025-04-19 14:00:00+00:00,0.0,24.56
2025-04-19 15:00:00+00:00,0.0,24.49
2025-04-19 16:00:00+00:00,0.0,24.38
2025-04-19 17:00:00+00:00,0.0,24.31
2025-04-19 18:00:00+00:00,0.0,24.25
2025-04-19 19:00:00+00:00,0.0,24.18
2025-04-19 20:00:00+00:00,0.0,24.12
2025-04-19 21:00:00+00:00,0.0,24.11
2025-04-19 22:00:00+00:00,32.53,24.29
2025-04-19 23:00:00+00:00,149.05,24.9
2025-04-20 00:00:00+00:00,286.45,25.82
2025-04-20 01:00:00+00:00,479.38,26.74
2025-04-20 02:00:00+00:00,688.45,27.46
2025-04-20 03:00:00+00:00,800.0,28.13
2025-04-20 04:00:00+00:00,850.97,28.72
2025-04-20 05:00:00+00:00,775.15,29.07
2025-04-20 06:00:00+00:00,728.3,29.0
2025-04-20 07:00:00+00:00,549.08,28.67
2025-04-20 08:00:00+00:00,341.1,28.17
2025-04-20 09:00:00+00:00,146.12,27.42
2025-04-20 10:00:00+00:00,14.88,26.27
2025-04-20 11:00:00+00:00,0.0,25.31
2025-04-20 12:00:00+00:00,0.0,24.86
2025-04-20 13:00:00+00:00,0.0,24.62
2025-04-20 14:00:00+00:00,0.0,24.34
2025-04-20 15:00:00+00:00,0.0,24.07
2025-04-20 16:00:00+00:00,0.0,23.84
2025-04-20 17:00:00+00:00,0.0,23.64
2025-04-20 18:00:00+00:00,0.0,23.42
2025-04-20 19:00:00+00:00,0.0,23.24
2025-04-20 20:00:00+00:00,0.0,23.05
2025-04-20 21:00:00+00:00,0.0,22.9
2025-04-20 22:00:00+00:00,36.67,23.56
2025-04-20 23:00:00+00:00,143.82,25.09
2025-04-21 00:00:00+00:00,286.05,26.41
2025-04-21 01:00:00+00:00,433.7,27.56
2025-04-21 02:00:00+00:00,590.17,28.49
2025-04-21 03:00:00+00:00,792.55,29.14
2025-04-21 04:00:00+00:00,640.62,29.54
2025-04-21 05:00:00+00:00,649.65,29.7
2025-04-21 06:00:00+00:00,702.2,29.61
2025-04-21 07:00:00+00:00,612.75,29.31
2025-04-21 08:00:00+00:00,408.73,28.77
2025-04-21 09:00:00+00:00,193.75,27.88
2025-04-21 10:00:00+00:00,23.12,26.59
2025-04-21 11:00:00+00:00,0.0,25.54
2025-04-21 12:00:00+00:00,0.0,25.0
2025-04-21 13:00:00+00:00,0.0,24.6
2025-04-21 14:00:00+00:00,0.0,24.3
2025-04-21 15:00:00+00:00,0.0,24.02
2025-04-21 16:00:00+00:00,0.0,23.82
2025-04-21 17:00:00+00:00,0.0,23.68
2025-04-21 18:00:00+00:00,0.0,23.61
2025-04-21 19:00:00+00:00,0.0,23.59
2025-04-21 20:00:00+00:00,0.0,23.67
2025-04-21 21:00:00+00:00,0.0,23.65
2025-04-21 22:00:00+00:00,46.28,24.26
2025-04-21 23:00:00+00:00,169.75,25.72
2025-04-22 00:00:00+00:00,324.52,27.07
2025-04-22 01:00:00+00:00,534.15,28.31
2025-04-22 02:00:00+00:00,730.45,29.28
2025-04-22 03:00:00+00:00,834.3,29.98
2025-04-22 04:00:00+00:00,839.55,30.43
2025-04-22 05:00:00+00:00,800.08,30.63
2025-04-22 06:00:00+00:00,726.97,30.51
2025-04-22 07:00:00+00:00,562.25,30.08
2025-04-22 08:00:00+00:00,364.8,29.3
2025-04-22 09:00:00+00:00,164.3,28.29
2025-04-22 10:00:00+00:00,19.4,27.07
2025-04-22 11:00:00+00:00,0.0,26.09
2025-04-22 12:00:00+00:00,0.0,25.59
2025-04-22 13:00:00+00:00,0.0,25.29
2025-04-22 14:00:00+00:00,0.0,25.13
2025-04-22 15:00:00+00:00,0.0,25.03
2025-04-22 16:00:00+00:00,0.0,24.93
2025-04-22 17:00:00+00:00,0.0,24.82
2025-04-22 18:00:00+00:00,0.0,24.69
2025-04-22 19:00:00+00:00,0.0,24.58
2025-04-22 20:00:00+00:00,0.0,24.52
2025-04-22 21:00:00+00:00,0.0,24.52
2025-04-22 22:00:00+00:00,53.5,25.01
2025-04-22 23:00:00+00:00,222.3,26.06
2025-04-23 00:00:00+00:00,415.42,27.23
2025-04-23 01:00:00+00:00,559.83,28.27
2025-04-23 02:00:00+00:00,638.15,29.02
2025-04-23 03:00:00+00:00,759.35,29.46
2025-04-23 04:00:00+00:00,728.75,29.81
2025-04-23 05:00:00+00:00,772.1,30.08
2025-04-23 06:00:00+00:00,680.55,30.09
2025-04-23 07:00:00+00:00,540.08,29.82
2025-04-23 08:00:00+00:00,335.27,29.18
2025-04-23 09:00:00+00:00,142.15,28.2
2025-04-23 10:00:00+00:00,16.92,27.02
2025-04-23 11:00:00+00:00,0.0,26.16
2025-04-23 12:00:00+00:00,0.0,25.71
2025-04-23 13:00:00+00:00,0.0,25.34
2025-04-23 14:00:00+00:00,0.0,25.06
2025-04-23 15:00:00+00:00,0.0,24.84
2025-04-23 16:00:00+00:00,0.0,24.66
2025-04-23 17:00:00+00:00,0.0,24.54
2025-04-23 18:00:00+00:00,0.0,24.44
2025-04-23 19:00:00+00:00,0.0,24.36
2025-04-23 20:00:00+00:00,0.0,24.32
2025-04-23 21:00:00+00:00,0.0,24.29
2025-04-23 22:00:00+00:00,48.53,24.86
2025-04-23 23:00:00+00:00,197.75,25.73
2025-04-24 00:00:00+00:00,397.75,26.38
2025-04-24 01:00:00+00:00,572.75,27.11
2025-04-24 02:00:00+00:00,721.95,27.7
2025-04-24 03:00:00+00:00,839.75,28.15
2025-04-24 04:00:00+00:00,847.45,28.63
2025-04-24 05:00:00+00:00,814.9,29.01
2025-04-24 06:00:00+00:00,584.22,29.22
2025-04-24 07:00:00+00:00,482.58,29.14
2025-04-24 08:00:00+00:00,286.3,28.64
2025-04-24 09:00:00+00:00,114.47,27.76
2025-04-24 10:00:00+00:00,12.23,26.64
2025-04-24 11:00:00+00:00,0.0,25.9
2025-04-24 12:00:00+00:00,0.0,25.57
2025-04-24 13:00:00+00:00,0.0,25.39
2025-04-24 14:00:00+00:00,0.0,25.25
2025-04-24 15:00:00+00:00,0.0,25.17
2025-04-24 16:00:00+00:00,0.0,25.12
2025-04-24 17:00:00+00:00,0.0,25.03
2025-04-24 18:00:00+00:00,0.0,24.92
2025-04-24 19:00:00+00:00,0.0,24.73
2025-04-24 20:00:00+00:00,0.0,24.49
2025-04-24 21:00:00+00:00,0.0,24.2
2025-04-24 22:00:00+00:00,22.73,23.97
2025-04-24 23:00:00+00:00,108.95,24.27
2025-04-25 00:00:00+00:00,219.75,25.07
2025-04-25 01:00:00+00:00,313.2,25.95
2025-04-25 02:00:00+00:00,322.8,26.74
2025-04-25 03:00:00+00:00,290.27,27.41
2025-04-25 04:00:00+00:00,291.83,27.9
2025-04-25 05:00:00+00:00,283.75,28.16
2025-04-25 06:00:00+00:00,218.77,28.05
2025-04-25 07:00:00+00:00,197.38,27.55
2025-04-25 08:00:00+00:00,143.55,26.78
2025-04-25 09:00:00+00:00,77.6,26.18
2025-04-25 10:00:00+00:00,9.2,25.64
2025-04-25 11:00:00+00:00,0.0,25.19
2025-04-25 12:00:00+00:00,0.0,24.89
2025-04-25 13:00:00+00:00,0.0,24.59
2025-04-25 14:00:00+00:00,0.0,24.39
2025-04-25 15:00:00+00:00,0.0,24.19
2025-04-25 16:00:00+00:00,0.0,24.04
2025-04-25 17:00:00+00:00,0.0,23.79
2025-04-25 18:00:00+00:00,0.0,23.49
2025-04-25 19:00:00+00:00,0.0,23.08
2025-04-25 20:00:00+00:00,0.0,22.67
2025-04-25 21:00:00+00:00,0.0,22.26
2025-04-25 22:00:00+00:00,14.73,22.04
2025-04-25 23:00:00+00:00,61.62,22.4
2025-04-26 00:00:00+00:00,137.95,23.25
2025-04-26 01:00:00+00:00,200.1,24.18
2025-04-26 02:00:00+00:00,244.43,25.06
2025-04-26 03:00:00+00:00,265.88,25.82
2025-04-26 04:00:00+00:00,350.65,26.46
2025-04-26 05:00:00+00:00,305.73,26.83
2025-04-26 06:00:00+00:00,311.88,26.95
2025-04-26 07:00:00+00:00,195.85,26.87
2025-04-26 08:00:00+00:00,105.45,26.52
2025-04-26 09:00:00+00:00,49.38,25.78
2025-04-26 10:00:00+00:00,4.35,24.63
2025-04-26 11:00:00+00:00,0.0,23.77
2025-04-26 12:00:00+00:00,0.0,23.39
2025-04-26 13:00:00+00:00,0.0,23.2
2025-04-26 14:00:00+00:00,0.0,23.1
2025-04-26 15:00:00+00:00,0.0,23.04
2025-04-26 16:00:00+00:00,0.0,22.98
2025-04-26 17:00:00+00:00,0.0,22.96
2025-04-26 18:00:00+00:00,0.0,22.89
2025-04-26 19:00:00+00:00,0.0,22.81
2025-04-26 20:00:00+00:00,0.0,22.73
2025-04-26 21:00:00+00:00,0.0,22.66
2025-04-26 22:00:00+00:00,12.23,22.79
2025-04-26 23:00:00+00:00,54.92,23.57
2025-04-27 00:00:00+00:00,126.12,24.66
2025-04-27 01:00:00+00:00,200.05,25.68
2025-04-27 02:00:00+00:00,267.1,26.5
2025-04-27 03:00:00+00:00,306.15,27.23
2025-04-27 04:00:00+00:00,312.6,27.77
2025-04-27 05:00:00+00:00,274.8,28.03
2025-04-27 06:00:00+00:00,216.85,28.0
2025-04-27 07:00:00+00:00,180.52,27.68
2025-04-27 08:00:00+00:00,107.32,27.2
2025-04-27 09:00:00+00:00,52.53,26.42
2025-04-27 10:00:00+00:00,8.3,25.53
2025-04-27 11:00:00+00:00,0.0,24.85
2025-04-27 12:00:00+00:00,0.0,24.47
2025-04-27 13:00:00+00:00,0.0,24.21
2025-04-27 14:00:00+00:00,0.0,24.01
2025-04-27 15:00:00+00:00,0.0,23.81
2025-04-27 16:00:00+00:00,0.0,23.62
2025-04-27 17:00:00+00:00,0.0,23.46
2025-04-27 18:00:00+00:00,0.0,23.46
2025-04-27 19:00:00+00:00,0.0,23.56
2025-04-27 20:00:00+00:00,0.0,23.58
2025-04-27 21:00:00+00:00,0.0,23.52
2025-04-27 22:00:00+00:00,23.98,23.82
2025-04-27 23:00:00+00:00,89.1,24.5
2025-04-28 00:00:00+00:00,190.73,25.21
2025-04-28 01:00:00+00:00,334.25,25.99
2025-04-28 02:00:00+00:00,561.12,26.85
2025-04-28 03:00:00+00:00,742.42,27.67
2025-04-28 04:00:00+00:00,638.12,28.45
2025-04-28 05:00:00+00:00,770.28,29.14
2025-04-28 06:00:00+00:00,652.25,29.7
2025-04-28 07:00:00+00:00,470.12,29.98
2025-04-28 08:00:00+00:00,271.9,29.73
2025-04-28 09:00:00+00:00,116.2,29.07
2025-04-28 10:00:00+00:00,13.9,27.88
2025-04-28 11:00:00+00:00,0.0,26.82
2025-04-28 12:00:00+00:00,0.0,26.04
2025-04-28 13:00:00+00:00,0.0,25.3
2025-04-28 14:00:00+00:00,0.0,24.65
2025-04-28 15:00:00+00:00,0.0,24.18
2025-04-28 16:00:00+00:00,0.0,23.85
2025-04-28 17:00:00+00:00,0.0,23.55
2025-04-28 18:00:00+00:00,0.0,23.29
2025-04-28 19:00:00+00:00,0.0,23.08
2025-04-28 20:00:00+00:00,0.0,23.04
2025-04-28 21:00:00+00:00,0.0,22.9
2025-04-28 22:00:00+00:00,40.9,23.05
2025-04-28 23:00:00+00:00,164.1,23.89
2025-04-29 00:00:00+00:00,327.67,25.1
2025-04-29 01:00:00+00:00,585.72,26.31
2025-04-29 02:00:00+00:00,775.95,27.09
2025-04-29 03:00:00+00:00,883.5,27.67
2025-04-29 04:00:00+00:00,913.0,28.06
2025-04-29 05:00:00+00:00,869.6,28.25
2025-04-29 06:00:00+00:00,688.3,28.26
2025-04-29 07:00:00+00:00,522.92,28.1
2025-04-29 08:00:00+00:00,387.48,27.72
2025-04-29 09:00:00+00:00,173.3,27.0
2025-04-29 10:00:00+00:00,21.85,25.53
2025-04-29 11:00:00+00:00,0.0,24.35
2025-04-29 12:00:00+00:00,0.0,23.75
2025-04-29 13:00:00+00:00,0.0,23.32
2025-04-29 14:00:00+00:00,0.0,23.01
2025-04-29 15:00:00+00:00,0.0,22.72
2025-04-29 16:00:00+00:00,0.0,22.42
2025-04-29 17:00:00+00:00,0.0,22.19
2025-04-29 18:00:00+00:00,0.0,22.09
2025-04-29 19:00:00+00:00,0.0,22.02
2025-04-29 20:00:00+00:00,0.0,21.93
2025-04-29 21:00:00+00:00,0.0,21.79
2025-04-29 22:00:00+00:00,44.42,22.28
2025-04-29 23:00:00+00:00,173.82,23.27
2025-04-30 00:00:00+00:00,352.3,24.46
2025-04-30 01:00:00+00:00,566.78,25.71
2025-04-30 02:00:00+00:00,755.12,26.65
2025-04-30 03:00:00+00:00,846.95,27.36
2025-04-30 04:00:00+00:00,899.25,27.86
2025-04-30 05:00:00+00:00,835.88,28.16
2025-04-30 06:00:00+00:00,756.12,28.24
2025-04-30 07:00:00+00:00,573.2,28.06
2025-04-30 08:00:00+00:00,370.05,27.62
2025-04-30 09:00:00+00:00,164.98,26.96
2025-04-30 10:00:00+00:00,21.33,25.75
2025-04-30 11:00:00+00:00,0.0,24.69
2025-04-30 12:00:00+00:00,0.0,24.25
2025-04-30 13:00:00+00:00,0.0,23.97
2025-04-30 14:00:00+00:00,0.0,23.77
2025-04-30 15:00:00+00:00,0.0,23.57
2025-04-30 16:00:00+00:00,0.0,23.38
2025-04-30 17:00:00+00:00,0.0,23.21
2025-04-30 18:00:00+00:00,0.0,23.11
2025-04-30 19:00:00+00:00,0.0,23.06
2025-04-30 20:00:00+00:00,0.0,23.04
2025-04-30 21:00:00+00:00,0.0,23.02
2025-04-30 22:00:00+00:00,48.1,23.42
2025-04-30 23:00:00+00:00,184.18,24.28
2025-05-01 00:00:00+00:00,217.15,25.21
2025-05-01 01:00:00+00:00,280.25,26.08
2025-05-01 02:00:00+00:00,311.1,26.9
2025-05-01 03:00:00+00:00,386.33,27.58
2025-05-01 04:00:00+00:00,474.77,28.13
2025-05-01 05:00:00+00:00,468.15,28.65
2025-05-01 06:00:00+00:00,486.0,28.96
2025-05-01 07:00:00+00:00,378.25,28.9
2025-05-01 08:00:00+00:00,220.55,28.5
2025-05-01 09:00:00+00:00,97.85,27.85
2025-05-01 10:00:00+00:00,13.65,26.93
2025-05-01 11:00:00+00:00,0.0,26.2
2025-05-01 12:00:00+00:00,0.0,25.61
2025-05-01 13:00:00+00:00,0.0,25.12
2025-05-01 14:00:00+00:00,0.0,24.79
2025-05-01 15:00:00+00:00,0.0,24.64
2025-05-01 16:00:00+00:00,0.0,24.53
2025-05-01 17:00:00+00:00,0.0,24.39
2025-05-01 18:00:00+00:00,0.0,24.24
2025-05-01 19:00:00+00:00,0.0,24.09
2025-05-01 20:00:00+00:00,0.0,23.93
2025-05-01 21:00:00+00:00,0.0,23.7
2025-05-01 22:00:00+00:00,52.75,23.98
2025-05-01 23:00:00+00:00,212.12,24.92
2025-05-02 00:00:00+00:00,423.02,26.71
2025-05-02 01:00:00+00:00,626.08,28.08
2025-05-02 02:00:00+00:00,775.88,29.03
2025-05-02 03:00:00+00:00,867.97,29.66
2025-05-02 04:00:00+00:00,965.35,30.0
2025-05-02 05:00:00+00:00,877.78,30.13
2025-05-02 06:00:00+00:00,765.95,30.0
2025-05-02 07:00:00+00:00,599.5,29.67
2025-05-02 08:00:00+00:00,402.65,29.07
2025-05-02 09:00:00+00:00,175.45,28.18
2025-05-02 10:00:00+00:00,22.2,26.79
2025-05-02 11:00:00+00:00,0.0,25.6
2025-05-02 12:00:00+00:00,0.0,25.13
2025-05-02 13:00:00+00:00,0.0,24.81
2025-05-02 14:00:00+00:00,0.0,24.65
2025-05-02 15:00:00+00:00,0.0,24.54
2025-05-02 16:00:00+00:00,0.0,24.41
2025-05-02 17:00:00+00:00,0.0,24.31
2025-05-02 18:00:00+00:00,0.0,24.19
2025-05-02 19:00:00+00:00,0.0,24.07
2025-05-02 20:00:00+00:00,0.0,23.99
2025-05-02 21:00:00+00:00,0.0,23.91
2025-05-02 22:00:00+00:00,51.58,24.42
2025-05-02 23:00:00+00:00,185.07,25.26
2025-05-03 00:00:00+00:00,355.85,26.12
2025-05-03 01:00:00+00:00,517.03,27.2
2025-05-03 02:00:00+00:00,689.45,28.22
2025-05-03 03:00:00+00:00,735.53,28.76
2025-05-03 04:00:00+00:00,732.7,29.04
2025-05-03 05:00:00+00:00,665.58,29.15
2025-05-03 06:00:00+00:00,511.48,29.04
2025-05-03 07:00:00+00:00,373.55,28.73
2025-05-03 08:00:00+00:00,238.38,28.32
2025-05-03 09:00:00+00:00,122.18,27.96
2025-05-03 10:00:00+00:00,17.98,27.39
2025-05-03 11:00:00+00:00,0.0,26.72
2025-05-03 12:00:00+00:00,0.0,26.45
2025-05-03 13:00:00+00:00,0.0,26.25
2025-05-03 14:00:00+00:00,0.0,26.03
2025-05-03 15:00:00+00:00,0.0,25.77
2025-05-03 16:00:00+00:00,0.0,25.6
2025-05-03 17:00:00+00:00,0.0,25.46
2025-05-03 18:00:00+00:00,0.0,25.36
2025-05-03 19:00:00+00:00,0.0,25.28
2025-05-03 20:00:00+00:00,0.0,25.2
2025-05-03 21:00:00+00:00,0.0,25.03
2025-05-03 22:00:00+00:00,55.65,25.29
2025-05-03 23:00:00+00:00,178.05,26.52
2025-05-04 00:00:00+00:00,347.02,27.68
2025-05-04 01:00:00+00:00,475.58,28.77
2025-05-04 02:00:00+00:00,601.97,29.4
2025-05-04 03:00:00+00:00,650.58,29.73
2025-05-04 04:00:00+00:00,807.1,29.93
2025-05-04 05:00:00+00:00,733.92,29.93
2025-05-04 06:00:00+00:00,609.78,29.77
2025-05-04 07:00:00+00:00,479.15,29.38
2025-05-04 08:00:00+00:00,277.2,28.75
2025-05-04 09:00:00+00:00,126.9,28.03
2025-05-04 10:00:00+00:00,18.83,27.02
2025-05-04 11:00:00+00:00,0.0,26.13
2025-05-04 12:00:00+00:00,0.0,25.71
2025-05-04 13:00:00+00:00,0.0,25.37
2025-05-04 14:00:00+00:00,0.0,25.07
2025-05-04 15:00:00+00:00,0.0,24.83
2025-05-04 16:00:00+00:00,0.0,24.69
2025-05-04 17:00:00+00:00,0.0,24.61
2025-05-04 18:00:00+00:00,0.0,24.56
2025-05-04 19:00:00+00:00,0.0,24.51
2025-05-04 20:00:00+00:00,0.0,24.55
2025-05-04 21:00:00+00:00,0.0,24.65
2025-05-04 22:00:00+00:00,57.58,25.06
2025-05-04 23:00:00+00:00,189.88,25.64
2025-05-05 00:00:00+00:00,378.62,26.34
2025-05-05 01:00:00+00:00,524.03,27.04
2025-05-05 02:00:00+00:00,674.25,27.63
2025-05-05 03:00:00+00:00,727.33,28.11
2025-05-05 04:00:00+00:00,753.62,28.44
2025-05-05 05:00:00+00:00,656.3,28.7
2025-05-05 06:00:00+00:00,589.55,28.73
2025-05-05 07:00:00+00:00,417.88,28.48
2025-05-05 08:00:00+00:00,229.5,28.1
2025-05-05 09:00:00+00:00,116.75,27.57
2025-05-05 10:00:00+00:00,15.6,26.8
2025-05-05 11:00:00+00:00,0.0,26.23
2025-05-05 12:00:00+00:00,0.0,26.03
2025-05-05 13:00:00+00:00,0.0,25.93
2025-05-05 14:00:00+00:00,0.0,25.82
2025-05-05 15:00:00+00:00,0.0,25.71
2025-05-05 16:00:00+00:00,0.0,25.58
2025-05-05 17:00:00+00:00,0.0,25.46
2025-05-05 18:00:00+00:00,0.0,25.33
2025-05-05 19:00:00+00:00,0.0,25.24
2025-05-05 20:00:00+00:00,0.0,25.18
2025-05-05 21:00:00+00:00,0.0,25.16
2025-05-05 22:00:00+00:00,50.12,25.84
2025-05-05 23:00:00+00:00,171.38,26.8
2025-05-06 00:00:00+00:00,324.77,27.71
2025-05-06 01:00:00+00:00,446.17,28.65
2025-05-06 02:00:00+00:00,555.88,29.39
2025-05-06 03:00:00+00:00,629.75,29.94
2025-05-06 04:00:00+00:00,605.42,30.24
2025-05-06 05:00:00+00:00,479.15,30.38
2025-05-06 06:00:00+00:00,211.27,30.29
2025-05-06 07:00:00+00:00,160.4,29.93
2025-05-06 08:00:00+00:00,103.75,29.36
2025-05-06 09:00:00+00:00,50.38,28.55
2025-05-06 10:00:00+00:00,7.15,27.54
2025-05-06 11:00:00+00:00,0.0,26.66
2025-05-06 12:00:00+00:00,0.0,26.23
2025-05-06 13:00:00+00:00,0.0,25.95
2025-05-06 14:00:00+00:00,0.0,25.77
2025-05-06 15:00:00+00:00,0.0,25.69
2025-05-06 16:00:00+00:00,0.0,25.7
2025-05-06 17:00:00+00:00,0.0,25.67
2025-05-06 18:00:00+00:00,0.0,25.63
2025-05-06 19:00:00+00:00,0.0,25.59
2025-05-06 20:00:00+00:00,0.0,25.6
2025-05-06 21:00:00+00:00,0.0,25.58
2025-05-06 22:00:00+00:00,22.5,25.98
2025-05-06 23:00:00+00:00,71.25,26.58
2025-05-07 00:00:00+00:00,75.2,27.15
2025-05-07 01:00:00+00:00,130.82,27.69
2025-05-07 02:00:00+00:00,214.65,28.16
2025-05-07 03:00:00+00:00,269.02,28.5
2025-05-07 04:00:00+00:00,245.8,28.82
2025-05-07 05:00:00+00:00,194.5,28.96
2025-05-07 06:00:00+00:00,156.6,28.96
2025-05-07 07:00:00+00:00,142.57,28.78
2025-05-07 08:00:00+00:00,112.38,28.39
2025-05-07 09:00:00+00:00,42.95,27.77
2025-05-07 10:00:00+00:00,8.48,26.81
2025-05-07 11:00:00+00:00,0.0,26.07
2025-05-07 12:00:00+00:00,0.0,25.77
2025-05-07 13:00:00+00:00,0.0,25.47
2025-05-07 14:00:00+00:00,0.0,25.22
2025-05-07 15:00:00+00:00,0.0,25.0
2025-05-07 16:00:00+00:00,0.0,24.83
2025-05-07 17:00:00+00:00,0.0,24.7
2025-05-07 18:00:00+00:00,0.0,24.61
2025-05-07 19:00:00+00:00,0.0,24.58
2025-05-07 20:00:00+00:00,0.0,24.53
2025-05-07 21:00:00+00:00,0.0,24.52
2025-05-07 22:00:00+00:00,36.58,24.84
2025-05-07 23:00:00+00:00,117.35,25.72
2025-05-08 00:00:00+00:00,221.07,26.8
2025-05-08 01:00:00+00:00,321.0,27.71
2025-05-08 02:00:00+00:00,468.2,28.44
2025-05-08 03:00:00+00:00,494.65,28.97
2025-05-08 04:00:00+00:00,579.03,29.22
2025-05-08 05:00:00+00:00,455.75,29.35
2025-05-08 06:00:00+00:00,331.92,29.33
2025-05-08 07:00:00+00:00,245.7,29.11
2025-05-08 08:00:00+00:00,169.15,28.7
2025-05-08 09:00:00+00:00,90.05,28.07
2025-05-08 10:00:00+00:00,15.9,27.23
2025-05-08 11:00:00+00:00,0.0,26.52
2025-05-08 12:00:00+00:00,0.0,26.26
2025-05-08 13:00:00+00:00,0.0,26.14
2025-05-08 14:00:00+00:00,0.0,26.04
2025-05-08 15:00:00+00:00,0.0,25.99
2025-05-08 16:00:00+00:00,0.0,25.96
2025-05-08 17:00:00+00:00,0.0,25.97
2025-05-08 18:00:00+00:00,0.0,26.0
2025-05-08 19:00:00+00:00,0.0,25.96
2025-05-08 20:00:00+00:00,0.0,25.92
2025-05-08 21:00:00+00:00,0.0,25.81
2025-05-08 22:00:00+00:00,48.42,26.25
2025-05-08 23:00:00+00:00,153.82,26.95
2025-05-09 00:00:00+00:00,285.05,27.63
2025-05-09 01:00:00+00:00,381.9,28.43
2025-05-09 02:00:00+00:00,420.52,29.42
2025-05-09 03:00:00+00:00,298.1,30.15
2025-05-09 04:00:00+00:00,398.77,30.74
2025-05-09 05:00:00+00:00,654.42,31.03
2025-05-09 06:00:00+00:00,217.05,31.05
2025-05-09 07:00:00+00:00,189.85,30.78
2025-05-09 08:00:00+00:00,95.12,30.29
2025-05-09 09:00:00+00:00,73.45,29.56
2025-05-09 10:00:00+00:00,14.02,28.69
2025-05-09 11:00:00+00:00,0.0,27.83
2025-05-09 12:00:00+00:00,0.0,27.27
2025-05-09 13:00:00+00:00,0.0,26.81
2025-05-09 14:00:00+00:00,0.0,26.35
2025-05-09 15:00:00+00:00,0.0,26.0
2025-05-09 16:00:00+00:00,0.0,25.7
2025-05-09 17:00:00+00:00,0.0,25.36
2025-05-09 18:00:00+00:00,0.0,25.03
2025-05-09 19:00:00+00:00,0.0,24.71
2025-05-09 20:00:00+00:00,0.0,24.41
2025-05-09 21:00:00+00:00,0.0,24.11
2025-05-09 22:00:00+00:00,59.28,24.1
2025-05-09 23:00:00+00:00,180.12,24.66
2025-05-10 00:00:00+00:00,349.05,26.18
2025-05-10 01:00:00+00:00,394.52,27.49
2025-05-10 02:00:00+00:00,415.08,28.34
2025-05-10 03:00:00+00:00,560.4,29.03
2025-05-10 04:00:00+00:00,550.05,29.59
2025-05-10 05:00:00+00:00,463.7,29.8
2025-05-10 06:00:00+00:00,381.77,29.74
2025-05-10 07:00:00+00:00,277.1,29.43
2025-05-10 08:00:00+00:00,136.75,28.96
2025-05-10 09:00:00+00:00,61.35,28.32
2025-05-10 10:00:00+00:00,8.57,27.56
2025-05-10 11:00:00+00:00,0.0,26.61
2025-05-10 12:00:00+00:00,0.0,25.98
2025-05-10 13:00:00+00:00,0.0,25.46
2025-05-10 14:00:00+00:00,0.0,24.87
2025-05-10 15:00:00+00:00,0.0,24.29
2025-05-10 16:00:00+00:00,0.0,23.63
2025-05-10 17:00:00+00:00,0.0,22.54
2025-05-10 18:00:00+00:00,0.0,21.3
2025-05-10 19:00:00+00:00,0.0,20.63
2025-05-10 20:00:00+00:00,0.0,20.26
2025-05-10 21:00:00+00:00,0.0,19.7
2025-05-10 22:00:00+00:00,41.8,19.13
2025-05-10 23:00:00+00:00,123.32,19.27
2025-05-11 00:00:00+00:00,185.15,20.13
2025-05-11 01:00:00+00:00,405.65,21.24
2025-05-11 02:00:00+00:00,561.62,22.51
2025-05-11 03:00:00+00:00,584.0,23.66
2025-05-11 04:00:00+00:00,596.2,24.54
2025-05-11 05:00:00+00:00,716.72,25.36
2025-05-11 06:00:00+00:00,559.62,26.02
2025-05-11 07:00:00+00:00,459.67,26.34
2025-05-11 08:00:00+00:00,238.5,26.27
2025-05-11 09:00:00+00:00,110.07,25.85
2025-05-11 10:00:00+00:00,18.77,24.73
2025-05-11 11:00:00+00:00,0.0,23.8
2025-05-11 12:00:00+00:00,0.0,23.27
2025-05-11 13:00:00+00:00,0.0,22.74
2025-05-11 14:00:00+00:00,0.0,22.31
2025-05-11 15:00:00+00:00,0.0,21.9
2025-05-11 16:00:00+00:00,0.0,21.56
2025-05-11 17:00:00+00:00,0.0,21.1
2025-05-11 18:00:00+00:00,0.0,20.74
2025-05-11 19:00:00+00:00,0.0,20.49
2025-05-11 20:00:00+00:00,0.0,20.38
2025-05-11 21:00:00+00:00,0.0,20.23
2025-05-11 22:00:00+00:00,66.85,20.76
2025-05-11 23:00:00+00:00,233.8,22.2
2025-05-12 00:00:00+00:00,451.25,23.99
2025-05-12 01:00:00+00:00,687.92,25.42
2025-05-12 02:00:00+00:00,869.42,26.34
2025-05-12 03:00:00+00:00,1009.83,27.04
2025-05-12 04:00:00+00:00,1049.5,27.57
2025-05-12 05:00:00+00:00,897.5,27.89
2025-05-12 06:00:00+00:00,793.1,28.1
2025-05-12 07:00:00+00:00,633.53,28.12
2025-05-12 08:00:00+00:00,432.5,27.88
2025-05-12 09:00:00+00:00,216.73,27.31
2025-05-12 10:00:00+00:00,35.45,25.61
2025-05-12 11:00:00+00:00,0.0,23.72
2025-05-12 12:00:00+00:00,0.0,22.97
2025-05-12 13:00:00+00:00,0.0,22.5
2025-05-12 14:00:00+00:00,0.0,22.16
2025-05-12 15:00:00+00:00,0.0,21.93
2025-05-12 16:00:00+00:00,0.0,21.76
2025-05-12 17:00:00+00:00,0.0,21.62
2025-05-12 18:00:00+00:00,0.0,21.55
2025-05-12 19:00:00+00:00,0.0,21.47
2025-05-12 20:00:00+00:00,0.0,21.41
2025-05-12 21:00:00+00:00,0.0,21.35
2025-05-12 22:00:00+00:00,74.75,22.42
2025-05-12 23:00:00+00:00,243.62,23.93
2025-05-13 00:00:00+00:00,444.75,24.99
2025-05-13 01:00:00+00:00,611.88,25.97
2025-05-13 02:00:00+00:00,726.25,26.82
2025-05-13 03:00:00+00:00,814.0,27.46
2025-05-13 04:00:00+00:00,731.75,27.97
2025-05-13 05:00:00+00:00,669.42,28.25
2025-05-13 06:00:00+00:00,705.15,28.37
2025-05-13 07:00:00+00:00,576.9,28.28
2025-05-13 08:00:00+00:00,375.15,27.95
2025-05-13 09:00:00+00:00,175.15,27.36
2025-05-13 10:00:00+00:00,27.27,26.32
2025-05-13 11:00:00+00:00,0.0,25.19
2025-05-13 12:00:00+00:00,0.0,24.75
2025-05-13 13:00:00+00:00,0.0,24.47
2025-05-13 14:00:00+00:00,0.0,24.25
2025-05-13 15:00:00+00:00,0.0,24.04
2025-05-13 16:00:00+00:00,0.0,23.85
2025-05-13 17:00:00+00:00,0.0,23.69
2025-05-13 18:00:00+00:00,0.0,23.53
2025-05-13 19:00:00+00:00,0.0,23.41
2025-05-13 20:00:00+00:00,0.0,23.33
2025-05-13 21:00:00+00:00,0.0,23.31
2025-05-13 22:00:00+00:00,64.6,24.27
2025-05-13 23:00:00+00:00,199.82,25.45
2025-05-14 00:00:00+00:00,419.95,26.35
2025-05-14 01:00:00+00:00,563.55,27.14
2025-05-14 02:00:00+00:00,722.15,27.91
2025-05-14 03:00:00+00:00,724.03,28.65
2025-05-14 04:00:00+00:00,721.33,29.16
2025-05-14 05:00:00+00:00,697.12,29.45
2025-05-14 06:00:00+00:00,754.38,29.51
2025-05-14 07:00:00+00:00,597.33,29.36
2025-05-14 08:00:00+00:00,396.42,28.88
2025-05-14 09:00:00+00:00,185.32,28.14
2025-05-14 10:00:00+00:00,29.62,27.11
2025-05-14 11:00:00+00:00,0.0,26.2
2025-05-14 12:00:00+00:00,0.0,25.8
2025-05-14 13:00:00+00:00,0.0,25.53
2025-05-14 14:00:00+00:00,0.0,25.33
2025-05-14 15:00:00+00:00,0.0,25.15
2025-05-14 16:00:00+00:00,0.0,25.01
2025-05-14 17:00:00+00:00,0.0,24.88
2025-05-14 18:00:00+00:00,0.0,24.8
2025-05-14 19:00:00+00:00,0.0,24.71
2025-05-14 20:00:00+00:00,0.0,24.63
2025-05-14 21:00:00+00:00,0.0,24.51
2025-05-14 22:00:00+00:00,81.5,25.3
2025-05-14 23:00:00+00:00,228.5,26.43
2025-05-15 00:00:00+00:00,382.4,27.48
2025-05-15 01:00:00+00:00,560.72,28.39
2025-05-15 02:00:00+00:00,754.42,29.1
2025-05-15 03:00:00+00:00,848.67,29.53
2025-05-15 04:00:00+00:00,893.25,29.73
2025-05-15 05:00:00+00:00,809.8,29.75
2025-05-15 06:00:00+00:00,781.95,29.73
2025-05-15 07:00:00+00:00,631.15,29.56
2025-05-15 08:00:00+00:00,453.33,29.14
2025-05-15 09:00:00+00:00,220.52,28.42
2025-05-15 10:00:00+00:00,32.2,27.46
2025-05-15 11:00:00+00:00,0.0,26.54
2025-05-15 12:00:00+00:00,0.0,26.15
2025-05-15 13:00:00+00:00,0.0,25.88
2025-05-15 14:00:00+00:00,0.0,25.66
2025-05-15 15:00:00+00:00,0.0,25.47
2025-05-15 16:00:00+00:00,0.0,25.26
2025-05-15 17:00:00+00:00,0.0,25.09
2025-05-15 18:00:00+00:00,0.0,24.99
2025-05-15 19:00:00+00:00,0.0,24.9
2025-05-15 20:00:00+00:00,0.0,24.85
2025-05-15 21:00:00+00:00,0.0,24.88
2025-05-15 22:00:00+00:00,69.05,25.68
2025-05-15 23:00:00+00:00,220.0,26.59
2025-05-16 00:00:00+00:00,409.73,27.39
2025-05-16 01:00:00+00:00,590.65,28.04
2025-05-16 02:00:00+00:00,685.67,28.58
2025-05-16 03:00:00+00:00,725.45,28.93
2025-05-16 04:00:00+00:00,749.53,29.15
2025-05-16 05:00:00+00:00,599.58,29.22
2025-05-16 06:00:00+00:00,678.03,29.18
2025-05-16 07:00:00+00:00,513.28,29.08
2025-05-16 08:00:00+00:00,276.15,28.88
2025-05-16 09:00:00+00:00,141.68,28.54
2025-05-16 10:00:00+00:00,22.65,27.83
2025-05-16 11:00:00+00:00,0.0,27.08
2025-05-16 12:00:00+00:00,0.0,26.76
2025-05-16 13:00:00+00:00,0.0,26.48
2025-05-16 14:00:00+00:00,0.0,26.26
2025-05-16 15:00:00+00:00,0.0,26.08
2025-05-16 16:00:00+00:00,0.0,25.94
2025-05-16 17:00:00+00:00,0.0,25.86
2025-05-16 18:00:00+00:00,0.0,25.86
2025-05-16 19:00:00+00:00,0.0,25.9
2025-05-16 20:00:00+00:00,0.0,25.85
2025-05-16 21:00:00+00:00,0.0,25.77
2025-05-16 22:00:00+00:00,74.8,26.06
2025-05-16 23:00:00+00:00,220.3,26.74
2025-05-17 00:00:00+00:00,364.48,27.39
2025-05-17 01:00:00+00:00,622.55,27.96
2025-05-17 02:00:00+00:00,748.05,28.68
2025-05-17 03:00:00+00:00,786.65,29.55
2025-05-17 04:00:00+00:00,850.05,30.38
2025-05-17 05:00:00+00:00,802.28,30.98
2025-05-17 06:00:00+00:00,635.78,31.22
2025-05-17 07:00:00+00:00,344.4,31.17
2025-05-17 08:00:00+00:00,187.25,30.92
2025-05-17 09:00:00+00:00,98.85,30.41
2025-05-17 10:00:00+00:00,15.93,29.45
2025-05-17 11:00:00+00:00,0.0,28.48
2025-05-17 12:00:00+00:00,0.0,28.04
2025-05-17 13:00:00+00:00,0.0,27.71
2025-05-17 14:00:00+00:00,0.0,27.36
2025-05-17 15:00:00+00:00,0.0,27.01
2025-05-17 16:00:00+00:00,0.0,26.78
2025-05-17 17:00:00+00:00,0.0,26.61
2025-05-17 18:00:00+00:00,0.0,26.46
2025-05-17 19:00:00+00:00,0.0,26.32
2025-05-17 20:00:00+00:00,0.0,26.2
2025-05-17 21:00:00+00:00,0.0,26.08
2025-05-17 22:00:00+00:00,64.43,26.57
2025-05-17 23:00:00+00:00,180.18,27.24
2025-05-18 00:00:00+00:00,327.88,27.96
2025-05-18 01:00:00+00:00,484.58,28.6
2025-05-18 02:00:00+00:00,585.42,29.14
2025-05-18 03:00:00+00:00,666.0,29.57
2025-05-18 04:00:00+00:00,837.2,29.96
2025-05-18 05:00:00+00:00,776.0,30.23
2025-05-18 06:00:00+00:00,604.12,30.21
2025-05-18 07:00:00+00:00,397.7,30.09
2025-05-18 08:00:00+00:00,128.1,29.83
2025-05-18 09:00:00+00:00,82.5,29.45
2025-05-18 10:00:00+00:00,15.57,28.72
2025-05-18 11:00:00+00:00,0.0,27.92
2025-05-18 12:00:00+00:00,0.0,27.61
2025-05-18 13:00:00+00:00,0.0,27.36
2025-05-18 14:00:00+00:00,0.0,27.14
2025-05-18 15:00:00+00:00,0.0,26.93
2025-05-18 16:00:00+00:00,0.0,26.77
2025-05-18 17:00:00+00:00,0.0,26.62
2025-05-18 18:00:00+00:00,0.0,26.47
2025-05-18 19:00:00+00:00,0.0,26.36
2025-05-18 20:00:00+00:00,0.0,26.27
2025-05-18 21:00:00+00:00,0.0,26.27
2025-05-18 22:00:00+00:00,49.58,26.79
2025-05-18 23:00:00+00:00,137.23,27.89
2025-05-19 00:00:00+00:00,236.35,28.85
2025-05-19 01:00:00+00:00,414.92,29.64
2025-05-19 02:00:00+00:00,540.97,30.23
2025-05-19 03:00:00+00:00,643.45,30.66
2025-05-19 04:00:00+00:00,682.25,30.99
2025-05-19 05:00:00+00:00,683.6,31.09
2025-05-19 06:00:00+00:00,637.42,30.91
2025-05-19 07:00:00+00:00,376.6,30.58
2025-05-19 08:00:00+00:00,121.95,30.08
2025-05-19 09:00:00+00:00,77.95,29.39
2025-05-19 10:00:00+00:00,16.77,28.49
2025-05-19 11:00:00+00:00,0.0,27.57
2025-05-19 12:00:00+00:00,0.0,27.2
2025-05-19 13:00:00+00:00,0.0,26.93
2025-05-19 14:00:00+00:00,0.0,26.74
2025-05-19 15:00:00+00:00,0.0,26.66
2025-05-19 16:00:00+00:00,0.0,26.66
2025-05-19 17:00:00+00:00,0.0,26.67
2025-05-19 18:00:00+00:00,0.0,26.68
2025-05-19 19:00:00+00:00,0.0,26.66
2025-05-19 20:00:00+00:00,0.0,26.62
2025-05-19 21:00:00+00:00,0.0,26.59
2025-05-19 22:00:00+00:00,67.3,27.08
2025-05-19 23:00:00+00:00,199.4,27.74
2025-05-20 00:00:00+00:00,389.83,28.26
2025-05-20 01:00:00+00:00,574.22,28.83
2025-05-20 02:00:00+00:00,656.3,29.36
2025-05-20 03:00:00+00:00,719.45,29.73
2025-05-20 04:00:00+00:00,833.95,29.92
2025-05-20 05:00:00+00:00,614.8,29.86
2025-05-20 06:00:00+00:00,505.62,29.71
2025-05-20 07:00:00+00:00,342.23,29.49
2025-05-20 08:00:00+00:00,247.15,29.2
2025-05-20 09:00:00+00:00,123.6,28.83
2025-05-20 10:00:00+00:00,25.1,28.16
2025-05-20 11:00:00+00:00,0.0,27.46
2025-05-20 12:00:00+00:00,0.0,27.27
2025-05-20 13:00:00+00:00,0.0,27.09
2025-05-20 14:00:00+00:00,0.0,26.93
2025-05-20 15:00:00+00:00,0.0,26.89
2025-05-20 16:00:00+00:00,0.0,26.87
2025-05-20 17:00:00+00:00,0.0,26.83
2025-05-20 18:00:00+00:00,0.0,26.78
2025-05-20 19:00:00+00:00,0.0,26.72
2025-05-20 20:00:00+00:00,0.0,26.67
2025-05-20 21:00:00+00:00,0.0,26.63
2025-05-20 22:00:00+00:00,65.97,27.35
2025-05-20 23:00:00+00:00,193.68,28.23
2025-05-21 00:00:00+00:00,373.73,29.03
2025-05-21 01:00:00+00:00,560.62,29.73
2025-05-21 02:00:00+00:00,698.72,30.38
2025-05-21 03:00:00+00:00,782.62,30.95
2025-05-21 04:00:00+00:00,848.03,31.41
2025-05-21 05:00:00+00:00,781.42,31.67
2025-05-21 06:00:00+00:00,739.6,31.65
2025-05-21 07:00:00+00:00,605.12,31.35
2025-05-21 08:00:00+00:00,418.58,30.79
2025-05-21 09:00:00+00:00,195.75,30.1
2025-05-21 10:00:00+00:00,33.97,29.26
2025-05-21 11:00:00+00:00,0.0,28.46
2025-05-21 12:00:00+00:00,0.0,28.1
2025-05-21 13:00:00+00:00,0.0,27.82
2025-05-21 14:00:00+00:00,0.0,27.57
2025-05-21 15:00:00+00:00,0.0,27.33
2025-05-21 16:00:00+00:00,0.0,27.12
2025-05-21 17:00:00+00:00,0.0,26.93
2025-05-21 18:00:00+00:00,0.0,26.84
2025-05-21 19:00:00+00:00,0.0,26.8
2025-05-21 20:00:00+00:00,0.0,26.9
2025-05-21 21:00:00+00:00,0.0,27.15
2025-05-21 22:00:00+00:00,94.2,27.75
2025-05-21 23:00:00+00:00,271.88,28.51
2025-05-22 00:00:00+00:00,488.9,29.05
2025-05-22 01:00:00+00:00,655.3,29.62
2025-05-22 02:00:00+00:00,806.03,30.28
2025-05-22 03:00:00+00:00,885.72,30.9
2025-05-22 04:00:00+00:00,909.83,31.22
2025-05-22 05:00:00+00:00,881.5,31.47
2025-05-22 06:00:00+00:00,725.58,31.53
2025-05-22 07:00:00+00:00,549.83,31.46
2025-05-22 08:00:00+00:00,348.7,31.2
2025-05-22 09:00:00+00:00,169.85,30.67
2025-05-22 10:00:00+00:00,30.67,29.72
2025-05-22 11:00:00+00:00,0.0,28.68
2025-05-22 12:00:00+00:00,0.0,28.26
2025-05-22 13:00:00+00:00,0.0,27.93
2025-05-22 14:00:00+00:00,0.0,27.73
2025-05-22 15:00:00+00:00,0.0,27.58
2025-05-22 16:00:00+00:00,0.0,27.48
2025-05-22 17:00:00+00:00,0.0,27.43
2025-05-22 18:00:00+00:00,0.0,27.39
2025-05-22 19:00:00+00:00,0.0,27.37
2025-05-22 20:00:00+00:00,0.0,27.31
2025-05-22 21:00:00+00:00,0.0,27.33
2025-05-22 22:00:00+00:00,80.78,27.89
2025-05-22 23:00:00+00:00,228.95,28.55
2025-05-23 00:00:00+00:00,400.7,29.03
2025-05-23 01:00:00+00:00,534.38,29.45
2025-05-23 02:00:00+00:00,615.15,29.86
2025-05-23 03:00:00+00:00,691.58,30.31
2025-05-23 04:00:00+00:00,714.72,30.72
2025-05-23 05:00:00+00:00,661.12,31.03
2025-05-23 06:00:00+00:00,587.28,31.14
2025-05-23 07:00:00+00:00,467.88,31.08
2025-05-23 08:00:00+00:00,214.7,30.92
2025-05-23 09:00:00+00:00,107.75,30.48
2025-05-23 10:00:00+00:00,19.42,29.63
2025-05-23 11:00:00+00:00,0.0,28.8
2025-05-23 12:00:00+00:00,0.0,28.52
2025-05-23 13:00:00+00:00,0.0,28.27
2025-05-23 14:00:00+00:00,0.0,28.04
2025-05-23 15:00:00+00:00,0.0,27.75
2025-05-23 16:00:00+00:00,0.0,27.45
2025-05-23 17:00:00+00:00,0.0,27.13
2025-05-23 18:00:00+00:00,0.0,26.79
2025-05-23 19:00:00+00:00,0.0,26.31
2025-05-23 20:00:00+00:00,0.0,25.63
2025-05-23 21:00:00+00:00,0.0,25.01
2025-05-23 22:00:00+00:00,64.78,24.74
2025-05-23 23:00:00+00:00,187.4,25.02
2025-05-24 00:00:00+00:00,352.73,25.82
2025-05-24 01:00:00+00:00,475.92,26.99
2025-05-24 02:00:00+00:00,532.1,28.37
2025-05-24 03:00:00+00:00,578.7,29.41
2025-05-24 04:00:00+00:00,575.6,30.15
2025-05-24 05:00:00+00:00,495.0,30.68
2025-05-24 06:00:00+00:00,370.23,30.95
2025-05-24 07:00:00+00:00,257.67,30.96
2025-05-24 08:00:00+00:00,198.25,30.75
2025-05-24 09:00:00+00:00,95.75,30.08
2025-05-24 10:00:00+00:00,9.9,28.93
2025-05-24 11:00:00+00:00,0.0,27.56
2025-05-24 12:00:00+00:00,0.0,26.32
2025-05-24 13:00:00+00:00,0.0,25.25
2025-05-24 14:00:00+00:00,0.0,24.59
2025-05-24 15:00:00+00:00,0.0,24.3
2025-05-24 16:00:00+00:00,0.0,24.13
2025-05-24 17:00:00+00:00,0.0,23.98
2025-05-24 18:00:00+00:00,0.0,23.84
2025-05-24 19:00:00+00:00,0.0,23.69
2025-05-24 20:00:00+00:00,0.0,23.54
2025-05-24 21:00:00+00:00,0.0,23.37
2025-05-24 22:00:00+00:00,34.4,23.65
2025-05-24 23:00:00+00:00,90.28,24.38
2025-05-25 00:00:00+00:00,173.05,25.69
2025-05-25 01:00:00+00:00,214.35,26.92
2025-05-25 02:00:00+00:00,348.5,27.75
2025-05-25 03:00:00+00:00,252.75,28.3
2025-05-25 04:00:00+00:00,266.12,28.61
2025-05-25 05:00:00+00:00,349.75,28.71
2025-05-25 06:00:00+00:00,204.88,28.64
2025-05-25 07:00:00+00:00,152.35,28.33
2025-05-25 08:00:00+00:00,103.62,27.79
2025-05-25 09:00:00+00:00,53.08,27.03
2025-05-25 10:00:00+00:00,3.88,26.11
2025-05-25 11:00:00+00:00,0.0,25.27
2025-05-25 12:00:00+00:00,0.0,24.7
2025-05-25 13:00:00+00:00,0.0,24.27
2025-05-25 14:00:00+00:00,0.0,23.88
2025-05-25 15:00:00+00:00,0.0,23.52
2025-05-25 16:00:00+00:00,0.0,23.18
2025-05-25 17:00:00+00:00,0.0,22.88
2025-05-25 18:00:00+00:00,0.0,22.65
2025-05-25 19:00:00+00:00,0.0,22.46
2025-05-25 20:00:00+00:00,0.0,22.28
2025-05-25 21:00:00+00:00,0.0,22.14
2025-05-25 22:00:00+00:00,27.12,22.27
2025-05-25 23:00:00+00:00,77.78,22.74
2025-05-26 00:00:00+00:00,127.62,23.9
2025-05-26 01:00:00+00:00,264.6,25.16
2025-05-26 02:00:00+00:00,514.28,25.88
2025-05-26 03:00:00+00:00,606.67,26.61
2025-05-26 04:00:00+00:00,448.15,27.48
2025-05-26 05:00:00+00:00,488.7,28.06
2025-05-26 06:00:00+00:00,289.85,28.23
2025-05-26 07:00:00+00:00,299.85,28.09
2025-05-26 08:00:00+00:00,204.75,27.86
2025-05-26 09:00:00+00:00,101.57,27.5
2025-05-26 10:00:00+00:00,19.35,26.79
2025-05-26 11:00:00+00:00,0.0,25.98
2025-05-26 12:00:00+00:00,0.0,25.55
2025-05-26 13:00:00+00:00,0.0,25.2
2025-05-26 14:00:00+00:00,0.0,24.84
2025-05-26 15:00:00+00:00,0.0,24.55
2025-05-26 16:00:00+00:00,0.0,24.36
2025-05-26 17:00:00+00:00,0.0,24.2
2025-05-26 18:00:00+00:00,0.0,24.06
2025-05-26 19:00:00+00:00,0.0,23.88
2025-05-26 20:00:00+00:00,0.0,23.61
2025-05-26 21:00:00+00:00,1.88,23.27
2025-05-26 22:00:00+00:00,53.88,23.13
2025-05-26 23:00:00+00:00,184.57,23.31
2025-05-27 00:00:00+00:00,348.2,24.26
2025-05-27 01:00:00+00:00,517.53,25.68
2025-05-27 02:00:00+00:00,608.47,26.92
2025-05-27 03:00:00+00:00,694.22,27.9
2025-05-27 04:00:00+00:00,694.33,28.65
2025-05-27 05:00:00+00:00,599.95,29.14
2025-05-27 06:00:00+00:00,492.62,29.35
2025-05-27 07:00:00+00:00,366.7,29.19
2025-05-27 08:00:00+00:00,210.05,28.76
2025-05-27 09:00:00+00:00,100.2,28.14
2025-05-27 10:00:00+00:00,14.95,27.12
2025-05-27 11:00:00+00:00,0.0,25.98
2025-05-27 12:00:00+00:00,0.0,25.61
2025-05-27 13:00:00+00:00,0.0,25.39
2025-05-27 14:00:00+00:00,0.0,25.15
2025-05-27 15:00:00+00:00,0.0,24.93
2025-05-27 16:00:00+00:00,0.0,24.78
2025-05-27 17:00:00+00:00,0.0,24.69
2025-05-27 18:00:00+00:00,0.0,24.68
2025-05-27 19:00:00+00:00,0.0,24.65
2025-05-27 20:00:00+00:00,0.0,24.6
2025-05-27 21:00:00+00:00,0.98,24.54
2025-05-27 22:00:00+00:00,34.4,24.81
2025-05-27 23:00:00+00:00,94.28,25.43
2025-05-28 00:00:00+00:00,175.23,26.09
2025-05-28 01:00:00+00:00,303.92,26.73
2025-05-28 02:00:00+00:00,302.92,27.39
2025-05-28 03:00:00+00:00,372.08,27.91
2025-05-28 04:00:00+00:00,399.75,28.28
2025-05-28 05:00:00+00:00,346.55,28.47
2025-05-28 06:00:00+00:00,370.1,28.52
2025-05-28 07:00:00+00:00,258.5,28.4
2025-05-28 08:00:00+00:00,151.75,27.87
2025-05-28 09:00:00+00:00,80.45,27.24
2025-05-28 10:00:00+00:00,14.88,26.68
2025-05-28 11:00:00+00:00,0.0,26.18
2025-05-28 12:00:00+00:00,0.0,25.95
2025-05-28 13:00:00+00:00,0.0,25.79
2025-05-28 14:00:00+00:00,0.0,25.65
2025-05-28 15:00:00+00:00,0.0,25.48
2025-05-28 16:00:00+00:00,0.0,25.36
2025-05-28 17:00:00+00:00,0.0,25.3
2025-05-28 18:00:00+00:00,0.0,25.27
2025-05-28 19:00:00+00:00,0.0,25.28
2025-05-28 20:00:00+00:00,0.0,25.31
2025-05-28 21:00:00+00:00,2.15,25.24
2025-05-28 22:00:00+00:00,47.83,25.93
2025-05-28 23:00:00+00:00,134.32,26.66
2025-05-29 00:00:00+00:00,215.25,27.44
2025-05-29 01:00:00+00:00,290.9,28.28
2025-05-29 02:00:00+00:00,236.52,29.0
2025-05-29 03:00:00+00:00,208.85,29.44
2025-05-29 04:00:00+00:00,148.23,29.6
2025-05-29 05:00:00+00:00,141.4,29.47
2025-05-29 06:00:00+00:00,211.9,29.16
2025-05-29 07:00:00+00:00,163.7,28.85
2025-05-29 08:00:00+00:00,79.18,28.51
2025-05-29 09:00:00+00:00,29.23,27.98
2025-05-29 10:00:00+00:00,8.15,27.22
2025-05-29 11:00:00+00:00,0.0,26.44
2025-05-29 12:00:00+00:00,0.0,25.98
2025-05-29 13:00:00+00:00,0.0,25.63
2025-05-29 14:00:00+00:00,0.0,25.38
2025-05-29 15:00:00+00:00,0.0,25.22
2025-05-29 16:00:00+00:00,0.0,25.23
2025-05-29 17:00:00+00:00,0.0,25.28
2025-05-29 18:00:00+00:00,0.0,25.29
2025-05-29 19:00:00+00:00,0.0,25.26
2025-05-29 20:00:00+00:00,0.0,25.17
2025-05-29 21:00:00+00:00,1.15,24.92
2025-05-29 22:00:00+00:00,28.62,24.83
2025-05-29 23:00:00+00:00,74.75,24.98
2025-05-30 00:00:00+00:00,114.72,25.35
2025-05-30 01:00:00+00:00,189.4,25.91
2025-05-30 02:00:00+00:00,212.57,26.62
2025-05-30 03:00:00+00:00,275.02,27.25
2025-05-30 04:00:00+00:00,351.15,27.71
2025-05-30 05:00:00+00:00,191.9,28.04
2025-05-30 06:00:00+00:00,270.62,28.11
2025-05-30 07:00:00+00:00,191.68,27.93
2025-05-30 08:00:00+00:00,120.35,27.51
2025-05-30 09:00:00+00:00,66.25,26.82
2025-05-30 10:00:00+00:00,14.15,25.9
2025-05-30 11:00:00+00:00,0.0,25.17
2025-05-30 12:00:00+00:00,0.0,24.92
2025-05-30 13:00:00+00:00,0.0,24.76
2025-05-30 14:00:00+00:00,0.0,24.61
2025-05-30 15:00:00+00:00,0.0,24.51
2025-05-30 16:00:00+00:00,0.0,24.47
2025-05-30 17:00:00+00:00,0.0,24.41
2025-05-30 18:00:00+00:00,0.0,24.32
2025-05-30 19:00:00+00:00,0.0,24.21
2025-05-30 20:00:00+00:00,0.0,24.15
2025-05-30 21:00:00+00:00,2.53,24.06
2025-05-30 22:00:00+00:00,56.38,24.35
2025-05-30 23:00:00+00:00,141.0,24.96
2025-05-31 00:00:00+00:00,210.07,25.84
2025-05-31 01:00:00+00:00,382.25,26.6
2025-05-31 02:00:00+00:00,433.65,27.36
2025-05-31 03:00:00+00:00,443.23,27.98
2025-05-31 04:00:00+00:00,530.7,28.42
2025-05-31 05:00:00+00:00,440.52,28.81
2025-05-31 06:00:00+00:00,431.48,28.88
2025-05-31 07:00:00+00:00,316.9,28.72
2025-05-31 08:00:00+00:00,195.48,28.28
2025-05-31 09:00:00+00:00,111.62,27.68
2025-05-31 10:00:00+00:00,25.0,26.94
2025-05-31 11:00:00+00:00,0.0,26.25
2025-05-31 12:00:00+00:00,0.0,25.92
2025-05-31 13:00:00+00:00,0.0,25.67
2025-05-31 14:00:00+00:00,0.0,25.49
2025-05-31 15:00:00+00:00,0.0,25.31
2025-05-31 16:00:00+00:00,0.0,25.19
2025-05-31 17:00:00+00:00,0.0,25.05
2025-05-31 18:00:00+00:00,0.0,24.98
2025-05-31 19:00:00+00:00,0.0,24.96
2025-05-31 20:00:00+00:00,0.0,25.01
2025-05-31 21:00:00+00:00,2.17,25.01
2025-05-31 22:00:00+00:00,58.38,25.69
2025-05-31 23:00:00+00:00,172.48,26.51
2025-06-01 00:00:00+00:00,304.48,27.55
2025-06-01 01:00:00+00:00,496.38,28.58
2025-06-01 02:00:00+00:00,599.67,29.36
2025-06-01 03:00:00+00:00,768.62,30.03
2025-06-01 04:00:00+00:00,701.0,30.54
2025-06-01 05:00:00+00:00,617.85,30.76
2025-06-01 06:00:00+00:00,610.92,30.72
2025-06-01 07:00:00+00:00,455.4,30.44
2025-06-01 08:00:00+00:00,304.75,29.95
2025-06-01 09:00:00+00:00,156.27,29.21
2025-06-01 10:00:00+00:00,34.75,28.21
2025-06-01 11:00:00+00:00,0.0,27.39
2025-06-01 12:00:00+00:00,0.0,27.19
2025-06-01 13:00:00+00:00,0.0,27.15
2025-06-01 14:00:00+00:00,0.0,27.12
2025-06-01 15:00:00+00:00,0.0,27.1
2025-06-01 16:00:00+00:00,0.0,27.06
2025-06-01 17:00:00+00:00,0.0,26.99
2025-06-01 18:00:00+00:00,0.0,26.96
2025-06-01 19:00:00+00:00,0.0,26.97
2025-06-01 20:00:00+00:00,0.0,26.92
2025-06-01 21:00:00+00:00,2.8,26.88
2025-06-01 22:00:00+00:00,49.4,27.26
2025-06-01 23:00:00+00:00,153.6,27.74
2025-06-02 00:00:00+00:00,286.98,28.26
2025-06-02 01:00:00+00:00,432.88,28.73
2025-06-02 02:00:00+00:00,530.0,29.06
2025-06-02 03:00:00+00:00,625.6,29.24
2025-06-02 04:00:00+00:00,730.55,29.38
2025-06-02 05:00:00+00:00,680.42,29.5
2025-06-02 06:00:00+00:00,634.3,29.54
2025-06-02 07:00:00+00:00,502.62,29.55
2025-06-02 08:00:00+00:00,335.27,29.47
2025-06-02 09:00:00+00:00,164.45,29.24
2025-06-02 10:00:00+00:00,35.3,28.8
2025-06-02 11:00:00+00:00,0.0,28.34
2025-06-02 12:00:00+00:00,0.0,28.13
2025-06-02 13:00:00+00:00,0.0,28.02
2025-06-02 14:00:00+00:00,0.0,27.88
2025-06-02 15:00:00+00:00,0.0,27.67
2025-06-02 16:00:00+00:00,0.0,27.42
2025-06-02 17:00:00+00:00,0.0,27.21
2025-06-02 18:00:00+00:00,0.0,27.07
2025-06-02 19:00:00+00:00,0.0,26.89
2025-06-02 20:00:00+00:00,0.0,26.77
2025-06-02 21:00:00+00:00,1.42,26.66
2025-06-02 22:00:00+00:00,24.52,26.65
2025-06-02 23:00:00+00:00,57.38,26.61
2025-06-03 00:00:00+00:00,95.72,26.65
2025-06-03 01:00:00+00:00,206.62,26.95
2025-06-03 02:00:00+00:00,447.33,27.54
2025-06-03 03:00:00+00:00,596.0,28.35
2025-06-03 04:00:00+00:00,691.92,29.21
2025-06-03 05:00:00+00:00,703.25,29.61
2025-06-03 06:00:00+00:00,540.67,29.54
2025-06-03 07:00:00+00:00,403.7,29.55
2025-06-03 08:00:00+00:00,246.32,29.45
2025-06-03 09:00:00+00:00,120.57,29.28
2025-06-03 10:00:00+00:00,21.52,28.74
2025-06-03 11:00:00+00:00,0.0,27.77
2025-06-03 12:00:00+00:00,0.0,27.27
2025-06-03 13:00:00+00:00,0.0,26.85
2025-06-03 14:00:00+00:00,0.0,26.41
2025-06-03 15:00:00+00:00,0.0,26.01
2025-06-03 16:00:00+00:00,0.0,25.68
2025-06-03 17:00:00+00:00,0.0,25.4
2025-06-03 18:00:00+00:00,0.0,25.18
2025-06-03 19:00:00+00:00,0.0,25.06
2025-06-03 20:00:00+00:00,0.0,25.08
2025-06-03 21:00:00+00:00,1.25,25.05
2025-06-03 22:00:00+00:00,26.98,25.28
2025-06-03 23:00:00+00:00,61.42,25.71
2025-06-04 00:00:00+00:00,67.8,26.5
2025-06-04 01:00:00+00:00,113.03,27.18
2025-06-04 02:00:00+00:00,143.05,27.7
2025-06-04 03:00:00+00:00,190.12,27.93
2025-06-04 04:00:00+00:00,186.3,28.06
2025-06-04 05:00:00+00:00,231.27,28.2
2025-06-04 06:00:00+00:00,160.3,28.24
2025-06-04 07:00:00+00:00,122.85,28.2
2025-06-04 08:00:00+00:00,61.33,28.05
2025-06-04 09:00:00+00:00,36.22,27.74
2025-06-04 10:00:00+00:00,9.43,27.25
2025-06-04 11:00:00+00:00,0.0,26.54
2025-06-04 12:00:00+00:00,0.0,26.01
2025-06-04 13:00:00+00:00,0.0,25.56
2025-06-04 14:00:00+00:00,0.0,25.2
2025-06-04 15:00:00+00:00,0.0,24.99
2025-06-04 16:00:00+00:00,0.0,24.85
2025-06-04 17:00:00+00:00,0.0,24.72
2025-06-04 18:00:00+00:00,0.0,24.62
2025-06-04 19:00:00+00:00,0.0,24.54
2025-06-04 20:00:00+00:00,0.0,24.47
2025-06-04 21:00:00+00:00,1.65,24.4
2025-06-04 22:00:00+00:00,23.6,24.9
2025-06-04 23:00:00+00:00,94.12,25.47
2025-06-05 00:00:00+00:00,179.02,26.3
2025-06-05 01:00:00+00:00,266.3,27.3
2025-06-05 02:00:00+00:00,374.2,28.18
2025-06-05 03:00:00+00:00,564.42,28.79
2025-06-05 04:00:00+00:00,522.83,29.3
2025-06-05 05:00:00+00:00,508.48,29.75
2025-06-05 06:00:00+00:00,460.33,29.98
2025-06-05 07:00:00+00:00,385.0,29.91
2025-06-05 08:00:00+00:00,240.25,29.59
2025-06-05 09:00:00+00:00,123.4,29.13
2025-06-05 10:00:00+00:00,29.75,28.38
2025-06-05 11:00:00+00:00,0.0,27.31
2025-06-05 12:00:00+00:00,0.0,26.65
2025-06-05 13:00:00+00:00,0.0,26.18
2025-06-05 14:00:00+00:00,0.0,25.89
2025-06-05 15:00:00+00:00,0.0,25.69
2025-06-05 16:00:00+00:00,0.0,25.54
2025-06-05 17:00:00+00:00,0.0,25.45
2025-06-05 18:00:00+00:00,0.0,25.37
2025-06-05 19:00:00+00:00,0.0,25.29
2025-06-05 20:00:00+00:00,0.0,25.27
2025-06-05 21:00:00+00:00,2.42,25.2
2025-06-05 22:00:00+00:00,66.38,25.85
2025-06-05 23:00:00+00:00,217.45,26.62
2025-06-06 00:00:00+00:00,425.4,27.52
2025-06-06 01:00:00+00:00,623.25,28.77
2025-06-06 02:00:00+00:00,695.53,29.85
2025-06-06 03:00:00+00:00,704.62,30.54
2025-06-06 04:00:00+00:00,702.4,31.01
2025-06-06 05:00:00+00:00,684.12,31.33
2025-06-06 06:00:00+00:00,648.15,31.36
2025-06-06 07:00:00+00:00,506.15,31.18
2025-06-06 08:00:00+00:00,351.52,30.7
2025-06-06 09:00:00+00:00,174.27,30.04
2025-06-06 10:00:00+00:00,36.9,29.12
2025-06-06 11:00:00+00:00,0.0,27.88
2025-06-06 12:00:00+00:00,0.0,27.2
2025-06-06 13:00:00+00:00,0.0,26.76
2025-06-06 14:00:00+00:00,0.0,26.48
2025-06-06 15:00:00+00:00,0.0,26.29
2025-06-06 16:00:00+00:00,0.0,26.18
2025-06-06 17:00:00+00:00,0.0,26.12
2025-06-06 18:00:00+00:00,0.0,26.08
2025-06-06 19:00:00+00:00,0.0,26.04
2025-06-06 20:00:00+00:00,0.0,26.03
2025-06-06 21:00:00+00:00,2.95,26.07
2025-06-06 22:00:00+00:00,83.75,26.77
2025-06-06 23:00:00+00:00,253.95,27.72
2025-06-07 00:00:00+00:00,468.02,28.69
2025-06-07 01:00:00+00:00,666.45,29.54
2025-06-07 02:00:00+00:00,806.1,30.28
2025-06-07 03:00:00+00:00,890.0,30.94
2025-06-07 04:00:00+00:00,909.05,31.45
2025-06-07 05:00:00+00:00,794.65,31.79
2025-06-07 06:00:00+00:00,747.45,31.9
2025-06-07 07:00:00+00:00,633.55,31.74
2025-06-07 08:00:00+00:00,446.6,31.33
2025-06-07 09:00:00+00:00,231.38,30.72
2025-06-07 10:00:00+00:00,53.62,29.66
2025-06-07 11:00:00+00:00,0.0,28.42
2025-06-07 12:00:00+00:00,0.0,27.81
2025-06-07 13:00:00+00:00,0.0,27.44
2025-06-07 14:00:00+00:00,0.0,27.19
2025-06-07 15:00:00+00:00,0.0,26.97
2025-06-07 16:00:00+00:00,0.0,26.79
2025-06-07 17:00:00+00:00,0.0,26.64
2025-06-07 18:00:00+00:00,0.0,26.51
2025-06-07 19:00:00+00:00,0.0,26.41
2025-06-07 20:00:00+00:00,0.0,26.36
2025-06-07 21:00:00+00:00,3.28,26.35
2025-06-07 22:00:00+00:00,87.65,27.25
2025-06-07 23:00:00+00:00,260.67,28.08
2025-06-08 00:00:00+00:00,453.25,28.91
2025-06-08 01:00:00+00:00,646.75,29.72
2025-06-08 02:00:00+00:00,810.7,30.48
2025-06-08 03:00:00+00:00,889.75,31.14
2025-06-08 04:00:00+00:00,906.95,31.66
2025-06-08 05:00:00+00:00,815.8,32.04
2025-06-08 06:00:00+00:00,749.67,32.22
2025-06-08 07:00:00+00:00,588.45,32.13
2025-06-08 08:00:00+00:00,423.05,31.75
2025-06-08 09:00:00+00:00,218.9,31.12
2025-06-08 10:00:00+00:00,48.58,30.01
2025-06-08 11:00:00+00:00,0.0,28.62
2025-06-08 12:00:00+00:00,0.0,27.96
2025-06-08 13:00:00+00:00,0.0,27.58
2025-06-08 14:00:00+00:00,0.0,27.36
2025-06-08 15:00:00+00:00,0.0,27.13
2025-06-08 16:00:00+00:00,0.0,26.83
2025-06-08 17:00:00+00:00,0.0,26.5
2025-06-08 18:00:00+00:00,0.0,26.23
2025-06-08 19:00:00+00:00,0.0,26.15
2025-06-08 20:00:00+00:00,0.0,26.22
2025-06-08 21:00:00+00:00,3.28,26.18
2025-06-08 22:00:00+00:00,82.05,26.83
2025-06-08 23:00:00+00:00,243.85,27.77
2025-06-09 00:00:00+00:00,414.95,28.71
2025-06-09 01:00:00+00:00,588.05,29.51
2025-06-09 02:00:00+00:00,767.45,30.17
2025-06-09 03:00:00+00:00,851.0,30.84
2025-06-09 04:00:00+00:00,855.97,31.56
2025-06-09 05:00:00+00:00,802.22,32.02
2025-06-09 06:00:00+00:00,779.67,32.27
2025-06-09 07:00:00+00:00,647.0,32.43
2025-06-09 08:00:00+00:00,461.25,32.41
2025-06-09 09:00:00+00:00,244.8,32.06
2025-06-09 10:00:00+00:00,57.7,31.22
2025-06-09 11:00:00+00:00,0.0,30.16
2025-06-09 12:00:00+00:00,0.0,29.56
2025-06-09 13:00:00+00:00,0.0,29.04
2025-06-09 14:00:00+00:00,0.0,28.71
2025-06-09 15:00:00+00:00,0.0,28.45
2025-06-09 16:00:00+00:00,0.0,28.18
2025-06-09 17:00:00+00:00,0.0,27.79
2025-06-09 18:00:00+00:00,0.0,27.44
2025-06-09 19:00:00+00:00,0.0,27.14
2025-06-09 20:00:00+00:00,0.0,26.9
2025-06-09 21:00:00+00:00,3.47,26.76
2025-06-09 22:00:00+00:00,104.95,27.28
2025-06-09 23:00:00+00:00,307.88,28.43
2025-06-10 00:00:00+00:00,527.12,29.79
2025-06-10 01:00:00+00:00,720.8,30.63
2025-06-10 02:00:00+00:00,837.67,31.1
2025-06-10 03:00:00+00:00,918.95,31.61
2025-06-10 04:00:00+00:00,835.33,32.14
2025-06-10 05:00:00+00:00,810.67,32.43
2025-06-10 06:00:00+00:00,663.3,32.48
2025-06-10 07:00:00+00:00,607.83,32.31
2025-06-10 08:00:00+00:00,419.12,31.88
2025-06-10 09:00:00+00:00,228.68,31.1
2025-06-10 10:00:00+00:00,53.83,29.8
2025-06-10 11:00:00+00:00,0.0,28.63
2025-06-10 12:00:00+00:00,0.0,28.22
2025-06-10 13:00:00+00:00,0.0,27.96
2025-06-10 14:00:00+00:00,0.0,27.61
2025-06-10 15:00:00+00:00,0.0,27.24
2025-06-10 16:00:00+00:00,0.0,27.05
2025-06-10 17:00:00+00:00,0.0,26.95
2025-06-10 18:00:00+00:00,0.0,26.93
2025-06-10 19:00:00+00:00,0.0,26.99
2025-06-10 20:00:00+00:00,0.0,27.12
2025-06-10 21:00:00+00:00,2.92,27.24
2025-06-10 22:00:00+00:00,72.88,27.57
2025-06-10 23:00:00+00:00,214.4,28.03
2025-06-11 00:00:00+00:00,379.33,28.86
2025-06-11 01:00:00+00:00,483.2,29.56
2025-06-11 02:00:00+00:00,588.88,29.69
2025-06-11 03:00:00+00:00,626.72,29.56
2025-06-11 04:00:00+00:00,736.85,29.37
2025-06-11 05:00:00+00:00,641.65,29.41
2025-06-11 06:00:00+00:00,516.22,29.58
2025-06-11 07:00:00+00:00,447.15,29.6
2025-06-11 08:00:00+00:00,339.98,29.42
2025-06-11 09:00:00+00:00,172.38,29.05
2025-06-11 10:00:00+00:00,38.67,28.56
2025-06-11 11:00:00+00:00,0.0,28.19
2025-06-11 12:00:00+00:00,0.0,28.04
2025-06-11 13:00:00+00:00,0.0,27.84
2025-06-11 14:00:00+00:00,0.0,27.62
2025-06-11 15:00:00+00:00,0.0,27.4
2025-06-11 16:00:00+00:00,0.0,27.19
2025-06-11 17:00:00+00:00,0.0,27.05
2025-06-11 18:00:00+00:00,0.0,26.89
2025-06-11 19:00:00+00:00,0.0,26.78
2025-06-11 20:00:00+00:00,0.0,26.71
2025-06-11 21:00:00+00:00,2.3,26.69
2025-06-11 22:00:00+00:00,46.53,26.88
2025-06-11 23:00:00+00:00,152.88,27.41
2025-06-12 00:00:00+00:00,275.73,28.11
2025-06-12 01:00:00+00:00,506.67,28.78
2025-06-12 02:00:00+00:00,653.42,29.35
2025-06-12 03:00:00+00:00,610.58,29.78
2025-06-12 04:00:00+00:00,618.22,30.17
2025-06-12 05:00:00+00:00,597.85,30.24
2025-06-12 06:00:00+00:00,618.22,30.1
2025-06-12 07:00:00+00:00,470.12,29.66
2025-06-12 08:00:00+00:00,304.48,29.06
2025-06-12 09:00:00+00:00,152.38,28.45
2025-06-12 10:00:00+00:00,33.85,27.91
2025-06-12 11:00:00+00:00,0.0,27.56
2025-06-12 12:00:00+00:00,0.0,27.43
2025-06-12 13:00:00+00:00,0.0,27.36
2025-06-12 14:00:00+00:00,0.0,27.31
2025-06-12 15:00:00+00:00,0.0,27.24
2025-06-12 16:00:00+00:00,0.0,27.14
2025-06-12 17:00:00+00:00,0.0,27.05
2025-06-12 18:00:00+00:00,0.0,26.97
2025-06-12 19:00:00+00:00,0.0,26.9
2025-06-12 20:00:00+00:00,0.0,26.84
2025-06-12 21:00:00+00:00,2.42,26.78
2025-06-12 22:00:00+00:00,49.4,27.25
2025-06-12 23:00:00+00:00,150.0,27.76
2025-06-13 00:00:00+00:00,281.6,28.3
2025-06-13 01:00:00+00:00,352.3,28.89
2025-06-13 02:00:00+00:00,463.23,29.25
2025-06-13 03:00:00+00:00,541.58,29.48
2025-06-13 04:00:00+00:00,608.3,29.55
2025-06-13 05:00:00+00:00,672.78,29.43
2025-06-13 06:00:00+00:00,559.38,29.27
2025-06-13 07:00:00+00:00,418.95,28.97
2025-06-13 08:00:00+00:00,230.68,28.59
2025-06-13 09:00:00+00:00,123.9,28.14
2025-06-13 10:00:00+00:00,29.23,27.63
2025-06-13 11:00:00+00:00,0.0,27.26
2025-06-13 12:00:00+00:00,0.0,27.14
2025-06-13 13:00:00+00:00,0.0,27.05
2025-06-13 14:00:00+00:00,0.0,27.01
2025-06-13 15:00:00+00:00,0.0,27.03
2025-06-13 16:00:00+00:00,0.0,27.07
2025-06-13 17:00:00+00:00,0.0,27.17
2025-06-13 18:00:00+00:00,0.0,27.25
2025-06-13 19:00:00+00:00,0.0,27.25
2025-06-13 20:00:00+00:00,0.0,27.17
2025-06-13 21:00:00+00:00,2.25,27.16
2025-06-13 22:00:00+00:00,54.1,27.6
2025-06-13 23:00:00+00:00,170.3,28.21
2025-06-14 00:00:00+00:00,333.0,28.82
2025-06-14 01:00:00+00:00,454.7,29.33
2025-06-14 02:00:00+00:00,559.72,29.6
2025-06-14 03:00:00+00:00,620.72,29.67
2025-06-14 04:00:00+00:00,636.53,29.72
2025-06-14 05:00:00+00:00,632.22,29.73
2025-06-14 06:00:00+00:00,541.53,29.67
2025-06-14 07:00:00+00:00,406.58,29.46
2025-06-14 08:00:00+00:00,275.88,29.22
2025-06-14 09:00:00+00:00,134.2,28.86
2025-06-14 10:00:00+00:00,31.35,28.38
2025-06-14 11:00:00+00:00,0.0,28.04
2025-06-14 12:00:00+00:00,0.0,27.97
2025-06-14 13:00:00+00:00,0.0,27.96
2025-06-14 14:00:00+00:00,0.0,27.93
2025-06-14 15:00:00+00:00,0.0,27.87
2025-06-14 16:00:00+00:00,0.0,27.84
2025-06-14 17:00:00+00:00,0.0,27.81
2025-06-14 18:00:00+00:00,0.0,27.8
2025-06-14 19:00:00+00:00,0.0,27.78
2025-06-14 20:00:00+00:00,0.0,27.77
2025-06-14 21:00:00+00:00,2.0,27.75
2025-06-14 22:00:00+00:00,53.17,27.89
2025-06-14 23:00:00+00:00,127.35,28.24
2025-06-15 00:00:00+00:00,218.38,28.6
2025-06-15 01:00:00+00:00,337.1,28.92
2025-06-15 02:00:00+00:00,417.52,29.12
2025-06-15 03:00:00+00:00,507.1,29.38
2025-06-15 04:00:00+00:00,479.05,29.53
2025-06-15 05:00:00+00:00,511.0,29.57
2025-06-15 06:00:00+00:00,446.75,29.5
2025-06-15 07:00:00+00:00,371.95,29.35
2025-06-15 08:00:00+00:00,248.73,29.12
2025-06-15 09:00:00+00:00,110.18,28.76
2025-06-15 10:00:00+00:00,25.38,28.36
2025-06-15 11:00:00+00:00,0.0,28.05
2025-06-15 12:00:00+00:00,0.0,27.95
2025-06-15 13:00:00+00:00,0.0,27.9
2025-06-15 14:00:00+00:00,0.0,27.86
2025-06-15 15:00:00+00:00,0.0,27.77
2025-06-15 16:00:00+00:00,0.0,27.65
2025-06-15 17:00:00+00:00,0.0,27.55
2025-06-15 18:00:00+00:00,0.0,27.43
2025-06-15 19:00:00+00:00,0.0,27.34
2025-06-15 20:00:00+00:00,0.0,27.32
2025-06-15 21:00:00+00:00,2.03,27.3
2025-06-15 22:00:00+00:00,59.42,27.76
2025-06-15 23:00:00+00:00,207.48,28.3
2025-06-16 00:00:00+00:00,387.3,28.66
2025-06-16 01:00:00+00:00,555.53,28.96
2025-06-16 02:00:00+00:00,675.33,29.2
2025-06-16 03:00:00+00:00,779.1,29.41
2025-06-16 04:00:00+00:00,748.92,29.56
2025-06-16 05:00:00+00:00,597.75,29.67
2025-06-16 06:00:00+00:00,365.05,29.67
2025-06-16 07:00:00+00:00,269.23,29.54
2025-06-16 08:00:00+00:00,181.02,29.34
2025-06-16 09:00:00+00:00,85.4,29.01
2025-06-16 10:00:00+00:00,16.25,28.46
2025-06-16 11:00:00+00:00,0.0,27.85
2025-06-16 12:00:00+00:00,0.0,27.62
2025-06-16 13:00:00+00:00,0.0,27.46
2025-06-16 14:00:00+00:00,0.0,27.35
2025-06-16 15:00:00+00:00,0.0,27.24
2025-06-16 16:00:00+00:00,0.0,27.19
2025-06-16 17:00:00+00:00,0.0,27.17
2025-06-16 18:00:00+00:00,0.0,27.18
2025-06-16 19:00:00+00:00,0.0,27.17
2025-06-16 20:00:00+00:00,0.0,27.13
2025-06-16 21:00:00+00:00,0.3,27.01
2025-06-16 22:00:00+00:00,7.65,27.08
2025-06-16 23:00:00+00:00,22.42,27.26
2025-06-17 00:00:00+00:00,34.78,27.33
2025-06-17 01:00:00+00:00,57.62,27.42
2025-06-17 02:00:00+00:00,115.2,27.55
2025-06-17 03:00:00+00:00,251.85,27.87
2025-06-17 04:00:00+00:00,299.62,28.13
2025-06-17 05:00:00+00:00,278.75,28.27
2025-06-17 06:00:00+00:00,242.93,28.26
2025-06-17 07:00:00+00:00,145.57,28.18
2025-06-17 08:00:00+00:00,74.7,28.02
2025-06-17 09:00:00+00:00,49.35,27.79
2025-06-17 10:00:00+00:00,14.77,27.43
2025-06-17 11:00:00+00:00,0.0,27.13
2025-06-17 12:00:00+00:00,0.0,26.95
2025-06-17 13:00:00+00:00,0.0,26.85
2025-06-17 14:00:00+00:00,0.0,26.84
2025-06-17 15:00:00+00:00,0.0,26.79
2025-06-17 16:00:00+00:00,0.0,26.75
2025-06-17 17:00:00+00:00,0.0,26.8
2025-06-17 18:00:00+00:00,0.0,26.87
2025-06-17 19:00:00+00:00,0.0,26.85
2025-06-17 20:00:00+00:00,0.0,26.81
2025-06-17 21:00:00+00:00,1.88,26.78
2025-06-17 22:00:00+00:00,55.15,27.4
2025-06-17 23:00:00+00:00,167.55,27.97
2025-06-18 00:00:00+00:00,307.15,28.52
2025-06-18 01:00:00+00:00,493.48,29.02
2025-06-18 02:00:00+00:00,472.92,29.41
2025-06-18 03:00:00+00:00,556.3,29.69
2025-06-18 04:00:00+00:00,621.35,29.86
2025-06-18 05:00:00+00:00,568.03,29.95
2025-06-18 06:00:00+00:00,530.42,29.9
2025-06-18 07:00:00+00:00,425.5,29.68
2025-06-18 08:00:00+00:00,311.98,29.33
2025-06-18 09:00:00+00:00,160.02,28.89
2025-06-18 10:00:00+00:00,38.72,28.25
2025-06-18 11:00:00+00:00,0.0,27.56
2025-06-18 12:00:00+00:00,0.0,27.39
2025-06-18 13:00:00+00:00,0.0,27.32
2025-06-18 14:00:00+00:00,0.0,27.23
2025-06-18 15:00:00+00:00,0.0,27.09
2025-06-18 16:00:00+00:00,0.0,26.96
2025-06-18 17:00:00+00:00,0.0,26.85
2025-06-18 18:00:00+00:00,0.0,26.75
2025-06-18 19:00:00+00:00,0.0,26.69
2025-06-18 20:00:00+00:00,0.0,26.66
2025-06-18 21:00:00+00:00,0.0,26.7
2025-06-18 22:00:00+00:00,72.57,27.33
2025-06-18 23:00:00+00:00,214.05,27.98
2025-06-19 00:00:00+00:00,383.42,28.48
2025-06-19 01:00:00+00:00,508.7,29.05
2025-06-19 02:00:00+00:00,629.95,29.53
2025-06-19 03:00:00+00:00,757.35,29.88
2025-06-19 04:00:00+00:00,818.7,30.06
2025-06-19 05:00:00+00:00,788.42,30.07
2025-06-19 06:00:00+00:00,645.92,29.97
2025-06-19 07:00:00+00:00,512.1,29.68
2025-06-19 08:00:00+00:00,331.62,29.31
2025-06-19 09:00:00+00:00,162.3,28.78
2025-06-19 10:00:00+00:00,37.85,28.11
2025-06-19 11:00:00+00:00,0.0,27.55
2025-06-19 12:00:00+00:00,0.0,27.43
2025-06-19 13:00:00+00:00,0.0,27.34
2025-06-19 14:00:00+00:00,0.0,27.23
2025-06-19 15:00:00+00:00,0.0,27.08
2025-06-19 16:00:00+00:00,0.0,26.95
2025-06-19 17:00:00+00:00,0.0,26.82
2025-06-19 18:00:00+00:00,0.0,26.71
2025-06-19 19:00:00+00:00,0.0,26.62
2025-06-19 20:00:00+00:00,0.0,26.6
2025-06-19 21:00:00+00:00,0.0,26.64
2025-06-19 22:00:00+00:00,59.65,27.35
2025-06-19 23:00:00+00:00,166.3,27.93
2025-06-20 00:00:00+00:00,303.83,28.42
2025-06-20 01:00:00+00:00,395.15,28.82
2025-06-20 02:00:00+00:00,485.08,29.19
2025-06-20 03:00:00+00:00,610.58,29.45
2025-06-20 04:00:00+00:00,610.08,29.67
2025-06-20 05:00:00+00:00,584.62,29.83
2025-06-20 06:00:00+00:00,458.55,29.89
2025-06-20 07:00:00+00:00,343.2,29.76
2025-06-20 08:00:00+00:00,237.02,29.46
2025-06-20 09:00:00+00:00,118.53,28.95
2025-06-20 10:00:00+00:00,29.12,28.27
2025-06-20 11:00:00+00:00,0.0,27.55
2025-06-20 12:00:00+00:00,0.0,27.35
2025-06-20 13:00:00+00:00,0.0,27.24
2025-06-20 14:00:00+00:00,0.0,27.19
2025-06-20 15:00:00+00:00,0.0,27.14
2025-06-20 16:00:00+00:00,0.0,27.15
2025-06-20 17:00:00+00:00,0.0,27.18
2025-06-20 18:00:00+00:00,0.0,27.18
2025-06-20 19:00:00+00:00,0.0,27.16
2025-06-20 20:00:00+00:00,0.0,27.17
2025-06-20 21:00:00+00:00,0.0,27.15
2025-06-20 22:00:00+00:00,80.05,27.68
2025-06-20 23:00:00+00:00,225.7,28.23
2025-06-21 00:00:00+00:00,409.62,28.7
2025-06-21 01:00:00+00:00,575.95,29.07
2025-06-21 02:00:00+00:00,684.1,29.31
2025-06-21 03:00:00+00:00,807.92,29.48
2025-06-21 04:00:00+00:00,814.85,29.62
2025-06-21 05:00:00+00:00,797.15,29.73
2025-06-21 06:00:00+00:00,635.33,29.74
2025-06-21 07:00:00+00:00,582.12,29.62
2025-06-21 08:00:00+00:00,411.85,29.43
2025-06-21 09:00:00+00:00,216.77,29.11
2025-06-21 10:00:00+00:00,51.7,28.56
2025-06-21 11:00:00+00:00,0.0,27.95
2025-06-21 12:00:00+00:00,0.0,27.8
2025-06-21 13:00:00+00:00,0.0,27.71
2025-06-21 14:00:00+00:00,0.0,27.6
2025-06-21 15:00:00+00:00,0.0,27.46
2025-06-21 16:00:00+00:00,0.0,27.35
2025-06-21 17:00:00+00:00,0.0,27.24
2025-06-21 18:00:00+00:00,0.0,27.14
2025-06-21 19:00:00+00:00,0.0,27.08
2025-06-21 20:00:00+00:00,0.0,27.01
2025-06-21 21:00:00+00:00,0.0,27.0
2025-06-21 22:00:00+00:00,72.6,27.81
2025-06-21 23:00:00+00:00,214.9,28.49
2025-06-22 00:00:00+00:00,407.85,29.04
2025-06-22 01:00:00+00:00,592.58,29.56
2025-06-22 02:00:00+00:00,709.8,30.0
2025-06-22 03:00:00+00:00,825.67,30.35
2025-06-22 04:00:00+00:00,839.92,30.57
2025-06-22 05:00:00+00:00,738.95,30.71
2025-06-22 06:00:00+00:00,695.28,30.7
2025-06-22 07:00:00+00:00,588.25,30.56
2025-06-22 08:00:00+00:00,434.6,30.28
2025-06-22 09:00:00+00:00,228.52,29.79
2025-06-22 10:00:00+00:00,56.8,29.03
2025-06-22 11:00:00+00:00,0.0,28.26
2025-06-22 12:00:00+00:00,0.0,28.04
2025-06-22 13:00:00+00:00,0.0,27.89
2025-06-22 14:00:00+00:00,0.0,27.74
2025-06-22 15:00:00+00:00,0.0,27.57
2025-06-22 16:00:00+00:00,0.0,27.44
2025-06-22 17:00:00+00:00,0.0,27.32
2025-06-22 18:00:00+00:00,0.0,27.2
2025-06-22 19:00:00+00:00,0.0,27.13
2025-06-22 20:00:00+00:00,0.0,27.05
2025-06-22 21:00:00+00:00,0.0,27.01
2025-06-22 22:00:00+00:00,87.53,27.69
2025-06-22 23:00:00+00:00,252.07,28.34
2025-06-23 00:00:00+00:00,440.1,28.82
2025-06-23 01:00:00+00:00,606.8,29.3
2025-06-23 02:00:00+00:00,755.2,29.74
2025-06-23 03:00:00+00:00,848.17,30.14
2025-06-23 04:00:00+00:00,867.47,30.41
2025-06-23 05:00:00+00:00,789.08,30.64
2025-06-23 06:00:00+00:00,744.78,30.74
2025-06-23 07:00:00+00:00,617.0,30.65
2025-06-23 08:00:00+00:00,443.3,30.46
2025-06-23 09:00:00+00:00,243.3,30.06
2025-06-23 10:00:00+00:00,65.5,29.27
2025-06-23 11:00:00+00:00,0.0,28.33
2025-06-23 12:00:00+00:00,0.0,28.06
2025-06-23 13:00:00+00:00,0.0,27.88
2025-06-23 14:00:00+00:00,0.0,27.7
2025-06-23 15:00:00+00:00,0.0,27.54
2025-06-23 16:00:00+00:00,0.0,27.38
2025-06-23 17:00:00+00:00,0.0,27.25
2025-06-23 18:00:00+00:00,0.0,27.17
2025-06-23 19:00:00+00:00,0.0,27.13
2025-06-23 20:00:00+00:00,0.0,27.14
2025-06-23 21:00:00+00:00,0.0,27.21
2025-06-23 22:00:00+00:00,79.28,27.92
2025-06-23 23:00:00+00:00,229.2,28.78
2025-06-24 00:00:00+00:00,412.75,29.42
2025-06-24 01:00:00+00:00,593.45,30.11
2025-06-24 02:00:00+00:00,768.28,30.71
2025-06-24 03:00:00+00:00,863.55,31.24
2025-06-24 04:00:00+00:00,888.5,31.6
2025-06-24 05:00:00+00:00,765.9,31.8
2025-06-24 06:00:00+00:00,732.65,31.84
2025-06-24 07:00:00+00:00,599.9,31.75
2025-06-24 08:00:00+00:00,439.23,31.52
2025-06-24 09:00:00+00:00,240.52,31.16
2025-06-24 10:00:00+00:00,61.9,30.18
2025-06-24 11:00:00+00:00,0.0,28.9
2025-06-24 12:00:00+00:00,0.0,28.35
2025-06-24 13:00:00+00:00,0.0,28.0
2025-06-24 14:00:00+00:00,0.0,27.72
2025-06-24 15:00:00+00:00,0.0,27.48
2025-06-24 16:00:00+00:00,0.0,27.32
2025-06-24 17:00:00+00:00,0.0,27.25
2025-06-24 18:00:00+00:00,0.0,27.33
2025-06-24 19:00:00+00:00,0.0,27.42
2025-06-24 20:00:00+00:00,0.0,27.56
2025-06-24 21:00:00+00:00,0.0,27.46
2025-06-24 22:00:00+00:00,104.78,27.88
2025-06-24 23:00:00+00:00,292.83,28.83
2025-06-25 00:00:00+00:00,489.85,29.48
2025-06-25 01:00:00+00:00,678.05,29.93
2025-06-25 02:00:00+00:00,803.08,30.22
2025-06-25 03:00:00+00:00,899.92,30.38
2025-06-25 04:00:00+00:00,890.55,30.42
2025-06-25 05:00:00+00:00,897.3,30.36
2025-06-25 06:00:00+00:00,792.95,30.35
2025-06-25 07:00:00+00:00,633.95,30.28
2025-06-25 08:00:00+00:00,461.38,30.2
2025-06-25 09:00:00+00:00,252.35,29.95
2025-06-25 10:00:00+00:00,66.3,29.22
2025-06-25 11:00:00+00:00,0.0,28.3
2025-06-25 12:00:00+00:00,0.0,28.02
2025-06-25 13:00:00+00:00,0.0,27.92
2025-06-25 14:00:00+00:00,0.0,27.87
2025-06-25 15:00:00+00:00,0.0,27.79
2025-06-25 16:00:00+00:00,0.0,27.71
2025-06-25 17:00:00+00:00,0.0,27.63
2025-06-25 18:00:00+00:00,0.0,27.57
2025-06-25 19:00:00+00:00,0.0,27.53
2025-06-25 20:00:00+00:00,0.0,27.53
2025-06-25 21:00:00+00:00,0.0,27.57
2025-06-25 22:00:00+00:00,52.33,28.2
2025-06-25 23:00:00+00:00,146.85,28.78
2025-06-26 00:00:00+00:00,255.15,29.21
2025-06-26 01:00:00+00:00,376.0,29.55
2025-06-26 02:00:00+00:00,391.15,29.96
2025-06-26 03:00:00+00:00,439.1,30.32
2025-06-26 04:00:00+00:00,441.1,30.42
2025-06-26 05:00:00+00:00,518.58,30.37
2025-06-26 06:00:00+00:00,460.6,30.23
2025-06-26 07:00:00+00:00,306.83,29.95
2025-06-26 08:00:00+00:00,203.88,29.63
2025-06-26 09:00:00+00:00,116.05,29.3
2025-06-26 10:00:00+00:00,30.15,28.75
2025-06-26 11:00:00+00:00,0.0,28.17
2025-06-26 12:00:00+00:00,0.0,28.02
2025-06-26 13:00:00+00:00,0.0,27.92
2025-06-26 14:00:00+00:00,0.0,27.86
2025-06-26 15:00:00+00:00,0.0,27.77
2025-06-26 16:00:00+00:00,0.0,27.65
2025-06-26 17:00:00+00:00,0.0,27.53
2025-06-26 18:00:00+00:00,0.0,27.46
2025-06-26 19:00:00+00:00,0.0,27.38
2025-06-26 20:00:00+00:00,0.0,27.29
2025-06-26 21:00:00+00:00,0.0,27.2
2025-06-26 22:00:00+00:00,45.17,27.7
2025-06-26 23:00:00+00:00,126.95,28.22
2025-06-27 00:00:00+00:00,223.45,28.54
2025-06-27 01:00:00+00:00,409.73,28.89
2025-06-27 02:00:00+00:00,599.1,29.17
2025-06-27 03:00:00+00:00,740.9,29.41
2025-06-27 04:00:00+00:00,666.25,29.58
2025-06-27 05:00:00+00:00,584.72,29.68
2025-06-27 06:00:00+00:00,452.67,29.67
2025-06-27 07:00:00+00:00,244.25,29.59
2025-06-27 08:00:00+00:00,153.2,29.38
2025-06-27 09:00:00+00:00,84.85,29.03
2025-06-27 10:00:00+00:00,15.62,28.46
2025-06-27 11:00:00+00:00,0.0,27.99
2025-06-27 12:00:00+00:00,0.0,27.86
2025-06-27 13:00:00+00:00,0.0,27.77
2025-06-27 14:00:00+00:00,0.0,27.68
2025-06-27 15:00:00+00:00,0.0,27.57
2025-06-27 16:00:00+00:00,0.0,27.41
2025-06-27 17:00:00+00:00,0.0,27.28
2025-06-27 18:00:00+00:00,0.0,27.16
2025-06-27 19:00:00+00:00,0.0,27.05
2025-06-27 20:00:00+00:00,0.0,26.97
2025-06-27 21:00:00+00:00,0.0,26.93
2025-06-27 22:00:00+00:00,40.67,27.27
2025-06-27 23:00:00+00:00,136.85,27.8
2025-06-28 00:00:00+00:00,243.12,28.21
2025-06-28 01:00:00+00:00,449.1,28.58
2025-06-28 02:00:00+00:00,586.72,28.9
2025-06-28 03:00:00+00:00,431.33,29.17
2025-06-28 04:00:00+00:00,221.07,29.38
2025-06-28 05:00:00+00:00,395.55,29.44
2025-06-28 06:00:00+00:00,271.48,29.43
2025-06-28 07:00:00+00:00,308.62,29.31
2025-06-28 08:00:00+00:00,264.92,29.09
2025-06-28 09:00:00+00:00,125.22,28.79
2025-06-28 10:00:00+00:00,29.38,28.28
2025-06-28 11:00:00+00:00,0.0,27.78
2025-06-28 12:00:00+00:00,0.0,27.65
2025-06-28 13:00:00+00:00,0.0,27.54
2025-06-28 14:00:00+00:00,0.0,27.44
2025-06-28 15:00:00+00:00,0.0,27.35
2025-06-28 16:00:00+00:00,0.0,27.26
2025-06-28 17:00:00+00:00,0.0,27.2
2025-06-28 18:00:00+00:00,0.0,27.13
2025-06-28 19:00:00+00:00,0.0,27.09
2025-06-28 20:00:00+00:00,0.0,27.09
2025-06-28 21:00:00+00:00,0.0,27.07
2025-06-28 22:00:00+00:00,68.88,27.56
2025-06-28 23:00:00+00:00,191.57,28.21
2025-06-29 00:00:00+00:00,343.4,28.61
2025-06-29 01:00:00+00:00,524.47,28.95
2025-06-29 02:00:00+00:00,683.62,29.28
2025-06-29 03:00:00+00:00,773.3,29.61
2025-06-29 04:00:00+00:00,795.42,29.86
2025-06-29 05:00:00+00:00,734.9,30.0
2025-06-29 06:00:00+00:00,596.6,29.92
2025-06-29 07:00:00+00:00,446.33,29.72
2025-06-29 08:00:00+00:00,310.77,29.44
2025-06-29 09:00:00+00:00,163.9,29.04
2025-06-29 10:00:00+00:00,47.4,28.44
2025-06-29 11:00:00+00:00,0.0,27.75
2025-06-29 12:00:00+00:00,0.0,27.61
2025-06-29 13:00:00+00:00,0.0,27.54
2025-06-29 14:00:00+00:00,0.0,27.51
2025-06-29 15:00:00+00:00,0.0,27.44
2025-06-29 16:00:00+00:00,0.0,27.31
2025-06-29 17:00:00+00:00,0.0,27.18
2025-06-29 18:00:00+00:00,0.0,27.09
2025-06-29 19:00:00+00:00,0.0,27.06
2025-06-29 20:00:00+00:00,0.0,27.04
2025-06-29 21:00:00+00:00,0.0,27.02
2025-06-29 22:00:00+00:00,46.45,27.69
2025-06-29 23:00:00+00:00,132.6,28.35
2025-06-30 00:00:00+00:00,220.57,28.79
2025-06-30 01:00:00+00:00,215.57,29.15
2025-06-30 02:00:00+00:00,434.15,29.35
2025-06-30 03:00:00+00:00,571.33,29.55
2025-06-30 04:00:00+00:00,475.62,29.68
2025-06-30 05:00:00+00:00,369.77,29.77
2025-06-30 06:00:00+00:00,394.77,29.75
2025-06-30 07:00:00+00:00,301.12,29.62
2025-06-30 08:00:00+00:00,224.02,29.35
2025-06-30 09:00:00+00:00,116.45,28.96
2025-06-30 10:00:00+00:00,30.0,28.37
2025-06-30 11:00:00+00:00,0.0,27.91
2025-06-30 12:00:00+00:00,0.0,27.82
2025-06-30 13:00:00+00:00,0.0,27.74
2025-06-30 14:00:00+00:00,0.0,27.67
2025-06-30 15:00:00+00:00,0.0,27.55
2025-06-30 16:00:00+00:00,0.0,27.41
2025-06-30 17:00:00+00:00,0.0,27.31
2025-06-30 18:00:00+00:00,0.0,27.25
2025-06-30 19:00:00+00:00,0.0,27.2
2025-06-30 20:00:00+00:00,0.0,27.17
2025-06-30 21:00:00+00:00,0.0,27.12
2025-06-30 22:00:00+00:00,63.5,27.5
2025-06-30 23:00:00+00:00,180.62,28.04
2025-07-01 00:00:00+00:00,270.1,28.43
2025-07-01 01:00:00+00:00,377.73,28.78
2025-07-01 02:00:00+00:00,359.92,29.06
2025-07-01 03:00:00+00:00,401.65,29.33
2025-07-01 04:00:00+00:00,192.12,29.63
2025-07-01 05:00:00+00:00,155.25,29.84
2025-07-01 06:00:00+00:00,186.55,29.79
2025-07-01 07:00:00+00:00,158.75,29.68
2025-07-01 08:00:00+00:00,85.57,29.38
2025-07-01 09:00:00+00:00,60.2,28.9
2025-07-01 10:00:00+00:00,20.9,28.26
2025-07-01 11:00:00+00:00,0.0,27.78
2025-07-01 12:00:00+00:00,0.0,27.71
2025-07-01 13:00:00+00:00,0.0,27.73
2025-07-01 14:00:00+00:00,0.0,27.75
2025-07-01 15:00:00+00:00,0.0,27.67
2025-07-01 16:00:00+00:00,0.0,27.56
2025-07-01 17:00:00+00:00,0.0,27.42
2025-07-01 18:00:00+00:00,0.0,27.32
2025-07-01 19:00:00+00:00,0.0,27.23
2025-07-01 20:00:00+00:00,0.0,27.18
2025-07-01 21:00:00+00:00,0.0,27.2
2025-07-01 22:00:00+00:00,71.15,27.69
2025-07-01 23:00:00+00:00,233.38,28.28
2025-07-02 00:00:00+00:00,428.35,28.77
2025-07-02 01:00:00+00:00,530.55,29.21
2025-07-02 02:00:00+00:00,691.0,29.63
2025-07-02 03:00:00+00:00,689.38,29.96
2025-07-02 04:00:00+00:00,690.72,30.24
2025-07-02 05:00:00+00:00,724.53,30.4
2025-07-02 06:00:00+00:00,735.15,30.48
2025-07-02 07:00:00+00:00,642.2,30.45
2025-07-02 08:00:00+00:00,463.92,30.26
2025-07-02 09:00:00+00:00,249.77,29.82
2025-07-02 10:00:00+00:00,65.97,29.13
2025-07-02 11:00:00+00:00,0.0,28.33
2025-07-02 12:00:00+00:00,0.0,28.18
2025-07-02 13:00:00+00:00,0.0,28.16
2025-07-02 14:00:00+00:00,0.0,28.14
2025-07-02 15:00:00+00:00,0.0,28.07
2025-07-02 16:00:00+00:00,0.0,28.04
2025-07-02 17:00:00+00:00,0.0,27.95
2025-07-02 18:00:00+00:00,0.0,27.73
2025-07-02 19:00:00+00:00,0.0,27.43
2025-07-02 20:00:00+00:00,0.0,27.09
2025-07-02 21:00:00+00:00,0.0,26.84
2025-07-02 22:00:00+00:00,59.03,27.39
2025-07-02 23:00:00+00:00,170.65,28.18
2025-07-03 00:00:00+00:00,330.27,29.42
2025-07-03 01:00:00+00:00,510.75,30.11
2025-07-03 02:00:00+00:00,633.67,30.56
2025-07-03 03:00:00+00:00,727.05,30.83
2025-07-03 04:00:00+00:00,758.12,31.12
2025-07-03 05:00:00+00:00,717.6,31.3
2025-07-03 06:00:00+00:00,648.8,31.39
2025-07-03 07:00:00+00:00,554.17,31.43
2025-07-03 08:00:00+00:00,411.58,31.42
2025-07-03 09:00:00+00:00,220.3,31.26
2025-07-03 10:00:00+00:00,60.03,30.65
2025-07-03 11:00:00+00:00,0.0,29.69
2025-07-03 12:00:00+00:00,0.0,29.18
2025-07-03 13:00:00+00:00,0.0,28.74
2025-07-03 14:00:00+00:00,0.0,28.4
2025-07-03 15:00:00+00:00,0.0,28.21
2025-07-03 16:00:00+00:00,0.0,28.14
2025-07-03 17:00:00+00:00,0.0,28.0
2025-07-03 18:00:00+00:00,0.0,27.83
2025-07-03 19:00:00+00:00,0.0,27.66
2025-07-03 20:00:00+00:00,0.0,27.52
2025-07-03 21:00:00+00:00,0.0,27.35
2025-07-03 22:00:00+00:00,74.3,27.77
2025-07-03 23:00:00+00:00,253.85,28.92
2025-07-04 00:00:00+00:00,474.67,29.84
2025-07-04 01:00:00+00:00,653.15,30.38
2025-07-04 02:00:00+00:00,783.0,30.86
2025-07-04 03:00:00+00:00,881.05,31.21
2025-07-04 04:00:00+00:00,938.7,31.51
2025-07-04 05:00:00+00:00,832.78,31.66
2025-07-04 06:00:00+00:00,728.6,31.74
2025-07-04 07:00:00+00:00,585.83,31.71
2025-07-04 08:00:00+00:00,412.65,31.58
2025-07-04 09:00:00+00:00,220.82,31.34
2025-07-04 10:00:00+00:00,58.72,30.42
2025-07-04 11:00:00+00:00,0.0,29.15
2025-07-04 12:00:00+00:00,0.0,28.63
2025-07-04 13:00:00+00:00,0.0,28.29
2025-07-04 14:00:00+00:00,0.0,28.05
2025-07-04 15:00:00+00:00,0.0,27.9
2025-07-04 16:00:00+00:00,0.0,27.81
2025-07-04 17:00:00+00:00,0.0,27.79
2025-07-04 18:00:00+00:00,0.0,27.81
2025-07-04 19:00:00+00:00,0.0,27.74
2025-07-04 20:00:00+00:00,0.0,27.53
2025-07-04 21:00:00+00:00,0.0,27.35
2025-07-04 22:00:00+00:00,70.25,27.98
2025-07-04 23:00:00+00:00,225.12,28.72
2025-07-05 00:00:00+00:00,418.4,29.5
2025-07-05 01:00:00+00:00,660.05,30.3
2025-07-05 02:00:00+00:00,781.6,31.0
2025-07-05 03:00:00+00:00,808.2,31.49
2025-07-05 04:00:00+00:00,773.4,31.82
2025-07-05 05:00:00+00:00,717.8,32.05
2025-07-05 06:00:00+00:00,675.8,32.06
2025-07-05 07:00:00+00:00,502.27,31.8
2025-07-05 08:00:00+00:00,340.6,31.09
2025-07-05 09:00:00+00:00,177.02,30.12
2025-07-05 10:00:00+00:00,44.92,29.03
2025-07-05 11:00:00+00:00,0.0,28.39
2025-07-05 12:00:00+00:00,0.0,28.2
2025-07-05 13:00:00+00:00,0.0,28.07
2025-07-05 14:00:00+00:00,0.0,27.84
2025-07-05 15:00:00+00:00,0.0,27.59
2025-07-05 16:00:00+00:00,0.0,27.42
2025-07-05 17:00:00+00:00,0.0,27.33
2025-07-05 18:00:00+00:00,0.0,27.18
2025-07-05 19:00:00+00:00,0.0,27.05
2025-07-05 20:00:00+00:00,0.0,26.84
2025-07-05 21:00:00+00:00,0.0,26.6
2025-07-05 22:00:00+00:00,80.57,27.4
2025-07-05 23:00:00+00:00,275.33,28.17
2025-07-06 00:00:00+00:00,496.15,29.05
2025-07-06 01:00:00+00:00,654.88,30.01
2025-07-06 02:00:00+00:00,767.88,30.93
2025-07-06 03:00:00+00:00,821.17,31.71
2025-07-06 04:00:00+00:00,786.25,32.23
2025-07-06 05:00:00+00:00,733.65,32.42
2025-07-06 06:00:00+00:00,667.4,32.45
2025-07-06 07:00:00+00:00,480.58,32.26
2025-07-06 08:00:00+00:00,341.05,31.97
2025-07-06 09:00:00+00:00,185.82,31.37
2025-07-06 10:00:00+00:00,56.9,30.47
2025-07-06 11:00:00+00:00,0.0,29.64
2025-07-06 12:00:00+00:00,0.0,29.13
2025-07-06 13:00:00+00:00,0.0,28.76
2025-07-06 14:00:00+00:00,0.0,28.47
2025-07-06 15:00:00+00:00,0.0,28.31
2025-07-06 16:00:00+00:00,0.0,28.23
2025-07-06 17:00:00+00:00,0.0,28.1
2025-07-06 18:00:00+00:00,0.0,27.96
2025-07-06 19:00:00+00:00,0.0,27.82
2025-07-06 20:00:00+00:00,0.0,27.68
2025-07-06 21:00:00+00:00,0.0,27.59
2025-07-06 22:00:00+00:00,74.75,27.83
2025-07-06 23:00:00+00:00,232.9,28.42
2025-07-07 00:00:00+00:00,416.27,29.16
2025-07-07 01:00:00+00:00,615.33,29.93
2025-07-07 02:00:00+00:00,784.15,30.54
2025-07-07 03:00:00+00:00,887.7,31.07
2025-07-07 04:00:00+00:00,865.62,31.51
2025-07-07 05:00:00+00:00,867.1,31.8
2025-07-07 06:00:00+00:00,721.12,31.99
2025-07-07 07:00:00+00:00,611.45,32.1
2025-07-07 08:00:00+00:00,405.3,32.06
2025-07-07 09:00:00+00:00,215.0,31.83
2025-07-07 10:00:00+00:00,55.38,30.89
2025-07-07 11:00:00+00:00,0.0,29.81
2025-07-07 12:00:00+00:00,0.0,29.28
2025-07-07 13:00:00+00:00,0.0,28.89
2025-07-07 14:00:00+00:00,0.0,28.66
2025-07-07 15:00:00+00:00,0.0,28.53
2025-07-07 16:00:00+00:00,0.0,28.43
2025-07-07 17:00:00+00:00,0.0,28.34
2025-07-07 18:00:00+00:00,0.0,28.27
2025-07-07 19:00:00+00:00,0.0,28.22
2025-07-07 20:00:00+00:00,0.0,28.17
2025-07-07 21:00:00+00:00,0.0,28.09
2025-07-07 22:00:00+00:00,72.95,28.53
2025-07-07 23:00:00+00:00,228.45,29.13
2025-07-08 00:00:00+00:00,404.42,29.58
2025-07-08 01:00:00+00:00,576.5,30.04
2025-07-08 02:00:00+00:00,728.97,30.45
2025-07-08 03:00:00+00:00,788.38,30.8
2025-07-08 04:00:00+00:00,741.47,31.1
2025-07-08 05:00:00+00:00,658.28,31.23
2025-07-08 06:00:00+00:00,537.05,31.3
2025-07-08 07:00:00+00:00,482.17,31.21
2025-07-08 08:00:00+00:00,391.52,30.95
2025-07-08 09:00:00+00:00,212.18,30.48
2025-07-08 10:00:00+00:00,59.42,29.71
2025-07-08 11:00:00+00:00,0.0,29.03
2025-07-08 12:00:00+00:00,0.0,28.83
2025-07-08 13:00:00+00:00,0.0,28.7
2025-07-08 14:00:00+00:00,0.0,28.61
2025-07-08 15:00:00+00:00,0.0,28.48
2025-07-08 16:00:00+00:00,0.0,28.33
2025-07-08 17:00:00+00:00,0.0,28.24
2025-07-08 18:00:00+00:00,0.0,28.21
2025-07-08 19:00:00+00:00,0.0,28.14
2025-07-08 20:00:00+00:00,0.0,28.03
2025-07-08 21:00:00+00:00,0.0,27.93
2025-07-08 22:00:00+00:00,60.5,28.21
2025-07-08 23:00:00+00:00,193.52,28.76
2025-07-09 00:00:00+00:00,353.02,29.16
2025-07-09 01:00:00+00:00,440.4,29.58
2025-07-09 02:00:00+00:00,506.0,29.87
2025-07-09 03:00:00+00:00,527.22,30.24
2025-07-09 04:00:00+00:00,627.42,30.59
2025-07-09 05:00:00+00:00,667.67,30.91
2025-07-09 06:00:00+00:00,623.47,31.17
2025-07-09 07:00:00+00:00,497.73,31.22
2025-07-09 08:00:00+00:00,351.2,31.1
2025-07-09 09:00:00+00:00,177.57,30.77
2025-07-09 10:00:00+00:00,44.15,30.0
2025-07-09 11:00:00+00:00,0.0,29.31
2025-07-09 12:00:00+00:00,0.0,29.01
2025-07-09 13:00:00+00:00,0.0,28.73
2025-07-09 14:00:00+00:00,0.0,28.46
2025-07-09 15:00:00+00:00,0.0,28.1
2025-07-09 16:00:00+00:00,0.0,27.71
2025-07-09 17:00:00+00:00,0.0,27.44
2025-07-09 18:00:00+00:00,0.0,27.34
2025-07-09 19:00:00+00:00,0.0,27.28
2025-07-09 20:00:00+00:00,0.0,27.32
2025-07-09 21:00:00+00:00,0.0,27.42
2025-07-09 22:00:00+00:00,15.0,27.82
2025-07-09 23:00:00+00:00,52.65,28.3
2025-07-10 00:00:00+00:00,107.07,28.77
2025-07-10 01:00:00+00:00,92.15,29.25
2025-07-10 02:00:00+00:00,61.97,29.63
2025-07-10 03:00:00+00:00,66.9,29.81
2025-07-10 04:00:00+00:00,52.6,29.86
2025-07-10 05:00:00+00:00,71.55,29.78
2025-07-10 06:00:00+00:00,76.85,29.55
2025-07-10 07:00:00+00:00,67.0,29.17
2025-07-10 08:00:00+00:00,49.53,28.82
2025-07-10 09:00:00+00:00,30.12,28.54
2025-07-10 10:00:00+00:00,9.45,28.29
2025-07-10 11:00:00+00:00,0.0,28.06
2025-07-10 12:00:00+00:00,0.0,27.92
2025-07-10 13:00:00+00:00,0.0,27.83
2025-07-10 14:00:00+00:00,0.0,27.71
2025-07-10 15:00:00+00:00,0.0,27.6
2025-07-10 16:00:00+00:00,0.0,27.5
2025-07-10 17:00:00+00:00,0.0,27.35
2025-07-10 18:00:00+00:00,0.0,27.19
2025-07-10 19:00:00+00:00,0.0,27.0
2025-07-10 20:00:00+00:00,0.0,26.86
2025-07-10 21:00:00+00:00,0.0,26.89
2025-07-10 22:00:00+00:00,28.0,27.21
2025-07-10 23:00:00+00:00,94.05,27.73
2025-07-11 00:00:00+00:00,181.55,27.99
2025-07-11 01:00:00+00:00,306.42,28.07
2025-07-11 02:00:00+00:00,458.4,28.21
2025-07-11 03:00:00+00:00,417.12,28.39
2025-07-11 04:00:00+00:00,341.83,28.58
2025-07-11 05:00:00+00:00,328.98,28.7
2025-07-11 06:00:00+00:00,386.35,28.74
2025-07-11 07:00:00+00:00,304.25,28.75
2025-07-11 08:00:00+00:00,241.77,28.63
2025-07-11 09:00:00+00:00,119.4,28.42
2025-07-11 10:00:00+00:00,29.12,28.05
2025-07-11 11:00:00+00:00,0.0,27.64
2025-07-11 12:00:00+00:00,0.0,27.53
2025-07-11 13:00:00+00:00,0.0,27.47
2025-07-11 14:00:00+00:00,0.0,27.46
2025-07-11 15:00:00+00:00,0.0,27.45
2025-07-11 16:00:00+00:00,0.0,27.48
2025-07-11 17:00:00+00:00,0.0,27.53
2025-07-11 18:00:00+00:00,0.0,27.53
2025-07-11 19:00:00+00:00,0.0,27.52
2025-07-11 20:00:00+00:00,0.0,27.5
2025-07-11 21:00:00+00:00,0.0,27.47
2025-07-11 22:00:00+00:00,50.45,28.09
2025-07-11 23:00:00+00:00,144.4,28.68
2025-07-12 00:00:00+00:00,260.75,29.11
2025-07-12 01:00:00+00:00,382.8,29.48
2025-07-12 02:00:00+00:00,485.2,29.81
2025-07-12 03:00:00+00:00,529.03,30.03
2025-07-12 04:00:00+00:00,535.65,30.15
2025-07-12 05:00:00+00:00,531.65,30.19
2025-07-12 06:00:00+00:00,386.25,30.2
2025-07-12 07:00:00+00:00,355.73,30.12
2025-07-12 08:00:00+00:00,267.25,29.92
2025-07-12 09:00:00+00:00,141.62,29.59
2025-07-12 10:00:00+00:00,34.45,29.11
2025-07-12 11:00:00+00:00,0.0,28.58
2025-07-12 12:00:00+00:00,0.0,28.45
2025-07-12 13:00:00+00:00,0.0,28.38
2025-07-12 14:00:00+00:00,0.0,28.3
2025-07-12 15:00:00+00:00,0.0,28.2
2025-07-12 16:00:00+00:00,0.0,28.1
2025-07-12 17:00:00+00:00,0.0,28.01
2025-07-12 18:00:00+00:00,0.0,27.93
2025-07-12 19:00:00+00:00,0.0,27.89
2025-07-12 20:00:00+00:00,0.0,27.87
2025-07-12 21:00:00+00:00,0.0,27.87
2025-07-12 22:00:00+00:00,58.3,28.42
2025-07-12 23:00:00+00:00,211.2,29.28
2025-07-13 00:00:00+00:00,400.23,29.96
2025-07-13 01:00:00+00:00,562.97,30.45
2025-07-13 02:00:00+00:00,703.3,30.89
2025-07-13 03:00:00+00:00,796.42,31.23
2025-07-13 04:00:00+00:00,852.15,31.43
2025-07-13 05:00:00+00:00,837.9,31.58
2025-07-13 06:00:00+00:00,691.25,31.61
2025-07-13 07:00:00+00:00,529.08,31.5
2025-07-13 08:00:00+00:00,353.45,31.18
2025-07-13 09:00:00+00:00,180.57,30.67
2025-07-13 10:00:00+00:00,44.3,29.78
2025-07-13 11:00:00+00:00,0.0,28.89
2025-07-13 12:00:00+00:00,0.0,28.61
2025-07-13 13:00:00+00:00,0.0,28.43
2025-07-13 14:00:00+00:00,0.0,28.25
2025-07-13 15:00:00+00:00,0.0,28.02
2025-07-13 16:00:00+00:00,0.0,27.81
2025-07-13 17:00:00+00:00,0.0,27.67
2025-07-13 18:00:00+00:00,0.0,27.59
2025-07-13 19:00:00+00:00,0.0,27.58
2025-07-13 20:00:00+00:00,0.0,27.61
2025-07-13 21:00:00+00:00,0.0,27.66
2025-07-13 22:00:00+00:00,48.4,28.09
2025-07-13 23:00:00+00:00,170.5,28.83
2025-07-14 00:00:00+00:00,333.58,29.56
2025-07-14 01:00:00+00:00,496.05,30.17
2025-07-14 02:00:00+00:00,687.1,30.64
2025-07-14 03:00:00+00:00,796.0,30.97
2025-07-14 04:00:00+00:00,831.67,31.16
2025-07-14 05:00:00+00:00,843.08,31.23
2025-07-14 06:00:00+00:00,651.35,31.22
2025-07-14 07:00:00+00:00,507.65,31.18
2025-07-14 08:00:00+00:00,365.92,31.02
2025-07-14 09:00:00+00:00,186.52,30.67
2025-07-14 10:00:00+00:00,47.78,29.99
2025-07-14 11:00:00+00:00,0.0,29.22
2025-07-14 12:00:00+00:00,0.0,28.85
2025-07-14 13:00:00+00:00,0.0,28.56
2025-07-14 14:00:00+00:00,0.0,28.3
2025-07-14 15:00:00+00:00,0.0,28.06
2025-07-14 16:00:00+00:00,0.0,27.85
2025-07-14 17:00:00+00:00,0.0,27.7
2025-07-14 18:00:00+00:00,0.0,27.61
2025-07-14 19:00:00+00:00,0.0,27.54
2025-07-14 20:00:00+00:00,0.0,27.47
2025-07-14 21:00:00+00:00,0.0,27.42
2025-07-14 22:00:00+00:00,54.67,28.13
2025-07-14 23:00:00+00:00,201.5,28.76
2025-07-15 00:00:00+00:00,375.0,29.19
2025-07-15 01:00:00+00:00,480.25,29.6
2025-07-15 02:00:00+00:00,541.97,29.96
2025-07-15 03:00:00+00:00,522.62,30.27
2025-07-15 04:00:00+00:00,519.5,30.52
2025-07-15 05:00:00+00:00,620.92,30.65
2025-07-15 06:00:00+00:00,533.92,30.65
2025-07-15 07:00:00+00:00,414.8,30.61
2025-07-15 08:00:00+00:00,294.67,30.4
2025-07-15 09:00:00+00:00,153.07,30.03
2025-07-15 10:00:00+00:00,38.95,29.4
2025-07-15 11:00:00+00:00,0.0,28.83
2025-07-15 12:00:00+00:00,0.0,28.64
2025-07-15 13:00:00+00:00,0.0,28.49
2025-07-15 14:00:00+00:00,0.0,28.37
2025-07-15 15:00:00+00:00,0.0,28.28
2025-07-15 16:00:00+00:00,0.0,28.18
2025-07-15 17:00:00+00:00,0.0,28.09
2025-07-15 18:00:00+00:00,0.0,27.99
2025-07-15 19:00:00+00:00,0.0,27.89
2025-07-15 20:00:00+00:00,0.0,27.79
2025-07-15 21:00:00+00:00,0.0,27.71
2025-07-15 22:00:00+00:00,52.45,28.43
2025-07-15 23:00:00+00:00,201.98,29.26
2025-07-16 00:00:00+00:00,409.48,29.88
2025-07-16 01:00:00+00:00,594.75,30.46
2025-07-16 02:00:00+00:00,719.75,30.97
2025-07-16 03:00:00+00:00,845.1,31.43
2025-07-16 04:00:00+00:00,913.28,31.82
2025-07-16 05:00:00+00:00,863.97,32.07
2025-07-16 06:00:00+00:00,774.95,32.18
2025-07-16 07:00:00+00:00,613.05,32.1
2025-07-16 08:00:00+00:00,439.67,31.9
2025-07-16 09:00:00+00:00,235.02,31.46
2025-07-16 10:00:00+00:00,59.47,30.53
2025-07-16 11:00:00+00:00,0.0,29.64
2025-07-16 12:00:00+00:00,0.0,29.31
2025-07-16 13:00:00+00:00,0.0,29.05
2025-07-16 14:00:00+00:00,0.0,28.84
2025-07-16 15:00:00+00:00,0.0,28.67
2025-07-16 16:00:00+00:00,0.0,28.49
2025-07-16 17:00:00+00:00,0.0,28.34
2025-07-16 18:00:00+00:00,0.0,28.19
2025-07-16 19:00:00+00:00,0.0,28.09
2025-07-16 20:00:00+00:00,0.0,27.99
2025-07-16 21:00:00+00:00,0.0,27.9
2025-07-16 22:00:00+00:00,66.05,28.49
2025-07-16 23:00:00+00:00,236.0,29.15
2025-07-17 00:00:00+00:00,431.0,29.72
2025-07-17 01:00:00+00:00,598.17,30.2
2025-07-17 02:00:00+00:00,725.67,30.62
2025-07-17 03:00:00+00:00,822.85,31.02
2025-07-17 04:00:00+00:00,873.0,31.46
2025-07-17 05:00:00+00:00,805.38,31.85
2025-07-17 06:00:00+00:00,706.33,32.17
2025-07-17 07:00:00+00:00,583.42,32.31
2025-07-17 08:00:00+00:00,389.08,32.37
2025-07-17 09:00:00+00:00,209.38,32.18
2025-07-17 10:00:00+00:00,56.4,31.63
2025-07-17 11:00:00+00:00,0.0,31.02
2025-07-17 12:00:00+00:00,0.0,30.44
2025-07-17 13:00:00+00:00,0.0,29.9
2025-07-17 14:00:00+00:00,0.0,29.54
2025-07-17 15:00:00+00:00,0.0,29.26
2025-07-17 16:00:00+00:00,0.0,29.07
2025-07-17 17:00:00+00:00,0.0,28.91
2025-07-17 18:00:00+00:00,0.0,28.78
2025-07-17 19:00:00+00:00,0.0,28.69
2025-07-17 20:00:00+00:00,0.0,28.56
2025-07-17 21:00:00+00:00,0.0,28.38
2025-07-17 22:00:00+00:00,39.33,28.5
2025-07-17 23:00:00+00:00,132.88,28.75
2025-07-18 00:00:00+00:00,270.15,29.01
2025-07-18 01:00:00+00:00,438.6,29.47
2025-07-18 02:00:00+00:00,575.7,29.79
2025-07-18 03:00:00+00:00,496.88,29.84
2025-07-18 04:00:00+00:00,410.73,29.78
2025-07-18 05:00:00+00:00,95.53,29.68
2025-07-18 06:00:00+00:00,345.15,29.59
2025-07-18 07:00:00+00:00,142.93,29.44
2025-07-18 08:00:00+00:00,154.75,29.25
2025-07-18 09:00:00+00:00,82.6,29.09
2025-07-18 10:00:00+00:00,20.27,28.71
2025-07-18 11:00:00+00:00,0.0,28.31
2025-07-18 12:00:00+00:00,0.0,28.14
2025-07-18 13:00:00+00:00,0.0,27.97
2025-07-18 14:00:00+00:00,0.0,27.78
2025-07-18 15:00:00+00:00,0.0,27.64
2025-07-18 16:00:00+00:00,0.0,27.48
2025-07-18 17:00:00+00:00,0.0,27.29
2025-07-18 18:00:00+00:00,0.0,27.09
2025-07-18 19:00:00+00:00,0.0,26.92
2025-07-18 20:00:00+00:00,0.0,26.77
2025-07-18 21:00:00+00:00,0.0,26.69
2025-07-18 22:00:00+00:00,55.72,27.09
2025-07-18 23:00:00+00:00,214.1,27.63
2025-07-19 00:00:00+00:00,389.98,28.68
2025-07-19 01:00:00+00:00,548.58,29.55
2025-07-19 02:00:00+00:00,564.53,30.14
2025-07-19 03:00:00+00:00,521.12,30.5
2025-07-19 04:00:00+00:00,584.2,30.79
2025-07-19 05:00:00+00:00,438.42,31.0
2025-07-19 06:00:00+00:00,346.85,31.26
2025-07-19 07:00:00+00:00,302.6,31.46
2025-07-19 08:00:00+00:00,297.3,31.38
2025-07-19 09:00:00+00:00,138.02,30.9
2025-07-19 10:00:00+00:00,29.65,30.11
2025-07-19 11:00:00+00:00,0.0,29.49
2025-07-19 12:00:00+00:00,0.0,29.14
2025-07-19 13:00:00+00:00,0.0,28.85
2025-07-19 14:00:00+00:00,0.0,28.56
2025-07-19 15:00:00+00:00,0.0,28.24
2025-07-19 16:00:00+00:00,0.0,28.08
2025-07-19 17:00:00+00:00,0.0,27.9
2025-07-19 18:00:00+00:00,0.0,27.62
2025-07-19 19:00:00+00:00,0.0,27.35
2025-07-19 20:00:00+00:00,0.0,26.96
2025-07-19 21:00:00+00:00,0.0,26.86
2025-07-19 22:00:00+00:00,19.48,27.5
2025-07-19 23:00:00+00:00,49.45,28.03
2025-07-20 00:00:00+00:00,66.78,28.49
2025-07-20 01:00:00+00:00,69.22,28.95
2025-07-20 02:00:00+00:00,93.18,29.27
2025-07-20 03:00:00+00:00,110.12,29.4
2025-07-20 04:00:00+00:00,84.47,29.48
2025-07-20 05:00:00+00:00,118.6,29.22
2025-07-20 06:00:00+00:00,208.07,28.93
2025-07-20 07:00:00+00:00,142.98,28.82
2025-07-20 08:00:00+00:00,132.45,28.87
2025-07-20 09:00:00+00:00,66.55,28.63
2025-07-20 10:00:00+00:00,22.98,28.25
2025-07-20 11:00:00+00:00,0.0,28.02
2025-07-20 12:00:00+00:00,0.0,27.98
2025-07-20 13:00:00+00:00,0.0,27.93
2025-07-20 14:00:00+00:00,0.0,27.87
2025-07-20 15:00:00+00:00,0.0,27.86
2025-07-20 16:00:00+00:00,0.0,27.92
2025-07-20 17:00:00+00:00,0.0,28.0
2025-07-20 18:00:00+00:00,0.0,28.07
2025-07-20 19:00:00+00:00,0.0,28.11
2025-07-20 20:00:00+00:00,0.0,28.1
2025-07-20 21:00:00+00:00,0.0,28.01
2025-07-20 22:00:00+00:00,23.73,27.98
2025-07-20 23:00:00+00:00,77.1,28.08
2025-07-21 00:00:00+00:00,135.43,28.24
2025-07-21 01:00:00+00:00,135.27,28.49
2025-07-21 02:00:00+00:00,118.07,28.85
2025-07-21 03:00:00+00:00,148.7,29.28
2025-07-21 04:00:00+00:00,177.95,29.48
2025-07-21 05:00:00+00:00,202.1,29.46
2025-07-21 06:00:00+00:00,172.52,29.3
2025-07-21 07:00:00+00:00,121.03,28.96
2025-07-21 08:00:00+00:00,49.53,28.62
2025-07-21 09:00:00+00:00,30.45,28.4
2025-07-21 10:00:00+00:00,9.15,28.19
2025-07-21 11:00:00+00:00,0.0,28.02
2025-07-21 12:00:00+00:00,0.0,28.0
2025-07-21 13:00:00+00:00,0.0,27.95
2025-07-21 14:00:00+00:00,0.0,27.85
2025-07-21 15:00:00+00:00,0.0,27.79
2025-07-21 16:00:00+00:00,0.0,27.82
2025-07-21 17:00:00+00:00,0.0,27.84
2025-07-21 18:00:00+00:00,0.0,27.88
2025-07-21 19:00:00+00:00,0.0,27.89
2025-07-21 20:00:00+00:00,0.0,27.85
2025-07-21 21:00:00+00:00,0.0,27.81
2025-07-21 22:00:00+00:00,31.48,27.98
2025-07-21 23:00:00+00:00,122.07,28.35
2025-07-22 00:00:00+00:00,254.62,28.68
2025-07-22 01:00:00+00:00,360.3,28.99
2025-07-22 02:00:00+00:00,487.12,29.21
2025-07-22 03:00:00+00:00,516.55,29.43
2025-07-22 04:00:00+00:00,441.27,29.61
2025-07-22 05:00:00+00:00,482.1,29.63
2025-07-22 06:00:00+00:00,503.65,29.55
2025-07-22 07:00:00+00:00,392.27,29.37
2025-07-22 08:00:00+00:00,284.62,29.07
2025-07-22 09:00:00+00:00,141.15,28.65
2025-07-22 10:00:00+00:00,31.2,28.2
2025-07-22 11:00:00+00:00,0.0,27.88
2025-07-22 12:00:00+00:00,0.0,27.7
2025-07-22 13:00:00+00:00,0.0,27.55
2025-07-22 14:00:00+00:00,0.0,27.45
2025-07-22 15:00:00+00:00,0.0,27.39
2025-07-22 16:00:00+00:00,0.0,27.37
2025-07-22 17:00:00+00:00,0.0,27.3
2025-07-22 18:00:00+00:00,0.0,27.22
2025-07-22 19:00:00+00:00,0.0,27.17
2025-07-22 20:00:00+00:00,0.0,27.09
2025-07-22 21:00:00+00:00,0.0,27.01
2025-07-22 22:00:00+00:00,39.53,27.32
2025-07-22 23:00:00+00:00,134.62,27.81
2025-07-23 00:00:00+00:00,255.75,28.37
2025-07-23 01:00:00+00:00,451.98,29.09
2025-07-23 02:00:00+00:00,568.75,29.86
2025-07-23 03:00:00+00:00,652.6,30.46
2025-07-23 04:00:00+00:00,779.35,30.87
2025-07-23 05:00:00+00:00,780.55,31.13
2025-07-23 06:00:00+00:00,718.47,31.27
2025-07-23 07:00:00+00:00,540.45,31.28
2025-07-23 08:00:00+00:00,258.12,31.22
2025-07-23 09:00:00+00:00,141.65,30.87
2025-07-23 10:00:00+00:00,29.17,30.01
2025-07-23 11:00:00+00:00,0.0,29.22
2025-07-23 12:00:00+00:00,0.0,28.95
2025-07-23 13:00:00+00:00,0.0,28.72
2025-07-23 14:00:00+00:00,0.0,28.42
2025-07-23 15:00:00+00:00,0.0,28.14
2025-07-23 16:00:00+00:00,0.0,27.66
2025-07-23 17:00:00+00:00,0.0,27.12
2025-07-23 18:00:00+00:00,0.0,26.73
2025-07-23 19:00:00+00:00,0.0,26.42
2025-07-23 20:00:00+00:00,0.0,26.17
2025-07-23 21:00:00+00:00,0.0,25.94
2025-07-23 22:00:00+00:00,57.42,26.39
2025-07-23 23:00:00+00:00,237.15,27.12
2025-07-24 00:00:00+00:00,469.75,28.55
2025-07-24 01:00:00+00:00,669.05,29.54
2025-07-24 02:00:00+00:00,785.72,30.27
2025-07-24 03:00:00+00:00,815.97,30.8
2025-07-24 04:00:00+00:00,815.45,31.21
2025-07-24 05:00:00+00:00,769.97,31.5
2025-07-24 06:00:00+00:00,647.08,31.74
2025-07-24 07:00:00+00:00,463.17,31.81
2025-07-24 08:00:00+00:00,318.38,31.69
2025-07-24 09:00:00+00:00,171.35,31.31
2025-07-24 10:00:00+00:00,43.5,30.35
2025-07-24 11:00:00+00:00,0.0,29.33
2025-07-24 12:00:00+00:00,0.0,28.81
2025-07-24 13:00:00+00:00,0.0,28.43
2025-07-24 14:00:00+00:00,0.0,28.08
2025-07-24 15:00:00+00:00,0.0,27.81
2025-07-24 16:00:00+00:00,0.0,27.59
2025-07-24 17:00:00+00:00,0.0,27.39
2025-07-24 18:00:00+00:00,0.0,27.22
2025-07-24 19:00:00+00:00,0.0,27.11
2025-07-24 20:00:00+00:00,0.0,26.95
2025-07-24 21:00:00+00:00,0.0,26.83
2025-07-24 22:00:00+00:00,64.32,27.27
2025-07-24 23:00:00+00:00,256.2,27.88
2025-07-25 00:00:00+00:00,479.45,28.88
2025-07-25 01:00:00+00:00,670.92,29.73
2025-07-25 02:00:00+00:00,805.15,30.4
2025-07-25 03:00:00+00:00,890.7,30.97
2025-07-25 04:00:00+00:00,937.85,31.41
2025-07-25 05:00:00+00:00,869.85,31.77
2025-07-25 06:00:00+00:00,779.67,31.98
2025-07-25 07:00:00+00:00,622.58,32.0
2025-07-25 08:00:00+00:00,391.3,31.85
2025-07-25 09:00:00+00:00,195.02,31.58
2025-07-25 10:00:00+00:00,41.8,30.81
2025-07-25 11:00:00+00:00,0.0,29.84
2025-07-25 12:00:00+00:00,0.0,29.25
2025-07-25 13:00:00+00:00,0.0,28.82
2025-07-25 14:00:00+00:00,0.0,28.47
2025-07-25 15:00:00+00:00,0.0,28.16
2025-07-25 16:00:00+00:00,0.0,27.9
2025-07-25 17:00:00+00:00,0.0,27.65
2025-07-25 18:00:00+00:00,0.0,27.44
2025-07-25 19:00:00+00:00,0.0,27.25
2025-07-25 20:00:00+00:00,0.0,27.15
2025-07-25 21:00:00+00:00,0.0,27.06
2025-07-25 22:00:00+00:00,52.05,27.56
2025-07-25 23:00:00+00:00,235.32,28.21
2025-07-26 00:00:00+00:00,475.77,29.11
2025-07-26 01:00:00+00:00,675.08,29.97
2025-07-26 02:00:00+00:00,825.88,30.63
2025-07-26 03:00:00+00:00,924.72,31.33
2025-07-26 04:00:00+00:00,961.42,31.97
2025-07-26 05:00:00+00:00,862.15,32.39
2025-07-26 06:00:00+00:00,816.9,32.44
2025-07-26 07:00:00+00:00,665.42,32.23
2025-07-26 08:00:00+00:00,466.58,31.92
2025-07-26 09:00:00+00:00,238.68,31.46
2025-07-26 10:00:00+00:00,52.8,30.54
2025-07-26 11:00:00+00:00,0.0,29.58
2025-07-26 12:00:00+00:00,0.0,29.09
2025-07-26 13:00:00+00:00,0.0,28.67
2025-07-26 14:00:00+00:00,0.0,28.34
2025-07-26 15:00:00+00:00,0.0,28.11
2025-07-26 16:00:00+00:00,0.0,28.01
2025-07-26 17:00:00+00:00,0.0,27.93
2025-07-26 18:00:00+00:00,0.0,27.9
2025-07-26 19:00:00+00:00,0.0,27.85
2025-07-26 20:00:00+00:00,0.0,27.73
2025-07-26 21:00:00+00:00,0.0,27.64
2025-07-26 22:00:00+00:00,58.5,28.17
2025-07-26 23:00:00+00:00,235.5,28.78
2025-07-27 00:00:00+00:00,455.1,29.35
2025-07-27 01:00:00+00:00,645.6,29.94
2025-07-27 02:00:00+00:00,792.75,30.45
2025-07-27 03:00:00+00:00,875.55,30.9
2025-07-27 04:00:00+00:00,914.53,31.28
2025-07-27 05:00:00+00:00,811.45,31.45
2025-07-27 06:00:00+00:00,744.62,31.55
2025-07-27 07:00:00+00:00,572.17,31.54
2025-07-27 08:00:00+00:00,366.38,31.4
2025-07-27 09:00:00+00:00,184.05,30.92
2025-07-27 10:00:00+00:00,42.8,30.12
2025-07-27 11:00:00+00:00,0.0,29.27
2025-07-27 12:00:00+00:00,0.0,28.87
2025-07-27 13:00:00+00:00,0.0,28.6
2025-07-27 14:00:00+00:00,0.0,28.38
2025-07-27 15:00:00+00:00,0.0,28.22
2025-07-27 16:00:00+00:00,0.0,28.08
2025-07-27 17:00:00+00:00,0.0,27.97
2025-07-27 18:00:00+00:00,0.0,27.86
2025-07-27 19:00:00+00:00,0.0,27.78
2025-07-27 20:00:00+00:00,0.0,27.7
2025-07-27 21:00:00+00:00,0.0,27.66
2025-07-27 22:00:00+00:00,42.78,28.15
2025-07-27 23:00:00+00:00,160.73,28.74
2025-07-28 00:00:00+00:00,322.27,29.32
2025-07-28 01:00:00+00:00,430.48,29.85
2025-07-28 02:00:00+00:00,492.12,30.19
2025-07-28 03:00:00+00:00,483.35,30.36
2025-07-28 04:00:00+00:00,493.45,30.54
2025-07-28 05:00:00+00:00,515.47,30.74
2025-07-28 06:00:00+00:00,492.7,30.84
2025-07-28 07:00:00+00:00,425.23,30.77
2025-07-28 08:00:00+00:00,253.6,30.56
2025-07-28 09:00:00+00:00,121.43,30.11
2025-07-28 10:00:00+00:00,31.2,29.46
2025-07-28 11:00:00+00:00,0.0,28.87
2025-07-28 12:00:00+00:00,0.0,28.55
2025-07-28 13:00:00+00:00,0.0,28.23
2025-07-28 14:00:00+00:00,0.0,28.0
2025-07-28 15:00:00+00:00,0.0,27.75
2025-07-28 16:00:00+00:00,0.0,27.44
2025-07-28 17:00:00+00:00,0.0,27.27
2025-07-28 18:00:00+00:00,0.0,27.19
2025-07-28 19:00:00+00:00,0.0,27.16
2025-07-28 20:00:00+00:00,0.0,27.09
2025-07-28 21:00:00+00:00,0.0,26.95
2025-07-28 22:00:00+00:00,31.6,26.89
2025-07-28 23:00:00+00:00,124.18,26.91
2025-07-29 00:00:00+00:00,242.82,27.57
2025-07-29 01:00:00+00:00,324.4,28.62
2025-07-29 02:00:00+00:00,369.2,29.65
2025-07-29 03:00:00+00:00,438.73,30.28
2025-07-29 04:00:00+00:00,462.48,30.52
2025-07-29 05:00:00+00:00,488.23,30.66
2025-07-29 06:00:00+00:00,406.88,30.72
2025-07-29 07:00:00+00:00,448.3,30.5
2025-07-29 08:00:00+00:00,290.52,30.01
2025-07-29 09:00:00+00:00,148.07,29.37
2025-07-29 10:00:00+00:00,34.85,28.63
2025-07-29 11:00:00+00:00,0.0,28.15
2025-07-29 12:00:00+00:00,0.0,28.0
2025-07-29 13:00:00+00:00,0.0,27.94
2025-07-29 14:00:00+00:00,0.0,27.91
2025-07-29 15:00:00+00:00,0.0,27.9
2025-07-29 16:00:00+00:00,0.0,27.95
2025-07-29 17:00:00+00:00,0.0,27.99
2025-07-29 18:00:00+00:00,0.0,28.04
2025-07-29 19:00:00+00:00,0.0,28.15
2025-07-29 20:00:00+00:00,0.0,28.25
2025-07-29 21:00:00+00:00,0.0,28.28
2025-07-29 22:00:00+00:00,37.12,28.36
2025-07-29 23:00:00+00:00,140.15,28.56
2025-07-30 00:00:00+00:00,157.15,28.84
2025-07-30 01:00:00+00:00,274.77,29.32
2025-07-30 02:00:00+00:00,459.98,29.83
2025-07-30 03:00:00+00:00,621.88,30.22
2025-07-30 04:00:00+00:00,704.42,30.58
2025-07-30 05:00:00+00:00,630.08,30.78
2025-07-30 06:00:00+00:00,592.53,30.89
2025-07-30 07:00:00+00:00,431.0,30.76
2025-07-30 08:00:00+00:00,299.2,30.43
2025-07-30 09:00:00+00:00,144.93,29.8
2025-07-30 10:00:00+00:00,31.17,29.03
2025-07-30 11:00:00+00:00,0.0,28.61
2025-07-30 12:00:00+00:00,0.0,28.5
2025-07-30 13:00:00+00:00,0.0,28.42
2025-07-30 14:00:00+00:00,0.0,28.33
2025-07-30 15:00:00+00:00,0.0,28.28
2025-07-30 16:00:00+00:00,0.0,28.22
2025-07-30 17:00:00+00:00,0.0,28.17
2025-07-30 18:00:00+00:00,0.0,28.12
2025-07-30 19:00:00+00:00,0.0,28.07
2025-07-30 20:00:00+00:00,0.0,28.06
2025-07-30 21:00:00+00:00,0.0,28.06
2025-07-30 22:00:00+00:00,17.05,28.34
2025-07-30 23:00:00+00:00,104.07,28.77
2025-07-31 00:00:00+00:00,175.57,29.07
2025-07-31 01:00:00+00:00,328.6,29.33
2025-07-31 02:00:00+00:00,446.4,29.56
2025-07-31 03:00:00+00:00,564.4,29.79
2025-07-31 04:00:00+00:00,510.15,29.91
2025-07-31 05:00:00+00:00,605.42,30.02
2025-07-31 06:00:00+00:00,543.4,30.09
2025-07-31 07:00:00+00:00,457.02,30.1
2025-07-31 08:00:00+00:00,309.25,29.96
2025-07-31 09:00:00+00:00,151.6,29.67
2025-07-31 10:00:00+00:00,32.0,29.07
2025-07-31 11:00:00+00:00,0.0,28.53
2025-07-31 12:00:00+00:00,0.0,28.28
2025-07-31 13:00:00+00:00,0.0,28.11
2025-07-31 14:00:00+00:00,0.0,27.97
2025-07-31 15:00:00+00:00,0.0,27.84
2025-07-31 16:00:00+00:00,0.0,27.75
2025-07-31 17:00:00+00:00,0.0,27.68
2025-07-31 18:00:00+00:00,0.0,27.63
2025-07-31 19:00:00+00:00,0.0,27.58
2025-07-31 20:00:00+00:00,0.0,27.57
2025-07-31 21:00:00+00:00,0.0,27.55
2025-07-31 22:00:00+00:00,41.25,27.95
2025-07-31 23:00:00+00:00,154.8,28.54
2025-08-01 00:00:00+00:00,391.02,28.95
2025-08-01 01:00:00+00:00,585.33,29.34
2025-08-01 02:00:00+00:00,727.9,29.76
2025-08-01 03:00:00+00:00,809.08,30.02
2025-08-01 04:00:00+00:00,835.5,30.27
2025-08-01 05:00:00+00:00,768.67,30.46
2025-08-01 06:00:00+00:00,531.92,30.57
2025-08-01 07:00:00+00:00,367.45,30.44
2025-08-01 08:00:00+00:00,208.73,30.19
2025-08-01 09:00:00+00:00,112.55,29.76
2025-08-01 10:00:00+00:00,22.27,29.04
2025-08-01 11:00:00+00:00,0.0,28.41
2025-08-01 12:00:00+00:00,0.0,28.2
2025-08-01 13:00:00+00:00,0.0,28.04
2025-08-01 14:00:00+00:00,0.0,27.93
2025-08-01 15:00:00+00:00,0.0,27.85
2025-08-01 16:00:00+00:00,0.0,27.83
2025-08-01 17:00:00+00:00,0.0,27.82
2025-08-01 18:00:00+00:00,0.0,27.8
2025-08-01 19:00:00+00:00,0.0,27.84
2025-08-01 20:00:00+00:00,0.0,27.88
2025-08-01 21:00:00+00:00,0.0,27.86
2025-08-01 22:00:00+00:00,26.5,28.05
2025-08-01 23:00:00+00:00,100.97,28.55
2025-08-02 00:00:00+00:00,177.68,28.9
2025-08-02 01:00:00+00:00,93.35,29.19
2025-08-02 02:00:00+00:00,47.7,29.47
2025-08-02 03:00:00+00:00,64.0,29.6
2025-08-02 04:00:00+00:00,69.78,29.55
2025-08-02 05:00:00+00:00,70.38,29.38
2025-08-02 06:00:00+00:00,97.8,29.07
2025-08-02 07:00:00+00:00,70.75,28.74
2025-08-02 08:00:00+00:00,55.38,28.47
2025-08-02 09:00:00+00:00,51.47,28.29
2025-08-02 10:00:00+00:00,15.52,28.08
2025-08-02 11:00:00+00:00,0.0,27.89
2025-08-02 12:00:00+00:00,0.0,27.88
2025-08-02 13:00:00+00:00,0.0,27.9
2025-08-02 14:00:00+00:00,0.0,27.93
2025-08-02 15:00:00+00:00,0.0,27.92
2025-08-02 16:00:00+00:00,0.0,27.92
2025-08-02 17:00:00+00:00,0.0,27.89
2025-08-02 18:00:00+00:00,0.0,27.88
2025-08-02 19:00:00+00:00,0.0,27.9
2025-08-02 20:00:00+00:00,0.0,27.91
2025-08-02 21:00:00+00:00,0.0,27.87
2025-08-02 22:00:00+00:00,5.22,28.1
2025-08-02 23:00:00+00:00,28.35,28.63
2025-08-03 00:00:00+00:00,42.03,28.93
2025-08-03 01:00:00+00:00,60.5,29.17
2025-08-03 02:00:00+00:00,94.32,29.35
2025-08-03 03:00:00+00:00,137.35,29.53
2025-08-03 04:00:00+00:00,148.05,29.6
2025-08-03 05:00:00+00:00,162.77,29.57
2025-08-03 06:00:00+00:00,161.15,29.49
2025-08-03 07:00:00+00:00,161.82,29.4
2025-08-03 08:00:00+00:00,122.45,29.27
2025-08-03 09:00:00+00:00,68.93,29.02
2025-08-03 10:00:00+00:00,13.38,28.6
2025-08-03 11:00:00+00:00,0.0,28.24
2025-08-03 12:00:00+00:00,0.0,28.13
2025-08-03 13:00:00+00:00,0.0,28.05
2025-08-03 14:00:00+00:00,0.0,27.99
2025-08-03 15:00:00+00:00,0.0,27.93
2025-08-03 16:00:00+00:00,0.0,27.85
2025-08-03 17:00:00+00:00,0.0,27.79
2025-08-03 18:00:00+00:00,0.0,27.71
2025-08-03 19:00:00+00:00,0.0,27.66
2025-08-03 20:00:00+00:00,0.0,27.63
2025-08-03 21:00:00+00:00,0.0,27.6
2025-08-03 22:00:00+00:00,5.12,27.87
2025-08-03 23:00:00+00:00,24.65,28.53
2025-08-04 00:00:00+00:00,48.03,28.84
2025-08-04 01:00:00+00:00,46.78,29.02
2025-08-04 02:00:00+00:00,49.8,29.05
2025-08-04 03:00:00+00:00,48.62,29.01
2025-08-04 04:00:00+00:00,41.35,28.91
2025-08-04 05:00:00+00:00,45.67,28.7
2025-08-04 06:00:00+00:00,40.88,28.51
2025-08-04 07:00:00+00:00,34.17,28.44
2025-08-04 08:00:00+00:00,25.95,28.41
2025-08-04 09:00:00+00:00,37.8,28.34
2025-08-04 10:00:00+00:00,7.4,28.15
2025-08-04 11:00:00+00:00,0.0,27.99
2025-08-04 12:00:00+00:00,0.0,28.01
2025-08-04 13:00:00+00:00,0.0,27.96
2025-08-04 14:00:00+00:00,0.0,27.85
2025-08-04 15:00:00+00:00,0.0,27.73
2025-08-04 16:00:00+00:00,0.0,27.64
2025-08-04 17:00:00+00:00,0.0,27.62
2025-08-04 18:00:00+00:00,0.0,27.64
2025-08-04 19:00:00+00:00,0.0,27.66
2025-08-04 20:00:00+00:00,0.0,27.66
2025-08-04 21:00:00+00:00,0.0,27.44
2025-08-04 22:00:00+00:00,2.55,27.25
2025-08-04 23:00:00+00:00,9.82,27.35
2025-08-05 00:00:00+00:00,19.88,27.45
2025-08-05 01:00:00+00:00,34.25,27.63
2025-08-05 02:00:00+00:00,42.17,27.8
2025-08-05 03:00:00+00:00,46.22,28.12
2025-08-05 04:00:00+00:00,62.4,28.4
2025-08-05 05:00:00+00:00,96.38,28.55
2025-08-05 06:00:00+00:00,105.95,28.6
2025-08-05 07:00:00+00:00,60.08,28.56
2025-08-05 08:00:00+00:00,54.85,28.44
2025-08-05 09:00:00+00:00,63.35,28.23
2025-08-05 10:00:00+00:00,11.85,27.9
2025-08-05 11:00:00+00:00,0.0,27.78
2025-08-05 12:00:00+00:00,0.0,27.81
2025-08-05 13:00:00+00:00,0.0,27.85
2025-08-05 14:00:00+00:00,0.0,27.85
2025-08-05 15:00:00+00:00,0.0,27.77
2025-08-05 16:00:00+00:00,0.0,27.65
2025-08-05 17:00:00+00:00,0.0,27.56
2025-08-05 18:00:00+00:00,0.0,27.48
2025-08-05 19:00:00+00:00,0.0,27.38
2025-08-05 20:00:00+00:00,0.0,27.29
2025-08-05 21:00:00+00:00,0.0,27.24
2025-08-05 22:00:00+00:00,13.7,27.55
2025-08-05 23:00:00+00:00,86.32,28.21
2025-08-06 00:00:00+00:00,164.98,28.61
2025-08-06 01:00:00+00:00,228.9,28.89
2025-08-06 02:00:00+00:00,307.27,29.05
2025-08-06 03:00:00+00:00,327.45,29.03
2025-08-06 04:00:00+00:00,213.45,28.94
2025-08-06 05:00:00+00:00,109.78,28.85
2025-08-06 06:00:00+00:00,120.9,28.73
2025-08-06 07:00:00+00:00,173.68,28.57
2025-08-06 08:00:00+00:00,141.7,28.34
2025-08-06 09:00:00+00:00,80.18,28.1
2025-08-06 10:00:00+00:00,17.35,27.7
2025-08-06 11:00:00+00:00,0.0,27.34
2025-08-06 12:00:00+00:00,0.0,27.18
2025-08-06 13:00:00+00:00,0.0,27.06
2025-08-06 14:00:00+00:00,0.0,26.91
2025-08-06 15:00:00+00:00,0.0,26.77
2025-08-06 16:00:00+00:00,0.0,26.69
2025-08-06 17:00:00+00:00,0.0,26.64
2025-08-06 18:00:00+00:00,0.0,26.61
2025-08-06 19:00:00+00:00,0.0,26.62
2025-08-06 20:00:00+00:00,0.0,26.64
2025-08-06 21:00:00+00:00,0.0,26.66
2025-08-06 22:00:00+00:00,39.88,26.95
2025-08-06 23:00:00+00:00,184.5,27.88
2025-08-07 00:00:00+00:00,367.77,28.52
2025-08-07 01:00:00+00:00,524.7,29.17
2025-08-07 02:00:00+00:00,658.62,29.64
2025-08-07 03:00:00+00:00,720.8,29.97
2025-08-07 04:00:00+00:00,770.72,30.23
2025-08-07 05:00:00+00:00,861.42,30.51
2025-08-07 06:00:00+00:00,736.15,30.67
2025-08-07 07:00:00+00:00,617.03,30.63
2025-08-07 08:00:00+00:00,424.7,30.46
2025-08-07 09:00:00+00:00,199.02,30.1
2025-08-07 10:00:00+00:00,36.4,29.36
2025-08-07 11:00:00+00:00,0.0,28.82
2025-08-07 12:00:00+00:00,0.0,28.74
2025-08-07 13:00:00+00:00,0.0,28.63
2025-08-07 14:00:00+00:00,0.0,28.4
2025-08-07 15:00:00+00:00,0.0,28.01
2025-08-07 16:00:00+00:00,0.0,27.59
2025-08-07 17:00:00+00:00,0.0,27.26
2025-08-07 18:00:00+00:00,0.0,27.0
2025-08-07 19:00:00+00:00,0.0,26.74
2025-08-07 20:00:00+00:00,0.0,26.48
2025-08-07 21:00:00+00:00,0.0,26.22
2025-08-07 22:00:00+00:00,42.22,26.36
2025-08-07 23:00:00+00:00,218.73,27.48
2025-08-08 00:00:00+00:00,447.8,29.06
2025-08-08 01:00:00+00:00,635.5,29.78
2025-08-08 02:00:00+00:00,785.65,30.15
2025-08-08 03:00:00+00:00,875.47,30.5
2025-08-08 04:00:00+00:00,924.42,30.8
2025-08-08 05:00:00+00:00,891.65,31.07
2025-08-08 06:00:00+00:00,772.1,31.24
2025-08-08 07:00:00+00:00,648.3,31.32
2025-08-08 08:00:00+00:00,452.23,31.36
2025-08-08 09:00:00+00:00,213.62,31.38
2025-08-08 10:00:00+00:00,37.5,30.52
2025-08-08 11:00:00+00:00,0.0,29.47
2025-08-08 12:00:00+00:00,0.0,28.79
2025-08-08 13:00:00+00:00,0.0,28.22
2025-08-08 14:00:00+00:00,0.0,27.76
2025-08-08 15:00:00+00:00,0.0,27.43
2025-08-08 16:00:00+00:00,0.0,27.18
2025-08-08 17:00:00+00:00,0.0,27.07
2025-08-08 18:00:00+00:00,0.0,27.06
2025-08-08 19:00:00+00:00,0.0,27.09
2025-08-08 20:00:00+00:00,0.0,27.15
2025-08-08 21:00:00+00:00,0.0,27.2
2025-08-08 22:00:00+00:00,48.47,27.3
2025-08-08 23:00:00+00:00,215.2,27.84
2025-08-09 00:00:00+00:00,418.85,28.64
2025-08-09 01:00:00+00:00,621.1,29.57
2025-08-09 02:00:00+00:00,766.25,30.34
2025-08-09 03:00:00+00:00,878.72,30.87
2025-08-09 04:00:00+00:00,952.85,31.24
2025-08-09 05:00:00+00:00,917.7,31.38
2025-08-09 06:00:00+00:00,792.28,31.4
2025-08-09 07:00:00+00:00,626.28,31.23
2025-08-09 08:00:00+00:00,439.2,30.97
2025-08-09 09:00:00+00:00,226.3,30.52
2025-08-09 10:00:00+00:00,42.2,29.47
2025-08-09 11:00:00+00:00,0.0,28.58
2025-08-09 12:00:00+00:00,0.0,28.15
2025-08-09 13:00:00+00:00,0.0,27.85
2025-08-09 14:00:00+00:00,0.0,27.61
2025-08-09 15:00:00+00:00,0.0,27.42
2025-08-09 16:00:00+00:00,0.0,27.28
2025-08-09 17:00:00+00:00,0.0,27.2
2025-08-09 18:00:00+00:00,0.0,27.27
2025-08-09 19:00:00+00:00,0.0,27.42
2025-08-09 20:00:00+00:00,0.0,27.57
2025-08-09 21:00:00+00:00,0.0,27.67
2025-08-09 22:00:00+00:00,44.9,27.95
2025-08-09 23:00:00+00:00,217.07,28.64
2025-08-10 00:00:00+00:00,441.75,29.25
2025-08-10 01:00:00+00:00,603.53,29.71
2025-08-10 02:00:00+00:00,692.25,30.23
2025-08-10 03:00:00+00:00,782.85,30.74
2025-08-10 04:00:00+00:00,827.3,31.1
2025-08-10 05:00:00+00:00,706.25,31.31
2025-08-10 06:00:00+00:00,777.5,31.33
2025-08-10 07:00:00+00:00,647.33,31.17
2025-08-10 08:00:00+00:00,451.58,30.85
2025-08-10 09:00:00+00:00,217.88,30.41
2025-08-10 10:00:00+00:00,37.9,29.59
2025-08-10 11:00:00+00:00,0.0,28.85
2025-08-10 12:00:00+00:00,0.0,28.47
2025-08-10 13:00:00+00:00,0.0,28.23
2025-08-10 14:00:00+00:00,0.0,28.02
2025-08-10 15:00:00+00:00,0.0,27.83
2025-08-10 16:00:00+00:00,0.0,27.68
2025-08-10 17:00:00+00:00,0.0,27.54
2025-08-10 18:00:00+00:00,0.0,27.42
2025-08-10 19:00:00+00:00,0.0,27.35
2025-08-10 20:00:00+00:00,0.0,27.33
2025-08-10 21:00:00+00:00,0.0,27.33
2025-08-10 22:00:00+00:00,16.02,27.58
2025-08-10 23:00:00+00:00,88.47,28.23
2025-08-11 00:00:00+00:00,217.75,28.68
2025-08-11 01:00:00+00:00,316.08,29.05
2025-08-11 02:00:00+00:00,428.8,29.4
2025-08-11 03:00:00+00:00,548.8,29.8
2025-08-11 04:00:00+00:00,628.65,30.23
2025-08-11 05:00:00+00:00,702.28,30.58
2025-08-11 06:00:00+00:00,601.5,30.79
2025-08-11 07:00:00+00:00,515.83,30.84
2025-08-11 08:00:00+00:00,374.9,30.7
2025-08-11 09:00:00+00:00,184.45,30.38
2025-08-11 10:00:00+00:00,32.53,29.57
2025-08-11 11:00:00+00:00,0.0,28.78
2025-08-11 12:00:00+00:00,0.0,28.39
2025-08-11 13:00:00+00:00,0.0,28.08
2025-08-11 14:00:00+00:00,0.0,27.81
2025-08-11 15:00:00+00:00,0.0,27.61
2025-08-11 16:00:00+00:00,0.0,27.49
2025-08-11 17:00:00+00:00,0.0,27.43
2025-08-11 18:00:00+00:00,0.0,27.37
2025-08-11 19:00:00+00:00,0.0,27.38
2025-08-11 20:00:00+00:00,0.0,27.38
2025-08-11 21:00:00+00:00,0.0,27.46
2025-08-11 22:00:00+00:00,40.97,27.83
2025-08-11 23:00:00+00:00,196.7,28.54
2025-08-12 00:00:00+00:00,395.15,28.94
2025-08-12 01:00:00+00:00,523.75,29.36
2025-08-12 02:00:00+00:00,674.4,29.78
2025-08-12 03:00:00+00:00,763.5,30.2
2025-08-12 04:00:00+00:00,860.85,30.52
2025-08-12 05:00:00+00:00,816.83,30.68
2025-08-12 06:00:00+00:00,736.35,30.68
2025-08-12 07:00:00+00:00,565.65,30.58
2025-08-12 08:00:00+00:00,385.58,30.39
2025-08-12 09:00:00+00:00,187.52,29.9
2025-08-12 10:00:00+00:00,32.6,29.16
2025-08-12 11:00:00+00:00,0.0,28.5
2025-08-12 12:00:00+00:00,0.0,28.19
2025-08-12 13:00:00+00:00,0.0,27.98
2025-08-12 14:00:00+00:00,0.0,27.82
2025-08-12 15:00:00+00:00,0.0,27.64
2025-08-12 16:00:00+00:00,0.0,27.45
2025-08-12 17:00:00+00:00,0.0,27.32
2025-08-12 18:00:00+00:00,0.0,27.29
2025-08-12 19:00:00+00:00,0.0,27.31
2025-08-12 20:00:00+00:00,0.0,27.34
2025-08-12 21:00:00+00:00,0.0,27.34
2025-08-12 22:00:00+00:00,42.85,27.64
2025-08-12 23:00:00+00:00,224.88,28.59
2025-08-13 00:00:00+00:00,457.67,29.22
2025-08-13 01:00:00+00:00,632.4,29.78
2025-08-13 02:00:00+00:00,787.1,30.32
2025-08-13 03:00:00+00:00,868.1,30.81
2025-08-13 04:00:00+00:00,858.25,31.23
2025-08-13 05:00:00+00:00,867.4,31.55
2025-08-13 06:00:00+00:00,754.42,31.72
2025-08-13 07:00:00+00:00,574.72,31.68
2025-08-13 08:00:00+00:00,378.23,31.52
2025-08-13 09:00:00+00:00,184.0,30.84
2025-08-13 10:00:00+00:00,31.8,29.85
2025-08-13 11:00:00+00:00,0.0,29.07
2025-08-13 12:00:00+00:00,0.0,28.67
2025-08-13 13:00:00+00:00,0.0,28.37
2025-08-13 14:00:00+00:00,0.0,28.19
2025-08-13 15:00:00+00:00,0.0,28.1
2025-08-13 16:00:00+00:00,0.0,28.04
2025-08-13 17:00:00+00:00,0.0,27.96
2025-08-13 18:00:00+00:00,0.0,27.95
2025-08-13 19:00:00+00:00,0.0,27.98
2025-08-13 20:00:00+00:00,0.0,27.99
2025-08-13 21:00:00+00:00,0.0,27.91
2025-08-13 22:00:00+00:00,4.75,27.86
2025-08-13 23:00:00+00:00,16.42,28.02
2025-08-14 00:00:00+00:00,29.23,28.23
2025-08-14 01:00:00+00:00,37.42,28.29
2025-08-14 02:00:00+00:00,40.35,28.22
2025-08-14 03:00:00+00:00,49.92,28.02
2025-08-14 04:00:00+00:00,49.92,27.81
2025-08-14 05:00:00+00:00,63.6,27.65
2025-08-14 06:00:00+00:00,73.28,27.63
2025-08-14 07:00:00+00:00,90.53,27.62
2025-08-14 08:00:00+00:00,99.8,27.56
2025-08-14 09:00:00+00:00,49.75,27.53
2025-08-14 10:00:00+00:00,9.05,27.43
2025-08-14 11:00:00+00:00,0.0,27.48
2025-08-14 12:00:00+00:00,0.0,27.5
2025-08-14 13:00:00+00:00,0.0,27.39
2025-08-14 14:00:00+00:00,0.0,27.23
2025-08-14 15:00:00+00:00,0.0,27.09
2025-08-14 16:00:00+00:00,0.0,26.97
2025-08-14 17:00:00+00:00,0.0,26.88
2025-08-14 18:00:00+00:00,0.0,26.8
2025-08-14 19:00:00+00:00,0.0,26.69
2025-08-14 20:00:00+00:00,0.0,26.63
2025-08-14 21:00:00+00:00,0.0,26.59
2025-08-14 22:00:00+00:00,32.8,26.86
2025-08-14 23:00:00+00:00,154.35,27.39
2025-08-15 00:00:00+00:00,324.05,27.69
2025-08-15 01:00:00+00:00,257.7,28.01
2025-08-15 02:00:00+00:00,363.42,28.33
2025-08-15 03:00:00+00:00,536.88,28.68
2025-08-15 04:00:00+00:00,492.2,28.92
2025-08-15 05:00:00+00:00,653.78,29.01
2025-08-15 06:00:00+00:00,672.75,29.03
2025-08-15 07:00:00+00:00,603.65,28.94
2025-08-15 08:00:00+00:00,428.38,28.76
2025-08-15 09:00:00+00:00,206.98,28.49
2025-08-15 10:00:00+00:00,32.17,28.0
2025-08-15 11:00:00+00:00,0.0,27.59
2025-08-15 12:00:00+00:00,0.0,27.42
2025-08-15 13:00:00+00:00,0.0,27.29
2025-08-15 14:00:00+00:00,0.0,27.09
2025-08-15 15:00:00+00:00,0.0,26.89
2025-08-15 16:00:00+00:00,0.0,26.85
2025-08-15 17:00:00+00:00,0.0,26.78
2025-08-15 18:00:00+00:00,0.0,26.56
2025-08-15 19:00:00+00:00,0.0,26.39
2025-08-15 20:00:00+00:00,0.0,26.26
2025-08-15 21:00:00+00:00,0.0,26.13
2025-08-15 22:00:00+00:00,41.25,26.4
2025-08-15 23:00:00+00:00,200.23,27.0
2025-08-16 00:00:00+00:00,400.92,27.72
2025-08-16 01:00:00+00:00,618.78,28.4
2025-08-16 02:00:00+00:00,797.42,28.95
2025-08-16 03:00:00+00:00,896.25,29.49
2025-08-16 04:00:00+00:00,932.35,30.0
2025-08-16 05:00:00+00:00,848.67,30.35
2025-08-16 06:00:00+00:00,725.7,30.51
2025-08-16 07:00:00+00:00,571.15,30.5
2025-08-16 08:00:00+00:00,423.92,30.35
2025-08-16 09:00:00+00:00,201.2,29.83
2025-08-16 10:00:00+00:00,29.42,28.84
2025-08-16 11:00:00+00:00,0.0,28.16
2025-08-16 12:00:00+00:00,0.0,27.91
2025-08-16 13:00:00+00:00,0.0,27.7
2025-08-16 14:00:00+00:00,0.0,27.47
2025-08-16 15:00:00+00:00,0.0,27.3
2025-08-16 16:00:00+00:00,0.0,27.27
2025-08-16 17:00:00+00:00,0.0,27.27
2025-08-16 18:00:00+00:00,0.0,27.19
2025-08-16 19:00:00+00:00,0.0,27.08
2025-08-16 20:00:00+00:00,0.0,27.03
2025-08-16 21:00:00+00:00,0.0,26.87
2025-08-16 22:00:00+00:00,27.65,26.85
2025-08-16 23:00:00+00:00,142.82,27.05
2025-08-17 00:00:00+00:00,264.38,27.31
2025-08-17 01:00:00+00:00,463.95,27.67
2025-08-17 02:00:00+00:00,629.03,28.0
2025-08-17 03:00:00+00:00,637.53,28.15
2025-08-17 04:00:00+00:00,448.4,28.18
2025-08-17 05:00:00+00:00,140.98,28.25
2025-08-17 06:00:00+00:00,276.27,28.26
2025-08-17 07:00:00+00:00,261.17,28.12
2025-08-17 08:00:00+00:00,112.05,27.91
2025-08-17 09:00:00+00:00,58.15,27.59
2025-08-17 10:00:00+00:00,11.05,27.17
2025-08-17 11:00:00+00:00,0.0,26.91
2025-08-17 12:00:00+00:00,0.0,26.76
2025-08-17 13:00:00+00:00,0.0,26.68
2025-08-17 14:00:00+00:00,0.0,26.55
2025-08-17 15:00:00+00:00,0.0,26.47
2025-08-17 16:00:00+00:00,0.0,26.53
2025-08-17 17:00:00+00:00,0.0,26.74
2025-08-17 18:00:00+00:00,0.0,26.82
2025-08-17 19:00:00+00:00,0.0,26.76
2025-08-17 20:00:00+00:00,0.0,26.66
2025-08-17 21:00:00+00:00,0.0,26.6
2025-08-17 22:00:00+00:00,8.75,26.8
2025-08-17 23:00:00+00:00,37.67,27.22
2025-08-18 00:00:00+00:00,67.12,27.44
2025-08-18 01:00:00+00:00,161.07,27.66
2025-08-18 02:00:00+00:00,177.23,28.07
2025-08-18 03:00:00+00:00,126.32,28.39
2025-08-18 04:00:00+00:00,199.77,28.48
2025-08-18 05:00:00+00:00,278.42,28.46
2025-08-18 06:00:00+00:00,289.4,28.51
2025-08-18 07:00:00+00:00,274.02,28.49
2025-08-18 08:00:00+00:00,162.7,28.38
2025-08-18 09:00:00+00:00,84.12,28.06
2025-08-18 10:00:00+00:00,13.2,27.63
2025-08-18 11:00:00+00:00,0.0,27.38
2025-08-18 12:00:00+00:00,0.0,27.31
2025-08-18 13:00:00+00:00,0.0,27.28
2025-08-18 14:00:00+00:00,0.0,27.23
2025-08-18 15:00:00+00:00,0.0,27.22
2025-08-18 16:00:00+00:00,0.0,27.22
2025-08-18 17:00:00+00:00,0.0,27.23
2025-08-18 18:00:00+00:00,0.0,27.24
2025-08-18 19:00:00+00:00,0.0,27.27
2025-08-18 20:00:00+00:00,0.0,27.39
2025-08-18 21:00:00+00:00,0.0,27.48
2025-08-18 22:00:00+00:00,19.33,27.62
2025-08-18 23:00:00+00:00,69.32,28.0
2025-08-19 00:00:00+00:00,182.6,28.29
2025-08-19 01:00:00+00:00,60.5,28.55
2025-08-19 02:00:00+00:00,58.67,28.74
2025-08-19 03:00:00+00:00,55.55,28.9
2025-08-19 04:00:00+00:00,62.12,28.88
2025-08-19 05:00:00+00:00,64.53,28.81
2025-08-19 06:00:00+00:00,82.32,28.72
2025-08-19 07:00:00+00:00,96.38,28.63
2025-08-19 08:00:00+00:00,77.32,28.44
2025-08-19 09:00:00+00:00,41.33,28.17
2025-08-19 10:00:00+00:00,6.68,27.72
2025-08-19 11:00:00+00:00,0.0,27.44
2025-08-19 12:00:00+00:00,0.0,27.35
2025-08-19 13:00:00+00:00,0.0,27.29
2025-08-19 14:00:00+00:00,0.0,27.2
2025-08-19 15:00:00+00:00,0.0,27.12
2025-08-19 16:00:00+00:00,0.0,27.0
2025-08-19 17:00:00+00:00,0.0,26.9
2025-08-19 18:00:00+00:00,0.0,26.82
2025-08-19 19:00:00+00:00,0.0,26.75
2025-08-19 20:00:00+00:00,0.0,26.71
2025-08-19 21:00:00+00:00,0.0,26.68
2025-08-19 22:00:00+00:00,21.45,26.88
2025-08-19 23:00:00+00:00,100.43,27.59
2025-08-20 00:00:00+00:00,192.48,27.96
2025-08-20 01:00:00+00:00,271.67,28.28
2025-08-20 02:00:00+00:00,440.7,28.53
2025-08-20 03:00:00+00:00,527.7,28.74
2025-08-20 04:00:00+00:00,508.3,28.91
2025-08-20 05:00:00+00:00,586.22,28.98
2025-08-20 06:00:00+00:00,538.33,29.02
2025-08-20 07:00:00+00:00,432.25,28.98
2025-08-20 08:00:00+00:00,332.55,28.88
2025-08-20 09:00:00+00:00,146.88,28.63
2025-08-20 10:00:00+00:00,21.48,27.98
2025-08-20 11:00:00+00:00,0.0,27.55
2025-08-20 12:00:00+00:00,0.0,27.39
2025-08-20 13:00:00+00:00,0.0,27.22
2025-08-20 14:00:00+00:00,0.0,27.06
2025-08-20 15:00:00+00:00,0.0,26.92
2025-08-20 16:00:00+00:00,0.0,26.86
2025-08-20 17:00:00+00:00,0.0,26.93
2025-08-20 18:00:00+00:00,0.0,27.07
2025-08-20 19:00:00+00:00,0.0,27.13
2025-08-20 20:00:00+00:00,0.0,27.13
2025-08-20 21:00:00+00:00,0.0,27.12
2025-08-20 22:00:00+00:00,33.95,27.23
2025-08-20 23:00:00+00:00,162.0,27.83
2025-08-21 00:00:00+00:00,341.2,28.53
2025-08-21 01:00:00+00:00,492.9,29.12
2025-08-21 02:00:00+00:00,533.1,29.48
2025-08-21 03:00:00+00:00,699.4,29.77
2025-08-21 04:00:00+00:00,777.97,30.02
2025-08-21 05:00:00+00:00,682.95,30.14
2025-08-21 06:00:00+00:00,542.45,30.2
2025-08-21 07:00:00+00:00,440.7,30.25
2025-08-21 08:00:00+00:00,278.02,30.09
2025-08-21 09:00:00+00:00,125.4,29.65
2025-08-21 10:00:00+00:00,16.85,28.94
2025-08-21 11:00:00+00:00,0.0,28.59
2025-08-21 12:00:00+00:00,0.0,28.49
2025-08-21 13:00:00+00:00,0.0,28.36
2025-08-21 14:00:00+00:00,0.0,28.14
2025-08-21 15:00:00+00:00,0.0,27.87
2025-08-21 16:00:00+00:00,0.0,27.59
2025-08-21 17:00:00+00:00,0.0,27.33
2025-08-21 18:00:00+00:00,0.0,27.13
2025-08-21 19:00:00+00:00,0.0,26.98
2025-08-21 20:00:00+00:00,0.0,26.89
2025-08-21 21:00:00+00:00,0.0,26.76
2025-08-21 22:00:00+00:00,36.03,26.8
2025-08-21 23:00:00+00:00,205.48,27.4
2025-08-22 00:00:00+00:00,426.45,28.1
2025-08-22 01:00:00+00:00,592.17,28.72
2025-08-22 02:00:00+00:00,738.42,29.03
2025-08-22 03:00:00+00:00,791.17,29.27
2025-08-22 04:00:00+00:00,829.17,29.52
2025-08-22 05:00:00+00:00,834.7,29.74
2025-08-22 06:00:00+00:00,797.15,29.96
2025-08-22 07:00:00+00:00,639.35,30.22
2025-08-22 08:00:00+00:00,406.73,30.47
2025-08-22 09:00:00+00:00,185.88,30.22
2025-08-22 10:00:00+00:00,23.95,29.43
2025-08-22 11:00:00+00:00,0.0,29.16
2025-08-22 12:00:00+00:00,0.0,29.06
2025-08-22 13:00:00+00:00,0.0,28.86
2025-08-22 14:00:00+00:00,0.0,28.64
2025-08-22 15:00:00+00:00,0.0,28.25
2025-08-22 16:00:00+00:00,0.0,27.79
2025-08-22 17:00:00+00:00,0.0,27.33
2025-08-22 18:00:00+00:00,0.0,26.9
2025-08-22 19:00:00+00:00,0.0,26.53
2025-08-22 20:00:00+00:00,0.0,26.23
2025-08-22 21:00:00+00:00,0.0,26.0
2025-08-22 22:00:00+00:00,42.85,26.32
2025-08-22 23:00:00+00:00,226.75,27.21
2025-08-23 00:00:00+00:00,425.02,28.15
2025-08-23 01:00:00+00:00,652.22,29.56
2025-08-23 02:00:00+00:00,813.38,30.23
2025-08-23 03:00:00+00:00,912.53,30.61
2025-08-23 04:00:00+00:00,898.28,30.88
2025-08-23 05:00:00+00:00,739.8,30.93
2025-08-23 06:00:00+00:00,736.25,30.73
2025-08-23 07:00:00+00:00,594.12,30.38
2025-08-23 08:00:00+00:00,387.88,29.81
2025-08-23 09:00:00+00:00,163.52,29.09
2025-08-23 10:00:00+00:00,19.7,28.34
2025-08-23 11:00:00+00:00,0.0,27.95
2025-08-23 12:00:00+00:00,0.0,27.83
2025-08-23 13:00:00+00:00,0.0,27.77
2025-08-23 14:00:00+00:00,0.0,27.68
2025-08-23 15:00:00+00:00,0.0,27.59
2025-08-23 16:00:00+00:00,0.0,27.5
2025-08-23 17:00:00+00:00,0.0,27.42
2025-08-23 18:00:00+00:00,0.0,27.43
2025-08-23 19:00:00+00:00,0.0,27.41
2025-08-23 20:00:00+00:00,0.0,27.42
2025-08-23 21:00:00+00:00,0.0,27.43
2025-08-23 22:00:00+00:00,26.8,27.5
2025-08-23 23:00:00+00:00,153.2,27.9
2025-08-24 00:00:00+00:00,327.27,28.32
2025-08-24 01:00:00+00:00,465.42,28.68
2025-08-24 02:00:00+00:00,595.5,28.88
2025-08-24 03:00:00+00:00,751.65,29.05
2025-08-24 04:00:00+00:00,872.47,29.14
2025-08-24 05:00:00+00:00,746.85,29.18
2025-08-24 06:00:00+00:00,648.9,29.13
2025-08-24 07:00:00+00:00,514.92,29.05
2025-08-24 08:00:00+00:00,330.62,28.88
2025-08-24 09:00:00+00:00,149.93,28.54
2025-08-24 10:00:00+00:00,19.85,28.01
2025-08-24 11:00:00+00:00,0.0,27.7
2025-08-24 12:00:00+00:00,0.0,27.55
2025-08-24 13:00:00+00:00,0.0,27.42
2025-08-24 14:00:00+00:00,0.0,27.3
2025-08-24 15:00:00+00:00,0.0,27.2
2025-08-24 16:00:00+00:00,0.0,27.11
2025-08-24 17:00:00+00:00,0.0,27.01
2025-08-24 18:00:00+00:00,0.0,26.91
2025-08-24 19:00:00+00:00,0.0,26.83
2025-08-24 20:00:00+00:00,0.0,26.77
2025-08-24 21:00:00+00:00,0.0,26.71
2025-08-24 22:00:00+00:00,33.95,26.9
2025-08-24 23:00:00+00:00,173.0,27.63
2025-08-25 00:00:00+00:00,356.55,28.21
2025-08-25 01:00:00+00:00,569.05,28.82
2025-08-25 02:00:00+00:00,693.22,29.4
2025-08-25 03:00:00+00:00,760.12,29.85
2025-08-25 04:00:00+00:00,785.28,30.11
2025-08-25 05:00:00+00:00,665.4,30.18
2025-08-25 06:00:00+00:00,515.72,30.1
2025-08-25 07:00:00+00:00,334.1,30.0
2025-08-25 08:00:00+00:00,206.57,29.72
2025-08-25 09:00:00+00:00,87.9,29.19
2025-08-25 10:00:00+00:00,10.75,28.44
2025-08-25 11:00:00+00:00,0.0,27.99
2025-08-25 12:00:00+00:00,0.0,27.79
2025-08-25 13:00:00+00:00,0.0,27.58
2025-08-25 14:00:00+00:00,0.0,27.36
2025-08-25 15:00:00+00:00,0.0,27.2
2025-08-25 16:00:00+00:00,0.0,27.09
2025-08-25 17:00:00+00:00,0.0,26.95
2025-08-25 18:00:00+00:00,0.0,26.7
2025-08-25 19:00:00+00:00,0.0,26.44
2025-08-25 20:00:00+00:00,0.0,26.21
2025-08-25 21:00:00+00:00,0.0,25.98
2025-08-25 22:00:00+00:00,35.53,26.19
2025-08-25 23:00:00+00:00,205.85,27.12
2025-08-26 00:00:00+00:00,430.33,28.15
2025-08-26 01:00:00+00:00,626.28,29.26
2025-08-26 02:00:00+00:00,770.85,30.05
2025-08-26 03:00:00+00:00,873.67,30.54
2025-08-26 04:00:00+00:00,944.6,30.9
2025-08-26 05:00:00+00:00,868.33,31.07
2025-08-26 06:00:00+00:00,768.4,31.13
2025-08-26 07:00:00+00:00,600.45,31.04
2025-08-26 08:00:00+00:00,413.48,31.0
2025-08-26 09:00:00+00:00,183.32,30.42
2025-08-26 10:00:00+00:00,19.6,29.7
2025-08-26 11:00:00+00:00,0.0,29.23
2025-08-26 12:00:00+00:00,0.0,28.97
2025-08-26 13:00:00+00:00,0.0,28.73
2025-08-26 14:00:00+00:00,0.0,28.49
2025-08-26 15:00:00+00:00,0.0,28.21
2025-08-26 16:00:00+00:00,0.0,27.89
2025-08-26 17:00:00+00:00,0.0,27.59
2025-08-26 18:00:00+00:00,0.0,27.35
2025-08-26 19:00:00+00:00,0.0,27.2
2025-08-26 20:00:00+00:00,0.0,27.05
2025-08-26 21:00:00+00:00,0.0,26.96
2025-08-26 22:00:00+00:00,33.9,27.12
2025-08-26 23:00:00+00:00,203.68,27.85
2025-08-27 00:00:00+00:00,427.52,28.53
2025-08-27 01:00:00+00:00,630.45,28.99
2025-08-27 02:00:00+00:00,743.42,29.3
2025-08-27 03:00:00+00:00,799.78,29.49
2025-08-27 04:00:00+00:00,817.88,29.63
2025-08-27 05:00:00+00:00,757.67,29.63
2025-08-27 06:00:00+00:00,752.65,29.55
2025-08-27 07:00:00+00:00,579.6,29.42
2025-08-27 08:00:00+00:00,374.52,29.17
2025-08-27 09:00:00+00:00,163.85,28.73
2025-08-27 10:00:00+00:00,18.23,28.01
2025-08-27 11:00:00+00:00,0.0,27.62
2025-08-27 12:00:00+00:00,0.0,27.49
2025-08-27 13:00:00+00:00,0.0,27.36
2025-08-27 14:00:00+00:00,0.0,27.24
2025-08-27 15:00:00+00:00,0.0,27.08
2025-08-27 16:00:00+00:00,0.0,26.89
2025-08-27 17:00:00+00:00,0.0,26.72
2025-08-27 18:00:00+00:00,0.0,26.58
2025-08-27 19:00:00+00:00,0.0,26.45
2025-08-27 20:00:00+00:00,0.0,26.32
2025-08-27 21:00:00+00:00,0.0,26.21
2025-08-27 22:00:00+00:00,21.55,26.51
2025-08-27 23:00:00+00:00,115.0,27.48
2025-08-28 00:00:00+00:00,251.68,28.37
2025-08-28 01:00:00+00:00,290.6,29.1
2025-08-28 02:00:00+00:00,403.6,29.62
2025-08-28 03:00:00+00:00,513.2,30.08
2025-08-28 04:00:00+00:00,548.92,30.31
2025-08-28 05:00:00+00:00,554.08,30.2
2025-08-28 06:00:00+00:00,457.8,29.81
2025-08-28 07:00:00+00:00,296.67,29.49
2025-08-28 08:00:00+00:00,218.85,29.26
2025-08-28 09:00:00+00:00,103.22,28.99
2025-08-28 10:00:00+00:00,12.1,28.45
2025-08-28 11:00:00+00:00,0.0,28.12
2025-08-28 12:00:00+00:00,0.0,27.95
2025-08-28 13:00:00+00:00,0.0,27.83
2025-08-28 14:00:00+00:00,0.0,27.73
2025-08-28 15:00:00+00:00,0.0,27.63
2025-08-28 16:00:00+00:00,0.0,27.52
2025-08-28 17:00:00+00:00,0.0,27.43
2025-08-28 18:00:00+00:00,0.0,27.33
2025-08-28 19:00:00+00:00,0.0,27.26
2025-08-28 20:00:00+00:00,0.0,27.26
2025-08-28 21:00:00+00:00,0.0,27.22
2025-08-28 22:00:00+00:00,37.85,27.39
2025-08-28 23:00:00+00:00,224.2,28.0
2025-08-29 00:00:00+00:00,461.7,28.9
2025-08-29 01:00:00+00:00,656.38,29.61
2025-08-29 02:00:00+00:00,789.55,30.14
2025-08-29 03:00:00+00:00,864.25,30.54
2025-08-29 04:00:00+00:00,928.83,30.84
2025-08-29 05:00:00+00:00,883.5,30.98
2025-08-29 06:00:00+00:00,780.53,30.93
2025-08-29 07:00:00+00:00,609.67,30.76
2025-08-29 08:00:00+00:00,392.48,30.42
2025-08-29 09:00:00+00:00,177.4,29.83
2025-08-29 10:00:00+00:00,17.83,28.97
2025-08-29 11:00:00+00:00,0.0,28.52
2025-08-29 12:00:00+00:00,0.0,28.32
2025-08-29 13:00:00+00:00,0.0,28.15
2025-08-29 14:00:00+00:00,0.0,27.96
2025-08-29 15:00:00+00:00,0.0,27.78
2025-08-29 16:00:00+00:00,0.0,27.73
2025-08-29 17:00:00+00:00,0.0,27.54
2025-08-29 18:00:00+00:00,0.0,27.47
2025-08-29 19:00:00+00:00,0.0,27.38
2025-08-29 20:00:00+00:00,0.0,27.32
2025-08-29 21:00:00+00:00,0.0,27.27
2025-08-29 22:00:00+00:00,32.72,27.37
2025-08-29 23:00:00+00:00,177.38,27.85
2025-08-30 00:00:00+00:00,362.88,28.36
2025-08-30 01:00:00+00:00,514.58,28.89
2025-08-30 02:00:00+00:00,646.12,29.37
2025-08-30 03:00:00+00:00,776.7,29.81
2025-08-30 04:00:00+00:00,791.95,30.08
2025-08-30 05:00:00+00:00,760.03,30.14
2025-08-30 06:00:00+00:00,615.3,29.95
2025-08-30 07:00:00+00:00,593.12,29.75
2025-08-30 08:00:00+00:00,363.35,29.38
2025-08-30 09:00:00+00:00,155.02,28.83
2025-08-30 10:00:00+00:00,13.82,27.99
2025-08-30 11:00:00+00:00,0.0,27.48
2025-08-30 12:00:00+00:00,0.0,27.3
2025-08-30 13:00:00+00:00,0.0,27.18
2025-08-30 14:00:00+00:00,0.0,27.1
2025-08-30 15:00:00+00:00,0.0,27.01
2025-08-30 16:00:00+00:00,0.0,26.86
2025-08-30 17:00:00+00:00,0.0,26.69
2025-08-30 18:00:00+00:00,0.0,26.54
2025-08-30 19:00:00+00:00,0.0,26.39
2025-08-30 20:00:00+00:00,0.0,26.29
2025-08-30 21:00:00+00:00,0.0,26.22
2025-08-30 22:00:00+00:00,32.42,26.57
2025-08-30 23:00:00+00:00,185.98,27.7
2025-08-31 00:00:00+00:00,379.23,28.33
2025-08-31 01:00:00+00:00,565.3,29.01
2025-08-31 02:00:00+00:00,733.15,29.68
2025-08-31 03:00:00+00:00,791.1,30.21
2025-08-31 04:00:00+00:00,825.22,30.56
2025-08-31 05:00:00+00:00,799.2,30.72
2025-08-31 06:00:00+00:00,693.03,30.75
2025-08-31 07:00:00+00:00,556.2,30.66
2025-08-31 08:00:00+00:00,361.0,30.42
2025-08-31 09:00:00+00:00,158.15,29.9
2025-08-31 10:00:00+00:00,15.12,28.72
2025-08-31 11:00:00+00:00,0.0,28.0
2025-08-31 12:00:00+00:00,0.0,27.69
2025-08-31 13:00:00+00:00,0.0,27.45
2025-08-31 14:00:00+00:00,0.0,27.22
2025-08-31 15:00:00+00:00,0.0,27.09
2025-08-31 16:00:00+00:00,0.0,27.09
2025-08-31 17:00:00+00:00,0.0,27.03
2025-08-31 18:00:00+00:00,0.0,26.89
2025-08-31 19:00:00+00:00,0.0,26.8
2025-08-31 20:00:00+00:00,0.0,26.81
2025-08-31 21:00:00+00:00,0.0,26.9
2025-08-31 22:00:00+00:00,33.4,27.09
2025-08-31 23:00:00+00:00,199.35,28.02
2025-09-01 00:00:00+00:00,401.23,28.83
2025-09-01 01:00:00+00:00,588.25,29.33
2025-09-01 02:00:00+00:00,732.08,29.79
2025-09-01 03:00:00+00:00,841.8,30.16
2025-09-01 04:00:00+00:00,897.28,30.49
2025-09-01 05:00:00+00:00,811.5,30.64
2025-09-01 06:00:00+00:00,766.17,30.64
2025-09-01 07:00:00+00:00,602.62,30.51
2025-09-01 08:00:00+00:00,388.52,30.29
2025-09-01 09:00:00+00:00,166.27,29.76
2025-09-01 10:00:00+00:00,14.2,28.93
2025-09-01 11:00:00+00:00,0.0,28.4
2025-09-01 12:00:00+00:00,0.0,28.15
2025-09-01 13:00:00+00:00,0.0,27.97
2025-09-01 14:00:00+00:00,0.0,27.85
2025-09-01 15:00:00+00:00,0.0,27.72
2025-09-01 16:00:00+00:00,0.0,27.55
2025-09-01 17:00:00+00:00,0.0,27.39
2025-09-01 18:00:00+00:00,0.0,27.27
2025-09-01 19:00:00+00:00,0.0,27.19
2025-09-01 20:00:00+00:00,0.0,27.18
2025-09-01 21:00:00+00:00,0.0,27.23
2025-09-01 22:00:00+00:00,34.5,27.45
2025-09-01 23:00:00+00:00,207.27,28.35
2025-09-02 00:00:00+00:00,424.48,29.02
2025-09-02 01:00:00+00:00,581.17,29.53
2025-09-02 02:00:00+00:00,700.7,29.99
2025-09-02 03:00:00+00:00,815.33,30.26
2025-09-02 04:00:00+00:00,858.65,30.5
2025-09-02 05:00:00+00:00,780.2,30.64
2025-09-02 06:00:00+00:00,732.03,30.68
2025-09-02 07:00:00+00:00,580.88,30.56
2025-09-02 08:00:00+00:00,368.6,30.29
2025-09-02 09:00:00+00:00,157.62,29.83
2025-09-02 10:00:00+00:00,14.12,28.97
2025-09-02 11:00:00+00:00,0.0,28.47
2025-09-02 12:00:00+00:00,0.0,28.24
2025-09-02 13:00:00+00:00,0.0,28.06
2025-09-02 14:00:00+00:00,0.0,27.94
2025-09-02 15:00:00+00:00,0.0,27.83
2025-09-02 16:00:00+00:00,0.0,27.75
2025-09-02 17:00:00+00:00,0.0,27.72
2025-09-02 18:00:00+00:00,0.0,27.73
2025-09-02 19:00:00+00:00,0.0,27.76
2025-09-02 20:00:00+00:00,0.0,27.71
2025-09-02 21:00:00+00:00,0.0,27.57
2025-09-02 22:00:00+00:00,29.85,27.58
2025-09-02 23:00:00+00:00,194.6,28.21
2025-09-03 00:00:00+00:00,422.2,28.91
2025-09-03 01:00:00+00:00,581.47,29.35
2025-09-03 02:00:00+00:00,692.85,29.6
2025-09-03 03:00:00+00:00,806.42,29.84
2025-09-03 04:00:00+00:00,844.12,30.14
2025-09-03 05:00:00+00:00,820.2,30.37
2025-09-03 06:00:00+00:00,728.8,30.42
2025-09-03 07:00:00+00:00,569.75,30.26
2025-09-03 08:00:00+00:00,360.25,29.93
2025-09-03 09:00:00+00:00,147.32,29.3
2025-09-03 10:00:00+00:00,10.77,28.42
2025-09-03 11:00:00+00:00,0.0,27.99
2025-09-03 12:00:00+00:00,0.0,27.86
2025-09-03 13:00:00+00:00,0.0,27.76
2025-09-03 14:00:00+00:00,0.0,27.68
2025-09-03 15:00:00+00:00,0.0,27.59
2025-09-03 16:00:00+00:00,0.0,27.48
2025-09-03 17:00:00+00:00,0.0,27.37
2025-09-03 18:00:00+00:00,0.0,27.33
2025-09-03 19:00:00+00:00,0.0,27.32
2025-09-03 20:00:00+00:00,0.0,27.4
2025-09-03 21:00:00+00:00,0.0,27.48
2025-09-03 22:00:00+00:00,31.27,27.68
2025-09-03 23:00:00+00:00,210.65,28.62
2025-09-04 00:00:00+00:00,440.38,29.32
2025-09-04 01:00:00+00:00,635.62,29.79
2025-09-04 02:00:00+00:00,763.85,30.19
2025-09-04 03:00:00+00:00,856.55,30.62
2025-09-04 04:00:00+00:00,870.08,31.03
2025-09-04 05:00:00+00:00,858.45,31.23
2025-09-04 06:00:00+00:00,720.83,31.3
2025-09-04 07:00:00+00:00,527.0,31.19
2025-09-04 08:00:00+00:00,360.73,30.93
2025-09-04 09:00:00+00:00,156.88,30.42
2025-09-04 10:00:00+00:00,12.18,29.36
2025-09-04 11:00:00+00:00,0.0,28.67
2025-09-04 12:00:00+00:00,0.0,28.35
2025-09-04 13:00:00+00:00,0.0,28.13
2025-09-04 14:00:00+00:00,0.0,27.95
2025-09-04 15:00:00+00:00,0.0,27.77
2025-09-04 16:00:00+00:00,0.0,27.59
2025-09-04 17:00:00+00:00,0.0,27.47
2025-09-04 18:00:00+00:00,0.0,27.44
2025-09-04 19:00:00+00:00,0.0,27.56
2025-09-04 20:00:00+00:00,0.0,27.71
2025-09-04 21:00:00+00:00,0.0,27.73
2025-09-04 22:00:00+00:00,35.12,27.87
2025-09-04 23:00:00+00:00,214.5,28.69
2025-09-05 00:00:00+00:00,430.23,29.29
2025-09-05 01:00:00+00:00,639.0,29.84
2025-09-05 02:00:00+00:00,762.65,30.32
2025-09-05 03:00:00+00:00,808.62,30.72
2025-09-05 04:00:00+00:00,849.33,31.06
2025-09-05 05:00:00+00:00,810.83,31.28
2025-09-05 06:00:00+00:00,693.38,31.38
2025-09-05 07:00:00+00:00,569.08,31.26
2025-09-05 08:00:00+00:00,353.83,30.94
2025-09-05 09:00:00+00:00,139.05,30.42
2025-09-05 10:00:00+00:00,10.48,29.38
2025-09-05 11:00:00+00:00,0.0,28.77
2025-09-05 12:00:00+00:00,0.0,28.51
2025-09-05 13:00:00+00:00,0.0,28.35
2025-09-05 14:00:00+00:00,0.0,28.26
2025-09-05 15:00:00+00:00,0.0,28.14
2025-09-05 16:00:00+00:00,0.0,27.98
2025-09-05 17:00:00+00:00,0.0,27.84
2025-09-05 18:00:00+00:00,0.0,27.7
2025-09-05 19:00:00+00:00,0.0,27.56
2025-09-05 20:00:00+00:00,0.0,27.41
2025-09-05 21:00:00+00:00,0.0,27.25
2025-09-05 22:00:00+00:00,35.92,27.42
2025-09-05 23:00:00+00:00,218.98,28.46
2025-09-06 00:00:00+00:00,438.4,29.16
2025-09-06 01:00:00+00:00,613.3,29.87
2025-09-06 02:00:00+00:00,713.05,30.54
2025-09-06 03:00:00+00:00,808.17,31.2
2025-09-06 04:00:00+00:00,892.17,31.86
2025-09-06 05:00:00+00:00,829.25,32.28
2025-09-06 06:00:00+00:00,725.7,32.46
2025-09-06 07:00:00+00:00,535.95,32.42
2025-09-06 08:00:00+00:00,337.1,32.32
2025-09-06 09:00:00+00:00,138.93,31.72
2025-09-06 10:00:00+00:00,9.77,30.64
2025-09-06 11:00:00+00:00,0.0,30.04
2025-09-06 12:00:00+00:00,0.0,29.64
2025-09-06 13:00:00+00:00,0.0,29.24
2025-09-06 14:00:00+00:00,0.0,28.87
2025-09-06 15:00:00+00:00,0.0,28.55
2025-09-06 16:00:00+00:00,0.0,28.29
2025-09-06 17:00:00+00:00,0.0,28.1
2025-09-06 18:00:00+00:00,0.0,27.95
2025-09-06 19:00:00+00:00,0.0,27.84
2025-09-06 20:00:00+00:00,0.0,27.79
2025-09-06 21:00:00+00:00,0.0,27.87
2025-09-06 22:00:00+00:00,26.52,27.82
2025-09-06 23:00:00+00:00,138.68,28.08
2025-09-07 00:00:00+00:00,274.67,28.58
2025-09-07 01:00:00+00:00,356.6,29.23
2025-09-07 02:00:00+00:00,510.3,29.83
2025-09-07 03:00:00+00:00,548.7,30.05
2025-09-07 04:00:00+00:00,562.55,29.9
2025-09-07 05:00:00+00:00,600.85,29.57
2025-09-07 06:00:00+00:00,454.23,29.27
2025-09-07 07:00:00+00:00,322.55,29.01
2025-09-07 08:00:00+00:00,202.45,28.76
2025-09-07 09:00:00+00:00,81.47,28.43
2025-09-07 10:00:00+00:00,5.85,27.9
2025-09-07 11:00:00+00:00,0.0,27.5
2025-09-07 12:00:00+00:00,0.0,27.35
2025-09-07 13:00:00+00:00,0.0,27.34
2025-09-07 14:00:00+00:00,0.0,27.36
2025-09-07 15:00:00+00:00,0.0,27.41
2025-09-07 16:00:00+00:00,0.0,27.45
2025-09-07 17:00:00+00:00,0.0,27.48
2025-09-07 18:00:00+00:00,0.0,27.53
2025-09-07 19:00:00+00:00,0.0,27.57
2025-09-07 20:00:00+00:00,0.0,27.59
2025-09-07 21:00:00+00:00,0.0,27.71
2025-09-07 22:00:00+00:00,7.85,27.79
2025-09-07 23:00:00+00:00,56.22,28.07
2025-09-08 00:00:00+00:00,133.02,28.45
2025-09-08 01:00:00+00:00,203.6,28.84
2025-09-08 02:00:00+00:00,249.77,29.04
2025-09-08 03:00:00+00:00,390.12,28.85
2025-09-08 04:00:00+00:00,380.08,28.54
2025-09-08 05:00:00+00:00,346.23,28.47
2025-09-08 06:00:00+00:00,340.45,28.45
2025-09-08 07:00:00+00:00,261.12,28.36
2025-09-08 08:00:00+00:00,160.57,28.22
2025-09-08 09:00:00+00:00,62.1,28.0
2025-09-08 10:00:00+00:00,5.88,27.71
2025-09-08 11:00:00+00:00,0.0,27.59
2025-09-08 12:00:00+00:00,0.0,27.51
2025-09-08 13:00:00+00:00,0.0,27.5
2025-09-08 14:00:00+00:00,0.0,27.48
2025-09-08 15:00:00+00:00,0.0,27.48
2025-09-08 16:00:00+00:00,0.0,27.56
2025-09-08 17:00:00+00:00,0.0,27.62
2025-09-08 18:00:00+00:00,0.0,27.62
2025-09-08 19:00:00+00:00,0.0,27.61
2025-09-08 20:00:00+00:00,0.0,27.56
2025-09-08 21:00:00+00:00,0.0,27.48
2025-09-08 22:00:00+00:00,22.1,27.48
2025-09-08 23:00:00+00:00,131.8,27.78
2025-09-09 00:00:00+00:00,273.12,28.06
2025-09-09 01:00:00+00:00,350.83,28.3
2025-09-09 02:00:00+00:00,262.67,28.55
2025-09-09 03:00:00+00:00,306.0,28.75
2025-09-09 04:00:00+00:00,369.6,28.88
2025-09-09 05:00:00+00:00,396.73,28.89
2025-09-09 06:00:00+00:00,402.83,28.87
2025-09-09 07:00:00+00:00,392.55,28.74
2025-09-09 08:00:00+00:00,246.55,28.55
2025-09-09 09:00:00+00:00,101.1,28.24
2025-09-09 10:00:00+00:00,6.28,27.77
2025-09-09 11:00:00+00:00,0.0,27.58
2025-09-09 12:00:00+00:00,0.0,27.53
2025-09-09 13:00:00+00:00,0.0,27.49
2025-09-09 14:00:00+00:00,0.0,27.47
2025-09-09 15:00:00+00:00,0.0,27.42
2025-09-09 16:00:00+00:00,0.0,27.33
2025-09-09 17:00:00+00:00,0.0,27.22
2025-09-09 18:00:00+00:00,0.0,27.13
2025-09-09 19:00:00+00:00,0.0,27.06
2025-09-09 20:00:00+00:00,0.0,26.99
2025-09-09 21:00:00+00:00,0.0,26.98
2025-09-09 22:00:00+00:00,26.85,27.13
2025-09-09 23:00:00+00:00,176.65,27.96
2025-09-10 00:00:00+00:00,388.77,28.41
2025-09-10 01:00:00+00:00,538.7,28.87
2025-09-10 02:00:00+00:00,691.65,29.23
2025-09-10 03:00:00+00:00,783.45,29.5
2025-09-10 04:00:00+00:00,791.92,29.6
2025-09-10 05:00:00+00:00,762.47,29.6
2025-09-10 06:00:00+00:00,676.88,29.59
2025-09-10 07:00:00+00:00,493.62,29.42
2025-09-10 08:00:00+00:00,298.23,29.2
2025-09-10 09:00:00+00:00,109.6,28.79
2025-09-10 10:00:00+00:00,5.85,28.02
2025-09-10 11:00:00+00:00,0.0,27.63
2025-09-10 12:00:00+00:00,0.0,27.46
2025-09-10 13:00:00+00:00,0.0,27.3
2025-09-10 14:00:00+00:00,0.0,27.13
2025-09-10 15:00:00+00:00,0.0,26.96
2025-09-10 16:00:00+00:00,0.0,26.84
2025-09-10 17:00:00+00:00,0.0,26.76
2025-09-10 18:00:00+00:00,0.0,26.73
2025-09-10 19:00:00+00:00,0.0,26.77
2025-09-10 20:00:00+00:00,0.0,26.89
2025-09-10 21:00:00+00:00,0.0,26.94
2025-09-10 22:00:00+00:00,29.88,26.96
2025-09-10 23:00:00+00:00,197.25,27.81
2025-09-11 00:00:00+00:00,418.12,29.26
2025-09-11 01:00:00+00:00,608.88,30.06
2025-09-11 02:00:00+00:00,759.35,30.47
2025-09-11 03:00:00+00:00,838.28,30.88
2025-09-11 04:00:00+00:00,889.53,31.21
2025-09-11 05:00:00+00:00,842.3,31.36
2025-09-11 06:00:00+00:00,728.72,31.35
2025-09-11 07:00:00+00:00,550.2,31.16
2025-09-11 08:00:00+00:00,353.08,30.82
2025-09-11 09:00:00+00:00,139.77,30.25
2025-09-11 10:00:00+00:00,7.8,29.0
2025-09-11 11:00:00+00:00,0.0,28.3
2025-09-11 12:00:00+00:00,0.0,27.98
2025-09-11 13:00:00+00:00,0.0,27.75
2025-09-11 14:00:00+00:00,0.0,27.57
2025-09-11 15:00:00+00:00,0.0,27.39
2025-09-11 16:00:00+00:00,0.0,27.2
2025-09-11 17:00:00+00:00,0.0,27.04
2025-09-11 18:00:00+00:00,0.0,26.91
2025-09-11 19:00:00+00:00,0.0,26.86
2025-09-11 20:00:00+00:00,0.0,26.88
2025-09-11 21:00:00+00:00,0.0,26.95
2025-09-11 22:00:00+00:00,37.17,27.18
2025-09-11 23:00:00+00:00,217.43,28.13
2025-09-12 00:00:00+00:00,425.05,29.03
2025-09-12 01:00:00+00:00,594.17,30.0
2025-09-12 02:00:00+00:00,762.92,30.73
2025-09-12 03:00:00+00:00,838.92,31.2
2025-09-12 04:00:00+00:00,860.85,31.42
2025-09-12 05:00:00+00:00,789.62,31.49
2025-09-12 06:00:00+00:00,735.55,31.44
2025-09-12 07:00:00+00:00,575.72,31.27
2025-09-12 08:00:00+00:00,365.6,30.93
2025-09-12 09:00:00+00:00,145.07,30.4
2025-09-12 10:00:00+00:00,7.22,29.35
2025-09-12 11:00:00+00:00,0.0,28.69
2025-09-12 12:00:00+00:00,0.0,28.37
2025-09-12 13:00:00+00:00,0.0,28.17
2025-09-12 14:00:00+00:00,0.0,27.98
2025-09-12 15:00:00+00:00,0.0,27.83
2025-09-12 16:00:00+00:00,0.0,27.69
2025-09-12 17:00:00+00:00,0.0,27.56
2025-09-12 18:00:00+00:00,0.0,27.44
2025-09-12 19:00:00+00:00,0.0,27.26
2025-09-12 20:00:00+00:00,0.0,27.13
2025-09-12 21:00:00+00:00,0.0,27.06
2025-09-12 22:00:00+00:00,30.9,27.13
2025-09-12 23:00:00+00:00,221.65,28.0
2025-09-13 00:00:00+00:00,409.2,28.99
2025-09-13 01:00:00+00:00,651.58,29.6
2025-09-13 02:00:00+00:00,798.92,30.12
2025-09-13 03:00:00+00:00,890.55,30.56
2025-09-13 04:00:00+00:00,921.67,30.92
2025-09-13 05:00:00+00:00,882.53,31.12
2025-09-13 06:00:00+00:00,751.03,31.16
2025-09-13 07:00:00+00:00,579.8,31.04
2025-09-13 08:00:00+00:00,367.12,30.84
2025-09-13 09:00:00+00:00,141.9,30.27
2025-09-13 10:00:00+00:00,6.68,28.95
2025-09-13 11:00:00+00:00,0.0,28.11
2025-09-13 12:00:00+00:00,0.0,27.64
2025-09-13 13:00:00+00:00,0.0,27.31
2025-09-13 14:00:00+00:00,0.0,27.06
2025-09-13 15:00:00+00:00,0.0,26.86
2025-09-13 16:00:00+00:00,0.0,26.73
2025-09-13 17:00:00+00:00,0.0,26.72
2025-09-13 18:00:00+00:00,0.0,26.73
2025-09-13 19:00:00+00:00,0.0,26.75
2025-09-13 20:00:00+00:00,0.0,26.72
2025-09-13 21:00:00+00:00,0.0,26.73
2025-09-13 22:00:00+00:00,30.15,26.81
2025-09-13 23:00:00+00:00,211.75,27.45
2025-09-14 00:00:00+00:00,458.2,28.46
2025-09-14 01:00:00+00:00,659.62,29.35
2025-09-14 02:00:00+00:00,810.67,30.02
2025-09-14 03:00:00+00:00,905.2,30.58
2025-09-14 04:00:00+00:00,941.22,31.12
2025-09-14 05:00:00+00:00,893.78,31.43
2025-09-14 06:00:00+00:00,763.97,31.48
2025-09-14 07:00:00+00:00,597.58,31.27
2025-09-14 08:00:00+00:00,381.25,30.9
2025-09-14 09:00:00+00:00,151.88,30.14
2025-09-14 10:00:00+00:00,6.72,28.7
2025-09-14 11:00:00+00:00,0.0,27.9
2025-09-14 12:00:00+00:00,0.0,27.44
2025-09-14 13:00:00+00:00,0.0,27.12
2025-09-14 14:00:00+00:00,0.0,26.92
2025-09-14 15:00:00+00:00,0.0,26.76
2025-09-14 16:00:00+00:00,0.0,26.64
2025-09-14 17:00:00+00:00,0.0,26.61
2025-09-14 18:00:00+00:00,0.0,26.65
2025-09-14 19:00:00+00:00,0.0,26.68
2025-09-14 20:00:00+00:00,0.0,26.65
2025-09-14 21:00:00+00:00,0.0,26.58
2025-09-14 22:00:00+00:00,26.6,26.72
2025-09-14 23:00:00+00:00,181.55,27.97
2025-09-15 00:00:00+00:00,382.67,28.65
2025-09-15 01:00:00+00:00,490.35,29.11
2025-09-15 02:00:00+00:00,659.83,29.34
2025-09-15 03:00:00+00:00,826.9,29.6
2025-09-15 04:00:00+00:00,802.92,29.88
2025-09-15 05:00:00+00:00,757.92,30.05
2025-09-15 06:00:00+00:00,588.55,30.1
2025-09-15 07:00:00+00:00,500.08,30.02
2025-09-15 08:00:00+00:00,303.15,29.78
2025-09-15 09:00:00+00:00,105.35,29.26
2025-09-15 10:00:00+00:00,4.1,28.57
2025-09-15 11:00:00+00:00,0.0,28.33
2025-09-15 12:00:00+00:00,0.0,28.23
2025-09-15 13:00:00+00:00,0.0,28.14
2025-09-15 14:00:00+00:00,0.0,28.03
2025-09-15 15:00:00+00:00,0.0,27.92
2025-09-15 16:00:00+00:00,0.0,27.78
2025-09-15 17:00:00+00:00,0.0,27.66
2025-09-15 18:00:00+00:00,0.0,27.53
2025-09-15 19:00:00+00:00,0.0,27.4
2025-09-15 20:00:00+00:00,0.0,27.3
2025-09-15 21:00:00+00:00,0.0,27.18
2025-09-15 22:00:00+00:00,27.52,27.21
2025-09-15 23:00:00+00:00,190.88,28.02
2025-09-16 00:00:00+00:00,395.65,28.72
2025-09-16 01:00:00+00:00,563.78,29.42
2025-09-16 02:00:00+00:00,652.12,30.03
2025-09-16 03:00:00+00:00,759.65,30.51
2025-09-16 04:00:00+00:00,832.35,30.84
2025-09-16 05:00:00+00:00,798.28,31.07
2025-09-16 06:00:00+00:00,705.22,31.16
2025-09-16 07:00:00+00:00,541.33,31.04
2025-09-16 08:00:00+00:00,328.75,30.62
2025-09-16 09:00:00+00:00,116.55,29.84
2025-09-16 10:00:00+00:00,4.62,28.8
2025-09-16 11:00:00+00:00,0.0,28.42
2025-09-16 12:00:00+00:00,0.0,28.24
2025-09-16 13:00:00+00:00,0.0,28.12
2025-09-16 14:00:00+00:00,0.0,28.01
2025-09-16 15:00:00+00:00,0.0,27.91
2025-09-16 16:00:00+00:00,0.0,27.84
2025-09-16 17:00:00+00:00,0.0,27.77
2025-09-16 18:00:00+00:00,0.0,27.63
2025-09-16 19:00:00+00:00,0.0,27.38
2025-09-16 20:00:00+00:00,0.0,27.13
2025-09-16 21:00:00+00:00,0.0,26.9
2025-09-16 22:00:00+00:00,26.9,26.9
2025-09-16 23:00:00+00:00,189.73,27.99
2025-09-17 00:00:00+00:00,389.27,28.91
2025-09-17 01:00:00+00:00,567.12,29.54
2025-09-17 02:00:00+00:00,678.53,30.05
2025-09-17 03:00:00+00:00,709.15,30.55
2025-09-17 04:00:00+00:00,797.5,30.99
2025-09-17 05:00:00+00:00,748.5,31.28
2025-09-17 06:00:00+00:00,564.4,31.4
2025-09-17 07:00:00+00:00,275.77,31.38
2025-09-17 08:00:00+00:00,158.9,31.21
2025-09-17 09:00:00+00:00,62.15,30.47
2025-09-17 10:00:00+00:00,1.77,29.19
2025-09-17 11:00:00+00:00,0.0,28.58
2025-09-17 12:00:00+00:00,0.0,28.25
2025-09-17 13:00:00+00:00,0.0,28.0
2025-09-17 14:00:00+00:00,0.0,27.8
2025-09-17 15:00:00+00:00,0.0,27.63
2025-09-17 16:00:00+00:00,0.0,27.46
2025-09-17 17:00:00+00:00,0.0,27.3
2025-09-17 18:00:00+00:00,0.0,27.18
2025-09-17 19:00:00+00:00,0.0,27.06
2025-09-17 20:00:00+00:00,0.0,26.97
2025-09-17 21:00:00+00:00,0.0,26.91
2025-09-17 22:00:00+00:00,27.35,27.09
2025-09-17 23:00:00+00:00,194.65,28.34
2025-09-18 00:00:00+00:00,419.5,29.14
2025-09-18 01:00:00+00:00,613.15,29.76
2025-09-18 02:00:00+00:00,728.33,30.34
2025-09-18 03:00:00+00:00,697.62,30.73
2025-09-18 04:00:00+00:00,739.62,30.95
2025-09-18 05:00:00+00:00,646.53,31.02
2025-09-18 06:00:00+00:00,476.58,30.95
2025-09-18 07:00:00+00:00,332.1,30.81
2025-09-18 08:00:00+00:00,204.4,30.56
2025-09-18 09:00:00+00:00,78.53,29.87
2025-09-18 10:00:00+00:00,2.78,28.72
2025-09-18 11:00:00+00:00,0.0,28.16
2025-09-18 12:00:00+00:00,0.0,27.89
2025-09-18 13:00:00+00:00,0.0,27.63
2025-09-18 14:00:00+00:00,0.0,27.34
2025-09-18 15:00:00+00:00,0.0,27.05
2025-09-18 16:00:00+00:00,0.0,26.85
2025-09-18 17:00:00+00:00,0.0,26.67
2025-09-18 18:00:00+00:00,0.0,26.48
2025-09-18 19:00:00+00:00,0.0,26.42
2025-09-18 20:00:00+00:00,0.0,26.62
2025-09-18 21:00:00+00:00,0.0,26.85
2025-09-18 22:00:00+00:00,6.12,26.85
2025-09-18 23:00:00+00:00,49.38,27.07
2025-09-19 00:00:00+00:00,96.75,27.39
2025-09-19 01:00:00+00:00,107.62,27.77
2025-09-19 02:00:00+00:00,131.6,28.09
2025-09-19 03:00:00+00:00,117.88,28.42
2025-09-19 04:00:00+00:00,72.62,28.75
2025-09-19 05:00:00+00:00,76.15,28.98
2025-09-19 06:00:00+00:00,59.83,29.01
2025-09-19 07:00:00+00:00,40.55,28.91
2025-09-19 08:00:00+00:00,31.6,28.73
2025-09-19 09:00:00+00:00,15.9,28.38
2025-09-19 10:00:00+00:00,0.9,27.95
2025-09-19 11:00:00+00:00,0.0,27.63
2025-09-19 12:00:00+00:00,0.0,27.29
2025-09-19 13:00:00+00:00,0.0,26.93
2025-09-19 14:00:00+00:00,0.0,26.63
2025-09-19 15:00:00+00:00,0.0,26.51
2025-09-19 16:00:00+00:00,0.0,26.57
2025-09-19 17:00:00+00:00,0.0,26.77
2025-09-19 18:00:00+00:00,0.0,26.97
2025-09-19 19:00:00+00:00,0.0,27.11
2025-09-19 20:00:00+00:00,0.0,27.03
2025-09-19 21:00:00+00:00,0.0,26.87
2025-09-19 22:00:00+00:00,5.75,26.74
2025-09-19 23:00:00+00:00,29.0,26.86
2025-09-20 00:00:00+00:00,68.07,27.17
2025-09-20 01:00:00+00:00,137.95,27.53
2025-09-20 02:00:00+00:00,131.35,27.87
2025-09-20 03:00:00+00:00,165.68,28.16
2025-09-20 04:00:00+00:00,235.48,28.37
2025-09-20 05:00:00+00:00,323.83,28.49
2025-09-20 06:00:00+00:00,192.85,28.44
2025-09-20 07:00:00+00:00,216.7,28.27
2025-09-20 08:00:00+00:00,124.57,27.88
2025-09-20 09:00:00+00:00,47.1,27.41
2025-09-20 10:00:00+00:00,0.0,26.95
2025-09-20 11:00:00+00:00,0.0,26.85
2025-09-20 12:00:00+00:00,0.0,26.88
2025-09-20 13:00:00+00:00,0.0,26.93
2025-09-20 14:00:00+00:00,0.0,26.95
2025-09-20 15:00:00+00:00,0.0,27.0
2025-09-20 16:00:00+00:00,0.0,27.05
2025-09-20 17:00:00+00:00,0.0,27.07
2025-09-20 18:00:00+00:00,0.0,27.08
2025-09-20 19:00:00+00:00,0.0,27.08
2025-09-20 20:00:00+00:00,0.0,27.08
2025-09-20 21:00:00+00:00,0.0,27.05
2025-09-20 22:00:00+00:00,13.32,26.98
2025-09-20 23:00:00+00:00,87.05,27.23
2025-09-21 00:00:00+00:00,178.38,27.39
2025-09-21 01:00:00+00:00,193.9,27.5
2025-09-21 02:00:00+00:00,328.05,27.58
2025-09-21 03:00:00+00:00,426.6,27.68
2025-09-21 04:00:00+00:00,494.42,27.78
2025-09-21 05:00:00+00:00,410.08,27.88
2025-09-21 06:00:00+00:00,413.65,27.89
2025-09-21 07:00:00+00:00,306.38,27.75
2025-09-21 08:00:00+00:00,189.45,27.58
2025-09-21 09:00:00+00:00,75.2,27.37
2025-09-21 10:00:00+00:00,0.0,26.93
2025-09-21 11:00:00+00:00,0.0,26.78
2025-09-21 12:00:00+00:00,0.0,26.74
2025-09-21 13:00:00+00:00,0.0,26.66
2025-09-21 14:00:00+00:00,0.0,26.57
2025-09-21 15:00:00+00:00,0.0,26.49
2025-09-21 16:00:00+00:00,0.0,26.39
2025-09-21 17:00:00+00:00,0.0,26.28
2025-09-21 18:00:00+00:00,0.0,26.13
2025-09-21 19:00:00+00:00,0.0,25.97
2025-09-21 20:00:00+00:00,0.0,25.81
2025-09-21 21:00:00+00:00,0.0,25.61
2025-09-21 22:00:00+00:00,27.55,25.57
2025-09-21 23:00:00+00:00,190.85,26.36
2025-09-22 00:00:00+00:00,396.67,27.19
2025-09-22 01:00:00+00:00,583.75,28.35
2025-09-22 02:00:00+00:00,680.3,29.27
2025-09-22 03:00:00+00:00,804.0,29.95
2025-09-22 04:00:00+00:00,822.12,30.47
2025-09-22 05:00:00+00:00,718.75,30.81
2025-09-22 06:00:00+00:00,603.25,30.94
2025-09-22 07:00:00+00:00,515.83,30.9
2025-09-22 08:00:00+00:00,289.67,30.72
2025-09-22 09:00:00+00:00,103.72,30.04
2025-09-22 10:00:00+00:00,0.0,28.79
2025-09-22 11:00:00+00:00,0.0,28.23
2025-09-22 12:00:00+00:00,0.0,27.79
2025-09-22 13:00:00+00:00,0.0,27.29
2025-09-22 14:00:00+00:00,0.0,26.76
2025-09-22 15:00:00+00:00,0.0,26.29
2025-09-22 16:00:00+00:00,0.0,25.96
2025-09-22 17:00:00+00:00,0.0,25.66
2025-09-22 18:00:00+00:00,0.0,25.37
2025-09-22 19:00:00+00:00,0.0,25.15
2025-09-22 20:00:00+00:00,0.0,25.01
2025-09-22 21:00:00+00:00,0.0,24.87
2025-09-22 22:00:00+00:00,16.15,24.82
2025-09-22 23:00:00+00:00,106.97,25.2
2025-09-23 00:00:00+00:00,233.88,25.87
2025-09-23 01:00:00+00:00,382.65,26.93
2025-09-23 02:00:00+00:00,492.88,28.22
2025-09-23 03:00:00+00:00,456.05,29.25
2025-09-23 04:00:00+00:00,470.6,29.91
2025-09-23 05:00:00+00:00,478.77,30.18
2025-09-23 06:00:00+00:00,328.25,29.99
2025-09-23 07:00:00+00:00,192.6,29.62
2025-09-23 08:00:00+00:00,113.0,29.2
2025-09-23 09:00:00+00:00,41.53,28.61
2025-09-23 10:00:00+00:00,0.0,27.93
2025-09-23 11:00:00+00:00,0.0,27.45
2025-09-23 12:00:00+00:00,0.0,27.1
2025-09-23 13:00:00+00:00,0.0,26.73
2025-09-23 14:00:00+00:00,0.0,26.37
2025-09-23 15:00:00+00:00,0.0,26.28
2025-09-23 16:00:00+00:00,0.0,26.34
2025-09-23 17:00:00+00:00,0.0,26.55
2025-09-23 18:00:00+00:00,0.0,26.78
2025-09-23 19:00:00+00:00,0.0,26.8
2025-09-23 20:00:00+00:00,0.0,26.85
2025-09-23 21:00:00+00:00,0.0,26.95
2025-09-23 22:00:00+00:00,1.85,27.06
2025-09-23 23:00:00+00:00,15.62,27.24
2025-09-24 00:00:00+00:00,36.22,27.37
2025-09-24 01:00:00+00:00,61.38,27.45
2025-09-24 02:00:00+00:00,88.9,27.44
2025-09-24 03:00:00+00:00,117.28,27.54
2025-09-24 04:00:00+00:00,99.07,27.77
2025-09-24 05:00:00+00:00,56.7,27.91
2025-09-24 06:00:00+00:00,77.38,27.93
2025-09-24 07:00:00+00:00,69.18,27.8
2025-09-24 08:00:00+00:00,64.22,27.54
2025-09-24 09:00:00+00:00,29.02,27.28
2025-09-24 10:00:00+00:00,0.0,27.17
2025-09-24 11:00:00+00:00,0.0,27.11
2025-09-24 12:00:00+00:00,0.0,26.99
2025-09-24 13:00:00+00:00,0.0,26.86
2025-09-24 14:00:00+00:00,0.0,26.76
2025-09-24 15:00:00+00:00,0.0,26.75
2025-09-24 16:00:00+00:00,0.0,26.77
2025-09-24 17:00:00+00:00,0.0,26.79
2025-09-24 18:00:00+00:00,0.0,26.83
2025-09-24 19:00:00+00:00,0.0,26.85
2025-09-24 20:00:00+00:00,0.0,26.86
2025-09-24 21:00:00+00:00,0.0,26.85
2025-09-24 22:00:00+00:00,16.38,26.86
2025-09-24 23:00:00+00:00,97.9,27.14
2025-09-25 00:00:00+00:00,199.35,27.54
2025-09-25 01:00:00+00:00,257.92,27.88
2025-09-25 02:00:00+00:00,333.3,28.15
2025-09-25 03:00:00+00:00,380.02,28.33
2025-09-25 04:00:00+00:00,491.52,28.34
2025-09-25 05:00:00+00:00,449.62,28.27
2025-09-25 06:00:00+00:00,433.5,28.12
2025-09-25 07:00:00+00:00,375.98,27.84
2025-09-25 08:00:00+00:00,210.12,27.52
2025-09-25 09:00:00+00:00,67.62,27.21
2025-09-25 10:00:00+00:00,0.0,26.96
2025-09-25 11:00:00+00:00,0.0,27.04
2025-09-25 12:00:00+00:00,0.0,27.14
2025-09-25 13:00:00+00:00,0.0,27.04
2025-09-25 14:00:00+00:00,0.0,26.88
2025-09-25 15:00:00+00:00,0.0,26.72
2025-09-25 16:00:00+00:00,0.0,26.55
2025-09-25 17:00:00+00:00,0.0,26.35
2025-09-25 18:00:00+00:00,0.0,26.14
2025-09-25 19:00:00+00:00,0.0,25.94
2025-09-25 20:00:00+00:00,0.0,25.73
2025-09-25 21:00:00+00:00,0.0,25.51
2025-09-25 22:00:00+00:00,21.45,25.52
2025-09-25 23:00:00+00:00,170.65,26.38
2025-09-26 00:00:00+00:00,372.05,27.48
2025-09-26 01:00:00+00:00,558.38,28.56
2025-09-26 02:00:00+00:00,646.58,29.28
2025-09-26 03:00:00+00:00,730.5,29.76
2025-09-26 04:00:00+00:00,790.9,30.13
2025-09-26 05:00:00+00:00,795.55,30.39
2025-09-26 06:00:00+00:00,682.35,30.52
2025-09-26 07:00:00+00:00,490.7,30.47
2025-09-26 08:00:00+00:00,275.17,30.17
2025-09-26 09:00:00+00:00,81.15,29.43
2025-09-26 10:00:00+00:00,0.0,28.46
2025-09-26 11:00:00+00:00,0.0,28.09
2025-09-26 12:00:00+00:00,0.0,27.89
2025-09-26 13:00:00+00:00,0.0,27.77
2025-09-26 14:00:00+00:00,0.0,27.67
2025-09-26 15:00:00+00:00,0.0,27.42
2025-09-26 16:00:00+00:00,0.0,27.12
2025-09-26 17:00:00+00:00,0.0,26.87
2025-09-26 18:00:00+00:00,0.0,26.65
2025-09-26 19:00:00+00:00,0.0,26.49
2025-09-26 20:00:00+00:00,0.0,26.41
2025-09-26 21:00:00+00:00,0.0,26.39
2025-09-26 22:00:00+00:00,23.73,26.48
2025-09-26 23:00:00+00:00,189.98,27.24
2025-09-27 00:00:00+00:00,414.9,27.91
2025-09-27 01:00:00+00:00,617.65,28.66
2025-09-27 02:00:00+00:00,725.7,29.18
2025-09-27 03:00:00+00:00,802.62,29.61
2025-09-27 04:00:00+00:00,798.17,29.96
2025-09-27 05:00:00+00:00,714.35,30.09
2025-09-27 06:00:00+00:00,597.03,29.9
2025-09-27 07:00:00+00:00,438.92,29.49
2025-09-27 08:00:00+00:00,253.9,28.88
2025-09-27 09:00:00+00:00,81.8,28.21
2025-09-27 10:00:00+00:00,0.0,27.6
2025-09-27 11:00:00+00:00,0.0,27.38
2025-09-27 12:00:00+00:00,0.0,27.25
2025-09-27 13:00:00+00:00,0.0,27.13
2025-09-27 14:00:00+00:00,0.0,27.0
2025-09-27 15:00:00+00:00,0.0,26.84
2025-09-27 16:00:00+00:00,0.0,26.63
2025-09-27 17:00:00+00:00,0.0,26.45
2025-09-27 18:00:00+00:00,0.0,26.27
2025-09-27 19:00:00+00:00,0.0,26.14
2025-09-27 20:00:00+00:00,0.0,26.06
2025-09-27 21:00:00+00:00,0.0,26.09
2025-09-27 22:00:00+00:00,23.67,26.19
2025-09-27 23:00:00+00:00,142.73,26.92
2025-09-28 00:00:00+00:00,273.15,27.6
2025-09-28 01:00:00+00:00,391.33,28.19
2025-09-28 02:00:00+00:00,491.48,28.58
2025-09-28 03:00:00+00:00,510.98,28.94
2025-09-28 04:00:00+00:00,513.05,29.1
2025-09-28 05:00:00+00:00,564.35,29.14
2025-09-28 06:00:00+00:00,540.38,29.13
2025-09-28 07:00:00+00:00,427.0,28.97
2025-09-28 08:00:00+00:00,237.62,28.67
2025-09-28 09:00:00+00:00,67.22,28.12
2025-09-28 10:00:00+00:00,0.0,27.25
2025-09-28 11:00:00+00:00,0.0,26.92
2025-09-28 12:00:00+00:00,0.0,26.77
2025-09-28 13:00:00+00:00,0.0,26.65
2025-09-28 14:00:00+00:00,0.0,26.51
2025-09-28 15:00:00+00:00,0.0,26.37
2025-09-28 16:00:00+00:00,0.0,26.24
2025-09-28 17:00:00+00:00,0.0,26.1
2025-09-28 18:00:00+00:00,0.0,26.02
2025-09-28 19:00:00+00:00,0.0,25.98
2025-09-28 20:00:00+00:00,0.0,25.9
2025-09-28 21:00:00+00:00,0.0,25.83
2025-09-28 22:00:00+00:00,23.7,25.9
2025-09-28 23:00:00+00:00,178.65,27.08
2025-09-29 00:00:00+00:00,379.48,27.82
2025-09-29 01:00:00+00:00,567.8,28.54
2025-09-29 02:00:00+00:00,730.47,29.23
2025-09-29 03:00:00+00:00,801.67,29.72
2025-09-29 04:00:00+00:00,850.8,30.07
2025-09-29 05:00:00+00:00,685.22,30.34
2025-09-29 06:00:00+00:00,656.08,30.44
2025-09-29 07:00:00+00:00,490.4,30.42
2025-09-29 08:00:00+00:00,284.33,30.22
2025-09-29 09:00:00+00:00,80.85,29.82
2025-09-29 10:00:00+00:00,0.0,28.8
2025-09-29 11:00:00+00:00,0.0,28.26
2025-09-29 12:00:00+00:00,0.0,27.73
2025-09-29 13:00:00+00:00,0.0,27.29
2025-09-29 14:00:00+00:00,0.0,26.94
2025-09-29 15:00:00+00:00,0.0,26.65
2025-09-29 16:00:00+00:00,0.0,26.37
2025-09-29 17:00:00+00:00,0.0,26.14
2025-09-29 18:00:00+00:00,0.0,25.96
2025-09-29 19:00:00+00:00,0.0,25.79
2025-09-29 20:00:00+00:00,0.0,25.65
2025-09-29 21:00:00+00:00,0.0,25.53
2025-09-29 22:00:00+00:00,24.88,25.53
2025-09-29 23:00:00+00:00,197.82,26.42
2025-09-30 00:00:00+00:00,427.02,27.37
2025-09-30 01:00:00+00:00,631.95,28.57
2025-09-30 02:00:00+00:00,751.28,29.56
2025-09-30 03:00:00+00:00,793.05,30.29
2025-09-30 04:00:00+00:00,789.15,30.88
2025-09-30 05:00:00+00:00,667.12,31.24
2025-09-30 06:00:00+00:00,564.22,31.35
2025-09-30 07:00:00+00:00,379.7,31.24
2025-09-30 08:00:00+00:00,181.45,31.13
2025-09-30 09:00:00+00:00,44.8,30.62
2025-09-30 10:00:00+00:00,0.0,29.64
2025-09-30 11:00:00+00:00,0.0,28.95
2025-09-30 12:00:00+00:00,0.0,28.47
2025-09-30 13:00:00+00:00,0.0,28.09
2025-09-30 14:00:00+00:00,0.0,27.76
2025-09-30 15:00:00+00:00,0.0,27.48
2025-09-30 16:00:00+00:00,0.0,27.2
2025-09-30 17:00:00+00:00,0.0,26.97
2025-09-30 18:00:00+00:00,0.0,26.72
2025-09-30 19:00:00+00:00,0.0,26.52
2025-09-30 20:00:00+00:00,0.0,26.42
2025-09-30 21:00:00+00:00,0.0,26.41
2025-09-30 22:00:00+00:00,21.33,26.48
2025-09-30 23:00:00+00:00,157.57,27.31
2025-10-01 00:00:00+00:00,388.02,28.13
2025-10-01 01:00:00+00:00,570.4,28.97
2025-10-01 02:00:00+00:00,699.97,29.59
2025-10-01 03:00:00+00:00,801.9,30.08
2025-10-01 04:00:00+00:00,858.9,30.42
2025-10-01 05:00:00+00:00,810.67,30.59
2025-10-01 06:00:00+00:00,659.9,30.58
2025-10-01 07:00:00+00:00,519.38,30.41
2025-10-01 08:00:00+00:00,302.2,30.08
2025-10-01 09:00:00+00:00,88.05,29.43
2025-10-01 10:00:00+00:00,0.0,28.1
2025-10-01 11:00:00+00:00,0.0,27.44
2025-10-01 12:00:00+00:00,0.0,27.07
2025-10-01 13:00:00+00:00,0.0,26.79
2025-10-01 14:00:00+00:00,0.0,26.57
2025-10-01 15:00:00+00:00,0.0,26.37
2025-10-01 16:00:00+00:00,0.0,26.23
2025-10-01 17:00:00+00:00,0.0,26.2
2025-10-01 18:00:00+00:00,0.0,26.29
2025-10-01 19:00:00+00:00,0.0,26.36
2025-10-01 20:00:00+00:00,0.0,26.37
2025-10-01 21:00:00+00:00,0.0,26.3
2025-10-01 22:00:00+00:00,22.65,26.33
2025-10-01 23:00:00+00:00,181.62,27.13
2025-10-02 00:00:00+00:00,387.83,28.1
2025-10-02 01:00:00+00:00,552.8,28.71
2025-10-02 02:00:00+00:00,701.2,29.2
2025-10-02 03:00:00+00:00,776.72,29.68
2025-10-02 04:00:00+00:00,839.15,30.01
2025-10-02 05:00:00+00:00,769.12,30.18
2025-10-02 06:00:00+00:00,677.35,30.18
2025-10-02 07:00:00+00:00,509.38,29.98
2025-10-02 08:00:00+00:00,290.98,29.59
2025-10-02 09:00:00+00:00,83.65,28.9
2025-10-02 10:00:00+00:00,0.0,27.78
2025-10-02 11:00:00+00:00,0.0,27.34
2025-10-02 12:00:00+00:00,0.0,27.13
2025-10-02 13:00:00+00:00,0.0,26.94
2025-10-02 14:00:00+00:00,0.0,26.78
2025-10-02 15:00:00+00:00,0.0,26.62
2025-10-02 16:00:00+00:00,0.0,26.52
2025-10-02 17:00:00+00:00,0.0,26.45
2025-10-02 18:00:00+00:00,0.0,26.41
2025-10-02 19:00:00+00:00,0.0,26.43
2025-10-02 20:00:00+00:00,0.0,26.48
2025-10-02 21:00:00+00:00,0.0,26.45
2025-10-02 22:00:00+00:00,25.05,26.44
2025-10-02 23:00:00+00:00,211.18,27.3
2025-10-03 00:00:00+00:00,437.38,28.19
2025-10-03 01:00:00+00:00,634.72,28.99
2025-10-03 02:00:00+00:00,773.2,29.81
2025-10-03 03:00:00+00:00,854.55,30.51
2025-10-03 04:00:00+00:00,868.72,30.94
2025-10-03 05:00:00+00:00,797.05,31.19
2025-10-03 06:00:00+00:00,695.83,31.31
2025-10-03 07:00:00+00:00,513.1,31.27
2025-10-03 08:00:00+00:00,296.38,31.1
2025-10-03 09:00:00+00:00,81.07,30.86
2025-10-03 10:00:00+00:00,0.0,30.09
2025-10-03 11:00:00+00:00,0.0,29.57
2025-10-03 12:00:00+00:00,0.0,29.18
2025-10-03 13:00:00+00:00,0.0,28.86
2025-10-03 14:00:00+00:00,0.0,28.57
2025-10-03 15:00:00+00:00,0.0,28.08
2025-10-03 16:00:00+00:00,0.0,27.55
2025-10-03 17:00:00+00:00,0.0,27.14
2025-10-03 18:00:00+00:00,0.0,26.81
2025-10-03 19:00:00+00:00,0.0,26.5
2025-10-03 20:00:00+00:00,0.0,26.23
2025-10-03 21:00:00+00:00,0.0,26.06
2025-10-03 22:00:00+00:00,23.23,26.1
2025-10-03 23:00:00+00:00,193.4,27.03
2025-10-04 00:00:00+00:00,407.35,27.87
2025-10-04 01:00:00+00:00,631.83,28.85
2025-10-04 02:00:00+00:00,709.45,29.4
2025-10-04 03:00:00+00:00,739.05,29.7
2025-10-04 04:00:00+00:00,739.45,29.92
2025-10-04 05:00:00+00:00,641.33,30.01
2025-10-04 06:00:00+00:00,398.7,29.91
2025-10-04 07:00:00+00:00,240.5,29.57
2025-10-04 08:00:00+00:00,134.12,29.13
2025-10-04 09:00:00+00:00,34.65,28.54
2025-10-04 10:00:00+00:00,0.0,27.99
2025-10-04 11:00:00+00:00,0.0,27.73
2025-10-04 12:00:00+00:00,0.0,27.6
2025-10-04 13:00:00+00:00,0.0,27.51
2025-10-04 14:00:00+00:00,0.0,27.4
2025-10-04 15:00:00+00:00,0.0,27.35
2025-10-04 16:00:00+00:00,0.0,27.26
2025-10-04 17:00:00+00:00,0.0,27.15
2025-10-04 18:00:00+00:00,0.0,27.06
2025-10-04 19:00:00+00:00,0.0,26.97
2025-10-04 20:00:00+00:00,0.0,26.9
2025-10-04 21:00:00+00:00,0.0,26.88
2025-10-04 22:00:00+00:00,14.02,26.95
2025-10-04 23:00:00+00:00,109.62,27.24
2025-10-05 00:00:00+00:00,235.93,27.62
2025-10-05 01:00:00+00:00,359.95,27.97
2025-10-05 02:00:00+00:00,440.1,28.22
2025-10-05 03:00:00+00:00,565.38,28.4
2025-10-05 04:00:00+00:00,686.53,28.48
2025-10-05 05:00:00+00:00,585.7,28.47
2025-10-05 06:00:00+00:00,470.5,28.44
2025-10-05 07:00:00+00:00,339.48,28.24
2025-10-05 08:00:00+00:00,170.07,27.92
2025-10-05 09:00:00+00:00,41.1,27.5
2025-10-05 10:00:00+00:00,0.0,27.1
2025-10-05 11:00:00+00:00,0.0,26.98
2025-10-05 12:00:00+00:00,0.0,26.91
2025-10-05 13:00:00+00:00,0.0,26.82
2025-10-05 14:00:00+00:00,0.0,26.72
2025-10-05 15:00:00+00:00,0.0,26.58
2025-10-05 16:00:00+00:00,0.0,26.44
2025-10-05 17:00:00+00:00,0.0,26.33
2025-10-05 18:00:00+00:00,0.0,26.26
2025-10-05 19:00:00+00:00,0.0,26.21
2025-10-05 20:00:00+00:00,0.0,26.18
2025-10-05 21:00:00+00:00,0.0,26.2
2025-10-05 22:00:00+00:00,18.15,26.3
2025-10-05 23:00:00+00:00,146.48,27.12
2025-10-06 00:00:00+00:00,330.1,27.72
2025-10-06 01:00:00+00:00,484.25,28.21
2025-10-06 02:00:00+00:00,647.53,28.66
2025-10-06 03:00:00+00:00,741.7,29.04
2025-10-06 04:00:00+00:00,809.35,29.29
2025-10-06 05:00:00+00:00,774.1,29.41
2025-10-06 06:00:00+00:00,617.05,29.44
2025-10-06 07:00:00+00:00,496.42,29.4
2025-10-06 08:00:00+00:00,277.02,29.18
2025-10-06 09:00:00+00:00,68.15,28.63
2025-10-06 10:00:00+00:00,0.0,27.58
2025-10-06 11:00:00+00:00,0.0,27.14
2025-10-06 12:00:00+00:00,0.0,26.81
2025-10-06 13:00:00+00:00,0.0,26.53
2025-10-06 14:00:00+00:00,0.0,26.26
2025-10-06 15:00:00+00:00,0.0,25.99
2025-10-06 16:00:00+00:00,0.0,25.79
2025-10-06 17:00:00+00:00,0.0,25.7
2025-10-06 18:00:00+00:00,0.0,25.69
2025-10-06 19:00:00+00:00,0.0,25.63
2025-10-06 20:00:00+00:00,0.0,25.42
2025-10-06 21:00:00+00:00,0.0,25.21
2025-10-06 22:00:00+00:00,24.1,25.13
2025-10-06 23:00:00+00:00,212.68,26.19
2025-10-07 00:00:00+00:00,439.4,27.18
2025-10-07 01:00:00+00:00,639.92,28.6
2025-10-07 02:00:00+00:00,781.47,29.71
2025-10-07 03:00:00+00:00,833.92,30.46
2025-10-07 04:00:00+00:00,801.58,30.88
2025-10-07 05:00:00+00:00,754.97,31.1
2025-10-07 06:00:00+00:00,653.08,31.19
2025-10-07 07:00:00+00:00,468.33,31.09
2025-10-07 08:00:00+00:00,252.43,30.95
2025-10-07 09:00:00+00:00,59.38,30.34
2025-10-07 10:00:00+00:00,0.0,29.26
2025-10-07 11:00:00+00:00,0.0,28.53
2025-10-07 12:00:00+00:00,0.0,27.87
2025-10-07 13:00:00+00:00,0.0,27.33
2025-10-07 14:00:00+00:00,0.0,26.93
2025-10-07 15:00:00+00:00,0.0,26.65
2025-10-07 16:00:00+00:00,0.0,26.44
2025-10-07 17:00:00+00:00,0.0,26.34
2025-10-07 18:00:00+00:00,0.0,26.37
2025-10-07 19:00:00+00:00,0.0,26.4
2025-10-07 20:00:00+00:00,0.0,26.27
2025-10-07 21:00:00+00:00,0.0,26.08
2025-10-07 22:00:00+00:00,21.02,25.92
2025-10-07 23:00:00+00:00,196.68,27.03
2025-10-08 00:00:00+00:00,424.75,28.11
2025-10-08 01:00:00+00:00,634.0,29.18
2025-10-08 02:00:00+00:00,718.6,29.95
2025-10-08 03:00:00+00:00,639.9,30.5
2025-10-08 04:00:00+00:00,655.92,30.83
2025-10-08 05:00:00+00:00,654.03,30.95
2025-10-08 06:00:00+00:00,620.38,30.82
2025-10-08 07:00:00+00:00,453.42,30.59
2025-10-08 08:00:00+00:00,248.23,30.12
2025-10-08 09:00:00+00:00,57.2,29.24
2025-10-08 10:00:00+00:00,0.0,28.14
2025-10-08 11:00:00+00:00,0.0,27.76
2025-10-08 12:00:00+00:00,0.0,27.52
2025-10-08 13:00:00+00:00,0.0,27.33
2025-10-08 14:00:00+00:00,0.0,27.15
2025-10-08 15:00:00+00:00,0.0,27.05
2025-10-08 16:00:00+00:00,0.0,27.02
2025-10-08 17:00:00+00:00,0.0,27.02
2025-10-08 18:00:00+00:00,0.0,26.93
2025-10-08 19:00:00+00:00,0.0,26.66
2025-10-08 20:00:00+00:00,0.0,26.35
2025-10-08 21:00:00+00:00,0.0,26.2
2025-10-08 22:00:00+00:00,17.52,26.23
2025-10-08 23:00:00+00:00,161.3,27.21
2025-10-09 00:00:00+00:00,356.52,28.23
2025-10-09 01:00:00+00:00,559.85,29.23
2025-10-09 02:00:00+00:00,680.55,29.82
2025-10-09 03:00:00+00:00,765.88,30.14
2025-10-09 04:00:00+00:00,787.38,30.35
2025-10-09 05:00:00+00:00,734.58,30.46
2025-10-09 06:00:00+00:00,635.65,30.47
2025-10-09 07:00:00+00:00,447.48,30.32
2025-10-09 08:00:00+00:00,243.32,30.14
2025-10-09 09:00:00+00:00,54.28,29.53
2025-10-09 10:00:00+00:00,0.0,28.65
2025-10-09 11:00:00+00:00,0.0,28.23
2025-10-09 12:00:00+00:00,0.0,27.98
2025-10-09 13:00:00+00:00,0.0,27.8
2025-10-09 14:00:00+00:00,0.0,27.71
2025-10-09 15:00:00+00:00,0.0,27.67
2025-10-09 16:00:00+00:00,0.0,27.57
2025-10-09 17:00:00+00:00,0.0,27.41
2025-10-09 18:00:00+00:00,0.0,27.15
2025-10-09 19:00:00+00:00,0.0,26.85
2025-10-09 20:00:00+00:00,0.0,26.68
2025-10-09 21:00:00+00:00,0.0,26.55
2025-10-09 22:00:00+00:00,18.65,26.48
2025-10-09 23:00:00+00:00,153.52,27.21
2025-10-10 00:00:00+00:00,320.7,27.7
2025-10-10 01:00:00+00:00,479.95,28.05
2025-10-10 02:00:00+00:00,607.65,28.42
2025-10-10 03:00:00+00:00,720.65,28.84
2025-10-10 04:00:00+00:00,763.15,29.31
2025-10-10 05:00:00+00:00,733.42,29.74
2025-10-10 06:00:00+00:00,609.72,30.04
2025-10-10 07:00:00+00:00,422.77,30.15
2025-10-10 08:00:00+00:00,226.25,30.05
2025-10-10 09:00:00+00:00,47.5,29.67
2025-10-10 10:00:00+00:00,0.0,28.82
2025-10-10 11:00:00+00:00,0.0,28.27
2025-10-10 12:00:00+00:00,0.0,27.87
2025-10-10 13:00:00+00:00,0.0,27.53
2025-10-10 14:00:00+00:00,0.0,27.25
2025-10-10 15:00:00+00:00,0.0,26.98
2025-10-10 16:00:00+00:00,0.0,26.73
2025-10-10 17:00:00+00:00,0.0,26.54
2025-10-10 18:00:00+00:00,0.0,26.37
2025-10-10 19:00:00+00:00,0.0,26.26
2025-10-10 20:00:00+00:00,0.0,26.14
2025-10-10 21:00:00+00:00,0.0,26.06
2025-10-10 22:00:00+00:00,16.48,26.07
2025-10-10 23:00:00+00:00,147.48,27.18
2025-10-11 00:00:00+00:00,331.15,27.93
2025-10-11 01:00:00+00:00,524.6,28.58
2025-10-11 02:00:00+00:00,652.38,29.17
2025-10-11 03:00:00+00:00,767.75,29.63
2025-10-11 04:00:00+00:00,814.1,29.99
2025-10-11 05:00:00+00:00,758.55,30.25
2025-10-11 06:00:00+00:00,628.03,30.33
2025-10-11 07:00:00+00:00,460.8,30.24
2025-10-11 08:00:00+00:00,242.6,29.96
2025-10-11 09:00:00+00:00,50.42,29.22
2025-10-11 10:00:00+00:00,0.0,28.0
2025-10-11 11:00:00+00:00,0.0,27.48
2025-10-11 12:00:00+00:00,0.0,27.14
2025-10-11 13:00:00+00:00,0.0,26.91
2025-10-11 14:00:00+00:00,0.0,26.73
2025-10-11 15:00:00+00:00,0.0,26.59
2025-10-11 16:00:00+00:00,0.0,26.49
2025-10-11 17:00:00+00:00,0.0,26.39
2025-10-11 18:00:00+00:00,0.0,26.35
2025-10-11 19:00:00+00:00,0.0,26.27
2025-10-11 20:00:00+00:00,0.0,26.17
2025-10-11 21:00:00+00:00,0.0,26.11
2025-10-11 22:00:00+00:00,14.95,26.17
2025-10-11 23:00:00+00:00,118.65,27.04
2025-10-12 00:00:00+00:00,262.7,27.68
2025-10-12 01:00:00+00:00,399.02,28.27
2025-10-12 02:00:00+00:00,501.9,28.72
2025-10-12 03:00:00+00:00,552.72,28.94
2025-10-12 04:00:00+00:00,547.28,29.08
2025-10-12 05:00:00+00:00,491.12,29.1
2025-10-12 06:00:00+00:00,422.42,29.04
2025-10-12 07:00:00+00:00,308.98,28.87
2025-10-12 08:00:00+00:00,160.25,28.56
2025-10-12 09:00:00+00:00,33.97,28.05
2025-10-12 10:00:00+00:00,0.0,27.54
2025-10-12 11:00:00+00:00,0.0,27.37
2025-10-12 12:00:00+00:00,0.0,27.25
2025-10-12 13:00:00+00:00,0.0,27.14
2025-10-12 14:00:00+00:00,0.0,27.01
2025-10-12 15:00:00+00:00,0.0,26.87
2025-10-12 16:00:00+00:00,0.0,26.73
2025-10-12 17:00:00+00:00,0.0,26.58
2025-10-12 18:00:00+00:00,0.0,26.45
2025-10-12 19:00:00+00:00,0.0,26.36
2025-10-12 20:00:00+00:00,0.0,26.27
2025-10-12 21:00:00+00:00,0.0,26.23
2025-10-12 22:00:00+00:00,15.82,26.26
2025-10-12 23:00:00+00:00,135.43,27.04
2025-10-13 00:00:00+00:00,300.2,27.71
2025-10-13 01:00:00+00:00,462.02,28.31
2025-10-13 02:00:00+00:00,566.3,28.69
2025-10-13 03:00:00+00:00,677.5,28.91
2025-10-13 04:00:00+00:00,710.25,29.12
2025-10-13 05:00:00+00:00,692.42,29.21
2025-10-13 06:00:00+00:00,591.3,29.24
2025-10-13 07:00:00+00:00,421.62,29.15
2025-10-13 08:00:00+00:00,217.32,29.0
2025-10-13 09:00:00+00:00,40.75,28.51
2025-10-13 10:00:00+00:00,0.0,27.77
2025-10-13 11:00:00+00:00,0.0,27.5
2025-10-13 12:00:00+00:00,0.0,27.29
2025-10-13 13:00:00+00:00,0.0,27.12
2025-10-13 14:00:00+00:00,0.0,26.98
2025-10-13 15:00:00+00:00,0.0,26.84
2025-10-13 16:00:00+00:00,0.0,26.73
2025-10-13 17:00:00+00:00,0.0,26.61
2025-10-13 18:00:00+00:00,0.0,26.53
2025-10-13 19:00:00+00:00,0.0,26.44
2025-10-13 20:00:00+00:00,0.0,26.34
2025-10-13 21:00:00+00:00,0.0,26.28
2025-10-13 22:00:00+00:00,17.83,26.23
2025-10-13 23:00:00+00:00,162.85,26.92
2025-10-14 00:00:00+00:00,355.73,27.6
2025-10-14 01:00:00+00:00,541.7,28.2
2025-10-14 02:00:00+00:00,678.9,28.9
2025-10-14 03:00:00+00:00,768.83,29.58
2025-10-14 04:00:00+00:00,788.2,30.03
2025-10-14 05:00:00+00:00,716.92,30.26
2025-10-14 06:00:00+00:00,637.6,30.33
2025-10-14 07:00:00+00:00,465.5,30.26
2025-10-14 08:00:00+00:00,232.93,30.01
2025-10-14 09:00:00+00:00,36.92,29.21
2025-10-14 10:00:00+00:00,0.0,28.02
2025-10-14 11:00:00+00:00,0.0,27.58
2025-10-14 12:00:00+00:00,0.0,27.28
2025-10-14 13:00:00+00:00,0.0,27.09
2025-10-14 14:00:00+00:00,0.0,27.01
2025-10-14 15:00:00+00:00,0.0,27.02
2025-10-14 16:00:00+00:00,0.0,27.04
2025-10-14 17:00:00+00:00,0.0,26.84
2025-10-14 18:00:00+00:00,0.0,26.45
2025-10-14 19:00:00+00:00,0.0,26.08
2025-10-14 20:00:00+00:00,0.0,25.86
2025-10-14 21:00:00+00:00,0.0,25.81
2025-10-14 22:00:00+00:00,17.85,25.86
2025-10-14 23:00:00+00:00,186.9,26.93
2025-10-15 00:00:00+00:00,398.77,28.0
2025-10-15 01:00:00+00:00,593.3,28.82
2025-10-15 02:00:00+00:00,704.55,29.27
2025-10-15 03:00:00+00:00,758.85,29.58
2025-10-15 04:00:00+00:00,782.25,29.86
2025-10-15 05:00:00+00:00,714.08,30.04
2025-10-15 06:00:00+00:00,604.67,30.11
2025-10-15 07:00:00+00:00,423.98,30.03
2025-10-15 08:00:00+00:00,206.15,29.92
2025-10-15 09:00:00+00:00,36.12,29.31
2025-10-15 10:00:00+00:00,0.0,28.2
2025-10-15 11:00:00+00:00,0.0,27.71
2025-10-15 12:00:00+00:00,0.0,27.38
2025-10-15 13:00:00+00:00,0.0,27.13
2025-10-15 14:00:00+00:00,0.0,26.96
2025-10-15 15:00:00+00:00,0.0,26.85
2025-10-15 16:00:00+00:00,0.0,26.78
2025-10-15 17:00:00+00:00,0.0,26.72
2025-10-15 18:00:00+00:00,0.0,26.62
2025-10-15 19:00:00+00:00,0.0,26.53
2025-10-15 20:00:00+00:00,0.0,26.42
2025-10-15 21:00:00+00:00,0.0,26.31
2025-10-15 22:00:00+00:00,13.48,26.21
2025-10-15 23:00:00+00:00,129.9,27.17
2025-10-16 00:00:00+00:00,302.05,28.02
2025-10-16 01:00:00+00:00,464.75,28.76
2025-10-16 02:00:00+00:00,583.6,29.41
2025-10-16 03:00:00+00:00,667.92,29.91
2025-10-16 04:00:00+00:00,773.75,30.26
2025-10-16 05:00:00+00:00,719.67,30.45
2025-10-16 06:00:00+00:00,571.85,30.4
2025-10-16 07:00:00+00:00,426.8,30.27
2025-10-16 08:00:00+00:00,220.8,29.99
2025-10-16 09:00:00+00:00,39.4,29.23
2025-10-16 10:00:00+00:00,0.0,28.21
2025-10-16 11:00:00+00:00,0.0,27.87
2025-10-16 12:00:00+00:00,0.0,27.65
2025-10-16 13:00:00+00:00,0.0,27.46
2025-10-16 14:00:00+00:00,0.0,27.27
2025-10-16 15:00:00+00:00,0.0,27.08
2025-10-16 16:00:00+00:00,0.0,26.86
2025-10-16 17:00:00+00:00,0.0,26.64
2025-10-16 18:00:00+00:00,0.0,26.44
2025-10-16 19:00:00+00:00,0.0,26.26
2025-10-16 20:00:00+00:00,0.0,26.08
2025-10-16 21:00:00+00:00,0.0,25.93
2025-10-16 22:00:00+00:00,16.27,25.81
2025-10-16 23:00:00+00:00,176.75,26.87
2025-10-17 00:00:00+00:00,399.2,27.75
2025-10-17 01:00:00+00:00,592.58,28.58
2025-10-17 02:00:00+00:00,745.9,29.26
2025-10-17 03:00:00+00:00,828.15,29.81
2025-10-17 04:00:00+00:00,822.2,30.26
2025-10-17 05:00:00+00:00,749.0,30.62
2025-10-17 06:00:00+00:00,599.2,30.82
2025-10-17 07:00:00+00:00,413.6,30.82
2025-10-17 08:00:00+00:00,208.18,30.88
2025-10-17 09:00:00+00:00,35.22,30.13
2025-10-17 10:00:00+00:00,0.0,29.08
2025-10-17 11:00:00+00:00,0.0,28.48
2025-10-17 12:00:00+00:00,0.0,27.95
2025-10-17 13:00:00+00:00,0.0,27.56
2025-10-17 14:00:00+00:00,0.0,27.26
2025-10-17 15:00:00+00:00,0.0,27.11
2025-10-17 16:00:00+00:00,0.0,27.12
2025-10-17 17:00:00+00:00,0.0,27.17
2025-10-17 18:00:00+00:00,0.0,27.04
2025-10-17 19:00:00+00:00,0.0,26.64
2025-10-17 20:00:00+00:00,0.0,26.19
2025-10-17 21:00:00+00:00,0.0,25.89
2025-10-17 22:00:00+00:00,11.73,25.72
2025-10-17 23:00:00+00:00,135.32,26.41
2025-10-18 00:00:00+00:00,335.42,27.23
2025-10-18 01:00:00+00:00,541.42,28.4
2025-10-18 02:00:00+00:00,705.5,29.39
2025-10-18 03:00:00+00:00,790.75,29.94
2025-10-18 04:00:00+00:00,816.72,30.36
2025-10-18 05:00:00+00:00,733.92,30.64
2025-10-18 06:00:00+00:00,609.78,30.75
2025-10-18 07:00:00+00:00,425.92,30.79
2025-10-18 08:00:00+00:00,213.62,30.59
2025-10-18 09:00:00+00:00,35.45,29.73
2025-10-18 10:00:00+00:00,0.0,28.66
2025-10-18 11:00:00+00:00,0.0,28.17
2025-10-18 12:00:00+00:00,0.0,27.74
2025-10-18 13:00:00+00:00,0.0,27.36
2025-10-18 14:00:00+00:00,0.0,27.07
2025-10-18 15:00:00+00:00,0.0,26.93
2025-10-18 16:00:00+00:00,0.0,26.89
2025-10-18 17:00:00+00:00,0.0,26.76
2025-10-18 18:00:00+00:00,0.0,26.51
2025-10-18 19:00:00+00:00,0.0,26.28
2025-10-18 20:00:00+00:00,0.0,26.01
2025-10-18 21:00:00+00:00,0.0,25.65
2025-10-18 22:00:00+00:00,15.43,25.26
2025-10-18 23:00:00+00:00,155.75,25.4
2025-10-19 00:00:00+00:00,339.55,25.9
2025-10-19 01:00:00+00:00,525.8,26.81
2025-10-19 02:00:00+00:00,606.62,27.98
2025-10-19 03:00:00+00:00,714.33,28.99
2025-10-19 04:00:00+00:00,761.35,29.45
2025-10-19 05:00:00+00:00,644.15,29.68
2025-10-19 06:00:00+00:00,569.1,29.75
2025-10-19 07:00:00+00:00,353.83,29.63
2025-10-19 08:00:00+00:00,171.02,29.24
2025-10-19 09:00:00+00:00,24.55,28.32
2025-10-19 10:00:00+00:00,0.0,27.35
2025-10-19 11:00:00+00:00,0.0,26.92
2025-10-19 12:00:00+00:00,0.0,26.48
2025-10-19 13:00:00+00:00,0.0,26.05
2025-10-19 14:00:00+00:00,0.0,25.62
2025-10-19 15:00:00+00:00,0.0,25.17
2025-10-19 16:00:00+00:00,0.0,24.71
2025-10-19 17:00:00+00:00,0.0,24.22
2025-10-19 18:00:00+00:00,0.0,23.64
2025-10-19 19:00:00+00:00,0.0,23.04
2025-10-19 20:00:00+00:00,0.0,22.59
2025-10-19 21:00:00+00:00,0.0,22.47
2025-10-19 22:00:00+00:00,10.57,22.59
2025-10-19 23:00:00+00:00,105.1,22.88
2025-10-20 00:00:00+00:00,233.27,23.45
2025-10-20 01:00:00+00:00,377.05,24.44
2025-10-20 02:00:00+00:00,466.17,25.74
2025-10-20 03:00:00+00:00,524.85,26.74
2025-10-20 04:00:00+00:00,431.23,27.32
2025-10-20 05:00:00+00:00,296.3,27.68
2025-10-20 06:00:00+00:00,206.0,27.78
2025-10-20 07:00:00+00:00,127.07,27.51
2025-10-20 08:00:00+00:00,78.43,27.04
2025-10-20 09:00:00+00:00,6.72,26.29
2025-10-20 10:00:00+00:00,0.0,25.6
2025-10-20 11:00:00+00:00,0.0,25.23
2025-10-20 12:00:00+00:00,0.0,24.87
2025-10-20 13:00:00+00:00,0.0,24.55
2025-10-20 14:00:00+00:00,0.0,24.16
2025-10-20 15:00:00+00:00,0.0,23.68
2025-10-20 16:00:00+00:00,0.0,23.16
2025-10-20 17:00:00+00:00,0.0,22.69
2025-10-20 18:00:00+00:00,0.0,22.06
2025-10-20 19:00:00+00:00,0.0,21.45
2025-10-20 20:00:00+00:00,0.0,20.98
2025-10-20 21:00:00+00:00,0.0,20.79
2025-10-20 22:00:00+00:00,7.78,20.81
2025-10-20 23:00:00+00:00,69.75,21.01
2025-10-21 00:00:00+00:00,161.3,21.63
2025-10-21 01:00:00+00:00,248.43,22.56
2025-10-21 02:00:00+00:00,244.6,23.35
2025-10-21 03:00:00+00:00,309.75,23.7
2025-10-21 04:00:00+00:00,259.52,23.74
2025-10-21 05:00:00+00:00,232.57,23.65
2025-10-21 06:00:00+00:00,172.25,23.44
2025-10-21 07:00:00+00:00,129.25,23.09
2025-10-21 08:00:00+00:00,68.62,22.53
2025-10-21 09:00:00+00:00,12.5,21.79
2025-10-21 10:00:00+00:00,0.0,20.93
2025-10-21 11:00:00+00:00,0.0,20.13
2025-10-21 12:00:00+00:00,0.0,19.4
2025-10-21 13:00:00+00:00,0.0,18.88
2025-10-21 14:00:00+00:00,0.0,18.67
2025-10-21 15:00:00+00:00,0.0,18.66
2025-10-21 16:00:00+00:00,0.0,18.66
2025-10-21 17:00:00+00:00,0.0,18.61
2025-10-21 18:00:00+00:00,0.0,18.48
2025-10-21 19:00:00+00:00,0.0,18.29
2025-10-21 20:00:00+00:00,0.0,18.08
2025-10-21 21:00:00+00:00,0.0,17.91
2025-10-21 22:00:00+00:00,5.32,17.83
2025-10-21 23:00:00+00:00,41.9,18.09
2025-10-22 00:00:00+00:00,96.35,18.79
2025-10-22 01:00:00+00:00,148.5,19.8
2025-10-22 02:00:00+00:00,178.7,20.89
2025-10-22 03:00:00+00:00,193.38,21.48
2025-10-22 04:00:00+00:00,253.6,21.77
2025-10-22 05:00:00+00:00,227.82,21.99
2025-10-22 06:00:00+00:00,104.12,21.95
2025-10-22 07:00:00+00:00,134.27,21.72
2025-10-22 08:00:00+00:00,68.53,21.24
2025-10-22 09:00:00+00:00,10.1,20.55
2025-10-22 10:00:00+00:00,0.0,19.78
2025-10-22 11:00:00+00:00,0.0,19.09
2025-10-22 12:00:00+00:00,0.0,18.62
2025-10-22 13:00:00+00:00,0.0,18.38
2025-10-22 14:00:00+00:00,0.0,18.27
2025-10-22 15:00:00+00:00,0.0,18.27
2025-10-22 16:00:00+00:00,0.0,18.33
2025-10-22 17:00:00+00:00,0.0,18.3
2025-10-22 18:00:00+00:00,0.0,18.16
2025-10-22 19:00:00+00:00,0.0,17.91
2025-10-22 20:00:00+00:00,0.0,17.68
2025-10-22 21:00:00+00:00,0.0,17.48
2025-10-22 22:00:00+00:00,6.28,17.23
2025-10-22 23:00:00+00:00,86.5,17.45
2025-10-23 00:00:00+00:00,191.85,18.22
2025-10-23 01:00:00+00:00,303.77,19.42
2025-10-23 02:00:00+00:00,398.58,20.7
2025-10-23 03:00:00+00:00,498.0,21.85
2025-10-23 04:00:00+00:00,470.17,22.79
2025-10-23 05:00:00+00:00,425.58,23.63
2025-10-23 06:00:00+00:00,357.45,24.21
2025-10-23 07:00:00+00:00,212.52,24.47
2025-10-23 08:00:00+00:00,104.32,24.34
2025-10-23 09:00:00+00:00,14.65,23.66
2025-10-23 10:00:00+00:00,0.0,22.71
2025-10-23 11:00:00+00:00,0.0,22.13
2025-10-23 12:00:00+00:00,0.0,21.55
2025-10-23 13:00:00+00:00,0.0,21.0
2025-10-23 14:00:00+00:00,0.0,20.53
2025-10-23 15:00:00+00:00,0.0,20.23
2025-10-23 16:00:00+00:00,0.0,20.01
2025-10-23 17:00:00+00:00,0.0,19.72
2025-10-23 18:00:00+00:00,0.0,19.45
2025-10-23 19:00:00+00:00,0.0,19.17
2025-10-23 20:00:00+00:00,0.0,18.85
2025-10-23 21:00:00+00:00,0.0,18.6
2025-10-23 22:00:00+00:00,5.55,18.52
2025-10-23 23:00:00+00:00,73.32,18.86
2025-10-24 00:00:00+00:00,172.98,19.63
2025-10-24 01:00:00+00:00,280.17,20.64
2025-10-24 02:00:00+00:00,393.9,21.68
2025-10-24 03:00:00+00:00,464.83,22.44
2025-10-24 04:00:00+00:00,428.45,22.95
2025-10-24 05:00:00+00:00,364.92,23.32
2025-10-24 06:00:00+00:00,277.3,23.6
2025-10-24 07:00:00+00:00,193.62,23.67
2025-10-24 08:00:00+00:00,92.5,23.46
2025-10-24 09:00:00+00:00,13.55,22.89
2025-10-24 10:00:00+00:00,0.0,22.3
2025-10-24 11:00:00+00:00,0.0,22.11
2025-10-24 12:00:00+00:00,0.0,22.0
2025-10-24 13:00:00+00:00,0.0,21.89
2025-10-24 14:00:00+00:00,0.0,21.73
2025-10-24 15:00:00+00:00,0.0,21.54
2025-10-24 16:00:00+00:00,0.0,21.34
2025-10-24 17:00:00+00:00,0.0,21.13
2025-10-24 18:00:00+00:00,0.0,20.88
2025-10-24 19:00:00+00:00,0.0,20.54
2025-10-24 20:00:00+00:00,0.0,20.15
2025-10-24 21:00:00+00:00,0.0,19.82
2025-10-24 22:00:00+00:00,7.53,19.51
2025-10-24 23:00:00+00:00,85.57,19.84
2025-10-25 00:00:00+00:00,203.98,20.69
2025-10-25 01:00:00+00:00,379.15,22.04
2025-10-25 02:00:00+00:00,561.25,23.77
2025-10-25 03:00:00+00:00,676.55,25.18
2025-10-25 04:00:00+00:00,735.92,25.99
2025-10-25 05:00:00+00:00,644.3,26.55
2025-10-25 06:00:00+00:00,520.83,26.89
2025-10-25 07:00:00+00:00,343.75,26.98
2025-10-25 08:00:00+00:00,159.57,26.77
2025-10-25 09:00:00+00:00,21.83,25.84
2025-10-25 10:00:00+00:00,0.0,24.62
2025-10-25 11:00:00+00:00,0.0,24.18
2025-10-25 12:00:00+00:00,0.0,23.73
2025-10-25 13:00:00+00:00,0.0,23.25
2025-10-25 14:00:00+00:00,0.0,22.75
2025-10-25 15:00:00+00:00,0.0,22.43
2025-10-25 16:00:00+00:00,0.0,22.3
2025-10-25 17:00:00+00:00,0.0,21.91
2025-10-25 18:00:00+00:00,0.0,21.55
2025-10-25 19:00:00+00:00,0.0,21.17
2025-10-25 20:00:00+00:00,0.0,20.79
2025-10-25 21:00:00+00:00,0.0,20.55
2025-10-25 22:00:00+00:00,9.6,20.41
2025-10-25 23:00:00+00:00,105.57,20.85
2025-10-26 00:00:00+00:00,251.48,21.87
2025-10-26 01:00:00+00:00,395.98,23.2
2025-10-26 02:00:00+00:00,511.05,24.64
2025-10-26 03:00:00+00:00,593.1,25.74
2025-10-26 04:00:00+00:00,698.33,26.58
2025-10-26 05:00:00+00:00,630.97,27.14
2025-10-26 06:00:00+00:00,501.8,27.43
2025-10-26 07:00:00+00:00,322.05,27.39
2025-10-26 08:00:00+00:00,151.35,26.97
2025-10-26 09:00:00+00:00,20.67,25.95
2025-10-26 10:00:00+00:00,0.0,24.82
2025-10-26 11:00:00+00:00,0.0,24.3
2025-10-26 12:00:00+00:00,0.0,23.76
2025-10-26 13:00:00+00:00,0.0,23.14
2025-10-26 14:00:00+00:00,0.0,22.39
2025-10-26 15:00:00+00:00,0.0,21.63
2025-10-26 16:00:00+00:00,0.0,21.18
2025-10-26 17:00:00+00:00,0.0,20.83
2025-10-26 18:00:00+00:00,0.0,20.49
2025-10-26 19:00:00+00:00,0.0,20.23
2025-10-26 20:00:00+00:00,0.0,20.09
2025-10-26 21:00:00+00:00,0.0,19.99
2025-10-26 22:00:00+00:00,6.45,19.9
2025-10-26 23:00:00+00:00,69.25,20.1
2025-10-27 00:00:00+00:00,147.73,20.66
2025-10-27 01:00:00+00:00,230.02,21.5
2025-10-27 02:00:00+00:00,325.17,22.41
2025-10-27 03:00:00+00:00,371.77,22.99
2025-10-27 04:00:00+00:00,374.67,23.38
2025-10-27 05:00:00+00:00,375.17,23.7
2025-10-27 06:00:00+00:00,248.02,23.91
2025-10-27 07:00:00+00:00,163.2,24.0
2025-10-27 08:00:00+00:00,82.3,23.89
2025-10-27 09:00:00+00:00,8.32,23.38
2025-10-27 10:00:00+00:00,0.0,22.84
2025-10-27 11:00:00+00:00,0.0,22.72
2025-10-27 12:00:00+00:00,0.0,22.63
2025-10-27 13:00:00+00:00,0.0,22.49
2025-10-27 14:00:00+00:00,0.0,22.24
2025-10-27 15:00:00+00:00,0.0,21.95
2025-10-27 16:00:00+00:00,0.0,21.65
2025-10-27 17:00:00+00:00,0.0,21.36
2025-10-27 18:00:00+00:00,0.0,21.1
2025-10-27 19:00:00+00:00,0.0,20.88
2025-10-27 20:00:00+00:00,0.0,20.74
2025-10-27 21:00:00+00:00,0.0,20.64
2025-10-27 22:00:00+00:00,2.97,20.55
2025-10-27 23:00:00+00:00,32.4,20.71
2025-10-28 00:00:00+00:00,75.8,21.08
2025-10-28 01:00:00+00:00,119.4,21.67
2025-10-28 02:00:00+00:00,176.95,22.38
2025-10-28 03:00:00+00:00,288.12,22.99
2025-10-28 04:00:00+00:00,320.4,23.42
2025-10-28 05:00:00+00:00,177.43,23.7
2025-10-28 06:00:00+00:00,122.85,23.84
2025-10-28 07:00:00+00:00,89.18,23.92
2025-10-28 08:00:00+00:00,28.23,23.93
2025-10-28 09:00:00+00:00,5.32,23.55
2025-10-28 10:00:00+00:00,0.0,22.96
2025-10-28 11:00:00+00:00,0.0,22.84
2025-10-28 12:00:00+00:00,0.0,22.69
2025-10-28 13:00:00+00:00,0.0,22.47
2025-10-28 14:00:00+00:00,0.0,22.24
2025-10-28 15:00:00+00:00,0.0,22.07
2025-10-28 16:00:00+00:00,0.0,21.93
2025-10-28 17:00:00+00:00,0.0,21.73
2025-10-28 18:00:00+00:00,0.0,21.44
2025-10-28 19:00:00+00:00,0.0,21.15
2025-10-28 20:00:00+00:00,0.0,20.86
2025-10-28 21:00:00+00:00,0.0,20.67
2025-10-28 22:00:00+00:00,7.4,20.62
2025-10-28 23:00:00+00:00,77.6,21.26
2025-10-29 00:00:00+00:00,189.88,22.19
2025-10-29 01:00:00+00:00,301.62,23.26
2025-10-29 02:00:00+00:00,354.75,24.32
2025-10-29 03:00:00+00:00,408.88,25.09
2025-10-29 04:00:00+00:00,437.15,25.69
2025-10-29 05:00:00+00:00,415.83,26.18
2025-10-29 06:00:00+00:00,341.45,26.43
2025-10-29 07:00:00+00:00,218.12,26.43
2025-10-29 08:00:00+00:00,105.18,26.21
2025-10-29 09:00:00+00:00,13.68,25.45
2025-10-29 10:00:00+00:00,0.0,24.61
2025-10-29 11:00:00+00:00,0.0,24.35
2025-10-29 12:00:00+00:00,0.0,24.1
2025-10-29 13:00:00+00:00,0.0,23.85
2025-10-29 14:00:00+00:00,0.0,23.57
2025-10-29 15:00:00+00:00,0.0,23.45
2025-10-29 16:00:00+00:00,0.0,23.4
2025-10-29 17:00:00+00:00,0.0,23.3
2025-10-29 18:00:00+00:00,0.0,23.24
2025-10-29 19:00:00+00:00,0.0,23.2
2025-10-29 20:00:00+00:00,0.0,23.11
2025-10-29 21:00:00+00:00,0.0,23.01
2025-10-29 22:00:00+00:00,6.35,22.9
2025-10-29 23:00:00+00:00,88.15,23.57
2025-10-30 00:00:00+00:00,218.82,24.39
2025-10-30 01:00:00+00:00,346.08,25.11
2025-10-30 02:00:00+00:00,449.98,25.77
2025-10-30 03:00:00+00:00,496.23,26.35
2025-10-30 04:00:00+00:00,531.42,26.78
2025-10-30 05:00:00+00:00,547.9,27.12
2025-10-30 06:00:00+00:00,484.65,27.4
2025-10-30 07:00:00+00:00,325.3,27.5
2025-10-30 08:00:00+00:00,153.75,27.35
2025-10-30 09:00:00+00:00,17.62,26.69
2025-10-30 10:00:00+00:00,0.0,25.83
2025-10-30 11:00:00+00:00,0.0,25.44
2025-10-30 12:00:00+00:00,0.0,25.02
2025-10-30 13:00:00+00:00,0.0,24.55
2025-10-30 14:00:00+00:00,0.0,24.04
2025-10-30 15:00:00+00:00,0.0,23.54
2025-10-30 16:00:00+00:00,0.0,23.2
2025-10-30 17:00:00+00:00,0.0,22.96
2025-10-30 18:00:00+00:00,0.0,22.74
2025-10-30 19:00:00+00:00,0.0,22.55
2025-10-30 20:00:00+00:00,0.0,22.33
2025-10-30 21:00:00+00:00,0.0,22.15
2025-10-30 22:00:00+00:00,8.43,21.97
2025-10-30 23:00:00+00:00,110.43,22.33
2025-10-31 00:00:00+00:00,278.4,23.2
2025-10-31 01:00:00+00:00,471.35,24.55
2025-10-31 02:00:00+00:00,594.67,25.88
2025-10-31 03:00:00+00:00,638.17,26.92
2025-10-31 04:00:00+00:00,637.2,27.66
2025-10-31 05:00:00+00:00,492.52,28.1
2025-10-31 06:00:00+00:00,386.92,28.25
2025-10-31 07:00:00+00:00,251.9,28.07
2025-10-31 08:00:00+00:00,113.43,27.56
2025-10-31 09:00:00+00:00,13.65,26.6
2025-10-31 10:00:00+00:00,0.0,25.5
2025-10-31 11:00:00+00:00,0.0,24.81
2025-10-31 12:00:00+00:00,0.0,24.03
2025-10-31 13:00:00+00:00,0.0,23.22
2025-10-31 14:00:00+00:00,0.0,22.55
2025-10-31 15:00:00+00:00,0.0,22.04
2025-10-31 16:00:00+00:00,0.0,21.62
2025-10-31 17:00:00+00:00,0.0,21.29
2025-10-31 18:00:00+00:00,0.0,21.13
2025-10-31 19:00:00+00:00,0.0,20.94
2025-10-31 20:00:00+00:00,0.0,20.62
2025-10-31 21:00:00+00:00,0.0,20.31
2025-10-31 22:00:00+00:00,7.57,20.11
2025-10-31 23:00:00+00:00,99.07,20.23
2025-11-01 00:00:00+00:00,244.32,20.72
2025-11-01 01:00:00+00:00,397.75,21.49
2025-11-01 02:00:00+00:00,396.48,22.64
2025-11-01 03:00:00+00:00,395.3,23.94
2025-11-01 04:00:00+00:00,358.08,24.93
2025-11-01 05:00:00+00:00,309.6,25.46
2025-11-01 06:00:00+00:00,227.75,25.61
2025-11-01 07:00:00+00:00,159.27,25.5
2025-11-01 08:00:00+00:00,72.65,25.23
2025-11-01 09:00:00+00:00,6.97,24.63
2025-11-01 10:00:00+00:00,0.0,23.95
2025-11-01 11:00:00+00:00,0.0,23.76
2025-11-01 12:00:00+00:00,0.0,23.58
2025-11-01 13:00:00+00:00,0.0,23.37
2025-11-01 14:00:00+00:00,0.0,23.1
2025-11-01 15:00:00+00:00,0.0,22.85
2025-11-01 16:00:00+00:00,0.0,22.57
2025-11-01 17:00:00+00:00,0.0,22.27
2025-11-01 18:00:00+00:00,0.0,22.02
2025-11-01 19:00:00+00:00,0.0,21.81
2025-11-01 20:00:00+00:00,0.0,21.63
2025-11-01 21:00:00+00:00,0.0,21.52
2025-11-01 22:00:00+00:00,7.9,21.44
2025-11-01 23:00:00+00:00,103.4,22.17
2025-11-02 00:00:00+00:00,259.5,23.16
2025-11-02 01:00:00+00:00,432.0,24.22
2025-11-02 02:00:00+00:00,623.7,24.99
2025-11-02 03:00:00+00:00,720.35,25.56
2025-11-02 04:00:00+00:00,686.28,25.99
2025-11-02 05:00:00+00:00,580.95,26.33
2025-11-02 06:00:00+00:00,421.3,26.54
2025-11-02 07:00:00+00:00,248.5,26.43
2025-11-02 08:00:00+00:00,117.12,26.09
2025-11-02 09:00:00+00:00,13.8,25.3
2025-11-02 10:00:00+00:00,0.0,24.32
2025-11-02 11:00:00+00:00,0.0,24.0
2025-11-02 12:00:00+00:00,0.0,23.64
2025-11-02 13:00:00+00:00,0.0,23.21
2025-11-02 14:00:00+00:00,0.0,22.68
2025-11-02 15:00:00+00:00,0.0,22.1
2025-11-02 16:00:00+00:00,0.0,21.5
2025-11-02 17:00:00+00:00,0.0,21.02
2025-11-02 18:00:00+00:00,0.0,20.68
2025-11-02 19:00:00+00:00,0.0,20.48
2025-11-02 20:00:00+00:00,0.0,20.41
2025-11-02 21:00:00+00:00,0.0,20.32
2025-11-02 22:00:00+00:00,4.45,20.19
2025-11-02 23:00:00+00:00,41.95,20.44
2025-11-03 00:00:00+00:00,109.75,21.05
2025-11-03 01:00:00+00:00,158.62,21.93
2025-11-03 02:00:00+00:00,203.93,22.72
2025-11-03 03:00:00+00:00,360.08,23.1
2025-11-03 04:00:00+00:00,358.08,23.34
2025-11-03 05:00:00+00:00,225.4,23.55
2025-11-03 06:00:00+00:00,219.7,23.69
2025-11-03 07:00:00+00:00,127.95,23.62
2025-11-03 08:00:00+00:00,55.78,23.29
2025-11-03 09:00:00+00:00,6.2,22.6
2025-11-03 10:00:00+00:00,0.0,21.95
2025-11-03 11:00:00+00:00,0.0,21.65
2025-11-03 12:00:00+00:00,0.0,21.31
2025-11-03 13:00:00+00:00,0.0,20.98
2025-11-03 14:00:00+00:00,0.0,20.69
2025-11-03 15:00:00+00:00,0.0,20.5
2025-11-03 16:00:00+00:00,0.0,20.38
2025-11-03 17:00:00+00:00,0.0,20.23
2025-11-03 18:00:00+00:00,0.0,20.05
2025-11-03 19:00:00+00:00,0.0,19.88
2025-11-03 20:00:00+00:00,0.0,19.73
2025-11-03 21:00:00+00:00,0.0,19.52
2025-11-03 22:00:00+00:00,2.28,19.27
2025-11-03 23:00:00+00:00,40.83,19.32
2025-11-04 00:00:00+00:00,92.78,19.72
2025-11-04 01:00:00+00:00,134.75,20.35
2025-11-04 02:00:00+00:00,152.4,21.11
2025-11-04 03:00:00+00:00,182.68,21.73
2025-11-04 04:00:00+00:00,190.6,22.23
2025-11-04 05:00:00+00:00,196.93,22.65
2025-11-04 06:00:00+00:00,150.12,22.89
2025-11-04 07:00:00+00:00,100.97,22.92
2025-11-04 08:00:00+00:00,44.55,22.73
2025-11-04 09:00:00+00:00,5.0,22.2
2025-11-04 10:00:00+00:00,0.0,21.6
2025-11-04 11:00:00+00:00,0.0,21.33
2025-11-04 12:00:00+00:00,0.0,20.99
2025-11-04 13:00:00+00:00,0.0,20.66
2025-11-04 14:00:00+00:00,0.0,20.36
2025-11-04 15:00:00+00:00,0.0,20.12
2025-11-04 16:00:00+00:00,0.0,19.85
2025-11-04 17:00:00+00:00,0.0,19.53
2025-11-04 18:00:00+00:00,0.0,19.26
2025-11-04 19:00:00+00:00,0.0,19.09
2025-11-04 20:00:00+00:00,0.0,18.98
2025-11-04 21:00:00+00:00,0.0,18.89
2025-11-04 22:00:00+00:00,6.1,18.79
2025-11-04 23:00:00+00:00,102.3,19.37
2025-11-05 00:00:00+00:00,281.58,20.45
2025-11-05 01:00:00+00:00,482.42,21.8
2025-11-05 02:00:00+00:00,623.78,22.97
2025-11-05 03:00:00+00:00,715.47,23.85
2025-11-05 04:00:00+00:00,729.92,24.58
2025-11-05 05:00:00+00:00,609.58,25.18
2025-11-05 06:00:00+00:00,458.6,25.6
2025-11-05 07:00:00+00:00,283.62,25.77
2025-11-05 08:00:00+00:00,127.2,25.65
2025-11-05 09:00:00+00:00,13.43,24.84
2025-11-05 10:00:00+00:00,0.0,23.7
2025-11-05 11:00:00+00:00,0.0,23.32
2025-11-05 12:00:00+00:00,0.0,22.92
2025-11-05 13:00:00+00:00,0.0,22.49
2025-11-05 14:00:00+00:00,0.0,22.05
2025-11-05 15:00:00+00:00,0.0,21.65
2025-11-05 16:00:00+00:00,0.0,21.3
2025-11-05 17:00:00+00:00,0.0,20.97
2025-11-05 18:00:00+00:00,0.0,20.67
2025-11-05 19:00:00+00:00,0.0,20.42
2025-11-05 20:00:00+00:00,0.0,20.24
2025-11-05 21:00:00+00:00,0.0,20.12
2025-11-05 22:00:00+00:00,5.55,20.08
2025-11-05 23:00:00+00:00,95.3,21.07
2025-11-06 00:00:00+00:00,249.27,22.42
2025-11-06 01:00:00+00:00,415.42,23.97
2025-11-06 02:00:00+00:00,600.0,25.04
2025-11-06 03:00:00+00:00,711.3,25.9
2025-11-06 04:00:00+00:00,714.47,26.61
2025-11-06 05:00:00+00:00,619.6,27.14
2025-11-06 06:00:00+00:00,393.17,27.4
2025-11-06 07:00:00+00:00,244.12,27.39
2025-11-06 08:00:00+00:00,118.18,27.1
2025-11-06 09:00:00+00:00,12.7,26.05
2025-11-06 10:00:00+00:00,0.0,24.95
2025-11-06 11:00:00+00:00,0.0,24.5
2025-11-06 12:00:00+00:00,0.0,24.14
2025-11-06 13:00:00+00:00,0.0,23.83
2025-11-06 14:00:00+00:00,0.0,23.54
2025-11-06 15:00:00+00:00,0.0,23.33
2025-11-06 16:00:00+00:00,0.0,23.22
2025-11-06 17:00:00+00:00,0.0,23.11
2025-11-06 18:00:00+00:00,0.0,23.04
2025-11-06 19:00:00+00:00,0.0,23.01
2025-11-06 20:00:00+00:00,0.0,22.94
2025-11-06 21:00:00+00:00,0.0,22.85
2025-11-06 22:00:00+00:00,5.47,22.73
2025-11-06 23:00:00+00:00,63.95,23.06
2025-11-07 00:00:00+00:00,150.82,23.85
2025-11-07 01:00:00+00:00,230.8,24.78
2025-11-07 02:00:00+00:00,230.38,25.57
2025-11-07 03:00:00+00:00,335.38,26.16
2025-11-07 04:00:00+00:00,419.62,26.62
2025-11-07 05:00:00+00:00,394.62,26.86
2025-11-07 06:00:00+00:00,312.27,26.87
2025-11-07 07:00:00+00:00,213.8,26.64
2025-11-07 08:00:00+00:00,100.55,26.14
2025-11-07 09:00:00+00:00,12.75,25.34
2025-11-07 10:00:00+00:00,0.0,24.59
2025-11-07 11:00:00+00:00,0.0,24.33
2025-11-07 12:00:00+00:00,0.0,24.12
2025-11-07 13:00:00+00:00,0.0,23.93
2025-11-07 14:00:00+00:00,0.0,23.72
2025-11-07 15:00:00+00:00,0.0,23.53
2025-11-07 16:00:00+00:00,0.0,23.36
2025-11-07 17:00:00+00:00,0.0,23.2
2025-11-07 18:00:00+00:00,0.0,23.06
2025-11-07 19:00:00+00:00,0.0,22.95
2025-11-07 20:00:00+00:00,0.0,22.85
2025-11-07 21:00:00+00:00,0.0,22.76
2025-11-07 22:00:00+00:00,5.85,22.68
2025-11-07 23:00:00+00:00,97.12,23.52
2025-11-08 00:00:00+00:00,259.45,24.61
2025-11-08 01:00:00+00:00,441.38,25.7
2025-11-08 02:00:00+00:00,624.58,26.59
2025-11-08 03:00:00+00:00,723.72,27.21
2025-11-08 04:00:00+00:00,758.85,27.64
2025-11-08 05:00:00+00:00,691.45,27.96
2025-11-08 06:00:00+00:00,564.88,28.16
2025-11-08 07:00:00+00:00,369.88,28.18
2025-11-08 08:00:00+00:00,169.3,27.97
2025-11-08 09:00:00+00:00,16.1,27.14
2025-11-08 10:00:00+00:00,0.0,26.19
2025-11-08 11:00:00+00:00,0.0,25.81
2025-11-08 12:00:00+00:00,0.0,25.47
2025-11-08 13:00:00+00:00,0.0,25.28
2025-11-08 14:00:00+00:00,0.0,25.03
2025-11-08 15:00:00+00:00,0.0,24.72
2025-11-08 16:00:00+00:00,0.0,24.27
2025-11-08 17:00:00+00:00,0.0,23.92
2025-11-08 18:00:00+00:00,0.0,23.63
2025-11-08 19:00:00+00:00,0.0,23.37
2025-11-08 20:00:00+00:00,0.0,23.09
2025-11-08 21:00:00+00:00,0.0,22.8
2025-11-08 22:00:00+00:00,6.35,22.5
2025-11-08 23:00:00+00:00,105.0,22.78
2025-11-09 00:00:00+00:00,277.8,23.67
2025-11-09 01:00:00+00:00,455.9,25.06
2025-11-09 02:00:00+00:00,525.7,26.4
2025-11-09 03:00:00+00:00,497.62,27.09
2025-11-09 04:00:00+00:00,501.9,27.55
2025-11-09 05:00:00+00:00,484.42,27.8
2025-11-09 06:00:00+00:00,369.35,27.82
2025-11-09 07:00:00+00:00,252.3,27.6
2025-11-09 08:00:00+00:00,115.05,27.11
2025-11-09 09:00:00+00:00,14.48,26.15
2025-11-09 10:00:00+00:00,0.0,25.23
2025-11-09 11:00:00+00:00,0.0,24.7
2025-11-09 12:00:00+00:00,0.0,23.93
2025-11-09 13:00:00+00:00,0.0,22.92
2025-11-09 14:00:00+00:00,0.0,21.96
2025-11-09 15:00:00+00:00,0.0,21.35
2025-11-09 16:00:00+00:00,0.0,20.96
2025-11-09 17:00:00+00:00,0.0,20.66
2025-11-09 18:00:00+00:00,0.0,20.44
2025-11-09 19:00:00+00:00,0.0,20.29
2025-11-09 20:00:00+00:00,0.0,20.09
2025-11-09 21:00:00+00:00,0.0,19.74
2025-11-09 22:00:00+00:00,5.93,19.34
2025-11-09 23:00:00+00:00,86.7,19.48
2025-11-10 00:00:00+00:00,240.02,20.63
2025-11-10 01:00:00+00:00,381.2,22.42
2025-11-10 02:00:00+00:00,511.4,24.21
2025-11-10 03:00:00+00:00,588.55,25.31
2025-11-10 04:00:00+00:00,594.38,26.02
2025-11-10 05:00:00+00:00,556.88,26.54
2025-11-10 06:00:00+00:00,436.83,26.81
2025-11-10 07:00:00+00:00,282.8,26.75
2025-11-10 08:00:00+00:00,120.32,26.28
2025-11-10 09:00:00+00:00,12.7,25.18
2025-11-10 10:00:00+00:00,0.0,24.05
2025-11-10 11:00:00+00:00,0.0,23.33
2025-11-10 12:00:00+00:00,0.0,22.51
2025-11-10 13:00:00+00:00,0.0,21.81
2025-11-10 14:00:00+00:00,0.0,21.28
2025-11-10 15:00:00+00:00,0.0,20.94
2025-11-10 16:00:00+00:00,0.0,20.68
2025-11-10 17:00:00+00:00,0.0,20.51
2025-11-10 18:00:00+00:00,0.0,20.34
2025-11-10 19:00:00+00:00,0.0,20.17
2025-11-10 20:00:00+00:00,0.0,19.96
2025-11-10 21:00:00+00:00,0.0,19.74
2025-11-10 22:00:00+00:00,1.83,19.48
2025-11-10 23:00:00+00:00,31.95,19.42
2025-11-11 00:00:00+00:00,77.55,19.81
2025-11-11 01:00:00+00:00,138.9,20.49
2025-11-11 02:00:00+00:00,149.27,21.35
2025-11-11 03:00:00+00:00,109.18,22.17
2025-11-11 04:00:00+00:00,237.05,22.98
2025-11-11 05:00:00+00:00,189.62,23.62
2025-11-11 06:00:00+00:00,188.23,23.96
2025-11-11 07:00:00+00:00,129.35,23.91
2025-11-11 08:00:00+00:00,60.83,23.41
2025-11-11 09:00:00+00:00,7.7,22.53
2025-11-11 10:00:00+00:00,0.0,21.69
2025-11-11 11:00:00+00:00,0.0,21.09
2025-11-11 12:00:00+00:00,0.0,20.53
2025-11-11 13:00:00+00:00,0.0,20.1
2025-11-11 14:00:00+00:00,0.0,19.84
2025-11-11 15:00:00+00:00,0.0,19.68
2025-11-11 16:00:00+00:00,0.0,19.51
2025-11-11 17:00:00+00:00,0.0,19.29
2025-11-11 18:00:00+00:00,0.0,19.06
2025-11-11 19:00:00+00:00,0.0,18.85
2025-11-11 20:00:00+00:00,0.0,18.67
2025-11-11 21:00:00+00:00,0.0,18.51
2025-11-11 22:00:00+00:00,4.82,18.38
2025-11-11 23:00:00+00:00,72.75,18.67
2025-11-12 00:00:00+00:00,204.77,19.58
2025-11-12 01:00:00+00:00,340.55,20.85
2025-11-12 02:00:00+00:00,435.42,22.28
2025-11-12 03:00:00+00:00,546.9,23.44
2025-11-12 04:00:00+00:00,429.98,24.32
2025-11-12 05:00:00+00:00,505.45,24.94
2025-11-12 06:00:00+00:00,347.27,25.2
2025-11-12 07:00:00+00:00,232.48,25.03
2025-11-12 08:00:00+00:00,110.45,24.45
2025-11-12 09:00:00+00:00,10.6,23.32
2025-11-12 10:00:00+00:00,0.0,22.01
2025-11-12 11:00:00+00:00,0.0,20.97
2025-11-12 12:00:00+00:00,0.0,20.07
2025-11-12 13:00:00+00:00,0.0,19.41
2025-11-12 14:00:00+00:00,0.0,18.93
2025-11-12 15:00:00+00:00,0.0,18.58
2025-11-12 16:00:00+00:00,0.0,18.33
2025-11-12 17:00:00+00:00,0.0,18.13
2025-11-12 18:00:00+00:00,0.0,18.01
2025-11-12 19:00:00+00:00,0.0,17.94
2025-11-12 20:00:00+00:00,0.0,17.8
2025-11-12 21:00:00+00:00,0.0,17.64
2025-11-12 22:00:00+00:00,4.18,17.51
2025-11-12 23:00:00+00:00,75.57,17.68
2025-11-13 00:00:00+00:00,188.05,18.41
2025-11-13 01:00:00+00:00,340.48,19.54
2025-11-13 02:00:00+00:00,447.83,20.9
2025-11-13 03:00:00+00:00,496.98,22.02
2025-11-13 04:00:00+00:00,468.58,22.87
2025-11-13 05:00:00+00:00,343.7,23.42
2025-11-13 06:00:00+00:00,269.23,23.7
2025-11-13 07:00:00+00:00,174.1,23.69
2025-11-13 08:00:00+00:00,88.38,23.26
2025-11-13 09:00:00+00:00,10.95,22.24
2025-11-13 10:00:00+00:00,0.0,21.17
2025-11-13 11:00:00+00:00,0.0,20.32
2025-11-13 12:00:00+00:00,0.0,19.47
2025-11-13 13:00:00+00:00,0.0,18.84
2025-11-13 14:00:00+00:00,0.0,18.41
2025-11-13 15:00:00+00:00,0.0,18.23
2025-11-13 16:00:00+00:00,0.0,18.19
2025-11-13 17:00:00+00:00,0.0,18.18
2025-11-13 18:00:00+00:00,0.0,18.17
2025-11-13 19:00:00+00:00,0.0,18.16
2025-11-13 20:00:00+00:00,0.0,18.17
2025-11-13 21:00:00+00:00,0.0,18.19
2025-11-13 22:00:00+00:00,4.55,18.21
2025-11-13 23:00:00+00:00,90.35,18.63
2025-11-14 00:00:00+00:00,229.38,19.53
2025-11-14 01:00:00+00:00,373.62,20.9
2025-11-14 02:00:00+00:00,567.05,22.56
2025-11-14 03:00:00+00:00,668.8,23.69
2025-11-14 04:00:00+00:00,732.08,24.47
2025-11-14 05:00:00+00:00,653.3,25.06
2025-11-14 06:00:00+00:00,518.0,25.43
2025-11-14 07:00:00+00:00,320.67,25.52
2025-11-14 08:00:00+00:00,133.93,25.24
2025-11-14 09:00:00+00:00,11.45,24.09
2025-11-14 10:00:00+00:00,0.0,23.15
2025-11-14 11:00:00+00:00,0.0,22.76
2025-11-14 12:00:00+00:00,0.0,22.42
2025-11-14 13:00:00+00:00,0.0,22.11
2025-11-14 14:00:00+00:00,0.0,21.77
2025-11-14 15:00:00+00:00,0.0,21.47
2025-11-14 16:00:00+00:00,0.0,21.22
2025-11-14 17:00:00+00:00,0.0,21.0
2025-11-14 18:00:00+00:00,0.0,20.8
2025-11-14 19:00:00+00:00,0.0,20.59
2025-11-14 20:00:00+00:00,0.0,20.4
2025-11-14 21:00:00+00:00,0.0,20.24
2025-11-14 22:00:00+00:00,4.22,20.11
2025-11-14 23:00:00+00:00,89.35,20.64
2025-11-15 00:00:00+00:00,239.25,21.75
2025-11-15 01:00:00+00:00,386.5,22.88
2025-11-15 02:00:00+00:00,566.5,24.0
2025-11-15 03:00:00+00:00,674.9,24.9
2025-11-15 04:00:00+00:00,731.5,25.59
2025-11-15 05:00:00+00:00,590.25,26.04
2025-11-15 06:00:00+00:00,512.72,26.25
2025-11-15 07:00:00+00:00,324.65,26.23
2025-11-15 08:00:00+00:00,143.5,25.84
2025-11-15 09:00:00+00:00,13.07,24.41
2025-11-15 10:00:00+00:00,0.0,22.94
2025-11-15 11:00:00+00:00,0.0,22.25
2025-11-15 12:00:00+00:00,0.0,21.82
2025-11-15 13:00:00+00:00,0.0,21.57
2025-11-15 14:00:00+00:00,0.0,21.45
2025-11-15 15:00:00+00:00,0.0,21.34
2025-11-15 16:00:00+00:00,0.0,21.26
2025-11-15 17:00:00+00:00,0.0,21.13
2025-11-15 18:00:00+00:00,0.0,20.95
2025-11-15 19:00:00+00:00,0.0,20.69
2025-11-15 20:00:00+00:00,0.0,20.54
2025-11-15 21:00:00+00:00,0.0,20.39
2025-11-15 22:00:00+00:00,3.95,20.26
2025-11-15 23:00:00+00:00,99.57,20.92
2025-11-16 00:00:00+00:00,287.75,21.98
2025-11-16 01:00:00+00:00,516.33,23.01
2025-11-16 02:00:00+00:00,660.72,24.07
2025-11-16 03:00:00+00:00,724.03,24.89
2025-11-16 04:00:00+00:00,746.15,25.52
2025-11-16 05:00:00+00:00,685.5,25.95
2025-11-16 06:00:00+00:00,563.22,26.2
2025-11-16 07:00:00+00:00,362.62,26.18
2025-11-16 08:00:00+00:00,152.2,25.89
2025-11-16 09:00:00+00:00,12.1,24.83
2025-11-16 10:00:00+00:00,0.0,23.52
2025-11-16 11:00:00+00:00,0.0,22.8
2025-11-16 12:00:00+00:00,0.0,22.28
2025-11-16 13:00:00+00:00,0.0,21.91
2025-11-16 14:00:00+00:00,0.0,21.59
2025-11-16 15:00:00+00:00,0.0,21.32
2025-11-16 16:00:00+00:00,0.0,21.11
2025-11-16 17:00:00+00:00,0.0,20.92
2025-11-16 18:00:00+00:00,0.0,20.73
2025-11-16 19:00:00+00:00,0.0,20.51
2025-11-16 20:00:00+00:00,0.0,20.26
2025-11-16 21:00:00+00:00,0.0,19.99
2025-11-16 22:00:00+00:00,4.0,19.77
2025-11-16 23:00:00+00:00,113.03,20.52
2025-11-17 00:00:00+00:00,315.52,21.86
2025-11-17 01:00:00+00:00,512.9,23.5
2025-11-17 02:00:00+00:00,642.88,24.87
2025-11-17 03:00:00+00:00,709.45,25.76
2025-11-17 04:00:00+00:00,706.1,26.45
2025-11-17 05:00:00+00:00,661.17,26.92
2025-11-17 06:00:00+00:00,522.33,27.17
2025-11-17 07:00:00+00:00,343.58,27.1
2025-11-17 08:00:00+00:00,146.9,26.5
2025-11-17 09:00:00+00:00,11.73,25.25
2025-11-17 10:00:00+00:00,0.0,24.38
2025-11-17 11:00:00+00:00,0.0,23.91
2025-11-17 12:00:00+00:00,0.0,23.33
2025-11-17 13:00:00+00:00,0.0,22.62
2025-11-17 14:00:00+00:00,0.0,21.88
2025-11-17 15:00:00+00:00,0.0,21.18
2025-11-17 16:00:00+00:00,0.0,20.26
2025-11-17 17:00:00+00:00,0.0,19.06
2025-11-17 18:00:00+00:00,0.0,18.0
2025-11-17 19:00:00+00:00,0.0,17.28
2025-11-17 20:00:00+00:00,0.0,16.75
2025-11-17 21:00:00+00:00,0.0,16.35
2025-11-17 22:00:00+00:00,2.7,15.96
2025-11-17 23:00:00+00:00,60.7,15.83
2025-11-18 00:00:00+00:00,153.15,16.38
2025-11-18 01:00:00+00:00,257.83,17.57
2025-11-18 02:00:00+00:00,371.0,18.97
2025-11-18 03:00:00+00:00,448.8,19.9
2025-11-18 04:00:00+00:00,483.5,20.1
2025-11-18 05:00:00+00:00,381.38,19.93
2025-11-18 06:00:00+00:00,270.17,19.48
2025-11-18 07:00:00+00:00,171.35,18.76
2025-11-18 08:00:00+00:00,73.9,17.73
2025-11-18 09:00:00+00:00,6.78,16.56
2025-11-18 10:00:00+00:00,0.0,15.61
2025-11-18 11:00:00+00:00,0.0,15.09
2025-11-18 12:00:00+00:00,0.0,14.74
2025-11-18 13:00:00+00:00,0.0,14.39
2025-11-18 14:00:00+00:00,0.0,13.95
2025-11-18 15:00:00+00:00,0.0,13.52
2025-11-18 16:00:00+00:00,0.0,13.13
2025-11-18 17:00:00+00:00,0.0,12.84
2025-11-18 18:00:00+00:00,0.0,12.66
2025-11-18 19:00:00+00:00,0.0,12.53
2025-11-18 20:00:00+00:00,0.0,12.43
2025-11-18 21:00:00+00:00,0.0,12.35
2025-11-18 22:00:00+00:00,1.98,12.24
2025-11-18 23:00:00+00:00,68.2,12.21
2025-11-19 00:00:00+00:00,177.3,12.52
2025-11-19 01:00:00+00:00,287.42,13.26
2025-11-19 02:00:00+00:00,342.62,14.35
2025-11-19 03:00:00+00:00,377.4,15.42
2025-11-19 04:00:00+00:00,342.48,16.28
2025-11-19 05:00:00+00:00,261.62,17.05
2025-11-19 06:00:00+00:00,263.2,17.77
2025-11-19 07:00:00+00:00,178.18,18.08
2025-11-19 08:00:00+00:00,79.07,17.99
2025-11-19 09:00:00+00:00,6.85,17.14
2025-11-19 10:00:00+00:00,0.0,16.26
2025-11-19 11:00:00+00:00,0.0,15.87
2025-11-19 12:00:00+00:00,0.0,15.3
2025-11-19 13:00:00+00:00,0.0,14.81
2025-11-19 14:00:00+00:00,0.0,14.43
2025-11-19 15:00:00+00:00,0.0,14.23
2025-11-19 16:00:00+00:00,0.0,14.08
2025-11-19 17:00:00+00:00,0.0,13.86
2025-11-19 18:00:00+00:00,0.0,13.57
2025-11-19 19:00:00+00:00,0.0,13.24
2025-11-19 20:00:00+00:00,0.0,12.82
2025-11-19 21:00:00+00:00,0.0,12.49
2025-11-19 22:00:00+00:00,1.95,12.29
2025-11-19 23:00:00+00:00,58.5,12.72
2025-11-20 00:00:00+00:00,145.3,13.91
2025-11-20 01:00:00+00:00,227.62,15.33
2025-11-20 02:00:00+00:00,264.1,16.76
2025-11-20 03:00:00+00:00,290.5,17.74
2025-11-20 04:00:00+00:00,376.48,18.43
2025-11-20 05:00:00+00:00,343.9,19.07
2025-11-20 06:00:00+00:00,309.85,19.47
2025-11-20 07:00:00+00:00,208.1,19.61
2025-11-20 08:00:00+00:00,80.25,19.36
2025-11-20 09:00:00+00:00,9.82,18.2
2025-11-20 10:00:00+00:00,0.0,17.3
2025-11-20 11:00:00+00:00,0.0,17.04
2025-11-20 12:00:00+00:00,0.0,16.65
2025-11-20 13:00:00+00:00,0.0,16.17
2025-11-20 14:00:00+00:00,0.0,15.67
2025-11-20 15:00:00+00:00,0.0,15.29
2025-11-20 16:00:00+00:00,0.0,14.93
2025-11-20 17:00:00+00:00,0.0,14.53
2025-11-20 18:00:00+00:00,0.0,14.21
2025-11-20 19:00:00+00:00,0.0,13.95
2025-11-20 20:00:00+00:00,0.0,13.77
2025-11-20 21:00:00+00:00,0.0,13.59
2025-11-20 22:00:00+00:00,0.0,13.41
2025-11-20 23:00:00+00:00,92.62,14.08
2025-11-21 00:00:00+00:00,236.32,15.49
2025-11-21 01:00:00+00:00,405.17,17.07
2025-11-21 02:00:00+00:00,601.88,18.84
2025-11-21 03:00:00+00:00,693.0,20.18
2025-11-21 04:00:00+00:00,724.33,21.18
2025-11-21 05:00:00+00:00,619.55,21.92
2025-11-21 06:00:00+00:00,450.0,22.36
2025-11-21 07:00:00+00:00,292.23,22.45
2025-11-21 08:00:00+00:00,120.8,22.06
2025-11-21 09:00:00+00:00,10.1,20.56
2025-11-21 10:00:00+00:00,0.0,19.45
2025-11-21 11:00:00+00:00,0.0,19.02
2025-11-21 12:00:00+00:00,0.0,18.52
2025-11-21 13:00:00+00:00,0.0,18.0
2025-11-21 14:00:00+00:00,0.0,17.57
2025-11-21 15:00:00+00:00,0.0,17.21
2025-11-21 16:00:00+00:00,0.0,16.89
2025-11-21 17:00:00+00:00,0.0,16.57
2025-11-21 18:00:00+00:00,0.0,16.27
2025-11-21 19:00:00+00:00,0.0,16.04
2025-11-21 20:00:00+00:00,0.0,15.87
2025-11-21 21:00:00+00:00,0.0,15.68
2025-11-21 22:00:00+00:00,0.0,15.43
2025-11-21 23:00:00+00:00,93.35,15.83
2025-11-22 00:00:00+00:00,267.6,16.91
2025-11-22 01:00:00+00:00,452.02,18.53
2025-11-22 02:00:00+00:00,656.03,20.13
2025-11-22 03:00:00+00:00,732.97,21.07
2025-11-22 04:00:00+00:00,763.7,21.94
2025-11-22 05:00:00+00:00,705.53,22.69
2025-11-22 06:00:00+00:00,574.4,23.18
2025-11-22 07:00:00+00:00,391.8,23.41
2025-11-22 08:00:00+00:00,175.25,23.17
2025-11-22 09:00:00+00:00,13.23,21.74
2025-11-22 10:00:00+00:00,0.0,20.94
2025-11-22 11:00:00+00:00,0.0,20.55
2025-11-22 12:00:00+00:00,0.0,20.12
2025-11-22 13:00:00+00:00,0.0,19.69
2025-11-22 14:00:00+00:00,0.0,19.23
2025-11-22 15:00:00+00:00,0.0,18.82
2025-11-22 16:00:00+00:00,0.0,18.36
2025-11-22 17:00:00+00:00,0.0,17.9
2025-11-22 18:00:00+00:00,0.0,17.51
2025-11-22 19:00:00+00:00,0.0,17.28
2025-11-22 20:00:00+00:00,0.0,17.11
2025-11-22 21:00:00+00:00,0.0,16.97
2025-11-22 22:00:00+00:00,0.0,16.87
2025-11-22 23:00:00+00:00,78.07,17.59
2025-11-23 00:00:00+00:00,224.3,18.95
2025-11-23 01:00:00+00:00,412.5,20.42
2025-11-23 02:00:00+00:00,556.67,21.68
2025-11-23 03:00:00+00:00,658.9,22.74
2025-11-23 04:00:00+00:00,730.2,23.77
2025-11-23 05:00:00+00:00,658.4,24.49
2025-11-23 06:00:00+00:00,534.53,24.83
2025-11-23 07:00:00+00:00,360.2,24.97
2025-11-23 08:00:00+00:00,162.0,24.73
2025-11-23 09:00:00+00:00,13.27,23.48
2025-11-23 10:00:00+00:00,0.0,22.6
2025-11-23 11:00:00+00:00,0.0,22.12
2025-11-23 12:00:00+00:00,0.0,21.62
2025-11-23 13:00:00+00:00,0.0,20.99
2025-11-23 14:00:00+00:00,0.0,20.37
2025-11-23 15:00:00+00:00,0.0,19.85
2025-11-23 16:00:00+00:00,0.0,19.45
2025-11-23 17:00:00+00:00,0.0,19.09
2025-11-23 18:00:00+00:00,0.0,18.75
2025-11-23 19:00:00+00:00,0.0,18.44
2025-11-23 20:00:00+00:00,0.0,18.14
2025-11-23 21:00:00+00:00,0.0,17.9
2025-11-23 22:00:00+00:00,0.0,17.77
2025-11-23 23:00:00+00:00,86.12,18.21
2025-11-24 00:00:00+00:00,232.32,19.08
2025-11-24 01:00:00+00:00,394.08,20.6
2025-11-24 02:00:00+00:00,565.5,22.66
2025-11-24 03:00:00+00:00,663.6,23.71
2025-11-24 04:00:00+00:00,618.53,24.55
2025-11-24 05:00:00+00:00,614.53,25.15
2025-11-24 06:00:00+00:00,477.25,25.5
2025-11-24 07:00:00+00:00,279.42,25.48
2025-11-24 08:00:00+00:00,119.28,24.96
2025-11-24 09:00:00+00:00,9.52,23.56
2025-11-24 10:00:00+00:00,0.0,22.66
2025-11-24 11:00:00+00:00,0.0,22.15
2025-11-24 12:00:00+00:00,0.0,21.42
2025-11-24 13:00:00+00:00,0.0,20.65
2025-11-24 14:00:00+00:00,0.0,20.08
2025-11-24 15:00:00+00:00,0.0,19.6
2025-11-24 16:00:00+00:00,0.0,19.09
2025-11-24 17:00:00+00:00,0.0,18.52
2025-11-24 18:00:00+00:00,0.0,18.1
2025-11-24 19:00:00+00:00,0.0,17.76
2025-11-24 20:00:00+00:00,0.0,17.24
2025-11-24 21:00:00+00:00,0.0,16.52
2025-11-24 22:00:00+00:00,0.0,15.81
2025-11-24 23:00:00+00:00,97.3,15.83
2025-11-25 00:00:00+00:00,284.9,17.04
2025-11-25 01:00:00+00:00,476.8,18.81
2025-11-25 02:00:00+00:00,644.92,20.61
2025-11-25 03:00:00+00:00,711.6,21.94
2025-11-25 04:00:00+00:00,734.28,22.94
2025-11-25 05:00:00+00:00,669.05,23.67
2025-11-25 06:00:00+00:00,536.75,24.07
2025-11-25 07:00:00+00:00,359.9,24.04
2025-11-25 08:00:00+00:00,157.62,23.41
2025-11-25 09:00:00+00:00,12.48,21.33
2025-11-25 10:00:00+00:00,0.0,19.68
2025-11-25 11:00:00+00:00,0.0,18.73
2025-11-25 12:00:00+00:00,0.0,17.63
2025-11-25 13:00:00+00:00,0.0,16.74
2025-11-25 14:00:00+00:00,0.0,16.11
2025-11-25 15:00:00+00:00,0.0,15.62
2025-11-25 16:00:00+00:00,0.0,15.18
2025-11-25 17:00:00+00:00,0.0,14.78
2025-11-25 18:00:00+00:00,0.0,14.42
2025-11-25 19:00:00+00:00,0.0,14.08
2025-11-25 20:00:00+00:00,0.0,13.78
2025-11-25 21:00:00+00:00,0.0,13.49
2025-11-25 22:00:00+00:00,0.0,13.2
2025-11-25 23:00:00+00:00,75.55,13.67
2025-11-26 00:00:00+00:00,235.02,15.03
2025-11-26 01:00:00+00:00,413.55,17.5
2025-11-26 02:00:00+00:00,569.25,19.33
2025-11-26 03:00:00+00:00,655.85,20.5
2025-11-26 04:00:00+00:00,701.5,21.56
2025-11-26 05:00:00+00:00,637.75,22.28
2025-11-26 06:00:00+00:00,514.33,22.66
2025-11-26 07:00:00+00:00,340.12,22.72
2025-11-26 08:00:00+00:00,144.27,22.34
2025-11-26 09:00:00+00:00,11.57,20.89
2025-11-26 10:00:00+00:00,0.0,19.97
2025-11-26 11:00:00+00:00,0.0,19.23
2025-11-26 12:00:00+00:00,0.0,18.38
2025-11-26 13:00:00+00:00,0.0,17.42
2025-11-26 14:00:00+00:00,0.0,16.53
2025-11-26 15:00:00+00:00,0.0,15.77
2025-11-26 16:00:00+00:00,0.0,15.05
2025-11-26 17:00:00+00:00,0.0,14.45
2025-11-26 18:00:00+00:00,0.0,13.98
2025-11-26 19:00:00+00:00,0.0,13.59
2025-11-26 20:00:00+00:00,0.0,13.29
2025-11-26 21:00:00+00:00,0.0,12.96
2025-11-26 22:00:00+00:00,0.0,12.49
2025-11-26 23:00:00+00:00,76.93,12.75
2025-11-27 00:00:00+00:00,219.82,14.25
2025-11-27 01:00:00+00:00,377.85,16.73
2025-11-27 02:00:00+00:00,516.38,19.06
2025-11-27 03:00:00+00:00,613.15,20.72
2025-11-27 04:00:00+00:00,641.6,21.92
2025-11-27 05:00:00+00:00,581.22,22.67
2025-11-27 06:00:00+00:00,445.88,22.99
2025-11-27 07:00:00+00:00,283.17,22.89
2025-11-27 08:00:00+00:00,115.85,22.13
2025-11-27 09:00:00+00:00,10.9,20.02
2025-11-27 10:00:00+00:00,0.0,18.22
2025-11-27 11:00:00+00:00,0.0,17.16
2025-11-27 12:00:00+00:00,0.0,16.31
2025-11-27 13:00:00+00:00,0.0,15.67
2025-11-27 14:00:00+00:00,0.0,15.18
2025-11-27 15:00:00+00:00,0.0,14.72
2025-11-27 16:00:00+00:00,0.0,14.23
2025-11-27 17:00:00+00:00,0.0,13.74
2025-11-27 18:00:00+00:00,0.0,13.3
2025-11-27 19:00:00+00:00,0.0,12.88
2025-11-27 20:00:00+00:00,0.0,12.47
2025-11-27 21:00:00+00:00,0.0,12.07
2025-11-27 22:00:00+00:00,0.0,11.71
2025-11-27 23:00:00+00:00,82.5,12.13
2025-11-28 00:00:00+00:00,244.05,13.53
2025-11-28 01:00:00+00:00,408.92,15.81
2025-11-28 02:00:00+00:00,553.22,18.68
2025-11-28 03:00:00+00:00,614.3,20.25
2025-11-28 04:00:00+00:00,639.5,21.13
2025-11-28 05:00:00+00:00,601.22,21.81
2025-11-28 06:00:00+00:00,463.67,22.21
2025-11-28 07:00:00+00:00,293.65,22.3
2025-11-28 08:00:00+00:00,114.35,21.92
2025-11-28 09:00:00+00:00,9.98,20.44
2025-11-28 10:00:00+00:00,0.0,19.51
2025-11-28 11:00:00+00:00,0.0,18.82
2025-11-28 12:00:00+00:00,0.0,18.02
2025-11-28 13:00:00+00:00,0.0,17.19
2025-11-28 14:00:00+00:00,0.0,16.45
2025-11-28 15:00:00+00:00,0.0,15.9
2025-11-28 16:00:00+00:00,0.0,15.51
2025-11-28 17:00:00+00:00,0.0,15.19
2025-11-28 18:00:00+00:00,0.0,14.92
2025-11-28 19:00:00+00:00,0.0,14.66
2025-11-28 20:00:00+00:00,0.0,14.48
2025-11-28 21:00:00+00:00,0.0,14.28
2025-11-28 22:00:00+00:00,0.0,14.01
2025-11-28 23:00:00+00:00,76.85,14.64
2025-11-29 00:00:00+00:00,240.15,16.44
2025-11-29 01:00:00+00:00,407.58,18.15
2025-11-29 02:00:00+00:00,536.42,20.07
2025-11-29 03:00:00+00:00,610.1,21.19
2025-11-29 04:00:00+00:00,670.47,22.19
2025-11-29 05:00:00+00:00,592.53,23.16
2025-11-29 06:00:00+00:00,503.75,23.69
2025-11-29 07:00:00+00:00,325.9,23.78
2025-11-29 08:00:00+00:00,138.38,23.45
2025-11-29 09:00:00+00:00,11.95,22.28
2025-11-29 10:00:00+00:00,0.0,21.33
2025-11-29 11:00:00+00:00,0.0,20.61
2025-11-29 12:00:00+00:00,0.0,19.97
2025-11-29 13:00:00+00:00,0.0,19.49
2025-11-29 14:00:00+00:00,0.0,19.12
2025-11-29 15:00:00+00:00,0.0,18.87
2025-11-29 16:00:00+00:00,0.0,18.76
2025-11-29 17:00:00+00:00,0.0,18.71
2025-11-29 18:00:00+00:00,0.0,18.54
2025-11-29 19:00:00+00:00,0.0,18.31
2025-11-29 20:00:00+00:00,0.0,18.14
2025-11-29 21:00:00+00:00,0.0,18.04
2025-11-29 22:00:00+00:00,0.0,17.97
2025-11-29 23:00:00+00:00,48.45,18.46
2025-11-30 00:00:00+00:00,134.7,19.63
2025-11-30 01:00:00+00:00,225.95,21.01
2025-11-30 02:00:00+00:00,326.38,21.97
2025-11-30 03:00:00+00:00,423.67,22.53
2025-11-30 04:00:00+00:00,399.95,22.87
2025-11-30 05:00:00+00:00,303.8,23.09
2025-11-30 06:00:00+00:00,222.45,23.2
2025-11-30 07:00:00+00:00,147.8,23.08
2025-11-30 08:00:00+00:00,65.43,22.65
2025-11-30 09:00:00+00:00,6.85,21.72
2025-11-30 10:00:00+00:00,0.0,21.05
2025-11-30 11:00:00+00:00,0.0,20.73
2025-11-30 12:00:00+00:00,0.0,20.43
2025-11-30 13:00:00+00:00,0.0,20.13
2025-11-30 14:00:00+00:00,0.0,19.83
2025-11-30 15:00:00+00:00,0.0,19.55
2025-11-30 16:00:00+00:00,0.0,19.28
2025-11-30 17:00:00+00:00,0.0,19.05
2025-11-30 18:00:00+00:00,0.0,18.81
2025-11-30 19:00:00+00:00,0.0,18.57
2025-11-30 20:00:00+00:00,0.0,18.35
2025-11-30 21:00:00+00:00,0.0,18.16
2025-11-30 22:00:00+00:00,0.0,18.01
2025-11-30 23:00:00+00:00,63.85,18.35
2025-12-01 00:00:00+00:00,128.02,19.27
2025-12-01 01:00:00+00:00,235.02,20.87
2025-12-01 02:00:00+00:00,353.52,22.27
2025-12-01 03:00:00+00:00,430.08,23.51
2025-12-01 04:00:00+00:00,460.25,24.4
2025-12-01 05:00:00+00:00,414.85,25.02
2025-12-01 06:00:00+00:00,443.15,25.32
2025-12-01 07:00:00+00:00,262.8,25.26
2025-12-01 08:00:00+00:00,124.35,24.83
2025-12-01 09:00:00+00:00,11.57,23.57
2025-12-01 10:00:00+00:00,0.0,22.32
2025-12-01 11:00:00+00:00,0.0,21.64
2025-12-01 12:00:00+00:00,0.0,21.14
2025-12-01 13:00:00+00:00,0.0,20.84
2025-12-01 14:00:00+00:00,0.0,20.65
2025-12-01 15:00:00+00:00,0.0,20.5
2025-12-01 16:00:00+00:00,0.0,20.37
2025-12-01 17:00:00+00:00,0.0,20.32
2025-12-01 18:00:00+00:00,0.0,20.25
2025-12-01 19:00:00+00:00,0.0,20.15
2025-12-01 20:00:00+00:00,0.0,20.04
2025-12-01 21:00:00+00:00,0.0,19.94
2025-12-01 22:00:00+00:00,0.0,19.91
2025-12-01 23:00:00+00:00,70.82,20.32
2025-12-02 00:00:00+00:00,202.98,21.26
2025-12-02 01:00:00+00:00,365.25,22.34
2025-12-02 02:00:00+00:00,469.95,23.24
2025-12-02 03:00:00+00:00,561.0,23.79
2025-12-02 04:00:00+00:00,549.6,24.09
2025-12-02 05:00:00+00:00,469.4,24.16
2025-12-02 06:00:00+00:00,338.52,24.11
2025-12-02 07:00:00+00:00,215.9,23.92
2025-12-02 08:00:00+00:00,100.5,23.5
2025-12-02 09:00:00+00:00,8.23,22.84
2025-12-02 10:00:00+00:00,0.0,22.36
2025-12-02 11:00:00+00:00,0.0,21.92
2025-12-02 12:00:00+00:00,0.0,21.44
2025-12-02 13:00:00+00:00,0.0,21.08
2025-12-02 14:00:00+00:00,0.0,20.72
2025-12-02 15:00:00+00:00,0.0,20.16
2025-12-02 16:00:00+00:00,0.0,19.48
2025-12-02 17:00:00+00:00,0.0,18.79
2025-12-02 18:00:00+00:00,0.0,18.3
2025-12-02 19:00:00+00:00,0.0,18.01
2025-12-02 20:00:00+00:00,0.0,17.78
2025-12-02 21:00:00+00:00,0.0,17.56
2025-12-02 22:00:00+00:00,0.0,17.32
2025-12-02 23:00:00+00:00,40.45,17.5
2025-12-03 00:00:00+00:00,103.22,18.36
2025-12-03 01:00:00+00:00,168.75,19.41
2025-12-03 02:00:00+00:00,346.08,20.41
2025-12-03 03:00:00+00:00,418.1,21.08
2025-12-03 04:00:00+00:00,452.58,21.63
2025-12-03 05:00:00+00:00,365.83,22.16
2025-12-03 06:00:00+00:00,314.6,22.56
2025-12-03 07:00:00+00:00,186.85,22.69
2025-12-03 08:00:00+00:00,84.18,22.44
2025-12-03 09:00:00+00:00,8.32,21.04
2025-12-03 10:00:00+00:00,0.0,20.03
2025-12-03 11:00:00+00:00,0.0,19.52
2025-12-03 12:00:00+00:00,0.0,18.93
2025-12-03 13:00:00+00:00,0.0,18.32
2025-12-03 14:00:00+00:00,0.0,17.8
2025-12-03 15:00:00+00:00,0.0,17.48
2025-12-03 16:00:00+00:00,0.0,17.32
2025-12-03 17:00:00+00:00,0.0,17.25
2025-12-03 18:00:00+00:00,0.0,17.26
2025-12-03 19:00:00+00:00,0.0,17.21
2025-12-03 20:00:00+00:00,0.0,17.15
2025-12-03 21:00:00+00:00,0.0,17.11
2025-12-03 22:00:00+00:00,0.0,16.94
2025-12-03 23:00:00+00:00,35.88,17.12
2025-12-04 00:00:00+00:00,111.38,17.91
2025-12-04 01:00:00+00:00,237.07,18.87
2025-12-04 02:00:00+00:00,352.55,19.85
2025-12-04 03:00:00+00:00,470.2,20.64
2025-12-04 04:00:00+00:00,562.8,21.26
2025-12-04 05:00:00+00:00,513.78,21.68
2025-12-04 06:00:00+00:00,397.2,21.87
2025-12-04 07:00:00+00:00,265.55,21.81
2025-12-04 08:00:00+00:00,109.57,21.46
2025-12-04 09:00:00+00:00,10.12,20.55
2025-12-04 10:00:00+00:00,0.0,19.81
2025-12-04 11:00:00+00:00,0.0,19.49
2025-12-04 12:00:00+00:00,0.0,19.2
2025-12-04 13:00:00+00:00,0.0,18.85
2025-12-04 14:00:00+00:00,0.0,18.51
2025-12-04 15:00:00+00:00,0.0,18.27
2025-12-04 16:00:00+00:00,0.0,18.15
2025-12-04 17:00:00+00:00,0.0,18.02
2025-12-04 18:00:00+00:00,0.0,17.86
2025-12-04 19:00:00+00:00,0.0,17.63
2025-12-04 20:00:00+00:00,0.0,17.34
2025-12-04 21:00:00+00:00,0.0,16.99
2025-12-04 22:00:00+00:00,0.0,16.67
2025-12-04 23:00:00+00:00,64.0,17.02
2025-12-05 00:00:00+00:00,249.98,18.14
2025-12-05 01:00:00+00:00,416.45,19.24
2025-12-05 02:00:00+00:00,576.28,20.41
2025-12-05 03:00:00+00:00,659.55,21.41
2025-12-05 04:00:00+00:00,657.67,22.14
2025-12-05 05:00:00+00:00,596.47,22.68
2025-12-05 06:00:00+00:00,488.25,22.97
2025-12-05 07:00:00+00:00,319.6,22.94
2025-12-05 08:00:00+00:00,103.72,22.57
2025-12-05 09:00:00+00:00,9.2,21.28
2025-12-05 10:00:00+00:00,0.0,20.23
2025-12-05 11:00:00+00:00,0.0,19.51
2025-12-05 12:00:00+00:00,0.0,18.97
2025-12-05 13:00:00+00:00,0.0,18.42
2025-12-05 14:00:00+00:00,0.0,17.91
2025-12-05 15:00:00+00:00,0.0,17.56
2025-12-05 16:00:00+00:00,0.0,17.38
2025-12-05 17:00:00+00:00,0.0,17.21
2025-12-05 18:00:00+00:00,0.0,17.03
2025-12-05 19:00:00+00:00,0.0,16.8
2025-12-05 20:00:00+00:00,0.0,16.41
2025-12-05 21:00:00+00:00,0.0,16.06
2025-12-05 22:00:00+00:00,0.0,15.71
2025-12-05 23:00:00+00:00,62.1,16.05
2025-12-06 00:00:00+00:00,229.02,17.44
2025-12-06 01:00:00+00:00,407.75,19.07
2025-12-06 02:00:00+00:00,568.83,20.56
2025-12-06 03:00:00+00:00,660.42,21.56
2025-12-06 04:00:00+00:00,679.83,22.34
2025-12-06 05:00:00+00:00,609.17,22.84
2025-12-06 06:00:00+00:00,503.48,23.01
2025-12-06 07:00:00+00:00,341.58,22.92
2025-12-06 08:00:00+00:00,152.82,22.56
2025-12-06 09:00:00+00:00,11.4,21.57
2025-12-06 10:00:00+00:00,0.0,20.55
2025-12-06 11:00:00+00:00,0.0,19.69
2025-12-06 12:00:00+00:00,0.0,19.02
2025-12-06 13:00:00+00:00,0.0,18.47
2025-12-06 14:00:00+00:00,0.0,18.03
2025-12-06 15:00:00+00:00,0.0,17.78
2025-12-06 16:00:00+00:00,0.0,17.58
2025-12-06 17:00:00+00:00,0.0,17.36
2025-12-06 18:00:00+00:00,0.0,17.09
2025-12-06 19:00:00+00:00,0.0,16.81
2025-12-06 20:00:00+00:00,0.0,16.53
2025-12-06 21:00:00+00:00,0.0,16.28
2025-12-06 22:00:00+00:00,0.0,16.06
2025-12-06 23:00:00+00:00,55.7,16.62
2025-12-07 00:00:00+00:00,197.43,18.24
2025-12-07 01:00:00+00:00,344.02,19.92
2025-12-07 02:00:00+00:00,463.05,21.58
2025-12-07 03:00:00+00:00,493.1,22.69
2025-12-07 04:00:00+00:00,593.47,23.37
2025-12-07 05:00:00+00:00,445.85,23.76
2025-12-07 06:00:00+00:00,368.15,23.96
2025-12-07 07:00:00+00:00,193.4,24.0
2025-12-07 08:00:00+00:00,86.38,23.65
2025-12-07 09:00:00+00:00,8.05,22.14
2025-12-07 10:00:00+00:00,0.0,21.27
2025-12-07 11:00:00+00:00,0.0,20.78
2025-12-07 12:00:00+00:00,0.0,20.29
2025-12-07 13:00:00+00:00,0.0,19.81
2025-12-07 14:00:00+00:00,0.0,19.41
2025-12-07 15:00:00+00:00,0.0,19.04
2025-12-07 16:00:00+00:00,0.0,18.63
2025-12-07 17:00:00+00:00,0.0,18.12
2025-12-07 18:00:00+00:00,0.0,17.64
2025-12-07 19:00:00+00:00,0.0,17.18
2025-12-07 20:00:00+00:00,0.0,16.78
2025-12-07 21:00:00+00:00,0.0,16.48
2025-12-07 22:00:00+00:00,0.0,16.21
2025-12-07 23:00:00+00:00,70.88,16.64
2025-12-08 00:00:00+00:00,263.15,18.1
2025-12-08 01:00:00+00:00,449.67,20.13
2025-12-08 02:00:00+00:00,595.45,22.5
2025-12-08 03:00:00+00:00,685.05,23.9
2025-12-08 04:00:00+00:00,695.97,24.59
2025-12-08 05:00:00+00:00,658.85,24.99
2025-12-08 06:00:00+00:00,524.65,25.14
2025-12-08 07:00:00+00:00,358.1,25.01
2025-12-08 08:00:00+00:00,148.95,24.41
2025-12-08 09:00:00+00:00,12.85,22.45
2025-12-08 10:00:00+00:00,0.0,21.39
2025-12-08 11:00:00+00:00,0.0,20.68
2025-12-08 12:00:00+00:00,0.0,19.91
2025-12-08 13:00:00+00:00,0.0,19.21
2025-12-08 14:00:00+00:00,0.0,18.71
2025-12-08 15:00:00+00:00,0.0,18.33
2025-12-08 16:00:00+00:00,0.0,17.99
2025-12-08 17:00:00+00:00,0.0,17.61
2025-12-08 18:00:00+00:00,0.0,17.2
2025-12-08 19:00:00+00:00,0.0,16.76
2025-12-08 20:00:00+00:00,0.0,16.35
2025-12-08 21:00:00+00:00,0.0,15.97
2025-12-08 22:00:00+00:00,0.0,15.64
2025-12-08 23:00:00+00:00,73.9,16.19
2025-12-09 00:00:00+00:00,279.45,18.01
2025-12-09 01:00:00+00:00,473.52,19.65
2025-12-09 02:00:00+00:00,600.92,21.16
2025-12-09 03:00:00+00:00,689.12,22.41
2025-12-09 04:00:00+00:00,714.33,23.17
2025-12-09 05:00:00+00:00,669.0,23.63
2025-12-09 06:00:00+00:00,520.95,23.77
2025-12-09 07:00:00+00:00,357.98,23.64
2025-12-09 08:00:00+00:00,160.9,23.15
2025-12-09 09:00:00+00:00,14.0,21.46
2025-12-09 10:00:00+00:00,0.0,19.96
2025-12-09 11:00:00+00:00,0.0,19.15
2025-12-09 12:00:00+00:00,0.0,18.66
2025-12-09 13:00:00+00:00,0.0,18.39
2025-12-09 14:00:00+00:00,0.0,18.24
2025-12-09 15:00:00+00:00,0.0,18.23
2025-12-09 16:00:00+00:00,0.0,18.22
2025-12-09 17:00:00+00:00,0.0,18.19
2025-12-09 18:00:00+00:00,0.0,18.09
2025-12-09 19:00:00+00:00,0.0,17.95
2025-12-09 20:00:00+00:00,0.0,17.83
2025-12-09 21:00:00+00:00,0.0,17.67
2025-12-09 22:00:00+00:00,0.0,17.58
2025-12-09 23:00:00+00:00,37.3,17.97
2025-12-10 00:00:00+00:00,135.3,18.74
2025-12-10 01:00:00+00:00,217.1,19.72
2025-12-10 02:00:00+00:00,261.75,20.62
2025-12-10 03:00:00+00:00,256.05,21.26
2025-12-10 04:00:00+00:00,252.38,21.74
2025-12-10 05:00:00+00:00,182.12,22.11
2025-12-10 06:00:00+00:00,213.0,22.33
2025-12-10 07:00:00+00:00,147.23,22.37
2025-12-10 08:00:00+00:00,71.85,22.19
2025-12-10 09:00:00+00:00,7.78,21.55
2025-12-10 10:00:00+00:00,0.0,21.12
2025-12-10 11:00:00+00:00,0.0,20.85
2025-12-10 12:00:00+00:00,0.0,20.51
2025-12-10 13:00:00+00:00,0.0,20.05
2025-12-10 14:00:00+00:00,0.0,19.58
2025-12-10 15:00:00+00:00,0.0,19.29
2025-12-10 16:00:00+00:00,0.0,19.16
2025-12-10 17:00:00+00:00,0.0,19.04
2025-12-10 18:00:00+00:00,0.0,18.92
2025-12-10 19:00:00+00:00,0.0,18.81
2025-12-10 20:00:00+00:00,0.0,18.76
2025-12-10 21:00:00+00:00,0.0,18.63
2025-12-10 22:00:00+00:00,0.0,18.42
2025-12-10 23:00:00+00:00,39.42,18.82
2025-12-11 00:00:00+00:00,150.18,19.84
2025-12-11 01:00:00+00:00,268.2,21.41
2025-12-11 02:00:00+00:00,439.3,23.44
2025-12-11 03:00:00+00:00,588.38,24.5
2025-12-11 04:00:00+00:00,686.55,25.18
2025-12-11 05:00:00+00:00,606.95,25.65
2025-12-11 06:00:00+00:00,499.35,25.86
2025-12-11 07:00:00+00:00,313.3,25.8
2025-12-11 08:00:00+00:00,138.02,25.44
2025-12-11 09:00:00+00:00,12.2,24.31
2025-12-11 10:00:00+00:00,0.0,23.1
2025-12-11 11:00:00+00:00,0.0,22.33
2025-12-11 12:00:00+00:00,0.0,21.6
2025-12-11 13:00:00+00:00,0.0,20.78
2025-12-11 14:00:00+00:00,0.0,20.27
2025-12-11 15:00:00+00:00,0.0,20.01
2025-12-11 16:00:00+00:00,0.0,19.88
2025-12-11 17:00:00+00:00,0.0,19.7
2025-12-11 18:00:00+00:00,0.0,19.44
2025-12-11 19:00:00+00:00,0.0,19.2
2025-12-11 20:00:00+00:00,0.0,18.99
2025-12-11 21:00:00+00:00,0.0,18.8
2025-12-11 22:00:00+00:00,0.0,18.64
2025-12-11 23:00:00+00:00,44.0,18.87
2025-12-12 00:00:00+00:00,184.55,19.97
2025-12-12 01:00:00+00:00,353.58,21.18
2025-12-12 02:00:00+00:00,528.2,22.19
2025-12-12 03:00:00+00:00,585.65,22.97
2025-12-12 04:00:00+00:00,652.6,23.48
2025-12-12 05:00:00+00:00,594.08,23.77
2025-12-12 06:00:00+00:00,507.95,23.8
2025-12-12 07:00:00+00:00,315.3,23.56
2025-12-12 08:00:00+00:00,129.12,22.95
2025-12-12 09:00:00+00:00,10.98,21.65
2025-12-12 10:00:00+00:00,0.0,20.7
2025-12-12 11:00:00+00:00,0.0,20.39
2025-12-12 12:00:00+00:00,0.0,20.2
2025-12-12 13:00:00+00:00,0.0,20.08
2025-12-12 14:00:00+00:00,0.0,19.92
2025-12-12 15:00:00+00:00,0.0,19.74
2025-12-12 16:00:00+00:00,0.0,19.54
2025-12-12 17:00:00+00:00,0.0,19.33
2025-12-12 18:00:00+00:00,0.0,19.15
2025-12-12 19:00:00+00:00,0.0,18.97
2025-12-12 20:00:00+00:00,0.0,18.79
2025-12-12 21:00:00+00:00,0.0,18.69
2025-12-12 22:00:00+00:00,0.0,18.57
2025-12-12 23:00:00+00:00,35.62,18.78
2025-12-13 00:00:00+00:00,128.23,19.5
2025-12-13 01:00:00+00:00,230.38,20.5
2025-12-13 02:00:00+00:00,308.6,21.5
2025-12-13 03:00:00+00:00,280.85,22.02
2025-12-13 04:00:00+00:00,221.35,22.17
2025-12-13 05:00:00+00:00,225.52,22.0
2025-12-13 06:00:00+00:00,165.7,21.22
2025-12-13 07:00:00+00:00,116.72,19.76
2025-12-13 08:00:00+00:00,52.45,17.82
2025-12-13 09:00:00+00:00,5.65,16.21
2025-12-13 10:00:00+00:00,0.0,15.41
2025-12-13 11:00:00+00:00,0.0,15.03
2025-12-13 12:00:00+00:00,0.0,14.62
2025-12-13 13:00:00+00:00,0.0,14.22
2025-12-13 14:00:00+00:00,0.0,13.95
2025-12-13 15:00:00+00:00,0.0,13.75
2025-12-13 16:00:00+00:00,0.0,13.62
2025-12-13 17:00:00+00:00,0.0,13.53
2025-12-13 18:00:00+00:00,0.0,13.47
2025-12-13 19:00:00+00:00,0.0,13.43
2025-12-13 20:00:00+00:00,0.0,13.32
2025-12-13 21:00:00+00:00,0.0,13.12
2025-12-13 22:00:00+00:00,0.0,12.93
2025-12-13 23:00:00+00:00,36.65,12.97
2025-12-14 00:00:00+00:00,157.05,13.71
2025-12-14 01:00:00+00:00,283.02,14.97
2025-12-14 02:00:00+00:00,399.8,16.67
2025-12-14 03:00:00+00:00,491.75,18.24
2025-12-14 04:00:00+00:00,473.38,19.5
2025-12-14 05:00:00+00:00,372.9,20.35
2025-12-14 06:00:00+00:00,254.15,20.79
2025-12-14 07:00:00+00:00,164.23,20.82
2025-12-14 08:00:00+00:00,75.55,20.39
2025-12-14 09:00:00+00:00,9.15,18.58
2025-12-14 10:00:00+00:00,0.0,17.35
2025-12-14 11:00:00+00:00,0.0,16.54
2025-12-14 12:00:00+00:00,0.0,15.61
2025-12-14 13:00:00+00:00,0.0,14.74
2025-12-14 14:00:00+00:00,0.0,14.15
2025-12-14 15:00:00+00:00,0.0,13.77
2025-12-14 16:00:00+00:00,0.0,13.55
2025-12-14 17:00:00+00:00,0.0,13.34
2025-12-14 18:00:00+00:00,0.0,13.18
2025-12-14 19:00:00+00:00,0.0,13.11
2025-12-14 20:00:00+00:00,0.0,12.78
2025-12-14 21:00:00+00:00,0.0,12.58
2025-12-14 22:00:00+00:00,0.0,12.51
2025-12-14 23:00:00+00:00,46.75,12.84
2025-12-15 00:00:00+00:00,204.93,14.19
2025-12-15 01:00:00+00:00,383.35,16.07
2025-12-15 02:00:00+00:00,541.33,17.59
2025-12-15 03:00:00+00:00,617.9,18.61
2025-12-15 04:00:00+00:00,708.55,19.32
2025-12-15 05:00:00+00:00,642.7,19.78
2025-12-15 06:00:00+00:00,507.9,20.03
2025-12-15 07:00:00+00:00,356.33,19.99
2025-12-15 08:00:00+00:00,163.27,19.58
2025-12-15 09:00:00+00:00,15.43,18.2
2025-12-15 10:00:00+00:00,0.0,17.28
2025-12-15 11:00:00+00:00,0.0,17.01
2025-12-15 12:00:00+00:00,0.0,16.85
2025-12-15 13:00:00+00:00,0.0,16.79
2025-12-15 14:00:00+00:00,0.0,16.76
2025-12-15 15:00:00+00:00,0.0,16.71
2025-12-15 16:00:00+00:00,0.0,16.62
2025-12-15 17:00:00+00:00,0.0,16.47
2025-12-15 18:00:00+00:00,0.0,16.25
2025-12-15 19:00:00+00:00,0.0,16.02
2025-12-15 20:00:00+00:00,0.0,15.85
2025-12-15 21:00:00+00:00,0.0,15.75
2025-12-15 22:00:00+00:00,0.0,15.64
2025-12-15 23:00:00+00:00,47.42,16.15
2025-12-16 00:00:00+00:00,218.48,17.53
2025-12-16 01:00:00+00:00,407.12,19.18
2025-12-16 02:00:00+00:00,591.03,20.81
2025-12-16 03:00:00+00:00,673.95,22.03
2025-12-16 04:00:00+00:00,692.55,22.76
2025-12-16 05:00:00+00:00,645.33,23.25
2025-12-16 06:00:00+00:00,529.6,23.52
2025-12-16 07:00:00+00:00,360.1,23.45
2025-12-16 08:00:00+00:00,169.45,23.06
2025-12-16 09:00:00+00:00,15.77,21.97
2025-12-16 10:00:00+00:00,0.0,21.18
2025-12-16 11:00:00+00:00,0.0,20.7
2025-12-16 12:00:00+00:00,0.0,20.26
2025-12-16 13:00:00+00:00,0.0,19.88
2025-12-16 14:00:00+00:00,0.0,19.44
2025-12-16 15:00:00+00:00,0.0,19.05
2025-12-16 16:00:00+00:00,0.0,18.76
2025-12-16 17:00:00+00:00,0.0,18.43
2025-12-16 18:00:00+00:00,0.0,18.16
2025-12-16 19:00:00+00:00,0.0,17.96
2025-12-16 20:00:00+00:00,0.0,17.71
2025-12-16 21:00:00+00:00,0.0,17.54
2025-12-16 22:00:00+00:00,0.0,17.39
2025-12-16 23:00:00+00:00,60.2,17.71
2025-12-17 00:00:00+00:00,244.52,18.81
2025-12-17 01:00:00+00:00,427.23,20.65
2025-12-17 02:00:00+00:00,572.2,22.54
2025-12-17 03:00:00+00:00,664.42,23.89
2025-12-17 04:00:00+00:00,695.33,24.67
2025-12-17 05:00:00+00:00,661.17,25.07
2025-12-17 06:00:00+00:00,530.58,25.18
2025-12-17 07:00:00+00:00,364.15,25.0
2025-12-17 08:00:00+00:00,160.3,24.4
2025-12-17 09:00:00+00:00,15.43,22.51
2025-12-17 10:00:00+00:00,0.0,21.31
2025-12-17 11:00:00+00:00,0.0,20.77
2025-12-17 12:00:00+00:00,0.0,20.17
2025-12-17 13:00:00+00:00,0.0,19.52
2025-12-17 14:00:00+00:00,0.0,18.77
2025-12-17 15:00:00+00:00,0.0,18.1
2025-12-17 16:00:00+00:00,0.0,17.54
2025-12-17 17:00:00+00:00,0.0,17.04
2025-12-17 18:00:00+00:00,0.0,16.61
2025-12-17 19:00:00+00:00,0.0,16.22
2025-12-17 20:00:00+00:00,0.0,15.89
2025-12-17 21:00:00+00:00,0.0,15.61
2025-12-17 22:00:00+00:00,0.0,15.39
2025-12-17 23:00:00+00:00,47.35,15.85
2025-12-18 00:00:00+00:00,204.8,17.35
2025-12-18 01:00:00+00:00,365.98,19.58
2025-12-18 02:00:00+00:00,522.33,21.56
2025-12-18 03:00:00+00:00,578.2,22.61
2025-12-18 04:00:00+00:00,531.6,23.13
2025-12-18 05:00:00+00:00,424.73,23.35
2025-12-18 06:00:00+00:00,368.27,23.33
2025-12-18 07:00:00+00:00,238.15,22.97
2025-12-18 08:00:00+00:00,103.15,22.14
2025-12-18 09:00:00+00:00,11.25,20.64
2025-12-18 10:00:00+00:00,0.0,19.62
2025-12-18 11:00:00+00:00,0.0,19.13
2025-12-18 12:00:00+00:00,0.0,18.77
2025-12-18 13:00:00+00:00,0.0,18.52
2025-12-18 14:00:00+00:00,0.0,18.25
2025-12-18 15:00:00+00:00,0.0,18.11
2025-12-18 16:00:00+00:00,0.0,17.99
2025-12-18 17:00:00+00:00,0.0,17.88
2025-12-18 18:00:00+00:00,0.0,17.79
2025-12-18 19:00:00+00:00,0.0,17.73
2025-12-18 20:00:00+00:00,0.0,17.7
2025-12-18 21:00:00+00:00,0.0,17.69
2025-12-18 22:00:00+00:00,0.0,17.62
2025-12-18 23:00:00+00:00,27.48,17.89
2025-12-19 00:00:00+00:00,111.15,18.65
2025-12-19 01:00:00+00:00,209.4,19.87
2025-12-19 02:00:00+00:00,349.48,21.42
2025-12-19 03:00:00+00:00,448.17,22.61
2025-12-19 04:00:00+00:00,531.65,23.31
2025-12-19 05:00:00+00:00,486.9,23.72
2025-12-19 06:00:00+00:00,383.55,23.72
2025-12-19 07:00:00+00:00,254.62,23.36
2025-12-19 08:00:00+00:00,114.18,22.71
2025-12-19 09:00:00+00:00,11.12,21.62
2025-12-19 10:00:00+00:00,0.0,20.83
2025-12-19 11:00:00+00:00,0.0,20.41
2025-12-19 12:00:00+00:00,0.0,20.14
2025-12-19 13:00:00+00:00,0.0,19.93
2025-12-19 14:00:00+00:00,0.0,19.74
2025-12-19 15:00:00+00:00,0.0,19.61
2025-12-19 16:00:00+00:00,0.0,19.49
2025-12-19 17:00:00+00:00,0.0,19.39
2025-12-19 18:00:00+00:00,0.0,19.3
2025-12-19 19:00:00+00:00,0.0,19.21
2025-12-19 20:00:00+00:00,0.0,19.11
2025-12-19 21:00:00+00:00,0.0,19.01
2025-12-19 22:00:00+00:00,0.0,18.89
2025-12-19 23:00:00+00:00,38.65,19.3
2025-12-20 00:00:00+00:00,190.52,20.38
2025-12-20 01:00:00+00:00,356.73,21.78
2025-12-20 02:00:00+00:00,497.62,23.06
2025-12-20 03:00:00+00:00,591.35,23.97
2025-12-20 04:00:00+00:00,484.1,24.46
2025-12-20 05:00:00+00:00,373.02,24.77
2025-12-20 06:00:00+00:00,302.9,24.84
2025-12-20 07:00:00+00:00,234.38,24.63
2025-12-20 08:00:00+00:00,123.43,24.14
2025-12-20 09:00:00+00:00,16.42,22.98
2025-12-20 10:00:00+00:00,0.0,22.16
2025-12-20 11:00:00+00:00,0.0,21.78
2025-12-20 12:00:00+00:00,0.0,21.47
2025-12-20 13:00:00+00:00,0.0,21.21
2025-12-20 14:00:00+00:00,0.0,20.99
2025-12-20 15:00:00+00:00,0.0,20.86
2025-12-20 16:00:00+00:00,0.0,20.7
2025-12-20 17:00:00+00:00,0.0,20.42
2025-12-20 18:00:00+00:00,0.0,20.05
2025-12-20 19:00:00+00:00,0.0,19.57
2025-12-20 20:00:00+00:00,0.0,19.18
2025-12-20 21:00:00+00:00,0.0,18.91
2025-12-20 22:00:00+00:00,0.0,18.54
2025-12-20 23:00:00+00:00,49.72,18.4
2025-12-21 00:00:00+00:00,238.1,18.99
2025-12-21 01:00:00+00:00,407.83,20.43
2025-12-21 02:00:00+00:00,549.25,22.43
2025-12-21 03:00:00+00:00,631.97,24.2
2025-12-21 04:00:00+00:00,634.42,25.02
2025-12-21 05:00:00+00:00,546.05,25.23
2025-12-21 06:00:00+00:00,456.77,25.18
2025-12-21 07:00:00+00:00,293.65,24.88
2025-12-21 08:00:00+00:00,122.53,24.15
2025-12-21 09:00:00+00:00,12.4,22.29
2025-12-21 10:00:00+00:00,0.0,20.93
2025-12-21 11:00:00+00:00,0.0,20.21
2025-12-21 12:00:00+00:00,0.0,19.67
2025-12-21 13:00:00+00:00,0.0,19.16
2025-12-21 14:00:00+00:00,0.0,18.67
2025-12-21 15:00:00+00:00,0.0,18.23
2025-12-21 16:00:00+00:00,0.0,17.84
2025-12-21 17:00:00+00:00,0.0,17.46
2025-12-21 18:00:00+00:00,0.0,17.04
2025-12-21 19:00:00+00:00,0.0,16.63
2025-12-21 20:00:00+00:00,0.0,16.23
2025-12-21 21:00:00+00:00,0.0,15.97
2025-12-21 22:00:00+00:00,0.0,15.86
2025-12-21 23:00:00+00:00,35.83,16.25
2025-12-22 00:00:00+00:00,146.68,17.5
2025-12-22 01:00:00+00:00,253.65,18.98
2025-12-22 02:00:00+00:00,313.48,20.39
2025-12-22 03:00:00+00:00,463.9,21.64
2025-12-22 04:00:00+00:00,560.58,22.34
2025-12-22 05:00:00+00:00,520.05,22.78
2025-12-22 06:00:00+00:00,469.85,22.94
2025-12-22 07:00:00+00:00,279.8,22.75
2025-12-22 08:00:00+00:00,129.93,22.13
2025-12-22 09:00:00+00:00,14.88,20.43
2025-12-22 10:00:00+00:00,0.0,19.18
2025-12-22 11:00:00+00:00,0.0,18.85
2025-12-22 12:00:00+00:00,0.0,18.76
2025-12-22 13:00:00+00:00,0.0,18.67
2025-12-22 14:00:00+00:00,0.0,18.52
2025-12-22 15:00:00+00:00,0.0,18.36
2025-12-22 16:00:00+00:00,0.0,18.24
2025-12-22 17:00:00+00:00,0.0,18.09
2025-12-22 18:00:00+00:00,0.0,17.92
2025-12-22 19:00:00+00:00,0.0,17.72
2025-12-22 20:00:00+00:00,0.0,17.52
2025-12-22 21:00:00+00:00,0.0,17.29
2025-12-22 22:00:00+00:00,0.0,17.06
2025-12-22 23:00:00+00:00,29.98,17.27
2025-12-23 00:00:00+00:00,109.47,18.1
2025-12-23 01:00:00+00:00,193.95,19.1
2025-12-23 02:00:00+00:00,263.55,20.26
2025-12-23 03:00:00+00:00,274.58,21.21
2025-12-23 04:00:00+00:00,273.55,21.97
2025-12-23 05:00:00+00:00,224.1,22.33
2025-12-23 06:00:00+00:00,173.62,22.31
2025-12-23 07:00:00+00:00,137.48,22.0
2025-12-23 08:00:00+00:00,77.57,21.37
2025-12-23 09:00:00+00:00,13.02,20.29
2025-12-23 10:00:00+00:00,0.0,19.49
2025-12-23 11:00:00+00:00,0.0,19.11
2025-12-23 12:00:00+00:00,0.0,18.83
2025-12-23 13:00:00+00:00,0.0,18.66
2025-12-23 14:00:00+00:00,0.0,18.58
2025-12-23 15:00:00+00:00,0.0,18.58
2025-12-23 16:00:00+00:00,0.0,18.55
2025-12-23 17:00:00+00:00,0.0,18.47
2025-12-23 18:00:00+00:00,0.0,18.31
2025-12-23 19:00:00+00:00,0.0,18.12
2025-12-23 20:00:00+00:00,0.0,17.9
2025-12-23 21:00:00+00:00,0.0,17.72
2025-12-23 22:00:00+00:00,0.0,17.68
2025-12-23 23:00:00+00:00,42.97,18.11
2025-12-24 00:00:00+00:00,172.6,19.51
2025-12-24 01:00:00+00:00,304.62,21.11
2025-12-24 02:00:00+00:00,416.98,22.57
2025-12-24 03:00:00+00:00,419.62,23.64
2025-12-24 04:00:00+00:00,402.05,24.25
2025-12-24 05:00:00+00:00,365.52,24.47
2025-12-24 06:00:00+00:00,295.8,24.53
2025-12-24 07:00:00+00:00,229.55,24.37
2025-12-24 08:00:00+00:00,124.38,23.94
2025-12-24 09:00:00+00:00,18.2,22.72
2025-12-24 10:00:00+00:00,0.0,21.77
2025-12-24 11:00:00+00:00,0.0,21.34
2025-12-24 12:00:00+00:00,0.0,21.02
2025-12-24 13:00:00+00:00,0.0,20.86
2025-12-24 14:00:00+00:00,0.0,20.51
2025-12-24 15:00:00+00:00,0.0,19.75
2025-12-24 16:00:00+00:00,0.0,18.5
2025-12-24 17:00:00+00:00,0.0,16.97
2025-12-24 18:00:00+00:00,0.0,15.66
2025-12-24 19:00:00+00:00,0.0,14.84
2025-12-24 20:00:00+00:00,0.0,14.43
2025-12-24 21:00:00+00:00,0.0,13.98
2025-12-24 22:00:00+00:00,0.0,13.34
2025-12-24 23:00:00+00:00,15.02,12.84
2025-12-25 00:00:00+00:00,69.97,13.33
2025-12-25 01:00:00+00:00,135.57,14.6
2025-12-25 02:00:00+00:00,158.43,16.13
2025-12-25 03:00:00+00:00,333.33,17.26
2025-12-25 04:00:00+00:00,544.33,17.9
2025-12-25 05:00:00+00:00,457.05,18.35
2025-12-25 06:00:00+00:00,353.9,18.56
2025-12-25 07:00:00+00:00,216.68,18.39
2025-12-25 08:00:00+00:00,94.22,17.82
2025-12-25 09:00:00+00:00,6.43,16.96
2025-12-25 10:00:00+00:00,0.0,16.18
2025-12-25 11:00:00+00:00,0.0,15.44
2025-12-25 12:00:00+00:00,0.0,14.81
2025-12-25 13:00:00+00:00,0.0,14.33
2025-12-25 14:00:00+00:00,0.0,13.89
2025-12-25 15:00:00+00:00,0.0,13.55
2025-12-25 16:00:00+00:00,0.0,13.32
2025-12-25 17:00:00+00:00,0.0,13.12
2025-12-25 18:00:00+00:00,0.0,12.92
2025-12-25 19:00:00+00:00,0.0,12.63
2025-12-25 20:00:00+00:00,0.0,12.39
2025-12-25 21:00:00+00:00,0.0,12.19
2025-12-25 22:00:00+00:00,0.0,11.93
2025-12-25 23:00:00+00:00,8.8,11.95
2025-12-26 00:00:00+00:00,54.12,12.79
2025-12-26 01:00:00+00:00,100.6,14.06
2025-12-26 02:00:00+00:00,149.05,15.26
2025-12-26 03:00:00+00:00,207.15,15.91
2025-12-26 04:00:00+00:00,231.57,16.28
2025-12-26 05:00:00+00:00,171.12,16.53
2025-12-26 06:00:00+00:00,138.27,16.64
2025-12-26 07:00:00+00:00,90.7,16.58
2025-12-26 08:00:00+00:00,43.88,16.34
2025-12-26 09:00:00+00:00,4.2,15.93
2025-12-26 10:00:00+00:00,0.0,15.64
2025-12-26 11:00:00+00:00,0.0,15.46
2025-12-26 12:00:00+00:00,0.0,15.33
2025-12-26 13:00:00+00:00,0.0,15.13
2025-12-26 14:00:00+00:00,0.0,14.88
2025-12-26 15:00:00+00:00,0.0,14.67
2025-12-26 16:00:00+00:00,0.0,14.48
2025-12-26 17:00:00+00:00,0.0,14.29
2025-12-26 18:00:00+00:00,0.0,14.08
2025-12-26 19:00:00+00:00,0.0,13.82
2025-12-26 20:00:00+00:00,0.0,13.46
2025-12-26 21:00:00+00:00,0.0,12.86
2025-12-26 22:00:00+00:00,0.0,12.53
2025-12-26 23:00:00+00:00,34.67,12.75
2025-12-27 00:00:00+00:00,198.25,13.85
2025-12-27 01:00:00+00:00,394.52,15.13
2025-12-27 02:00:00+00:00,558.88,16.33
2025-12-27 03:00:00+00:00,663.95,17.48
2025-12-27 04:00:00+00:00,687.65,18.68
2025-12-27 05:00:00+00:00,631.97,19.69
2025-12-27 06:00:00+00:00,523.22,20.17
2025-12-27 07:00:00+00:00,362.9,20.32
2025-12-27 08:00:00+00:00,173.5,20.11
2025-12-27 09:00:00+00:00,21.17,18.79
2025-12-27 10:00:00+00:00,0.0,17.92
2025-12-27 11:00:00+00:00,0.0,17.44
2025-12-27 12:00:00+00:00,0.0,16.9
2025-12-27 13:00:00+00:00,0.0,16.35
2025-12-27 14:00:00+00:00,0.0,15.8
2025-12-27 15:00:00+00:00,0.0,15.32
2025-12-27 16:00:00+00:00,0.0,14.9
2025-12-27 17:00:00+00:00,0.0,14.54
2025-12-27 18:00:00+00:00,0.0,14.25
2025-12-27 19:00:00+00:00,0.0,13.98
2025-12-27 20:00:00+00:00,0.0,13.83
2025-12-27 21:00:00+00:00,0.0,13.69
2025-12-27 22:00:00+00:00,0.0,13.5
2025-12-27 23:00:00+00:00,35.55,13.9
2025-12-28 00:00:00+00:00,184.82,15.46
2025-12-28 01:00:00+00:00,369.3,17.57
2025-12-28 02:00:00+00:00,548.28,19.12
2025-12-28 03:00:00+00:00,627.33,19.96
2025-12-28 04:00:00+00:00,642.7,20.61
2025-12-28 05:00:00+00:00,583.6,21.09
2025-12-28 06:00:00+00:00,475.6,21.3
2025-12-28 07:00:00+00:00,325.35,21.3
2025-12-28 08:00:00+00:00,153.57,21.01
2025-12-28 09:00:00+00:00,20.38,19.79
2025-12-28 10:00:00+00:00,0.0,19.15
2025-12-28 11:00:00+00:00,0.0,18.73
2025-12-28 12:00:00+00:00,0.0,18.29
2025-12-28 13:00:00+00:00,0.0,17.74
2025-12-28 14:00:00+00:00,0.0,17.14
2025-12-28 15:00:00+00:00,0.0,16.61
2025-12-28 16:00:00+00:00,0.0,16.09
2025-12-28 17:00:00+00:00,0.0,15.58
2025-12-28 18:00:00+00:00,0.0,15.08
2025-12-28 19:00:00+00:00,0.0,14.62
2025-12-28 20:00:00+00:00,0.0,14.23
2025-12-28 21:00:00+00:00,0.0,13.9
2025-12-28 22:00:00+00:00,0.0,13.66
2025-12-28 23:00:00+00:00,41.65,14.22
2025-12-29 00:00:00+00:00,202.2,15.98
2025-12-29 01:00:00+00:00,386.55,18.29
2025-12-29 02:00:00+00:00,555.6,20.04
2025-12-29 03:00:00+00:00,648.55,20.95
2025-12-29 04:00:00+00:00,669.88,21.48
2025-12-29 05:00:00+00:00,610.38,21.88
2025-12-29 06:00:00+00:00,473.25,22.1
2025-12-29 07:00:00+00:00,326.27,22.03
2025-12-29 08:00:00+00:00,155.85,21.63
2025-12-29 09:00:00+00:00,21.12,20.38
2025-12-29 10:00:00+00:00,0.0,19.63
2025-12-29 11:00:00+00:00,0.0,19.35
2025-12-29 12:00:00+00:00,0.0,19.04
2025-12-29 13:00:00+00:00,0.0,18.59
2025-12-29 14:00:00+00:00,0.0,17.97
2025-12-29 15:00:00+00:00,0.0,17.3
2025-12-29 16:00:00+00:00,0.0,16.7
2025-12-29 17:00:00+00:00,0.0,16.1
2025-12-29 18:00:00+00:00,0.0,15.55
2025-12-29 19:00:00+00:00,0.0,15.07
2025-12-29 20:00:00+00:00,0.0,14.67
2025-12-29 21:00:00+00:00,0.0,14.36
2025-12-29 22:00:00+00:00,0.0,14.11
2025-12-29 23:00:00+00:00,39.28,14.68
2025-12-30 00:00:00+00:00,205.2,16.33
2025-12-30 01:00:00+00:00,400.55,18.57
2025-12-30 02:00:00+00:00,552.7,21.14
2025-12-30 03:00:00+00:00,659.12,21.99
2025-12-30 04:00:00+00:00,674.85,22.44
2025-12-30 05:00:00+00:00,610.25,22.75
2025-12-30 06:00:00+00:00,479.45,22.81
2025-12-30 07:00:00+00:00,346.12,22.64
2025-12-30 08:00:00+00:00,174.1,22.2
2025-12-30 09:00:00+00:00,22.7,21.15
2025-12-30 10:00:00+00:00,0.0,20.21
2025-12-30 11:00:00+00:00,0.0,19.62
2025-12-30 12:00:00+00:00,0.0,19.07
2025-12-30 13:00:00+00:00,0.0,18.48
2025-12-30 14:00:00+00:00,0.0,18.01
2025-12-30 15:00:00+00:00,0.0,17.66
2025-12-30 16:00:00+00:00,0.0,17.34
2025-12-30 17:00:00+00:00,0.0,16.91
2025-12-30 18:00:00+00:00,0.0,16.37
2025-12-30 19:00:00+00:00,0.0,15.87
2025-12-30 20:00:00+00:00,0.0,15.53
2025-12-30 21:00:00+00:00,0.0,15.3
2025-12-30 22:00:00+00:00,0.0,15.29
2025-12-30 23:00:00+00:00,28.9,16.03
2025-12-31 00:00:00+00:00,144.3,17.52
2025-12-31 01:00:00+00:00,300.1,18.72
2025-12-31 02:00:00+00:00,430.52,19.76
2025-12-31 03:00:00+00:00,561.38,20.6
2025-12-31 04:00:00+00:00,596.5,21.18
2025-12-31 05:00:00+00:00,465.12,21.54
2025-12-31 06:00:00+00:00,322.65,21.82
2025-12-31 07:00:00+00:00,220.77,21.75
2025-12-31 08:00:00+00:00,113.1,21.34
2025-12-31 09:00:00+00:00,14.93,20.01
2025-12-31 10:00:00+00:00,0.0,19.08
2025-12-31 11:00:00+00:00,0.0,18.58
2025-12-31 12:00:00+00:00,0.0,18.08
2025-12-31 13:00:00+00:00,0.0,17.58
2025-12-31 14:00:00+00:00,0.0,16.94
2025-12-31 15:00:00+00:00,0.0,16.48
2025-12-31 16:00:00+00:00,0.0,16.13
2025-12-31 17:00:00+00:00,0.0,15.79
2025-12-31 18:00:00+00:00,0.0,15.49
2025-12-31 19:00:00+00:00,0.0,15.21
2025-12-31 20:00:00+00:00,0.0,14.94
2025-12-31 21:00:00+00:00,0.0,14.78
2025-12-31 22:00:00+00:00,0.0,14.71
2025-12-31 23:00:00+00:00,32.35,15.41
