timestamp,ghi_wm2,temp_c
2024-01-01 00:00:00+00:00,159.88,18.82
2024-01-01 01:00:00+00:00,317.83,19.48
2024-01-01 02:00:00+00:00,456.0,20.09
2024-01-01 03:00:00+00:00,593.35,20.51
2024-01-01 04:00:00+00:00,644.75,20.82
2024-01-01 05:00:00+00:00,589.35,21.07
2024-01-01 06:00:00+00:00,483.0,21.23
2024-01-01 07:00:00+00:00,331.5,21.26
2024-01-01 08:00:00+00:00,155.45,21.04
2024-01-01 09:00:00+00:00,20.9,20.21
2024-01-01 10:00:00+00:00,0.0,19.44
2024-01-01 11:00:00+00:00,0.0,19.11
2024-01-01 12:00:00+00:00,0.0,18.79
2024-01-01 13:00:00+00:00,0.0,18.5
2024-01-01 14:00:00+00:00,0.0,18.19
2024-01-01 15:00:00+00:00,0.0,17.9
2024-01-01 16:00:00+00:00,0.0,17.69
2024-01-01 17:00:00+00:00,0.0,17.49
2024-01-01 18:00:00+00:00,0.0,17.26
2024-01-01 19:00:00+00:00,0.0,17.03
2024-01-01 20:00:00+00:00,0.0,16.79
2024-01-01 21:00:00+00:00,0.0,16.62
2024-01-01 22:00:00+00:00,0.0,16.56
2024-01-01 23:00:00+00:00,23.35,16.93
2024-01-02 00:00:00+00:00,130.38,17.99
2024-01-02 01:00:00+00:00,282.35,19.0
2024-01-02 02:00:00+00:00,431.8,19.96
2024-01-02 03:00:00+00:00,541.53,20.52
2024-01-02 04:00:00+00:00,616.15,20.84
2024-01-02 05:00:00+00:00,470.6,20.99
2024-01-02 06:00:00+00:00,410.3,20.91
2024-01-02 07:00:00+00:00,289.52,20.64
2024-01-02 08:00:00+00:00,151.98,20.2
2024-01-02 09:00:00+00:00,24.35,19.47
2024-01-02 10:00:00+00:00,0.0,18.91
2024-01-02 11:00:00+00:00,0.0,18.76
2024-01-02 12:00:00+00:00,0.0,18.68
2024-01-02 13:00:00+00:00,0.0,18.85
2024-01-02 14:00:00+00:00,0.0,18.71
2024-01-02 15:00:00+00:00,0.0,18.29
2024-01-02 16:00:00+00:00,0.0,17.29
2024-01-02 17:00:00+00:00,0.0,15.86
2024-01-02 18:00:00+00:00,0.0,15.99
2024-01-02 19:00:00+00:00,0.0,16.58
2024-01-02 20:00:00+00:00,0.0,16.55
2024-01-02 21:00:00+00:00,0.0,15.9
2024-01-02 22:00:00+00:00,0.0,15.19
2024-01-02 23:00:00+00:00,25.27,14.96
2024-01-03 00:00:00+00:00,166.95,15.31
2024-01-03 01:00:00+00:00,342.27,16.08
2024-01-03 02:00:00+00:00,520.1,17.42
2024-01-03 03:00:00+00:00,661.5,18.56
2024-01-03 04:00:00+00:00,706.97,19.5
2024-01-03 05:00:00+00:00,672.55,20.3
2024-01-03 06:00:00+00:00,520.05,20.76
2024-01-03 07:00:00+00:00,370.88,20.85
2024-01-03 08:00:00+00:00,188.65,20.62
2024-01-03 09:00:00+00:00,24.6,19.49
2024-01-03 10:00:00+00:00,0.0,18.07
2024-01-03 11:00:00+00:00,0.0,16.94
2024-01-03 12:00:00+00:00,0.0,15.95
2024-01-03 13:00:00+00:00,0.0,15.03
2024-01-03 14:00:00+00:00,0.0,14.36
2024-01-03 15:00:00+00:00,0.0,13.94
2024-01-03 16:00:00+00:00,0.0,13.55
2024-01-03 17:00:00+00:00,0.0,13.2
2024-01-03 18:00:00+00:00,0.0,12.97
2024-01-03 19:00:00+00:00,0.0,12.79
2024-01-03 20:00:00+00:00,0.0,12.78
2024-01-03 21:00:00+00:00,0.0,12.9
2024-01-03 22:00:00+00:00,0.0,13.02
2024-01-03 23:00:00+00:00,30.58,13.17
2024-01-04 00:00:00+00:00,161.68,14.06
2024-01-04 01:00:00+00:00,329.45,15.7
2024-01-04 02:00:00+00:00,476.42,16.89
2024-01-04 03:00:00+00:00,585.38,17.75
2024-01-04 04:00:00+00:00,699.5,18.47
2024-01-04 05:00:00+00:00,625.17,19.01
2024-01-04 06:00:00+00:00,533.42,19.27
2024-01-04 07:00:00+00:00,371.77,19.29
2024-01-04 08:00:00+00:00,186.3,19.05
2024-01-04 09:00:00+00:00,28.17,18.21
2024-01-04 10:00:00+00:00,0.0,17.37
2024-01-04 11:00:00+00:00,0.0,16.93
2024-01-04 12:00:00+00:00,0.0,16.67
2024-01-04 13:00:00+00:00,0.0,16.5
2024-01-04 14:00:00+00:00,0.0,16.4
2024-01-04 15:00:00+00:00,0.0,16.4
2024-01-04 16:00:00+00:00,0.0,16.41
2024-01-04 17:00:00+00:00,0.0,16.38
2024-01-04 18:00:00+00:00,0.0,16.27
2024-01-04 19:00:00+00:00,0.0,16.25
2024-01-04 20:00:00+00:00,0.0,16.17
2024-01-04 21:00:00+00:00,0.0,16.13
2024-01-04 22:00:00+00:00,0.0,16.12
2024-01-04 23:00:00+00:00,33.9,16.44
2024-01-05 00:00:00+00:00,190.0,17.36
2024-01-05 01:00:00+00:00,372.98,18.33
2024-01-05 02:00:00+00:00,562.92,19.49
2024-01-05 03:00:00+00:00,680.62,20.34
2024-01-05 04:00:00+00:00,704.2,21.0
2024-01-05 05:00:00+00:00,658.67,21.61
2024-01-05 06:00:00+00:00,548.3,21.82
2024-01-05 07:00:00+00:00,381.62,21.68
2024-01-05 08:00:00+00:00,196.18,21.24
2024-01-05 09:00:00+00:00,30.55,20.2
2024-01-05 10:00:00+00:00,0.0,19.35
2024-01-05 11:00:00+00:00,0.0,19.01
2024-01-05 12:00:00+00:00,0.0,18.72
2024-01-05 13:00:00+00:00,0.0,18.51
2024-01-05 14:00:00+00:00,0.0,18.47
2024-01-05 15:00:00+00:00,0.0,18.52
2024-01-05 16:00:00+00:00,0.0,18.47
2024-01-05 17:00:00+00:00,0.0,18.17
2024-01-05 18:00:00+00:00,0.0,17.63
2024-01-05 19:00:00+00:00,0.0,17.02
2024-01-05 20:00:00+00:00,0.0,16.57
2024-01-05 21:00:00+00:00,0.0,16.23
2024-01-05 22:00:00+00:00,0.0,15.97
2024-01-05 23:00:00+00:00,36.85,16.11
2024-01-06 00:00:00+00:00,206.07,17.14
2024-01-06 01:00:00+00:00,410.55,18.99
2024-01-06 02:00:00+00:00,561.38,20.82
2024-01-06 03:00:00+00:00,677.95,21.75
2024-01-06 04:00:00+00:00,693.17,22.59
2024-01-06 05:00:00+00:00,634.38,23.33
2024-01-06 06:00:00+00:00,549.95,23.8
2024-01-06 07:00:00+00:00,384.35,23.93
2024-01-06 08:00:00+00:00,197.55,23.71
2024-01-06 09:00:00+00:00,30.4,23.06
2024-01-06 10:00:00+00:00,0.0,22.44
2024-01-06 11:00:00+00:00,0.0,21.61
2024-01-06 12:00:00+00:00,0.0,20.64
2024-01-06 13:00:00+00:00,0.0,19.88
2024-01-06 14:00:00+00:00,0.0,19.36
2024-01-06 15:00:00+00:00,0.0,18.98
2024-01-06 16:00:00+00:00,0.0,18.65
2024-01-06 17:00:00+00:00,0.0,18.29
2024-01-06 18:00:00+00:00,0.0,17.78
2024-01-06 19:00:00+00:00,0.0,17.23
2024-01-06 20:00:00+00:00,0.0,16.61
2024-01-06 21:00:00+00:00,0.0,16.13
2024-01-06 22:00:00+00:00,0.0,15.84
2024-01-06 23:00:00+00:00,33.45,16.1
2024-01-07 00:00:00+00:00,192.05,17.27
2024-01-07 01:00:00+00:00,376.3,19.32
2024-01-07 02:00:00+00:00,532.38,20.94
2024-01-07 03:00:00+00:00,602.83,21.63
2024-01-07 04:00:00+00:00,611.75,22.05
2024-01-07 05:00:00+00:00,509.27,22.3
2024-01-07 06:00:00+00:00,471.35,22.32
2024-01-07 07:00:00+00:00,323.6,22.1
2024-01-07 08:00:00+00:00,157.38,21.57
2024-01-07 09:00:00+00:00,24.17,20.46
2024-01-07 10:00:00+00:00,0.0,19.48
2024-01-07 11:00:00+00:00,0.0,19.08
2024-01-07 12:00:00+00:00,0.0,18.77
2024-01-07 13:00:00+00:00,0.0,18.52
2024-01-07 14:00:00+00:00,0.0,18.26
2024-01-07 15:00:00+00:00,0.0,18.03
2024-01-07 16:00:00+00:00,0.0,17.86
2024-01-07 17:00:00+00:00,0.0,17.69
2024-01-07 18:00:00+00:00,0.0,17.68
2024-01-07 19:00:00+00:00,0.0,17.55
2024-01-07 20:00:00+00:00,0.0,17.44
2024-01-07 21:00:00+00:00,0.0,17.3
2024-01-07 22:00:00+00:00,0.0,17.13
2024-01-07 23:00:00+00:00,26.88,17.25
2024-01-08 00:00:00+00:00,155.4,17.96
2024-01-08 01:00:00+00:00,325.4,19.05
2024-01-08 02:00:00+00:00,463.12,20.22
2024-01-08 03:00:00+00:00,550.72,20.88
2024-01-08 04:00:00+00:00,642.0,21.21
2024-01-08 05:00:00+00:00,485.08,21.43
2024-01-08 06:00:00+00:00,419.35,21.51
2024-01-08 07:00:00+00:00,292.0,21.38
2024-01-08 08:00:00+00:00,149.4,21.06
2024-01-08 09:00:00+00:00,23.25,20.33
2024-01-08 10:00:00+00:00,0.0,19.61
2024-01-08 11:00:00+00:00,0.0,19.27
2024-01-08 12:00:00+00:00,0.0,18.9
2024-01-08 13:00:00+00:00,0.0,18.56
2024-01-08 14:00:00+00:00,0.0,18.28
2024-01-08 15:00:00+00:00,0.0,18.11
2024-01-08 16:00:00+00:00,0.0,18.03
2024-01-08 17:00:00+00:00,0.0,18.01
2024-01-08 18:00:00+00:00,0.0,18.07
2024-01-08 19:00:00+00:00,0.0,18.13
2024-01-08 20:00:00+00:00,0.0,17.99
2024-01-08 21:00:00+00:00,0.0,17.63
2024-01-08 22:00:00+00:00,0.0,17.23
2024-01-08 23:00:00+00:00,30.23,17.41
2024-01-09 00:00:00+00:00,166.3,18.68
2024-01-09 01:00:00+00:00,339.98,20.18
2024-01-09 02:00:00+00:00,487.42,21.42
2024-01-09 03:00:00+00:00,609.45,22.62
2024-01-09 04:00:00+00:00,633.9,23.42
2024-01-09 05:00:00+00:00,584.15,23.91
2024-01-09 06:00:00+00:00,505.12,23.91
2024-01-09 07:00:00+00:00,337.17,22.94
2024-01-09 08:00:00+00:00,173.02,21.61
2024-01-09 09:00:00+00:00,29.23,20.65
2024-01-09 10:00:00+00:00,0.0,20.09
2024-01-09 11:00:00+00:00,0.0,19.82
2024-01-09 12:00:00+00:00,0.0,19.6
2024-01-09 13:00:00+00:00,0.0,19.35
2024-01-09 14:00:00+00:00,0.0,18.91
2024-01-09 15:00:00+00:00,0.0,18.54
2024-01-09 16:00:00+00:00,0.0,18.27
2024-01-09 17:00:00+00:00,0.0,18.14
2024-01-09 18:00:00+00:00,0.0,17.89
2024-01-09 19:00:00+00:00,0.0,17.61
2024-01-09 20:00:00+00:00,0.0,17.43
2024-01-09 21:00:00+00:00,0.0,17.19
2024-01-09 22:00:00+00:00,0.0,16.82
2024-01-09 23:00:00+00:00,33.25,16.68
2024-01-10 00:00:00+00:00,192.77,17.38
2024-01-10 01:00:00+00:00,378.7,18.55
2024-01-10 02:00:00+00:00,535.08,19.94
2024-01-10 03:00:00+00:00,644.17,21.1
2024-01-10 04:00:00+00:00,719.25,21.95
2024-01-10 05:00:00+00:00,679.15,22.44
2024-01-10 06:00:00+00:00,535.1,22.73
2024-01-10 07:00:00+00:00,383.17,22.8
2024-01-10 08:00:00+00:00,198.27,22.54
2024-01-10 09:00:00+00:00,29.88,21.3
2024-01-10 10:00:00+00:00,0.0,20.36
2024-01-10 11:00:00+00:00,0.0,19.85
2024-01-10 12:00:00+00:00,0.0,19.29
2024-01-10 13:00:00+00:00,0.0,18.44
2024-01-10 14:00:00+00:00,0.0,17.63
2024-01-10 15:00:00+00:00,0.0,17.03
2024-01-10 16:00:00+00:00,0.0,16.68
2024-01-10 17:00:00+00:00,0.0,16.29
2024-01-10 18:00:00+00:00,0.0,16.05
2024-01-10 19:00:00+00:00,0.0,15.95
2024-01-10 20:00:00+00:00,0.0,15.81
2024-01-10 21:00:00+00:00,0.0,15.82
2024-01-10 22:00:00+00:00,0.0,15.97
2024-01-10 23:00:00+00:00,27.67,16.59
2024-01-11 00:00:00+00:00,162.68,17.76
2024-01-11 01:00:00+00:00,324.88,18.97
2024-01-11 02:00:00+00:00,502.58,19.89
2024-01-11 03:00:00+00:00,595.17,20.59
2024-01-11 04:00:00+00:00,526.28,21.09
2024-01-11 05:00:00+00:00,564.28,21.35
2024-01-11 06:00:00+00:00,443.38,21.35
2024-01-11 07:00:00+00:00,300.77,21.24
2024-01-11 08:00:00+00:00,144.85,20.96
2024-01-11 09:00:00+00:00,24.83,20.21
2024-01-11 10:00:00+00:00,0.0,19.25
2024-01-11 11:00:00+00:00,0.0,18.73
2024-01-11 12:00:00+00:00,0.0,18.49
2024-01-11 13:00:00+00:00,0.0,18.56
2024-01-11 14:00:00+00:00,0.0,18.47
2024-01-11 15:00:00+00:00,0.0,18.02
2024-01-11 16:00:00+00:00,0.0,17.69
2024-01-11 17:00:00+00:00,0.0,17.37
2024-01-11 18:00:00+00:00,0.0,17.08
2024-01-11 19:00:00+00:00,0.0,16.88
2024-01-11 20:00:00+00:00,0.0,16.75
2024-01-11 21:00:00+00:00,0.0,16.7
2024-01-11 22:00:00+00:00,0.0,16.61
2024-01-11 23:00:00+00:00,28.3,16.9
2024-01-12 00:00:00+00:00,177.32,17.82
2024-01-12 01:00:00+00:00,361.85,18.93
2024-01-12 02:00:00+00:00,520.35,20.15
2024-01-12 03:00:00+00:00,645.15,21.01
2024-01-12 04:00:00+00:00,652.95,21.34
2024-01-12 05:00:00+00:00,598.95,21.55
2024-01-12 06:00:00+00:00,473.35,21.94
2024-01-12 07:00:00+00:00,344.5,22.06
2024-01-12 08:00:00+00:00,181.52,21.63
2024-01-12 09:00:00+00:00,34.88,20.59
2024-01-12 10:00:00+00:00,0.0,19.77
2024-01-12 11:00:00+00:00,0.0,19.24
2024-01-12 12:00:00+00:00,0.0,18.78
2024-01-12 13:00:00+00:00,0.0,18.51
2024-01-12 14:00:00+00:00,0.0,18.38
2024-01-12 15:00:00+00:00,0.0,18.43
2024-01-12 16:00:00+00:00,0.0,18.41
2024-01-12 17:00:00+00:00,0.0,18.18
2024-01-12 18:00:00+00:00,0.0,17.83
2024-01-12 19:00:00+00:00,0.0,17.52
2024-01-12 20:00:00+00:00,0.0,17.23
2024-01-12 21:00:00+00:00,0.0,17.0
2024-01-12 22:00:00+00:00,0.0,16.83
2024-01-12 23:00:00+00:00,25.45,17.14
2024-01-13 00:00:00+00:00,136.2,18.21
2024-01-13 01:00:00+00:00,265.3,19.53
2024-01-13 02:00:00+00:00,424.08,21.06
2024-01-13 03:00:00+00:00,576.3,21.82
2024-01-13 04:00:00+00:00,665.03,22.23
2024-01-13 05:00:00+00:00,529.35,22.44
2024-01-13 06:00:00+00:00,472.05,22.48
2024-01-13 07:00:00+00:00,334.6,22.32
2024-01-13 08:00:00+00:00,172.1,21.88
2024-01-13 09:00:00+00:00,32.88,21.01
2024-01-13 10:00:00+00:00,0.0,20.31
2024-01-13 11:00:00+00:00,0.0,19.83
2024-01-13 12:00:00+00:00,0.0,19.33
2024-01-13 13:00:00+00:00,0.0,19.02
2024-01-13 14:00:00+00:00,0.0,18.77
2024-01-13 15:00:00+00:00,0.0,18.52
2024-01-13 16:00:00+00:00,0.0,18.21
2024-01-13 17:00:00+00:00,0.0,17.97
2024-01-13 18:00:00+00:00,0.0,17.85
2024-01-13 19:00:00+00:00,0.0,17.7
2024-01-13 20:00:00+00:00,0.0,17.59
2024-01-13 21:00:00+00:00,0.0,17.48
2024-01-13 22:00:00+00:00,0.0,17.29
2024-01-13 23:00:00+00:00,29.05,17.59
2024-01-14 00:00:00+00:00,157.32,18.67
2024-01-14 01:00:00+00:00,305.27,20.04
2024-01-14 02:00:00+00:00,424.23,21.19
2024-01-14 03:00:00+00:00,614.75,21.7
2024-01-14 04:00:00+00:00,693.35,22.15
2024-01-14 05:00:00+00:00,612.12,22.59
2024-01-14 06:00:00+00:00,509.55,22.86
2024-01-14 07:00:00+00:00,377.27,22.82
2024-01-14 08:00:00+00:00,208.2,22.43
2024-01-14 09:00:00+00:00,42.15,21.31
2024-01-14 10:00:00+00:00,0.0,20.23
2024-01-14 11:00:00+00:00,0.0,19.78
2024-01-14 12:00:00+00:00,0.0,19.45
2024-01-14 13:00:00+00:00,0.0,19.2
2024-01-14 14:00:00+00:00,0.0,19.09
2024-01-14 15:00:00+00:00,0.0,19.16
2024-01-14 16:00:00+00:00,0.0,19.12
2024-01-14 17:00:00+00:00,0.0,18.81
2024-01-14 18:00:00+00:00,0.0,18.25
2024-01-14 19:00:00+00:00,0.0,17.68
2024-01-14 20:00:00+00:00,0.0,17.23
2024-01-14 21:00:00+00:00,0.0,16.95
2024-01-14 22:00:00+00:00,0.0,16.75
2024-01-14 23:00:00+00:00,40.85,17.11
2024-01-15 00:00:00+00:00,234.45,18.41
2024-01-15 01:00:00+00:00,437.05,20.25
2024-01-15 02:00:00+00:00,591.5,21.83
2024-01-15 03:00:00+00:00,712.5,22.8
2024-01-15 04:00:00+00:00,750.47,23.45
2024-01-15 05:00:00+00:00,717.22,23.81
2024-01-15 06:00:00+00:00,576.58,23.9
2024-01-15 07:00:00+00:00,419.1,23.7
2024-01-15 08:00:00+00:00,225.23,23.08
2024-01-15 09:00:00+00:00,40.6,21.61
2024-01-15 10:00:00+00:00,0.0,20.35
2024-01-15 11:00:00+00:00,0.0,19.9
2024-01-15 12:00:00+00:00,0.0,19.45
2024-01-15 13:00:00+00:00,0.0,19.03
2024-01-15 14:00:00+00:00,0.0,18.62
2024-01-15 15:00:00+00:00,0.0,18.25
2024-01-15 16:00:00+00:00,0.0,18.03
2024-01-15 17:00:00+00:00,0.0,17.79
2024-01-15 18:00:00+00:00,0.0,17.55
2024-01-15 19:00:00+00:00,0.0,17.3
2024-01-15 20:00:00+00:00,0.0,16.99
2024-01-15 21:00:00+00:00,0.0,16.68
2024-01-15 22:00:00+00:00,0.0,16.35
2024-01-15 23:00:00+00:00,27.35,16.48
2024-01-16 00:00:00+00:00,160.88,17.19
2024-01-16 01:00:00+00:00,338.3,18.16
2024-01-16 02:00:00+00:00,489.1,19.23
2024-01-16 03:00:00+00:00,601.83,20.1
2024-01-16 04:00:00+00:00,663.67,20.82
2024-01-16 05:00:00+00:00,645.28,21.31
2024-01-16 06:00:00+00:00,544.17,21.57
2024-01-16 07:00:00+00:00,380.23,21.53
2024-01-16 08:00:00+00:00,199.07,21.17
2024-01-16 09:00:00+00:00,38.95,20.2
2024-01-16 10:00:00+00:00,0.0,19.12
2024-01-16 11:00:00+00:00,0.0,18.78
2024-01-16 12:00:00+00:00,0.0,18.56
2024-01-16 13:00:00+00:00,0.0,18.38
2024-01-16 14:00:00+00:00,0.0,18.2
2024-01-16 15:00:00+00:00,0.0,18.02
2024-01-16 16:00:00+00:00,0.0,17.84
2024-01-16 17:00:00+00:00,0.0,17.63
2024-01-16 18:00:00+00:00,0.0,17.42
2024-01-16 19:00:00+00:00,0.0,17.23
2024-01-16 20:00:00+00:00,0.0,16.99
2024-01-16 21:00:00+00:00,0.0,16.75
2024-01-16 22:00:00+00:00,0.0,16.57
2024-01-16 23:00:00+00:00,25.52,17.04
2024-01-17 00:00:00+00:00,126.62,18.11
2024-01-17 01:00:00+00:00,230.4,19.22
2024-01-17 02:00:00+00:00,343.8,20.27
2024-01-17 03:00:00+00:00,350.4,21.08
2024-01-17 04:00:00+00:00,376.35,21.58
2024-01-17 05:00:00+00:00,391.62,21.87
2024-01-17 06:00:00+00:00,287.3,21.93
2024-01-17 07:00:00+00:00,219.07,21.84
2024-01-17 08:00:00+00:00,139.85,21.51
2024-01-17 09:00:00+00:00,25.42,20.7
2024-01-17 10:00:00+00:00,0.0,19.75
2024-01-17 11:00:00+00:00,0.0,19.31
2024-01-17 12:00:00+00:00,0.0,18.93
2024-01-17 13:00:00+00:00,0.0,18.62
2024-01-17 14:00:00+00:00,0.0,18.36
2024-01-17 15:00:00+00:00,0.0,18.19
2024-01-17 16:00:00+00:00,0.0,18.09
2024-01-17 17:00:00+00:00,0.0,18.02
2024-01-17 18:00:00+00:00,0.0,17.96
2024-01-17 19:00:00+00:00,0.0,17.99
2024-01-17 20:00:00+00:00,0.0,18.06
2024-01-17 21:00:00+00:00,0.0,18.09
2024-01-17 22:00:00+00:00,0.0,18.07
2024-01-17 23:00:00+00:00,25.27,18.61
2024-01-18 00:00:00+00:00,138.55,19.79
2024-01-18 01:00:00+00:00,269.15,21.12
2024-01-18 02:00:00+00:00,412.95,22.12
2024-01-18 03:00:00+00:00,491.88,22.76
2024-01-18 04:00:00+00:00,459.5,23.21
2024-01-18 05:00:00+00:00,513.67,23.42
2024-01-18 06:00:00+00:00,519.47,23.41
2024-01-18 07:00:00+00:00,383.7,23.2
2024-01-18 08:00:00+00:00,219.88,22.77
2024-01-18 09:00:00+00:00,52.0,21.85
2024-01-18 10:00:00+00:00,0.0,20.81
2024-01-18 11:00:00+00:00,0.0,20.41
2024-01-18 12:00:00+00:00,0.0,20.08
2024-01-18 13:00:00+00:00,0.0,19.86
2024-01-18 14:00:00+00:00,0.0,19.74
2024-01-18 15:00:00+00:00,0.0,19.61
2024-01-18 16:00:00+00:00,0.0,19.45
2024-01-18 17:00:00+00:00,0.0,19.27
2024-01-18 18:00:00+00:00,0.0,18.96
2024-01-18 19:00:00+00:00,0.0,18.67
2024-01-18 20:00:00+00:00,0.0,18.45
2024-01-18 21:00:00+00:00,0.0,18.32
2024-01-18 22:00:00+00:00,0.0,18.16
2024-01-18 23:00:00+00:00,36.3,18.61
2024-01-19 00:00:00+00:00,205.35,19.93
2024-01-19 01:00:00+00:00,397.62,21.52
2024-01-19 02:00:00+00:00,545.08,22.72
2024-01-19 03:00:00+00:00,694.42,23.58
2024-01-19 04:00:00+00:00,752.3,24.16
2024-01-19 05:00:00+00:00,703.05,24.37
2024-01-19 06:00:00+00:00,564.35,24.26
2024-01-19 07:00:00+00:00,416.5,23.95
2024-01-19 08:00:00+00:00,231.23,23.38
2024-01-19 09:00:00+00:00,49.2,22.3
2024-01-19 10:00:00+00:00,0.0,21.15
2024-01-19 11:00:00+00:00,0.0,20.67
2024-01-19 12:00:00+00:00,0.0,20.27
2024-01-19 13:00:00+00:00,0.0,19.96
2024-01-19 14:00:00+00:00,0.0,19.68
2024-01-19 15:00:00+00:00,0.0,19.41
2024-01-19 16:00:00+00:00,0.0,19.19
2024-01-19 17:00:00+00:00,0.0,19.01
2024-01-19 18:00:00+00:00,0.0,18.9
2024-01-19 19:00:00+00:00,0.0,18.89
2024-01-19 20:00:00+00:00,0.0,18.52
2024-01-19 21:00:00+00:00,0.0,18.35
2024-01-19 22:00:00+00:00,0.0,18.14
2024-01-19 23:00:00+00:00,28.77,18.28
2024-01-20 00:00:00+00:00,170.27,18.82
2024-01-20 01:00:00+00:00,373.1,19.8
2024-01-20 02:00:00+00:00,547.78,20.86
2024-01-20 03:00:00+00:00,645.88,21.71
2024-01-20 04:00:00+00:00,669.12,22.29
2024-01-20 05:00:00+00:00,600.25,22.67
2024-01-20 06:00:00+00:00,519.9,22.87
2024-01-20 07:00:00+00:00,382.25,22.77
2024-01-20 08:00:00+00:00,213.02,22.19
2024-01-20 09:00:00+00:00,47.95,20.96
2024-01-20 10:00:00+00:00,0.0,19.67
2024-01-20 11:00:00+00:00,0.0,18.87
2024-01-20 12:00:00+00:00,0.0,17.8
2024-01-20 13:00:00+00:00,0.0,16.39
2024-01-20 14:00:00+00:00,0.0,15.67
2024-01-20 15:00:00+00:00,0.0,15.39
2024-01-20 16:00:00+00:00,0.0,15.12
2024-01-20 17:00:00+00:00,0.0,14.77
2024-01-20 18:00:00+00:00,0.0,14.38
2024-01-20 19:00:00+00:00,0.0,13.93
2024-01-20 20:00:00+00:00,0.0,13.62
2024-01-20 21:00:00+00:00,0.0,13.34
2024-01-20 22:00:00+00:00,0.0,13.05
2024-01-20 23:00:00+00:00,30.0,13.02
2024-01-21 00:00:00+00:00,159.6,13.55
2024-01-21 01:00:00+00:00,313.05,14.67
2024-01-21 02:00:00+00:00,438.38,16.1
2024-01-21 03:00:00+00:00,569.72,17.47
2024-01-21 04:00:00+00:00,599.25,18.73
2024-01-21 05:00:00+00:00,557.38,19.85
2024-01-21 06:00:00+00:00,503.83,20.71
2024-01-21 07:00:00+00:00,352.23,21.21
2024-01-21 08:00:00+00:00,183.35,21.3
2024-01-21 09:00:00+00:00,38.12,20.61
2024-01-21 10:00:00+00:00,0.0,19.85
2024-01-21 11:00:00+00:00,0.0,19.55
2024-01-21 12:00:00+00:00,0.0,19.1
2024-01-21 13:00:00+00:00,0.0,18.4
2024-01-21 14:00:00+00:00,0.0,16.92
2024-01-21 15:00:00+00:00,0.0,15.22
2024-01-21 16:00:00+00:00,0.0,14.31
2024-01-21 17:00:00+00:00,0.0,13.98
2024-01-21 18:00:00+00:00,0.0,13.94
2024-01-21 19:00:00+00:00,0.0,13.92
2024-01-21 20:00:00+00:00,0.0,13.94
2024-01-21 21:00:00+00:00,0.0,13.89
2024-01-21 22:00:00+00:00,0.0,13.69
2024-01-21 23:00:00+00:00,8.27,13.49
2024-01-22 00:00:00+00:00,49.95,13.54
2024-01-22 01:00:00+00:00,85.88,13.86
2024-01-22 02:00:00+00:00,112.7,14.31
2024-01-22 03:00:00+00:00,175.7,14.72
2024-01-22 04:00:00+00:00,267.75,15.04
2024-01-22 05:00:00+00:00,243.15,15.09
2024-01-22 06:00:00+00:00,162.93,14.69
2024-01-22 07:00:00+00:00,107.18,13.82
2024-01-22 08:00:00+00:00,57.2,12.61
2024-01-22 09:00:00+00:00,8.38,11.38
2024-01-22 10:00:00+00:00,0.0,10.38
2024-01-22 11:00:00+00:00,0.0,9.63
2024-01-22 12:00:00+00:00,0.0,9.13
2024-01-22 13:00:00+00:00,0.0,8.77
2024-01-22 14:00:00+00:00,0.0,8.49
2024-01-22 15:00:00+00:00,0.0,8.15
2024-01-22 16:00:00+00:00,0.0,7.78
2024-01-22 17:00:00+00:00,0.0,7.28
2024-01-22 18:00:00+00:00,0.0,6.75
2024-01-22 19:00:00+00:00,0.0,6.44
2024-01-22 20:00:00+00:00,0.0,6.15
2024-01-22 21:00:00+00:00,0.0,5.95
2024-01-22 22:00:00+00:00,0.0,5.83
2024-01-22 23:00:00+00:00,10.75,5.85
2024-01-23 00:00:00+00:00,71.38,6.17
2024-01-23 01:00:00+00:00,128.05,6.99
2024-01-23 02:00:00+00:00,178.3,8.56
2024-01-23 03:00:00+00:00,231.77,10.13
2024-01-23 04:00:00+00:00,324.33,11.2
2024-01-23 05:00:00+00:00,420.27,12.12
2024-01-23 06:00:00+00:00,283.33,12.79
2024-01-23 07:00:00+00:00,192.15,13.11
2024-01-23 08:00:00+00:00,98.25,12.99
2024-01-23 09:00:00+00:00,19.42,12.19
2024-01-23 10:00:00+00:00,0.0,10.95
2024-01-23 11:00:00+00:00,0.0,9.48
2024-01-23 12:00:00+00:00,0.0,7.91
2024-01-23 13:00:00+00:00,0.0,6.73
2024-01-23 14:00:00+00:00,0.0,6.15
2024-01-23 15:00:00+00:00,0.0,6.0
2024-01-23 16:00:00+00:00,0.0,6.05
2024-01-23 17:00:00+00:00,0.0,6.09
2024-01-23 18:00:00+00:00,0.0,5.99
2024-01-23 19:00:00+00:00,0.0,5.91
2024-01-23 20:00:00+00:00,0.0,5.89
2024-01-23 21:00:00+00:00,0.0,5.89
2024-01-23 22:00:00+00:00,0.0,5.85
2024-01-23 23:00:00+00:00,8.32,5.95
2024-01-24 00:00:00+00:00,115.05,6.44
2024-01-24 01:00:00+00:00,229.1,7.2
2024-01-24 02:00:00+00:00,362.77,8.18
2024-01-24 03:00:00+00:00,474.55,9.02
2024-01-24 04:00:00+00:00,536.42,9.9
2024-01-24 05:00:00+00:00,414.38,10.83
2024-01-24 06:00:00+00:00,361.17,11.7
2024-01-24 07:00:00+00:00,250.43,12.33
2024-01-24 08:00:00+00:00,129.7,12.82
2024-01-24 09:00:00+00:00,28.85,12.78
2024-01-24 10:00:00+00:00,0.0,12.37
2024-01-24 11:00:00+00:00,0.0,12.24
2024-01-24 12:00:00+00:00,0.0,11.57
2024-01-24 13:00:00+00:00,0.0,10.45
2024-01-24 14:00:00+00:00,0.0,9.08
2024-01-24 15:00:00+00:00,0.0,8.22
2024-01-24 16:00:00+00:00,0.0,7.98
2024-01-24 17:00:00+00:00,0.0,7.92
2024-01-24 18:00:00+00:00,0.0,8.02
2024-01-24 19:00:00+00:00,0.0,8.23
2024-01-24 20:00:00+00:00,0.0,8.51
2024-01-24 21:00:00+00:00,0.0,8.71
2024-01-24 22:00:00+00:00,0.0,8.82
2024-01-24 23:00:00+00:00,16.8,9.0
2024-01-25 00:00:00+00:00,97.05,9.28
2024-01-25 01:00:00+00:00,180.25,9.73
2024-01-25 02:00:00+00:00,257.1,10.31
2024-01-25 03:00:00+00:00,327.52,11.0
2024-01-25 04:00:00+00:00,615.7,11.85
2024-01-25 05:00:00+00:00,580.7,12.72
2024-01-25 06:00:00+00:00,542.28,13.44
2024-01-25 07:00:00+00:00,413.98,14.01
2024-01-25 08:00:00+00:00,212.82,14.39
2024-01-25 09:00:00+00:00,44.8,14.29
2024-01-25 10:00:00+00:00,0.0,13.94
2024-01-25 11:00:00+00:00,0.0,13.93
2024-01-25 12:00:00+00:00,0.0,13.36
2024-01-25 13:00:00+00:00,0.0,12.48
2024-01-25 14:00:00+00:00,0.0,11.8
2024-01-25 15:00:00+00:00,0.0,11.42
2024-01-25 16:00:00+00:00,0.0,11.15
2024-01-25 17:00:00+00:00,0.0,10.97
2024-01-25 18:00:00+00:00,0.0,10.92
2024-01-25 19:00:00+00:00,0.0,11.0
2024-01-25 20:00:00+00:00,0.0,11.22
2024-01-25 21:00:00+00:00,0.0,11.47
2024-01-25 22:00:00+00:00,0.0,11.54
2024-01-25 23:00:00+00:00,12.98,11.86
2024-01-26 00:00:00+00:00,108.3,12.34
2024-01-26 01:00:00+00:00,211.68,12.85
2024-01-26 02:00:00+00:00,321.15,13.59
2024-01-26 03:00:00+00:00,361.85,14.42
2024-01-26 04:00:00+00:00,380.4,15.25
2024-01-26 05:00:00+00:00,371.25,16.14
2024-01-26 06:00:00+00:00,497.02,16.74
2024-01-26 07:00:00+00:00,349.08,17.04
2024-01-26 08:00:00+00:00,188.82,17.1
2024-01-26 09:00:00+00:00,34.0,16.51
2024-01-26 10:00:00+00:00,0.0,15.7
2024-01-26 11:00:00+00:00,0.0,15.32
2024-01-26 12:00:00+00:00,0.0,14.78
2024-01-26 13:00:00+00:00,0.0,14.08
2024-01-26 14:00:00+00:00,0.0,13.57
2024-01-26 15:00:00+00:00,0.0,13.46
2024-01-26 16:00:00+00:00,0.0,13.45
2024-01-26 17:00:00+00:00,0.0,13.34
2024-01-26 18:00:00+00:00,0.0,13.16
2024-01-26 19:00:00+00:00,0.0,13.0
2024-01-26 20:00:00+00:00,0.0,12.93
2024-01-26 21:00:00+00:00,0.0,12.84
2024-01-26 22:00:00+00:00,0.0,12.68
2024-01-26 23:00:00+00:00,11.45,12.81
2024-01-27 00:00:00+00:00,75.7,12.95
2024-01-27 01:00:00+00:00,165.55,13.01
2024-01-27 02:00:00+00:00,253.18,13.39
2024-01-27 03:00:00+00:00,284.95,13.93
2024-01-27 04:00:00+00:00,349.55,14.57
2024-01-27 05:00:00+00:00,417.8,15.08
2024-01-27 06:00:00+00:00,325.7,15.38
2024-01-27 07:00:00+00:00,191.6,15.66
2024-01-27 08:00:00+00:00,101.38,15.88
2024-01-27 09:00:00+00:00,18.35,15.77
2024-01-27 10:00:00+00:00,0.0,15.66
2024-01-27 11:00:00+00:00,0.0,15.61
2024-01-27 12:00:00+00:00,0.0,15.37
2024-01-27 13:00:00+00:00,0.0,15.02
2024-01-27 14:00:00+00:00,0.0,14.39
2024-01-27 15:00:00+00:00,0.0,13.43
2024-01-27 16:00:00+00:00,0.0,12.57
2024-01-27 17:00:00+00:00,0.0,11.99
2024-01-27 18:00:00+00:00,0.0,11.68
2024-01-27 19:00:00+00:00,0.0,11.52
2024-01-27 20:00:00+00:00,0.0,11.45
2024-01-27 21:00:00+00:00,0.0,11.46
2024-01-27 22:00:00+00:00,0.0,11.5
2024-01-27 23:00:00+00:00,9.57,11.67
2024-01-28 00:00:00+00:00,67.85,11.81
2024-01-28 01:00:00+00:00,133.23,12.09
2024-01-28 02:00:00+00:00,138.1,12.71
2024-01-28 03:00:00+00:00,181.7,13.47
2024-01-28 04:00:00+00:00,272.45,14.05
2024-01-28 05:00:00+00:00,260.92,14.6
2024-01-28 06:00:00+00:00,207.45,15.2
2024-01-28 07:00:00+00:00,165.02,15.56
2024-01-28 08:00:00+00:00,93.12,15.58
2024-01-28 09:00:00+00:00,19.0,15.32
2024-01-28 10:00:00+00:00,0.0,15.0
2024-01-28 11:00:00+00:00,0.0,14.98
2024-01-28 12:00:00+00:00,0.0,14.94
2024-01-28 13:00:00+00:00,0.0,14.85
2024-01-28 14:00:00+00:00,0.0,14.71
2024-01-28 15:00:00+00:00,0.0,14.53
2024-01-28 16:00:00+00:00,0.0,14.36
2024-01-28 17:00:00+00:00,0.0,14.18
2024-01-28 18:00:00+00:00,0.0,14.03
2024-01-28 19:00:00+00:00,0.0,13.81
2024-01-28 20:00:00+00:00,0.0,13.73
2024-01-28 21:00:00+00:00,0.0,13.78
2024-01-28 22:00:00+00:00,0.0,13.84
2024-01-28 23:00:00+00:00,8.45,14.21
2024-01-29 00:00:00+00:00,51.95,15.01
2024-01-29 01:00:00+00:00,133.3,16.03
2024-01-29 02:00:00+00:00,176.75,17.0
2024-01-29 03:00:00+00:00,241.1,17.71
2024-01-29 04:00:00+00:00,300.85,18.15
2024-01-29 05:00:00+00:00,319.52,18.45
2024-01-29 06:00:00+00:00,272.88,18.66
2024-01-29 07:00:00+00:00,185.93,18.56
2024-01-29 08:00:00+00:00,110.57,18.23
2024-01-29 09:00:00+00:00,22.67,17.71
2024-01-29 10:00:00+00:00,0.0,17.17
2024-01-29 11:00:00+00:00,0.0,16.97
2024-01-29 12:00:00+00:00,0.0,16.82
2024-01-29 13:00:00+00:00,0.0,16.65
2024-01-29 14:00:00+00:00,0.0,16.49
2024-01-29 15:00:00+00:00,0.0,16.33
2024-01-29 16:00:00+00:00,0.0,16.17
2024-01-29 17:00:00+00:00,0.0,16.09
2024-01-29 18:00:00+00:00,0.0,16.08
2024-01-29 19:00:00+00:00,0.0,16.11
2024-01-29 20:00:00+00:00,0.0,16.16
2024-01-29 21:00:00+00:00,0.0,16.15
2024-01-29 22:00:00+00:00,0.0,16.1
2024-01-29 23:00:00+00:00,22.48,16.65
2024-01-30 00:00:00+00:00,110.45,17.44
2024-01-30 01:00:00+00:00,194.82,18.48
2024-01-30 02:00:00+00:00,264.1,19.55
2024-01-30 03:00:00+00:00,311.75,20.5
2024-01-30 04:00:00+00:00,355.2,21.0
2024-01-30 05:00:00+00:00,325.3,21.36
2024-01-30 06:00:00+00:00,277.75,21.45
2024-01-30 07:00:00+00:00,181.32,21.36
2024-01-30 08:00:00+00:00,110.82,21.05
2024-01-30 09:00:00+00:00,24.67,20.39
2024-01-30 10:00:00+00:00,0.0,19.39
2024-01-30 11:00:00+00:00,0.0,18.94
2024-01-30 12:00:00+00:00,0.0,18.61
2024-01-30 13:00:00+00:00,0.0,18.34
2024-01-30 14:00:00+00:00,0.0,18.13
2024-01-30 15:00:00+00:00,0.0,18.02
2024-01-30 16:00:00+00:00,0.0,17.9
2024-01-30 17:00:00+00:00,0.0,17.82
2024-01-30 18:00:00+00:00,0.0,17.79
2024-01-30 19:00:00+00:00,0.0,17.78
2024-01-30 20:00:00+00:00,0.0,17.74
2024-01-30 21:00:00+00:00,0.0,17.66
2024-01-30 22:00:00+00:00,0.0,17.51
2024-01-30 23:00:00+00:00,14.82,18.06
2024-01-31 00:00:00+00:00,79.57,19.21
2024-01-31 01:00:00+00:00,169.52,20.37
2024-01-31 02:00:00+00:00,233.15,21.95
2024-01-31 03:00:00+00:00,324.1,22.79
2024-01-31 04:00:00+00:00,380.0,23.25
2024-01-31 05:00:00+00:00,393.05,23.27
2024-01-31 06:00:00+00:00,366.6,23.15
2024-01-31 07:00:00+00:00,228.3,22.87
2024-01-31 08:00:00+00:00,136.6,22.37
2024-01-31 09:00:00+00:00,33.9,21.54
2024-01-31 10:00:00+00:00,0.0,20.44
2024-01-31 11:00:00+00:00,0.0,19.97
2024-01-31 12:00:00+00:00,0.0,19.74
2024-01-31 13:00:00+00:00,0.0,19.59
2024-01-31 14:00:00+00:00,0.0,19.59
2024-01-31 15:00:00+00:00,0.0,19.61
2024-01-31 16:00:00+00:00,0.0,19.57
2024-01-31 17:00:00+00:00,0.0,19.52
2024-01-31 18:00:00+00:00,0.0,19.46
2024-01-31 19:00:00+00:00,0.0,19.36
2024-01-31 20:00:00+00:00,0.0,19.33
2024-01-31 21:00:00+00:00,0.0,19.27
2024-01-31 22:00:00+00:00,0.0,19.19
2024-01-31 23:00:00+00:00,32.55,19.71
2024-02-01 00:00:00+00:00,121.2,20.47
2024-02-01 01:00:00+00:00,247.95,21.59
2024-02-01 02:00:00+00:00,377.42,22.72
2024-02-01 03:00:00+00:00,509.52,23.59
2024-02-01 04:00:00+00:00,573.05,24.05
2024-02-01 05:00:00+00:00,572.9,24.07
2024-02-01 06:00:00+00:00,475.98,23.8
2024-02-01 07:00:00+00:00,327.12,23.38
2024-02-01 08:00:00+00:00,181.32,22.74
2024-02-01 09:00:00+00:00,45.97,21.82
2024-02-01 10:00:00+00:00,0.0,20.75
2024-02-01 11:00:00+00:00,0.0,20.24
2024-02-01 12:00:00+00:00,0.0,19.85
2024-02-01 13:00:00+00:00,0.0,19.57
2024-02-01 14:00:00+00:00,0.0,19.48
2024-02-01 15:00:00+00:00,0.0,19.57
2024-02-01 16:00:00+00:00,0.0,19.71
2024-02-01 17:00:00+00:00,0.0,19.81
2024-02-01 18:00:00+00:00,0.0,19.7
2024-02-01 19:00:00+00:00,0.0,19.23
2024-02-01 20:00:00+00:00,0.0,18.77
2024-02-01 21:00:00+00:00,0.0,18.58
2024-02-01 22:00:00+00:00,0.0,18.51
2024-02-01 23:00:00+00:00,33.67,19.08
2024-02-02 00:00:00+00:00,168.95,19.95
2024-02-02 01:00:00+00:00,340.08,21.46
2024-02-02 02:00:00+00:00,471.95,22.97
2024-02-02 03:00:00+00:00,555.78,23.74
2024-02-02 04:00:00+00:00,554.92,24.08
2024-02-02 05:00:00+00:00,475.55,24.14
2024-02-02 06:00:00+00:00,406.58,23.98
2024-02-02 07:00:00+00:00,286.42,23.63
2024-02-02 08:00:00+00:00,163.25,23.09
2024-02-02 09:00:00+00:00,45.83,22.24
2024-02-02 10:00:00+00:00,0.0,21.19
2024-02-02 11:00:00+00:00,0.0,20.6
2024-02-02 12:00:00+00:00,0.0,20.23
2024-02-02 13:00:00+00:00,0.0,20.05
2024-02-02 14:00:00+00:00,0.0,19.99
2024-02-02 15:00:00+00:00,0.0,19.89
2024-02-02 16:00:00+00:00,0.0,19.82
2024-02-02 17:00:00+00:00,0.0,19.57
2024-02-02 18:00:00+00:00,0.0,19.35
2024-02-02 19:00:00+00:00,0.0,19.13
2024-02-02 20:00:00+00:00,0.0,18.9
2024-02-02 21:00:00+00:00,0.0,18.68
2024-02-02 22:00:00+00:00,0.0,18.44
2024-02-02 23:00:00+00:00,18.75,18.68
2024-02-03 00:00:00+00:00,113.43,19.57
2024-02-03 01:00:00+00:00,216.77,20.66
2024-02-03 02:00:00+00:00,354.35,21.54
2024-02-03 03:00:00+00:00,462.95,22.53
2024-02-03 04:00:00+00:00,533.75,23.03
2024-02-03 05:00:00+00:00,517.47,23.22
2024-02-03 06:00:00+00:00,493.83,23.14
2024-02-03 07:00:00+00:00,374.23,22.84
2024-02-03 08:00:00+00:00,213.3,22.31
2024-02-03 09:00:00+00:00,61.58,21.51
2024-02-03 10:00:00+00:00,0.0,20.5
2024-02-03 11:00:00+00:00,0.0,19.95
2024-02-03 12:00:00+00:00,0.0,19.53
2024-02-03 13:00:00+00:00,0.0,19.24
2024-02-03 14:00:00+00:00,0.0,19.02
2024-02-03 15:00:00+00:00,0.0,18.93
2024-02-03 16:00:00+00:00,0.0,18.93
2024-02-03 17:00:00+00:00,0.0,18.93
2024-02-03 18:00:00+00:00,0.0,18.95
2024-02-03 19:00:00+00:00,0.0,18.99
2024-02-03 20:00:00+00:00,0.0,19.02
2024-02-03 21:00:00+00:00,0.0,19.0
2024-02-03 22:00:00+00:00,0.0,18.91
2024-02-03 23:00:00+00:00,11.07,19.3
2024-02-04 00:00:00+00:00,52.53,20.27
2024-02-04 01:00:00+00:00,85.65,21.59
2024-02-04 02:00:00+00:00,164.75,22.46
2024-02-04 03:00:00+00:00,245.52,22.61
2024-02-04 04:00:00+00:00,250.73,22.75
2024-02-04 05:00:00+00:00,196.48,23.01
2024-02-04 06:00:00+00:00,155.95,23.06
2024-02-04 07:00:00+00:00,140.9,23.19
2024-02-04 08:00:00+00:00,69.88,23.29
2024-02-04 09:00:00+00:00,22.2,23.17
2024-02-04 10:00:00+00:00,0.0,21.82
2024-02-04 11:00:00+00:00,0.0,20.55
2024-02-04 12:00:00+00:00,0.0,19.59
2024-02-04 13:00:00+00:00,0.0,18.55
2024-02-04 14:00:00+00:00,0.0,17.85
2024-02-04 15:00:00+00:00,0.0,17.64
2024-02-04 16:00:00+00:00,0.0,17.76
2024-02-04 17:00:00+00:00,0.0,17.78
2024-02-04 18:00:00+00:00,0.0,17.39
2024-02-04 19:00:00+00:00,0.0,16.46
2024-02-04 20:00:00+00:00,0.0,15.53
2024-02-04 21:00:00+00:00,0.0,15.1
2024-02-04 22:00:00+00:00,0.0,14.98
2024-02-04 23:00:00+00:00,14.93,14.96
2024-02-05 00:00:00+00:00,105.43,15.36
2024-02-05 01:00:00+00:00,215.7,16.44
2024-02-05 02:00:00+00:00,405.75,18.3
2024-02-05 03:00:00+00:00,447.62,20.09
2024-02-05 04:00:00+00:00,442.88,21.24
2024-02-05 05:00:00+00:00,403.73,22.13
2024-02-05 06:00:00+00:00,390.05,22.61
2024-02-05 07:00:00+00:00,274.92,22.41
2024-02-05 08:00:00+00:00,154.93,21.87
2024-02-05 09:00:00+00:00,37.67,21.08
2024-02-05 10:00:00+00:00,0.0,20.04
2024-02-05 11:00:00+00:00,0.0,19.53
2024-02-05 12:00:00+00:00,0.0,19.18
2024-02-05 13:00:00+00:00,0.0,18.95
2024-02-05 14:00:00+00:00,0.0,18.78
2024-02-05 15:00:00+00:00,0.0,18.81
2024-02-05 16:00:00+00:00,0.0,18.8
2024-02-05 17:00:00+00:00,0.0,18.66
2024-02-05 18:00:00+00:00,0.0,18.48
2024-02-05 19:00:00+00:00,0.0,18.24
2024-02-05 20:00:00+00:00,0.0,17.91
2024-02-05 21:00:00+00:00,0.0,17.5
2024-02-05 22:00:00+00:00,0.0,17.13
2024-02-05 23:00:00+00:00,16.5,17.09
2024-02-06 00:00:00+00:00,134.62,17.56
2024-02-06 01:00:00+00:00,290.75,18.6
2024-02-06 02:00:00+00:00,493.73,19.93
2024-02-06 03:00:00+00:00,550.3,20.96
2024-02-06 04:00:00+00:00,482.4,21.55
2024-02-06 05:00:00+00:00,547.2,21.98
2024-02-06 06:00:00+00:00,428.25,22.15
2024-02-06 07:00:00+00:00,287.8,21.98
2024-02-06 08:00:00+00:00,144.77,21.54
2024-02-06 09:00:00+00:00,28.48,20.85
2024-02-06 10:00:00+00:00,0.0,20.19
2024-02-06 11:00:00+00:00,0.0,19.83
2024-02-06 12:00:00+00:00,0.0,19.61
2024-02-06 13:00:00+00:00,0.0,19.38
2024-02-06 14:00:00+00:00,0.0,19.09
2024-02-06 15:00:00+00:00,0.0,18.75
2024-02-06 16:00:00+00:00,0.0,18.3
2024-02-06 17:00:00+00:00,0.0,17.49
2024-02-06 18:00:00+00:00,0.0,16.67
2024-02-06 19:00:00+00:00,0.0,16.35
2024-02-06 20:00:00+00:00,0.0,16.22
2024-02-06 21:00:00+00:00,0.0,15.91
2024-02-06 22:00:00+00:00,0.0,15.17
2024-02-06 23:00:00+00:00,15.35,14.36
2024-02-07 00:00:00+00:00,66.9,14.02
2024-02-07 01:00:00+00:00,44.33,14.03
2024-02-07 02:00:00+00:00,78.97,14.49
2024-02-07 03:00:00+00:00,85.38,15.12
2024-02-07 04:00:00+00:00,125.38,15.69
2024-02-07 05:00:00+00:00,116.93,16.32
2024-02-07 06:00:00+00:00,90.7,16.7
2024-02-07 07:00:00+00:00,76.43,16.82
2024-02-07 08:00:00+00:00,52.25,16.72
2024-02-07 09:00:00+00:00,21.48,16.58
2024-02-07 10:00:00+00:00,0.0,16.18
2024-02-07 11:00:00+00:00,0.0,15.32
2024-02-07 12:00:00+00:00,0.0,14.35
2024-02-07 13:00:00+00:00,0.0,13.37
2024-02-07 14:00:00+00:00,0.0,12.48
2024-02-07 15:00:00+00:00,0.0,11.97
2024-02-07 16:00:00+00:00,0.0,11.7
2024-02-07 17:00:00+00:00,0.0,11.56
2024-02-07 18:00:00+00:00,0.0,11.45
2024-02-07 19:00:00+00:00,0.0,11.27
2024-02-07 20:00:00+00:00,0.0,11.03
2024-02-07 21:00:00+00:00,0.0,10.75
2024-02-07 22:00:00+00:00,0.0,10.5
2024-02-07 23:00:00+00:00,13.4,10.5
2024-02-08 00:00:00+00:00,59.88,10.86
2024-02-08 01:00:00+00:00,61.83,11.49
2024-02-08 02:00:00+00:00,64.12,12.49
2024-02-08 03:00:00+00:00,91.78,13.57
2024-02-08 04:00:00+00:00,106.4,14.21
2024-02-08 05:00:00+00:00,107.88,14.17
2024-02-08 06:00:00+00:00,88.53,13.77
2024-02-08 07:00:00+00:00,51.33,13.61
2024-02-08 08:00:00+00:00,33.9,13.58
2024-02-08 09:00:00+00:00,13.38,13.55
2024-02-08 10:00:00+00:00,0.0,13.33
2024-02-08 11:00:00+00:00,0.0,12.99
2024-02-08 12:00:00+00:00,0.0,12.34
2024-02-08 13:00:00+00:00,0.0,11.36
2024-02-08 14:00:00+00:00,0.0,10.31
2024-02-08 15:00:00+00:00,0.0,9.61
2024-02-08 16:00:00+00:00,0.0,9.36
2024-02-08 17:00:00+00:00,0.0,9.34
2024-02-08 18:00:00+00:00,0.0,9.4
2024-02-08 19:00:00+00:00,0.0,9.51
2024-02-08 20:00:00+00:00,0.0,9.64
2024-02-08 21:00:00+00:00,0.0,9.68
2024-02-08 22:00:00+00:00,0.0,9.7
2024-02-08 23:00:00+00:00,10.65,9.87
2024-02-09 00:00:00+00:00,55.6,10.35
2024-02-09 01:00:00+00:00,100.85,11.31
2024-02-09 02:00:00+00:00,170.4,12.47
2024-02-09 03:00:00+00:00,269.67,13.35
2024-02-09 04:00:00+00:00,347.55,13.88
2024-02-09 05:00:00+00:00,290.48,14.22
2024-02-09 06:00:00+00:00,209.3,14.56
2024-02-09 07:00:00+00:00,86.57,14.94
2024-02-09 08:00:00+00:00,51.5,15.15
2024-02-09 09:00:00+00:00,17.17,15.09
2024-02-09 10:00:00+00:00,0.0,14.79
2024-02-09 11:00:00+00:00,0.0,14.68
2024-02-09 12:00:00+00:00,0.0,14.33
2024-02-09 13:00:00+00:00,0.0,13.55
2024-02-09 14:00:00+00:00,0.0,12.4
2024-02-09 15:00:00+00:00,0.0,11.62
2024-02-09 16:00:00+00:00,0.0,11.48
2024-02-09 17:00:00+00:00,0.0,11.54
2024-02-09 18:00:00+00:00,0.0,11.59
2024-02-09 19:00:00+00:00,0.0,11.61
2024-02-09 20:00:00+00:00,0.0,11.63
2024-02-09 21:00:00+00:00,0.0,11.64
2024-02-09 22:00:00+00:00,0.0,11.68
2024-02-09 23:00:00+00:00,21.45,11.84
2024-02-10 00:00:00+00:00,117.62,12.44
2024-02-10 01:00:00+00:00,242.4,13.49
2024-02-10 02:00:00+00:00,376.45,14.85
2024-02-10 03:00:00+00:00,472.3,16.0
2024-02-10 04:00:00+00:00,619.7,17.04
2024-02-10 05:00:00+00:00,598.15,17.96
2024-02-10 06:00:00+00:00,622.45,18.68
2024-02-10 07:00:00+00:00,428.0,19.06
2024-02-10 08:00:00+00:00,264.5,19.08
2024-02-10 09:00:00+00:00,75.82,18.51
2024-02-10 10:00:00+00:00,0.0,17.76
2024-02-10 11:00:00+00:00,0.0,17.36
2024-02-10 12:00:00+00:00,0.0,16.82
2024-02-10 13:00:00+00:00,0.0,16.07
2024-02-10 14:00:00+00:00,0.0,15.08
2024-02-10 15:00:00+00:00,0.0,14.14
2024-02-10 16:00:00+00:00,0.0,13.47
2024-02-10 17:00:00+00:00,0.0,13.08
2024-02-10 18:00:00+00:00,0.0,12.69
2024-02-10 19:00:00+00:00,0.0,12.32
2024-02-10 20:00:00+00:00,0.0,11.99
2024-02-10 21:00:00+00:00,0.0,11.7
2024-02-10 22:00:00+00:00,0.0,11.47
2024-02-10 23:00:00+00:00,67.47,12.3
2024-02-11 00:00:00+00:00,287.0,13.57
2024-02-11 01:00:00+00:00,500.65,15.7
2024-02-11 02:00:00+00:00,689.75,18.3
2024-02-11 03:00:00+00:00,813.72,20.0
2024-02-11 04:00:00+00:00,870.05,20.96
2024-02-11 05:00:00+00:00,835.1,21.5
2024-02-11 06:00:00+00:00,728.3,21.75
2024-02-11 07:00:00+00:00,561.8,21.76
2024-02-11 08:00:00+00:00,346.33,21.48
2024-02-11 09:00:00+00:00,115.68,19.99
2024-02-11 10:00:00+00:00,0.0,18.23
2024-02-11 11:00:00+00:00,0.0,17.41
2024-02-11 12:00:00+00:00,0.0,16.83
2024-02-11 13:00:00+00:00,0.0,16.42
2024-02-11 14:00:00+00:00,0.0,16.09
2024-02-11 15:00:00+00:00,0.0,15.8
2024-02-11 16:00:00+00:00,0.0,15.49
2024-02-11 17:00:00+00:00,0.0,15.15
2024-02-11 18:00:00+00:00,0.0,14.85
2024-02-11 19:00:00+00:00,0.0,14.54
2024-02-11 20:00:00+00:00,0.0,14.23
2024-02-11 21:00:00+00:00,0.0,13.86
2024-02-11 22:00:00+00:00,0.0,13.46
2024-02-11 23:00:00+00:00,47.3,14.28
2024-02-12 00:00:00+00:00,217.9,15.84
2024-02-12 01:00:00+00:00,482.27,17.7
2024-02-12 02:00:00+00:00,674.6,19.05
2024-02-12 03:00:00+00:00,800.1,19.94
2024-02-12 04:00:00+00:00,848.78,20.51
2024-02-12 05:00:00+00:00,819.62,20.83
2024-02-12 06:00:00+00:00,704.22,20.91
2024-02-12 07:00:00+00:00,543.78,20.74
2024-02-12 08:00:00+00:00,330.62,20.31
2024-02-12 09:00:00+00:00,108.2,19.36
2024-02-12 10:00:00+00:00,0.0,17.9
2024-02-12 11:00:00+00:00,0.0,17.49
2024-02-12 12:00:00+00:00,0.0,17.18
2024-02-12 13:00:00+00:00,0.0,16.91
2024-02-12 14:00:00+00:00,0.0,16.68
2024-02-12 15:00:00+00:00,0.0,16.5
2024-02-12 16:00:00+00:00,0.0,16.29
2024-02-12 17:00:00+00:00,0.0,16.04
2024-02-12 18:00:00+00:00,0.0,15.75
2024-02-12 19:00:00+00:00,0.0,15.44
2024-02-12 20:00:00+00:00,0.0,15.25
2024-02-12 21:00:00+00:00,0.0,15.21
2024-02-12 22:00:00+00:00,0.0,15.34
2024-02-12 23:00:00+00:00,56.03,16.49
2024-02-13 00:00:00+00:00,240.88,17.96
2024-02-13 01:00:00+00:00,436.7,19.71
2024-02-13 02:00:00+00:00,575.83,20.92
2024-02-13 03:00:00+00:00,669.0,21.47
2024-02-13 04:00:00+00:00,663.22,21.8
2024-02-13 05:00:00+00:00,620.12,21.94
2024-02-13 06:00:00+00:00,556.45,21.86
2024-02-13 07:00:00+00:00,447.38,21.61
2024-02-13 08:00:00+00:00,271.83,21.18
2024-02-13 09:00:00+00:00,92.45,20.41
2024-02-13 10:00:00+00:00,0.0,19.1
2024-02-13 11:00:00+00:00,0.0,18.62
2024-02-13 12:00:00+00:00,0.0,18.2
2024-02-13 13:00:00+00:00,0.0,17.85
2024-02-13 14:00:00+00:00,0.0,17.6
2024-02-13 15:00:00+00:00,0.0,17.56
2024-02-13 16:00:00+00:00,0.0,17.52
2024-02-13 17:00:00+00:00,0.0,17.4
2024-02-13 18:00:00+00:00,0.0,17.24
2024-02-13 19:00:00+00:00,0.0,17.11
2024-02-13 20:00:00+00:00,0.0,16.98
2024-02-13 21:00:00+00:00,0.0,16.9
2024-02-13 22:00:00+00:00,0.0,16.82
2024-02-13 23:00:00+00:00,54.38,17.78
2024-02-14 00:00:00+00:00,241.93,19.16
2024-02-14 01:00:00+00:00,456.08,20.65
2024-02-14 02:00:00+00:00,632.88,21.7
2024-02-14 03:00:00+00:00,735.65,22.39
2024-02-14 04:00:00+00:00,749.28,22.65
2024-02-14 05:00:00+00:00,727.97,22.74
2024-02-14 06:00:00+00:00,666.0,22.63
2024-02-14 07:00:00+00:00,505.2,22.3
2024-02-14 08:00:00+00:00,307.02,21.77
2024-02-14 09:00:00+00:00,107.85,21.01
2024-02-14 10:00:00+00:00,0.0,19.79
2024-02-14 11:00:00+00:00,0.0,19.35
2024-02-14 12:00:00+00:00,0.0,19.07
2024-02-14 13:00:00+00:00,0.0,18.98
2024-02-14 14:00:00+00:00,0.0,18.96
2024-02-14 15:00:00+00:00,0.0,18.88
2024-02-14 16:00:00+00:00,0.0,18.8
2024-02-14 17:00:00+00:00,0.0,18.7
2024-02-14 18:00:00+00:00,0.0,18.32
2024-02-14 19:00:00+00:00,0.0,17.82
2024-02-14 20:00:00+00:00,0.0,17.33
2024-02-14 21:00:00+00:00,0.0,17.16
2024-02-14 22:00:00+00:00,0.0,17.11
2024-02-14 23:00:00+00:00,56.7,17.9
2024-02-15 00:00:00+00:00,241.2,19.17
2024-02-15 01:00:00+00:00,453.05,21.24
2024-02-15 02:00:00+00:00,587.72,22.96
2024-02-15 03:00:00+00:00,665.42,23.79
2024-02-15 04:00:00+00:00,713.0,24.33
2024-02-15 05:00:00+00:00,689.85,24.86
2024-02-15 06:00:00+00:00,569.42,25.14
2024-02-15 07:00:00+00:00,458.67,25.13
2024-02-15 08:00:00+00:00,276.25,24.81
2024-02-15 09:00:00+00:00,96.03,23.71
2024-02-15 10:00:00+00:00,0.0,21.9
2024-02-15 11:00:00+00:00,0.0,21.65
2024-02-15 12:00:00+00:00,0.0,20.72
2024-02-15 13:00:00+00:00,0.0,20.08
2024-02-15 14:00:00+00:00,0.0,18.88
2024-02-15 15:00:00+00:00,0.0,17.86
2024-02-15 16:00:00+00:00,0.0,17.78
2024-02-15 17:00:00+00:00,0.0,17.76
2024-02-15 18:00:00+00:00,0.0,17.52
2024-02-15 19:00:00+00:00,0.0,16.95
2024-02-15 20:00:00+00:00,0.0,16.29
2024-02-15 21:00:00+00:00,0.0,15.96
2024-02-15 22:00:00+00:00,0.0,15.72
2024-02-15 23:00:00+00:00,57.92,15.97
2024-02-16 00:00:00+00:00,213.45,16.71
2024-02-16 01:00:00+00:00,374.58,17.87
2024-02-16 02:00:00+00:00,491.5,19.67
2024-02-16 03:00:00+00:00,581.55,21.1
2024-02-16 04:00:00+00:00,572.03,22.23
2024-02-16 05:00:00+00:00,477.83,22.97
2024-02-16 06:00:00+00:00,395.0,22.97
2024-02-16 07:00:00+00:00,329.38,22.6
2024-02-16 08:00:00+00:00,165.25,21.99
2024-02-16 09:00:00+00:00,49.33,21.11
2024-02-16 10:00:00+00:00,0.0,20.07
2024-02-16 11:00:00+00:00,0.0,19.52
2024-02-16 12:00:00+00:00,0.0,19.17
2024-02-16 13:00:00+00:00,0.0,18.88
2024-02-16 14:00:00+00:00,0.0,18.6
2024-02-16 15:00:00+00:00,0.0,18.37
2024-02-16 16:00:00+00:00,0.0,18.17
2024-02-16 17:00:00+00:00,0.0,18.01
2024-02-16 18:00:00+00:00,0.0,17.87
2024-02-16 19:00:00+00:00,0.0,17.77
2024-02-16 20:00:00+00:00,0.0,17.7
2024-02-16 21:00:00+00:00,0.0,17.62
2024-02-16 22:00:00+00:00,0.0,17.54
2024-02-16 23:00:00+00:00,22.8,18.41
2024-02-17 00:00:00+00:00,108.25,19.61
2024-02-17 01:00:00+00:00,232.27,20.73
2024-02-17 02:00:00+00:00,366.27,21.56
2024-02-17 03:00:00+00:00,415.88,22.19
2024-02-17 04:00:00+00:00,479.62,22.57
2024-02-17 05:00:00+00:00,425.98,22.7
2024-02-17 06:00:00+00:00,389.88,22.57
2024-02-17 07:00:00+00:00,328.85,22.24
2024-02-17 08:00:00+00:00,189.1,21.68
2024-02-17 09:00:00+00:00,61.85,20.96
2024-02-17 10:00:00+00:00,0.0,20.32
2024-02-17 11:00:00+00:00,0.0,20.09
2024-02-17 12:00:00+00:00,0.0,19.97
2024-02-17 13:00:00+00:00,0.0,19.84
2024-02-17 14:00:00+00:00,0.0,19.58
2024-02-17 15:00:00+00:00,0.0,19.37
2024-02-17 16:00:00+00:00,0.0,19.34
2024-02-17 17:00:00+00:00,0.0,19.39
2024-02-17 18:00:00+00:00,0.0,19.46
2024-02-17 19:00:00+00:00,0.0,19.4
2024-02-17 20:00:00+00:00,0.0,19.31
2024-02-17 21:00:00+00:00,0.0,19.36
2024-02-17 22:00:00+00:00,0.0,19.46
2024-02-17 23:00:00+00:00,46.35,20.31
2024-02-18 00:00:00+00:00,162.82,21.32
2024-02-18 01:00:00+00:00,286.95,22.63
2024-02-18 02:00:00+00:00,449.35,23.47
2024-02-18 03:00:00+00:00,595.28,23.88
2024-02-18 04:00:00+00:00,686.0,24.06
2024-02-18 05:00:00+00:00,604.6,24.04
2024-02-18 06:00:00+00:00,418.02,23.84
2024-02-18 07:00:00+00:00,303.0,23.45
2024-02-18 08:00:00+00:00,176.0,22.88
2024-02-18 09:00:00+00:00,54.08,22.15
2024-02-18 10:00:00+00:00,0.0,21.43
2024-02-18 11:00:00+00:00,0.0,21.11
2024-02-18 12:00:00+00:00,0.0,20.83
2024-02-18 13:00:00+00:00,0.0,20.51
2024-02-18 14:00:00+00:00,0.0,20.37
2024-02-18 15:00:00+00:00,0.0,20.29
2024-02-18 16:00:00+00:00,0.0,20.22
2024-02-18 17:00:00+00:00,0.0,20.26
2024-02-18 18:00:00+00:00,0.0,20.31
2024-02-18 19:00:00+00:00,0.0,20.34
2024-02-18 20:00:00+00:00,0.0,20.35
2024-02-18 21:00:00+00:00,0.0,20.36
2024-02-18 22:00:00+00:00,0.0,20.4
2024-02-18 23:00:00+00:00,30.67,21.03
2024-02-19 00:00:00+00:00,87.82,21.74
2024-02-19 01:00:00+00:00,124.22,22.36
2024-02-19 02:00:00+00:00,176.27,22.81
2024-02-19 03:00:00+00:00,250.93,23.16
2024-02-19 04:00:00+00:00,334.0,23.58
2024-02-19 05:00:00+00:00,387.05,23.94
2024-02-19 06:00:00+00:00,375.88,24.11
2024-02-19 07:00:00+00:00,304.58,23.94
2024-02-19 08:00:00+00:00,187.52,23.5
2024-02-19 09:00:00+00:00,84.6,22.76
2024-02-19 10:00:00+00:00,0.0,22.02
2024-02-19 11:00:00+00:00,0.0,21.81
2024-02-19 12:00:00+00:00,0.0,21.75
2024-02-19 13:00:00+00:00,0.0,21.66
2024-02-19 14:00:00+00:00,0.0,21.45
2024-02-19 15:00:00+00:00,0.0,21.18
2024-02-19 16:00:00+00:00,0.0,20.97
2024-02-19 17:00:00+00:00,0.0,20.82
2024-02-19 18:00:00+00:00,0.0,20.72
2024-02-19 19:00:00+00:00,0.0,20.63
2024-02-19 20:00:00+00:00,0.0,20.7
2024-02-19 21:00:00+00:00,0.0,20.83
2024-02-19 22:00:00+00:00,0.0,20.96
2024-02-19 23:00:00+00:00,57.47,21.8
2024-02-20 00:00:00+00:00,191.2,22.68
2024-02-20 01:00:00+00:00,334.83,23.65
2024-02-20 02:00:00+00:00,437.9,24.34
2024-02-20 03:00:00+00:00,518.55,24.76
2024-02-20 04:00:00+00:00,578.1,24.91
2024-02-20 05:00:00+00:00,459.98,24.97
2024-02-20 06:00:00+00:00,429.27,24.92
2024-02-20 07:00:00+00:00,289.4,24.62
2024-02-20 08:00:00+00:00,184.38,24.12
2024-02-20 09:00:00+00:00,72.28,23.43
2024-02-20 10:00:00+00:00,0.0,22.71
2024-02-20 11:00:00+00:00,0.0,22.44
2024-02-20 12:00:00+00:00,0.0,22.32
2024-02-20 13:00:00+00:00,0.0,22.23
2024-02-20 14:00:00+00:00,0.0,22.14
2024-02-20 15:00:00+00:00,0.0,22.06
2024-02-20 16:00:00+00:00,0.0,21.98
2024-02-20 17:00:00+00:00,0.0,21.89
2024-02-20 18:00:00+00:00,0.0,21.74
2024-02-20 19:00:00+00:00,0.0,21.57
2024-02-20 20:00:00+00:00,0.0,21.44
2024-02-20 21:00:00+00:00,0.0,21.33
2024-02-20 22:00:00+00:00,0.0,21.26
2024-02-20 23:00:00+00:00,70.88,22.29
2024-02-21 00:00:00+00:00,236.98,23.23
2024-02-21 01:00:00+00:00,413.75,24.02
2024-02-21 02:00:00+00:00,532.95,24.55
2024-02-21 03:00:00+00:00,690.17,24.83
2024-02-21 04:00:00+00:00,740.8,24.96
2024-02-21 05:00:00+00:00,735.28,24.89
2024-02-21 06:00:00+00:00,621.88,24.64
2024-02-21 07:00:00+00:00,480.23,24.21
2024-02-21 08:00:00+00:00,291.85,23.67
2024-02-21 09:00:00+00:00,102.85,23.09
2024-02-21 10:00:00+00:00,3.33,22.51
2024-02-21 11:00:00+00:00,0.0,22.18
2024-02-21 12:00:00+00:00,0.0,21.94
2024-02-21 13:00:00+00:00,0.0,21.83
2024-02-21 14:00:00+00:00,0.0,21.73
2024-02-21 15:00:00+00:00,0.0,21.66
2024-02-21 16:00:00+00:00,0.0,21.63
2024-02-21 17:00:00+00:00,0.0,21.68
2024-02-21 18:00:00+00:00,0.0,21.7
2024-02-21 19:00:00+00:00,0.0,21.79
2024-02-21 20:00:00+00:00,0.0,22.21
2024-02-21 21:00:00+00:00,0.0,22.17
2024-02-21 22:00:00+00:00,0.0,21.48
2024-02-21 23:00:00+00:00,48.3,21.4
2024-02-22 00:00:00+00:00,145.25,20.98
2024-02-22 01:00:00+00:00,222.88,21.35
2024-02-22 02:00:00+00:00,313.95,22.54
2024-02-22 03:00:00+00:00,418.62,23.27
2024-02-22 04:00:00+00:00,651.5,24.08
2024-02-22 05:00:00+00:00,607.62,24.83
2024-02-22 06:00:00+00:00,526.88,25.08
2024-02-22 07:00:00+00:00,413.85,25.07
2024-02-22 08:00:00+00:00,251.35,24.8
2024-02-22 09:00:00+00:00,91.28,24.22
2024-02-22 10:00:00+00:00,3.25,23.26
2024-02-22 11:00:00+00:00,0.0,22.99
2024-02-22 12:00:00+00:00,0.0,23.21
2024-02-22 13:00:00+00:00,0.0,22.41
2024-02-22 14:00:00+00:00,0.0,21.78
2024-02-22 15:00:00+00:00,0.0,20.81
2024-02-22 16:00:00+00:00,0.0,19.72
2024-02-22 17:00:00+00:00,0.0,18.52
2024-02-22 18:00:00+00:00,0.0,17.29
2024-02-22 19:00:00+00:00,0.0,16.4
2024-02-22 20:00:00+00:00,0.0,16.23
2024-02-22 21:00:00+00:00,0.0,16.16
2024-02-22 22:00:00+00:00,0.0,15.94
2024-02-22 23:00:00+00:00,15.9,16.02
2024-02-23 00:00:00+00:00,74.62,16.66
2024-02-23 01:00:00+00:00,131.43,17.7
2024-02-23 02:00:00+00:00,177.5,19.17
2024-02-23 03:00:00+00:00,238.1,20.54
2024-02-23 04:00:00+00:00,321.15,21.48
2024-02-23 05:00:00+00:00,226.12,22.23
2024-02-23 06:00:00+00:00,220.98,22.71
2024-02-23 07:00:00+00:00,161.62,22.76
2024-02-23 08:00:00+00:00,99.12,22.42
2024-02-23 09:00:00+00:00,32.58,22.11
2024-02-23 10:00:00+00:00,1.88,21.37
2024-02-23 11:00:00+00:00,0.0,20.57
2024-02-23 12:00:00+00:00,0.0,19.43
2024-02-23 13:00:00+00:00,0.0,17.93
2024-02-23 14:00:00+00:00,0.0,16.47
2024-02-23 15:00:00+00:00,0.0,15.25
2024-02-23 16:00:00+00:00,0.0,14.41
2024-02-23 17:00:00+00:00,0.0,13.98
2024-02-23 18:00:00+00:00,0.0,13.97
2024-02-23 19:00:00+00:00,0.0,14.14
2024-02-23 20:00:00+00:00,0.0,14.25
2024-02-23 21:00:00+00:00,0.0,14.24
2024-02-23 22:00:00+00:00,0.0,14.22
2024-02-23 23:00:00+00:00,36.33,14.47
2024-02-24 00:00:00+00:00,107.38,15.16
2024-02-24 01:00:00+00:00,165.95,16.25
2024-02-24 02:00:00+00:00,265.5,17.74
2024-02-24 03:00:00+00:00,353.7,19.03
2024-02-24 04:00:00+00:00,408.88,19.89
2024-02-24 05:00:00+00:00,353.23,20.52
2024-02-24 06:00:00+00:00,271.85,20.97
2024-02-24 07:00:00+00:00,212.43,21.13
2024-02-24 08:00:00+00:00,133.02,21.07
2024-02-24 09:00:00+00:00,52.45,20.75
2024-02-24 10:00:00+00:00,2.53,19.96
2024-02-24 11:00:00+00:00,0.0,19.3
2024-02-24 12:00:00+00:00,0.0,18.11
2024-02-24 13:00:00+00:00,0.0,16.67
2024-02-24 14:00:00+00:00,0.0,15.43
2024-02-24 15:00:00+00:00,0.0,14.56
2024-02-24 16:00:00+00:00,0.0,13.98
2024-02-24 17:00:00+00:00,0.0,13.46
2024-02-24 18:00:00+00:00,0.0,13.1
2024-02-24 19:00:00+00:00,0.0,12.88
2024-02-24 20:00:00+00:00,0.0,12.71
2024-02-24 21:00:00+00:00,0.0,12.41
2024-02-24 22:00:00+00:00,0.0,12.12
2024-02-24 23:00:00+00:00,43.62,12.09
2024-02-25 00:00:00+00:00,122.88,12.48
2024-02-25 01:00:00+00:00,165.75,13.34
2024-02-25 02:00:00+00:00,287.45,14.62
2024-02-25 03:00:00+00:00,412.48,15.8
2024-02-25 04:00:00+00:00,542.92,16.8
2024-02-25 05:00:00+00:00,519.33,17.8
2024-02-25 06:00:00+00:00,567.3,18.65
2024-02-25 07:00:00+00:00,399.17,19.24
2024-02-25 08:00:00+00:00,231.0,19.55
2024-02-25 09:00:00+00:00,78.88,19.45
2024-02-25 10:00:00+00:00,2.97,18.66
2024-02-25 11:00:00+00:00,0.0,18.29
2024-02-25 12:00:00+00:00,0.0,17.91
2024-02-25 13:00:00+00:00,0.0,17.42
2024-02-25 14:00:00+00:00,0.0,17.03
2024-02-25 15:00:00+00:00,0.0,16.45
2024-02-25 16:00:00+00:00,0.0,15.62
2024-02-25 17:00:00+00:00,0.0,14.72
2024-02-25 18:00:00+00:00,0.0,14.09
2024-02-25 19:00:00+00:00,0.0,13.7
2024-02-25 20:00:00+00:00,0.0,13.38
2024-02-25 21:00:00+00:00,0.0,13.09
2024-02-25 22:00:00+00:00,0.0,13.04
2024-02-25 23:00:00+00:00,19.27,13.31
2024-02-26 00:00:00+00:00,73.28,13.84
2024-02-26 01:00:00+00:00,156.1,14.71
2024-02-26 02:00:00+00:00,242.52,16.02
2024-02-26 03:00:00+00:00,365.7,17.16
2024-02-26 04:00:00+00:00,522.58,18.35
2024-02-26 05:00:00+00:00,459.02,19.15
2024-02-26 06:00:00+00:00,472.23,19.8
2024-02-26 07:00:00+00:00,406.83,20.25
2024-02-26 08:00:00+00:00,223.35,20.34
2024-02-26 09:00:00+00:00,76.18,19.99
2024-02-26 10:00:00+00:00,2.72,19.26
2024-02-26 11:00:00+00:00,0.0,18.81
2024-02-26 12:00:00+00:00,0.0,18.22
2024-02-26 13:00:00+00:00,0.0,17.34
2024-02-26 14:00:00+00:00,0.0,16.03
2024-02-26 15:00:00+00:00,0.0,15.38
2024-02-26 16:00:00+00:00,0.0,15.15
2024-02-26 17:00:00+00:00,0.0,14.69
2024-02-26 18:00:00+00:00,0.0,13.92
2024-02-26 19:00:00+00:00,0.0,13.21
2024-02-26 20:00:00+00:00,0.0,12.83
2024-02-26 21:00:00+00:00,0.0,12.65
2024-02-26 22:00:00+00:00,0.0,12.47
2024-02-26 23:00:00+00:00,32.33,12.54
2024-02-27 00:00:00+00:00,96.05,13.05
2024-02-27 01:00:00+00:00,171.82,14.08
2024-02-27 02:00:00+00:00,296.17,15.55
2024-02-27 03:00:00+00:00,408.52,16.87
2024-02-27 04:00:00+00:00,470.58,17.94
2024-02-27 05:00:00+00:00,441.77,18.74
2024-02-27 06:00:00+00:00,356.1,19.31
2024-02-27 07:00:00+00:00,265.62,19.54
2024-02-27 08:00:00+00:00,146.05,19.41
2024-02-27 09:00:00+00:00,54.03,18.93
2024-02-27 10:00:00+00:00,2.03,18.16
2024-02-27 11:00:00+00:00,0.0,17.82
2024-02-27 12:00:00+00:00,0.0,17.46
2024-02-27 13:00:00+00:00,0.0,17.16
2024-02-27 14:00:00+00:00,0.0,16.91
2024-02-27 15:00:00+00:00,0.0,16.69
2024-02-27 16:00:00+00:00,0.0,16.51
2024-02-27 17:00:00+00:00,0.0,16.36
2024-02-27 18:00:00+00:00,0.0,16.21
2024-02-27 19:00:00+00:00,0.0,16.18
2024-02-27 20:00:00+00:00,0.0,16.28
2024-02-27 21:00:00+00:00,0.0,16.36
2024-02-27 22:00:00+00:00,0.0,16.43
2024-02-27 23:00:00+00:00,30.92,16.96
2024-02-28 00:00:00+00:00,79.45,17.79
2024-02-28 01:00:00+00:00,151.45,19.07
2024-02-28 02:00:00+00:00,178.88,20.39
2024-02-28 03:00:00+00:00,290.15,21.18
2024-02-28 04:00:00+00:00,379.0,21.55
2024-02-28 05:00:00+00:00,360.98,21.7
2024-02-28 06:00:00+00:00,295.85,21.66
2024-02-28 07:00:00+00:00,146.32,21.46
2024-02-28 08:00:00+00:00,89.07,21.06
2024-02-28 09:00:00+00:00,21.45,20.5
2024-02-28 10:00:00+00:00,1.98,19.87
2024-02-28 11:00:00+00:00,0.0,19.44
2024-02-28 12:00:00+00:00,0.0,19.14
2024-02-28 13:00:00+00:00,0.0,18.87
2024-02-28 14:00:00+00:00,0.0,18.59
2024-02-28 15:00:00+00:00,0.0,18.45
2024-02-28 16:00:00+00:00,0.0,18.4
2024-02-28 17:00:00+00:00,0.0,18.31
2024-02-28 18:00:00+00:00,0.0,18.19
2024-02-28 19:00:00+00:00,0.0,18.05
2024-02-28 20:00:00+00:00,0.0,17.89
2024-02-28 21:00:00+00:00,0.0,17.71
2024-02-28 22:00:00+00:00,0.0,17.52
2024-02-28 23:00:00+00:00,21.92,17.86
2024-02-29 00:00:00+00:00,74.45,18.55
2024-02-29 01:00:00+00:00,136.68,19.53
2024-02-29 02:00:00+00:00,235.95,20.62
2024-02-29 03:00:00+00:00,331.0,21.17
2024-02-29 04:00:00+00:00,327.48,21.31
2024-02-29 05:00:00+00:00,268.3,21.32
2024-02-29 06:00:00+00:00,225.15,20.91
2024-02-29 07:00:00+00:00,110.75,19.88
2024-02-29 08:00:00+00:00,68.93,18.09
2024-02-29 09:00:00+00:00,27.33,16.67
2024-02-29 10:00:00+00:00,1.98,16.22
2024-02-29 11:00:00+00:00,0.0,16.12
2024-02-29 12:00:00+00:00,0.0,15.01
2024-02-29 13:00:00+00:00,0.0,13.31
2024-02-29 14:00:00+00:00,0.0,12.58
2024-02-29 15:00:00+00:00,0.0,12.62
2024-02-29 16:00:00+00:00,0.0,12.67
2024-02-29 17:00:00+00:00,0.0,12.31
2024-02-29 18:00:00+00:00,0.0,11.87
2024-02-29 19:00:00+00:00,0.0,11.68
2024-02-29 20:00:00+00:00,0.0,11.75
2024-02-29 21:00:00+00:00,0.0,11.75
2024-02-29 22:00:00+00:00,0.0,11.68
2024-02-29 23:00:00+00:00,24.8,11.85
2024-03-01 00:00:00+00:00,41.0,12.58
2024-03-01 01:00:00+00:00,77.95,13.69
2024-03-01 02:00:00+00:00,120.53,14.83
2024-03-01 03:00:00+00:00,129.98,15.39
2024-03-01 04:00:00+00:00,137.18,15.48
2024-03-01 05:00:00+00:00,149.27,15.48
2024-03-01 06:00:00+00:00,179.57,15.56
2024-03-01 07:00:00+00:00,85.47,15.76
2024-03-01 08:00:00+00:00,52.25,15.85
2024-03-01 09:00:00+00:00,20.62,15.6
2024-03-01 10:00:00+00:00,1.15,15.13
2024-03-01 11:00:00+00:00,0.0,14.46
2024-03-01 12:00:00+00:00,0.0,13.62
2024-03-01 13:00:00+00:00,0.0,12.78
2024-03-01 14:00:00+00:00,0.0,11.82
2024-03-01 15:00:00+00:00,0.0,11.07
2024-03-01 16:00:00+00:00,0.0,10.72
2024-03-01 17:00:00+00:00,0.0,10.58
2024-03-01 18:00:00+00:00,0.0,10.55
2024-03-01 19:00:00+00:00,0.0,10.5
2024-03-01 20:00:00+00:00,0.0,10.4
2024-03-01 21:00:00+00:00,0.0,10.21
2024-03-01 22:00:00+00:00,0.0,10.12
2024-03-01 23:00:00+00:00,16.02,10.34
2024-03-02 00:00:00+00:00,49.75,11.06
2024-03-02 01:00:00+00:00,88.32,12.26
2024-03-02 02:00:00+00:00,134.82,13.63
2024-03-02 03:00:00+00:00,305.58,14.68
2024-03-02 04:00:00+00:00,317.95,15.55
2024-03-02 05:00:00+00:00,265.77,16.33
2024-03-02 06:00:00+00:00,299.67,16.97
2024-03-02 07:00:00+00:00,277.35,17.38
2024-03-02 08:00:00+00:00,151.12,17.48
2024-03-02 09:00:00+00:00,54.58,17.23
2024-03-02 10:00:00+00:00,1.42,16.51
2024-03-02 11:00:00+00:00,0.0,16.04
2024-03-02 12:00:00+00:00,0.0,15.65
2024-03-02 13:00:00+00:00,0.0,15.31
2024-03-02 14:00:00+00:00,0.0,14.89
2024-03-02 15:00:00+00:00,0.0,14.74
2024-03-02 16:00:00+00:00,0.0,14.7
2024-03-02 17:00:00+00:00,0.0,14.69
2024-03-02 18:00:00+00:00,0.0,14.66
2024-03-02 19:00:00+00:00,0.0,14.61
2024-03-02 20:00:00+00:00,0.0,14.54
2024-03-02 21:00:00+00:00,0.0,14.48
2024-03-02 22:00:00+00:00,0.0,14.46
2024-03-02 23:00:00+00:00,26.23,15.06
2024-03-03 00:00:00+00:00,75.15,15.81
2024-03-03 01:00:00+00:00,154.15,16.91
2024-03-03 02:00:00+00:00,259.75,18.04
2024-03-03 03:00:00+00:00,347.9,18.85
2024-03-03 04:00:00+00:00,444.67,19.61
2024-03-03 05:00:00+00:00,354.15,20.15
2024-03-03 06:00:00+00:00,215.93,20.39
2024-03-03 07:00:00+00:00,162.82,20.26
2024-03-03 08:00:00+00:00,91.15,19.89
2024-03-03 09:00:00+00:00,20.67,19.49
2024-03-03 10:00:00+00:00,1.3,19.16
2024-03-03 11:00:00+00:00,0.0,19.07
2024-03-03 12:00:00+00:00,0.0,19.16
2024-03-03 13:00:00+00:00,0.0,19.26
2024-03-03 14:00:00+00:00,0.0,19.3
2024-03-03 15:00:00+00:00,0.0,19.34
2024-03-03 16:00:00+00:00,0.0,19.4
2024-03-03 17:00:00+00:00,0.0,19.45
2024-03-03 18:00:00+00:00,0.0,19.58
2024-03-03 19:00:00+00:00,0.0,19.7
2024-03-03 20:00:00+00:00,0.0,20.07
2024-03-03 21:00:00+00:00,0.0,20.16
2024-03-03 22:00:00+00:00,0.0,20.24
2024-03-03 23:00:00+00:00,27.02,20.41
2024-03-04 00:00:00+00:00,85.68,21.06
2024-03-04 01:00:00+00:00,152.7,22.03
2024-03-04 02:00:00+00:00,250.02,22.84
2024-03-04 03:00:00+00:00,347.73,23.34
2024-03-04 04:00:00+00:00,327.23,23.48
2024-03-04 05:00:00+00:00,424.95,23.47
2024-03-04 06:00:00+00:00,318.88,23.39
2024-03-04 07:00:00+00:00,206.32,23.14
2024-03-04 08:00:00+00:00,117.55,22.66
2024-03-04 09:00:00+00:00,39.65,22.07
2024-03-04 10:00:00+00:00,1.88,21.69
2024-03-04 11:00:00+00:00,0.0,21.56
2024-03-04 12:00:00+00:00,0.0,21.6
2024-03-04 13:00:00+00:00,0.0,21.47
2024-03-04 14:00:00+00:00,0.0,21.3
2024-03-04 15:00:00+00:00,0.0,21.19
2024-03-04 16:00:00+00:00,0.0,21.11
2024-03-04 17:00:00+00:00,0.0,21.07
2024-03-04 18:00:00+00:00,0.0,21.06
2024-03-04 19:00:00+00:00,0.0,21.04
2024-03-04 20:00:00+00:00,0.0,21.05
2024-03-04 21:00:00+00:00,0.0,21.08
2024-03-04 22:00:00+00:00,0.0,21.21
2024-03-04 23:00:00+00:00,36.25,21.97
2024-03-05 00:00:00+00:00,147.77,22.68
2024-03-05 01:00:00+00:00,281.42,23.64
2024-03-05 02:00:00+00:00,414.98,24.31
2024-03-05 03:00:00+00:00,479.55,24.77
2024-03-05 04:00:00+00:00,517.83,25.05
2024-03-05 05:00:00+00:00,502.15,25.18
2024-03-05 06:00:00+00:00,418.83,25.1
2024-03-05 07:00:00+00:00,278.27,24.84
2024-03-05 08:00:00+00:00,153.88,24.36
2024-03-05 09:00:00+00:00,32.8,23.58
2024-03-05 10:00:00+00:00,1.73,22.76
2024-03-05 11:00:00+00:00,0.0,22.46
2024-03-05 12:00:00+00:00,0.0,22.26
2024-03-05 13:00:00+00:00,0.0,22.06
2024-03-05 14:00:00+00:00,0.0,21.96
2024-03-05 15:00:00+00:00,0.0,21.87
2024-03-05 16:00:00+00:00,0.0,21.8
2024-03-05 17:00:00+00:00,0.0,21.84
2024-03-05 18:00:00+00:00,0.0,22.24
2024-03-05 19:00:00+00:00,0.0,21.39
2024-03-05 20:00:00+00:00,0.0,20.67
2024-03-05 21:00:00+00:00,0.0,19.82
2024-03-05 22:00:00+00:00,2.2,19.4
2024-03-05 23:00:00+00:00,49.6,19.42
2024-03-06 00:00:00+00:00,164.5,20.07
2024-03-06 01:00:00+00:00,296.17,21.33
2024-03-06 02:00:00+00:00,370.45,22.54
2024-03-06 03:00:00+00:00,390.88,23.17
2024-03-06 04:00:00+00:00,466.92,23.54
2024-03-06 05:00:00+00:00,360.12,23.96
2024-03-06 06:00:00+00:00,288.08,24.38
2024-03-06 07:00:00+00:00,183.3,24.57
2024-03-06 08:00:00+00:00,101.9,24.36
2024-03-06 09:00:00+00:00,30.85,23.82
2024-03-06 10:00:00+00:00,2.2,22.87
2024-03-06 11:00:00+00:00,0.0,22.0
2024-03-06 12:00:00+00:00,0.0,20.57
2024-03-06 13:00:00+00:00,0.0,19.28
2024-03-06 14:00:00+00:00,0.0,17.93
2024-03-06 15:00:00+00:00,0.0,16.85
2024-03-06 16:00:00+00:00,0.0,16.61
2024-03-06 17:00:00+00:00,0.0,16.69
2024-03-06 18:00:00+00:00,0.0,16.74
2024-03-06 19:00:00+00:00,0.0,16.62
2024-03-06 20:00:00+00:00,0.0,16.53
2024-03-06 21:00:00+00:00,0.0,16.39
2024-03-06 22:00:00+00:00,1.05,16.15
2024-03-06 23:00:00+00:00,18.67,16.06
2024-03-07 00:00:00+00:00,65.25,16.32
2024-03-07 01:00:00+00:00,124.68,16.88
2024-03-07 02:00:00+00:00,245.35,17.69
2024-03-07 03:00:00+00:00,321.3,18.5
2024-03-07 04:00:00+00:00,305.52,19.14
2024-03-07 05:00:00+00:00,298.65,19.81
2024-03-07 06:00:00+00:00,234.6,20.41
2024-03-07 07:00:00+00:00,157.6,20.78
2024-03-07 08:00:00+00:00,88.15,20.95
2024-03-07 09:00:00+00:00,31.33,20.79
2024-03-07 10:00:00+00:00,1.8,20.21
2024-03-07 11:00:00+00:00,0.0,19.97
2024-03-07 12:00:00+00:00,0.0,19.67
2024-03-07 13:00:00+00:00,0.0,19.19
2024-03-07 14:00:00+00:00,0.0,18.59
2024-03-07 15:00:00+00:00,0.0,17.75
2024-03-07 16:00:00+00:00,0.0,17.0
2024-03-07 17:00:00+00:00,0.0,16.25
2024-03-07 18:00:00+00:00,0.0,15.7
2024-03-07 19:00:00+00:00,0.0,15.47
2024-03-07 20:00:00+00:00,0.0,15.36
2024-03-07 21:00:00+00:00,0.0,15.28
2024-03-07 22:00:00+00:00,1.25,15.28
2024-03-07 23:00:00+00:00,51.4,15.61
2024-03-08 00:00:00+00:00,145.18,16.3
2024-03-08 01:00:00+00:00,277.9,17.39
2024-03-08 02:00:00+00:00,507.12,18.7
2024-03-08 03:00:00+00:00,730.2,19.99
2024-03-08 04:00:00+00:00,844.35,21.07
2024-03-08 05:00:00+00:00,794.38,21.75
2024-03-08 06:00:00+00:00,671.97,21.94
2024-03-08 07:00:00+00:00,506.62,21.9
2024-03-08 08:00:00+00:00,273.25,21.65
2024-03-08 09:00:00+00:00,89.7,21.1
2024-03-08 10:00:00+00:00,4.82,19.84
2024-03-08 11:00:00+00:00,0.0,19.07
2024-03-08 12:00:00+00:00,0.0,18.68
2024-03-08 13:00:00+00:00,0.0,18.43
2024-03-08 14:00:00+00:00,0.0,18.22
2024-03-08 15:00:00+00:00,0.0,18.21
2024-03-08 16:00:00+00:00,0.0,18.24
2024-03-08 17:00:00+00:00,0.0,18.19
2024-03-08 18:00:00+00:00,0.0,18.08
2024-03-08 19:00:00+00:00,0.0,17.92
2024-03-08 20:00:00+00:00,0.0,17.82
2024-03-08 21:00:00+00:00,0.0,17.56
2024-03-08 22:00:00+00:00,1.0,17.18
2024-03-08 23:00:00+00:00,15.43,16.92
2024-03-09 00:00:00+00:00,40.1,16.9
2024-03-09 01:00:00+00:00,58.88,17.31
2024-03-09 02:00:00+00:00,107.88,18.0
2024-03-09 03:00:00+00:00,127.65,18.05
2024-03-09 04:00:00+00:00,175.7,18.09
2024-03-09 05:00:00+00:00,195.4,18.14
2024-03-09 06:00:00+00:00,138.15,17.67
2024-03-09 07:00:00+00:00,97.3,17.28
2024-03-09 08:00:00+00:00,64.35,17.3
2024-03-09 09:00:00+00:00,23.27,17.12
2024-03-09 10:00:00+00:00,1.73,16.8
2024-03-09 11:00:00+00:00,0.0,16.66
2024-03-09 12:00:00+00:00,0.0,16.53
2024-03-09 13:00:00+00:00,0.0,16.42
2024-03-09 14:00:00+00:00,0.0,16.31
2024-03-09 15:00:00+00:00,0.0,16.17
2024-03-09 16:00:00+00:00,0.0,15.95
2024-03-09 17:00:00+00:00,0.0,15.73
2024-03-09 18:00:00+00:00,0.0,15.69
2024-03-09 19:00:00+00:00,0.0,15.63
2024-03-09 20:00:00+00:00,0.0,15.42
2024-03-09 21:00:00+00:00,0.0,15.4
2024-03-09 22:00:00+00:00,0.82,15.56
2024-03-09 23:00:00+00:00,4.8,15.84
2024-03-10 00:00:00+00:00,23.65,16.38
2024-03-10 01:00:00+00:00,44.25,17.22
2024-03-10 02:00:00+00:00,68.12,18.09
2024-03-10 03:00:00+00:00,69.78,18.61
2024-03-10 04:00:00+00:00,77.1,19.0
2024-03-10 05:00:00+00:00,90.55,19.16
2024-03-10 06:00:00+00:00,40.85,18.82
2024-03-10 07:00:00+00:00,50.15,18.59
2024-03-10 08:00:00+00:00,45.05,18.36
2024-03-10 09:00:00+00:00,11.38,18.02
2024-03-10 10:00:00+00:00,1.8,17.73
2024-03-10 11:00:00+00:00,0.0,17.58
2024-03-10 12:00:00+00:00,0.0,17.46
2024-03-10 13:00:00+00:00,0.0,17.35
2024-03-10 14:00:00+00:00,0.0,17.29
2024-03-10 15:00:00+00:00,0.0,17.28
2024-03-10 16:00:00+00:00,0.0,17.29
2024-03-10 17:00:00+00:00,0.0,17.29
2024-03-10 18:00:00+00:00,0.0,17.22
2024-03-10 19:00:00+00:00,0.0,17.11
2024-03-10 20:00:00+00:00,0.0,17.1
2024-03-10 21:00:00+00:00,0.0,17.01
2024-03-10 22:00:00+00:00,1.33,16.95
2024-03-10 23:00:00+00:00,15.12,17.31
2024-03-11 00:00:00+00:00,35.55,17.32
2024-03-11 01:00:00+00:00,52.2,17.12
2024-03-11 02:00:00+00:00,70.3,17.26
2024-03-11 03:00:00+00:00,62.03,17.64
2024-03-11 04:00:00+00:00,133.5,18.13
2024-03-11 05:00:00+00:00,325.83,19.33
2024-03-11 06:00:00+00:00,266.48,20.68
2024-03-11 07:00:00+00:00,145.52,21.48
2024-03-11 08:00:00+00:00,105.2,21.81
2024-03-11 09:00:00+00:00,50.65,21.5
2024-03-11 10:00:00+00:00,4.68,20.25
2024-03-11 11:00:00+00:00,0.0,19.58
2024-03-11 12:00:00+00:00,0.0,19.11
2024-03-11 13:00:00+00:00,0.0,18.61
2024-03-11 14:00:00+00:00,0.0,17.94
2024-03-11 15:00:00+00:00,0.0,17.22
2024-03-11 16:00:00+00:00,0.0,16.65
2024-03-11 17:00:00+00:00,0.0,16.15
2024-03-11 18:00:00+00:00,0.0,15.72
2024-03-11 19:00:00+00:00,0.0,15.28
2024-03-11 20:00:00+00:00,0.0,14.8
2024-03-11 21:00:00+00:00,0.0,14.37
2024-03-11 22:00:00+00:00,6.22,14.1
2024-03-11 23:00:00+00:00,158.7,15.31
2024-03-12 00:00:00+00:00,412.48,16.38
2024-03-12 01:00:00+00:00,644.03,17.93
2024-03-12 02:00:00+00:00,825.85,19.75
2024-03-12 03:00:00+00:00,938.75,21.21
2024-03-12 04:00:00+00:00,989.15,22.09
2024-03-12 05:00:00+00:00,950.2,22.7
2024-03-12 06:00:00+00:00,826.83,22.94
2024-03-12 07:00:00+00:00,641.4,22.81
2024-03-12 08:00:00+00:00,415.27,22.37
2024-03-12 09:00:00+00:00,170.07,21.51
2024-03-12 10:00:00+00:00,9.45,19.79
2024-03-12 11:00:00+00:00,0.0,19.03
2024-03-12 12:00:00+00:00,0.0,18.61
2024-03-12 13:00:00+00:00,0.0,18.25
2024-03-12 14:00:00+00:00,0.0,17.91
2024-03-12 15:00:00+00:00,0.0,17.58
2024-03-12 16:00:00+00:00,0.0,17.28
2024-03-12 17:00:00+00:00,0.0,17.01
2024-03-12 18:00:00+00:00,0.0,16.75
2024-03-12 19:00:00+00:00,0.0,16.53
2024-03-12 20:00:00+00:00,0.0,16.32
2024-03-12 21:00:00+00:00,0.0,16.06
2024-03-12 22:00:00+00:00,4.45,15.97
2024-03-12 23:00:00+00:00,86.57,17.19
2024-03-13 00:00:00+00:00,247.73,18.69
2024-03-13 01:00:00+00:00,449.92,21.0
2024-03-13 02:00:00+00:00,589.47,22.0
2024-03-13 03:00:00+00:00,695.03,22.4
2024-03-13 04:00:00+00:00,747.5,22.72
2024-03-13 05:00:00+00:00,668.97,22.77
2024-03-13 06:00:00+00:00,513.7,22.64
2024-03-13 07:00:00+00:00,227.65,22.32
2024-03-13 08:00:00+00:00,134.2,21.87
2024-03-13 09:00:00+00:00,47.72,21.26
2024-03-13 10:00:00+00:00,3.83,20.52
2024-03-13 11:00:00+00:00,0.0,19.98
2024-03-13 12:00:00+00:00,0.0,19.49
2024-03-13 13:00:00+00:00,0.0,18.98
2024-03-13 14:00:00+00:00,0.0,18.59
2024-03-13 15:00:00+00:00,0.0,18.56
2024-03-13 16:00:00+00:00,0.0,18.72
2024-03-13 17:00:00+00:00,0.0,18.73
2024-03-13 18:00:00+00:00,0.0,18.76
2024-03-13 19:00:00+00:00,0.0,18.77
2024-03-13 20:00:00+00:00,0.0,18.79
2024-03-13 21:00:00+00:00,0.0,18.75
2024-03-13 22:00:00+00:00,2.05,18.71
2024-03-13 23:00:00+00:00,41.62,19.14
2024-03-14 00:00:00+00:00,134.18,19.86
2024-03-14 01:00:00+00:00,264.73,20.77
2024-03-14 02:00:00+00:00,309.92,21.46
2024-03-14 03:00:00+00:00,348.05,21.74
2024-03-14 04:00:00+00:00,302.42,21.41
2024-03-14 05:00:00+00:00,248.65,21.31
2024-03-14 06:00:00+00:00,248.98,21.38
2024-03-14 07:00:00+00:00,206.93,21.64
2024-03-14 08:00:00+00:00,117.57,21.71
2024-03-14 09:00:00+00:00,41.28,21.3
2024-03-14 10:00:00+00:00,3.17,20.57
2024-03-14 11:00:00+00:00,0.0,20.26
2024-03-14 12:00:00+00:00,0.0,20.01
2024-03-14 13:00:00+00:00,0.0,19.77
2024-03-14 14:00:00+00:00,0.0,19.53
2024-03-14 15:00:00+00:00,0.0,19.37
2024-03-14 16:00:00+00:00,0.0,19.18
2024-03-14 17:00:00+00:00,0.0,19.02
2024-03-14 18:00:00+00:00,0.0,18.87
2024-03-14 19:00:00+00:00,0.0,18.79
2024-03-14 20:00:00+00:00,0.0,18.8
2024-03-14 21:00:00+00:00,0.0,18.79
2024-03-14 22:00:00+00:00,2.78,18.75
2024-03-14 23:00:00+00:00,26.17,19.05
2024-03-15 00:00:00+00:00,92.4,19.66
2024-03-15 01:00:00+00:00,169.9,20.57
2024-03-15 02:00:00+00:00,235.65,21.46
2024-03-15 03:00:00+00:00,309.27,22.22
2024-03-15 04:00:00+00:00,338.5,22.75
2024-03-15 05:00:00+00:00,371.65,22.96
2024-03-15 06:00:00+00:00,357.58,23.02
2024-03-15 07:00:00+00:00,176.98,22.93
2024-03-15 08:00:00+00:00,113.45,22.61
2024-03-15 09:00:00+00:00,42.17,21.98
2024-03-15 10:00:00+00:00,3.5,21.17
2024-03-15 11:00:00+00:00,0.0,20.67
2024-03-15 12:00:00+00:00,0.0,20.42
2024-03-15 13:00:00+00:00,0.0,20.26
2024-03-15 14:00:00+00:00,0.0,20.11
2024-03-15 15:00:00+00:00,0.0,20.05
2024-03-15 16:00:00+00:00,0.0,19.99
2024-03-15 17:00:00+00:00,0.0,19.88
2024-03-15 18:00:00+00:00,0.0,19.73
2024-03-15 19:00:00+00:00,0.0,19.59
2024-03-15 20:00:00+00:00,0.0,19.52
2024-03-15 21:00:00+00:00,0.0,19.46
2024-03-15 22:00:00+00:00,3.42,19.41
2024-03-15 23:00:00+00:00,30.92,19.85
2024-03-16 00:00:00+00:00,104.05,20.82
2024-03-16 01:00:00+00:00,189.93,22.07
2024-03-16 02:00:00+00:00,259.92,23.22
2024-03-16 03:00:00+00:00,323.25,23.78
2024-03-16 04:00:00+00:00,340.6,24.04
2024-03-16 05:00:00+00:00,385.45,24.08
2024-03-16 06:00:00+00:00,310.77,23.97
2024-03-16 07:00:00+00:00,248.75,23.78
2024-03-16 08:00:00+00:00,150.65,23.37
2024-03-16 09:00:00+00:00,62.3,22.76
2024-03-16 10:00:00+00:00,4.6,21.96
2024-03-16 11:00:00+00:00,0.0,21.37
2024-03-16 12:00:00+00:00,0.0,21.01
2024-03-16 13:00:00+00:00,0.0,20.78
2024-03-16 14:00:00+00:00,0.0,20.59
2024-03-16 15:00:00+00:00,0.0,20.44
2024-03-16 16:00:00+00:00,0.0,20.32
2024-03-16 17:00:00+00:00,0.0,20.2
2024-03-16 18:00:00+00:00,0.0,20.1
2024-03-16 19:00:00+00:00,0.0,20.02
2024-03-16 20:00:00+00:00,0.0,19.95
2024-03-16 21:00:00+00:00,0.0,19.88
2024-03-16 22:00:00+00:00,5.5,19.92
2024-03-16 23:00:00+00:00,57.45,20.86
2024-03-17 00:00:00+00:00,177.2,21.88
2024-03-17 01:00:00+00:00,298.38,22.99
2024-03-17 02:00:00+00:00,519.75,23.79
2024-03-17 03:00:00+00:00,639.65,24.35
2024-03-17 04:00:00+00:00,704.72,24.81
2024-03-17 05:00:00+00:00,517.1,24.97
2024-03-17 06:00:00+00:00,489.35,24.81
2024-03-17 07:00:00+00:00,329.52,24.46
2024-03-17 08:00:00+00:00,184.77,23.91
2024-03-17 09:00:00+00:00,69.0,23.24
2024-03-17 10:00:00+00:00,5.43,22.36
2024-03-17 11:00:00+00:00,0.0,21.83
2024-03-17 12:00:00+00:00,0.0,21.51
2024-03-17 13:00:00+00:00,0.0,21.31
2024-03-17 14:00:00+00:00,0.0,21.17
2024-03-17 15:00:00+00:00,0.0,21.04
2024-03-17 16:00:00+00:00,0.0,20.96
2024-03-17 17:00:00+00:00,0.0,21.01
2024-03-17 18:00:00+00:00,0.0,21.13
2024-03-17 19:00:00+00:00,0.0,21.21
2024-03-17 20:00:00+00:00,0.0,21.1
2024-03-17 21:00:00+00:00,0.0,20.91
2024-03-17 22:00:00+00:00,5.03,20.75
2024-03-17 23:00:00+00:00,57.15,21.22
2024-03-18 00:00:00+00:00,136.35,21.93
2024-03-18 01:00:00+00:00,220.02,22.76
2024-03-18 02:00:00+00:00,307.17,23.49
2024-03-18 03:00:00+00:00,282.6,23.96
2024-03-18 04:00:00+00:00,337.0,24.32
2024-03-18 05:00:00+00:00,353.25,24.55
2024-03-18 06:00:00+00:00,251.65,24.46
2024-03-18 07:00:00+00:00,165.55,24.15
2024-03-18 08:00:00+00:00,107.53,23.66
2024-03-18 09:00:00+00:00,39.03,22.98
2024-03-18 10:00:00+00:00,3.9,22.12
2024-03-18 11:00:00+00:00,0.0,21.55
2024-03-18 12:00:00+00:00,0.0,21.17
2024-03-18 13:00:00+00:00,0.0,20.93
2024-03-18 14:00:00+00:00,0.0,20.76
2024-03-18 15:00:00+00:00,0.0,20.74
2024-03-18 16:00:00+00:00,0.0,20.74
2024-03-18 17:00:00+00:00,0.0,20.51
2024-03-18 18:00:00+00:00,0.0,19.97
2024-03-18 19:00:00+00:00,0.0,19.53
2024-03-18 20:00:00+00:00,0.0,19.32
2024-03-18 21:00:00+00:00,0.0,18.85
2024-03-18 22:00:00+00:00,2.65,18.07
2024-03-18 23:00:00+00:00,50.45,17.6
2024-03-19 00:00:00+00:00,112.75,17.73
2024-03-19 01:00:00+00:00,183.02,18.59
2024-03-19 02:00:00+00:00,355.25,20.09
2024-03-19 03:00:00+00:00,586.67,21.62
2024-03-19 04:00:00+00:00,738.85,22.38
2024-03-19 05:00:00+00:00,604.0,22.9
2024-03-19 06:00:00+00:00,481.77,23.26
2024-03-19 07:00:00+00:00,344.58,23.33
2024-03-19 08:00:00+00:00,210.25,23.14
2024-03-19 09:00:00+00:00,81.12,22.74
2024-03-19 10:00:00+00:00,6.53,21.73
2024-03-19 11:00:00+00:00,0.0,21.12
2024-03-19 12:00:00+00:00,0.0,20.13
2024-03-19 13:00:00+00:00,0.0,19.22
2024-03-19 14:00:00+00:00,0.0,18.73
2024-03-19 15:00:00+00:00,0.0,18.62
2024-03-19 16:00:00+00:00,0.0,18.59
2024-03-19 17:00:00+00:00,0.0,18.4
2024-03-19 18:00:00+00:00,0.0,18.03
2024-03-19 19:00:00+00:00,0.0,17.69
2024-03-19 20:00:00+00:00,0.0,17.45
2024-03-19 21:00:00+00:00,0.0,17.25
2024-03-19 22:00:00+00:00,8.45,17.08
2024-03-19 23:00:00+00:00,128.9,17.44
2024-03-20 00:00:00+00:00,344.58,18.21
2024-03-20 01:00:00+00:00,558.83,19.54
2024-03-20 02:00:00+00:00,767.12,20.77
2024-03-20 03:00:00+00:00,883.28,21.57
2024-03-20 04:00:00+00:00,884.03,22.08
2024-03-20 05:00:00+00:00,822.72,22.38
2024-03-20 06:00:00+00:00,712.6,22.65
2024-03-20 07:00:00+00:00,486.62,22.76
2024-03-20 08:00:00+00:00,294.67,22.57
2024-03-20 09:00:00+00:00,111.45,22.22
2024-03-20 10:00:00+00:00,7.57,21.21
2024-03-20 11:00:00+00:00,0.0,20.64
2024-03-20 12:00:00+00:00,0.0,20.18
2024-03-20 13:00:00+00:00,0.0,19.81
2024-03-20 14:00:00+00:00,0.0,19.52
2024-03-20 15:00:00+00:00,0.0,19.23
2024-03-20 16:00:00+00:00,0.0,18.9
2024-03-20 17:00:00+00:00,0.0,18.89
2024-03-20 18:00:00+00:00,0.0,18.78
2024-03-20 19:00:00+00:00,0.0,18.6
2024-03-20 20:00:00+00:00,0.0,18.42
2024-03-20 21:00:00+00:00,0.0,18.26
2024-03-20 22:00:00+00:00,7.53,18.25
2024-03-20 23:00:00+00:00,102.75,19.19
2024-03-21 00:00:00+00:00,278.2,19.98
2024-03-21 01:00:00+00:00,600.72,20.96
2024-03-21 02:00:00+00:00,635.97,21.93
2024-03-21 03:00:00+00:00,746.78,22.6
2024-03-21 04:00:00+00:00,887.17,22.96
2024-03-21 05:00:00+00:00,894.3,23.08
2024-03-21 06:00:00+00:00,745.15,22.95
2024-03-21 07:00:00+00:00,556.38,22.67
2024-03-21 08:00:00+00:00,333.1,22.2
2024-03-21 09:00:00+00:00,125.22,21.54
2024-03-21 10:00:00+00:00,8.1,20.64
2024-03-21 11:00:00+00:00,0.0,20.15
2024-03-21 12:00:00+00:00,0.0,19.95
2024-03-21 13:00:00+00:00,0.0,19.83
2024-03-21 14:00:00+00:00,0.0,19.82
2024-03-21 15:00:00+00:00,0.0,19.82
2024-03-21 16:00:00+00:00,0.0,19.92
2024-03-21 17:00:00+00:00,0.0,20.02
2024-03-21 18:00:00+00:00,0.0,20.01
2024-03-21 19:00:00+00:00,0.0,19.98
2024-03-21 20:00:00+00:00,0.0,20.04
2024-03-21 21:00:00+00:00,0.0,20.07
2024-03-21 22:00:00+00:00,5.3,20.24
2024-03-21 23:00:00+00:00,64.15,21.16
2024-03-22 00:00:00+00:00,176.43,21.99
2024-03-22 01:00:00+00:00,331.1,22.85
2024-03-22 02:00:00+00:00,459.7,23.54
2024-03-22 03:00:00+00:00,621.88,24.04
2024-03-22 04:00:00+00:00,706.7,24.29
2024-03-22 05:00:00+00:00,531.15,24.31
2024-03-22 06:00:00+00:00,543.0,24.2
2024-03-22 07:00:00+00:00,456.23,23.98
2024-03-22 08:00:00+00:00,257.88,23.63
2024-03-22 09:00:00+00:00,108.22,23.08
2024-03-22 10:00:00+00:00,8.43,22.34
2024-03-22 11:00:00+00:00,0.0,21.89
2024-03-22 12:00:00+00:00,0.0,21.68
2024-03-22 13:00:00+00:00,0.0,21.52
2024-03-22 14:00:00+00:00,0.0,21.42
2024-03-22 15:00:00+00:00,0.0,21.32
2024-03-22 16:00:00+00:00,0.0,21.22
2024-03-22 17:00:00+00:00,0.0,21.11
2024-03-22 18:00:00+00:00,0.0,21.02
2024-03-22 19:00:00+00:00,0.0,21.09
2024-03-22 20:00:00+00:00,0.0,21.22
2024-03-22 21:00:00+00:00,0.0,21.37
2024-03-22 22:00:00+00:00,10.27,21.57
2024-03-22 23:00:00+00:00,112.62,22.13
2024-03-23 00:00:00+00:00,267.25,22.87
2024-03-23 01:00:00+00:00,428.3,23.72
2024-03-23 02:00:00+00:00,489.73,24.49
2024-03-23 03:00:00+00:00,534.47,25.04
2024-03-23 04:00:00+00:00,603.17,25.23
2024-03-23 05:00:00+00:00,504.95,25.03
2024-03-23 06:00:00+00:00,551.97,24.66
2024-03-23 07:00:00+00:00,399.4,24.26
2024-03-23 08:00:00+00:00,245.52,23.98
2024-03-23 09:00:00+00:00,95.68,23.53
2024-03-23 10:00:00+00:00,8.43,23.0
2024-03-23 11:00:00+00:00,0.0,22.78
2024-03-23 12:00:00+00:00,0.0,22.71
2024-03-23 13:00:00+00:00,0.0,22.69
2024-03-23 14:00:00+00:00,0.0,22.79
2024-03-23 15:00:00+00:00,0.0,22.75
2024-03-23 16:00:00+00:00,0.0,22.67
2024-03-23 17:00:00+00:00,0.0,22.6
2024-03-23 18:00:00+00:00,0.0,22.54
2024-03-23 19:00:00+00:00,0.0,22.49
2024-03-23 20:00:00+00:00,0.0,22.46
2024-03-23 21:00:00+00:00,0.0,22.42
2024-03-23 22:00:00+00:00,12.98,22.45
2024-03-23 23:00:00+00:00,146.98,22.99
2024-03-24 00:00:00+00:00,354.8,23.52
2024-03-24 01:00:00+00:00,562.05,24.39
2024-03-24 02:00:00+00:00,693.85,25.06
2024-03-24 03:00:00+00:00,821.45,25.59
2024-03-24 04:00:00+00:00,862.15,26.09
2024-03-24 05:00:00+00:00,814.83,26.35
2024-03-24 06:00:00+00:00,755.58,26.36
2024-03-24 07:00:00+00:00,579.45,26.19
2024-03-24 08:00:00+00:00,362.52,25.76
2024-03-24 09:00:00+00:00,148.82,25.12
2024-03-24 10:00:00+00:00,10.82,24.21
2024-03-24 11:00:00+00:00,0.0,23.64
2024-03-24 12:00:00+00:00,0.0,23.36
2024-03-24 13:00:00+00:00,0.0,23.14
2024-03-24 14:00:00+00:00,0.0,23.0
2024-03-24 15:00:00+00:00,0.0,22.85
2024-03-24 16:00:00+00:00,0.0,22.69
2024-03-24 17:00:00+00:00,0.0,22.58
2024-03-24 18:00:00+00:00,0.0,22.5
2024-03-24 19:00:00+00:00,0.0,22.43
2024-03-24 20:00:00+00:00,0.0,22.39
2024-03-24 21:00:00+00:00,0.0,22.39
2024-03-24 22:00:00+00:00,12.2,22.55
2024-03-24 23:00:00+00:00,115.22,23.39
2024-03-25 00:00:00+00:00,266.88,24.17
2024-03-25 01:00:00+00:00,449.9,24.74
2024-03-25 02:00:00+00:00,587.6,25.17
2024-03-25 03:00:00+00:00,680.92,25.61
2024-03-25 04:00:00+00:00,719.92,26.04
2024-03-25 05:00:00+00:00,748.8,26.3
2024-03-25 06:00:00+00:00,668.05,26.45
2024-03-25 07:00:00+00:00,538.1,26.47
2024-03-25 08:00:00+00:00,334.8,26.22
2024-03-25 09:00:00+00:00,133.0,25.74
2024-03-25 10:00:00+00:00,9.65,24.79
2024-03-25 11:00:00+00:00,0.0,24.17
2024-03-25 12:00:00+00:00,0.0,23.88
2024-03-25 13:00:00+00:00,0.0,23.63
2024-03-25 14:00:00+00:00,0.0,23.43
2024-03-25 15:00:00+00:00,0.0,23.27
2024-03-25 16:00:00+00:00,0.0,23.26
2024-03-25 17:00:00+00:00,0.0,23.19
2024-03-25 18:00:00+00:00,0.0,22.75
2024-03-25 19:00:00+00:00,0.0,22.49
2024-03-25 20:00:00+00:00,0.0,22.35
2024-03-25 21:00:00+00:00,0.0,22.34
2024-03-25 22:00:00+00:00,12.98,22.2
2024-03-25 23:00:00+00:00,140.0,22.13
2024-03-26 00:00:00+00:00,334.48,22.55
2024-03-26 01:00:00+00:00,522.72,23.98
2024-03-26 02:00:00+00:00,718.83,25.39
2024-03-26 03:00:00+00:00,830.62,26.95
2024-03-26 04:00:00+00:00,839.25,28.46
2024-03-26 05:00:00+00:00,803.3,29.45
2024-03-26 06:00:00+00:00,684.92,29.73
2024-03-26 07:00:00+00:00,514.62,29.47
2024-03-26 08:00:00+00:00,318.12,28.72
2024-03-26 09:00:00+00:00,128.05,27.55
2024-03-26 10:00:00+00:00,9.85,25.83
2024-03-26 11:00:00+00:00,0.0,24.68
2024-03-26 12:00:00+00:00,0.0,24.16
2024-03-26 13:00:00+00:00,0.0,23.89
2024-03-26 14:00:00+00:00,0.0,23.7
2024-03-26 15:00:00+00:00,0.0,23.51
2024-03-26 16:00:00+00:00,0.0,23.35
2024-03-26 17:00:00+00:00,0.0,23.17
2024-03-26 18:00:00+00:00,0.0,22.95
2024-03-26 19:00:00+00:00,0.0,22.71
2024-03-26 20:00:00+00:00,0.0,22.47
2024-03-26 21:00:00+00:00,0.0,22.16
2024-03-26 22:00:00+00:00,9.1,21.93
2024-03-26 23:00:00+00:00,78.07,22.2
2024-03-27 00:00:00+00:00,176.77,22.96
2024-03-27 01:00:00+00:00,291.3,23.95
2024-03-27 02:00:00+00:00,352.83,24.81
2024-03-27 03:00:00+00:00,417.83,25.42
2024-03-27 04:00:00+00:00,584.25,25.81
2024-03-27 05:00:00+00:00,498.08,25.99
2024-03-27 06:00:00+00:00,504.52,25.9
2024-03-27 07:00:00+00:00,377.98,25.62
2024-03-27 08:00:00+00:00,229.98,25.12
2024-03-27 09:00:00+00:00,103.03,24.48
2024-03-27 10:00:00+00:00,9.75,23.72
2024-03-27 11:00:00+00:00,0.0,23.2
2024-03-27 12:00:00+00:00,0.0,22.84
2024-03-27 13:00:00+00:00,0.0,22.62
2024-03-27 14:00:00+00:00,0.0,22.43
2024-03-27 15:00:00+00:00,0.0,22.34
2024-03-27 16:00:00+00:00,0.0,22.34
2024-03-27 17:00:00+00:00,0.0,22.37
2024-03-27 18:00:00+00:00,0.0,22.34
2024-03-27 19:00:00+00:00,0.0,22.42
2024-03-27 20:00:00+00:00,0.0,22.39
2024-03-27 21:00:00+00:00,0.0,22.26
2024-03-27 22:00:00+00:00,12.0,22.34
2024-03-27 23:00:00+00:00,101.03,23.0
2024-03-28 00:00:00+00:00,224.43,23.5
2024-03-28 01:00:00+00:00,427.88,24.11
2024-03-28 02:00:00+00:00,582.47,24.83
2024-03-28 03:00:00+00:00,617.28,25.52
2024-03-28 04:00:00+00:00,560.85,26.12
2024-03-28 05:00:00+00:00,439.95,26.56
2024-03-28 06:00:00+00:00,383.83,26.68
2024-03-28 07:00:00+00:00,298.62,26.78
2024-03-28 08:00:00+00:00,186.73,26.83
2024-03-28 09:00:00+00:00,77.07,26.69
2024-03-28 10:00:00+00:00,6.97,25.74
2024-03-28 11:00:00+00:00,0.0,24.8
2024-03-28 12:00:00+00:00,0.0,24.17
2024-03-28 13:00:00+00:00,0.0,23.69
2024-03-28 14:00:00+00:00,0.0,23.33
2024-03-28 15:00:00+00:00,0.0,23.1
2024-03-28 16:00:00+00:00,0.0,22.97
2024-03-28 17:00:00+00:00,0.0,22.91
2024-03-28 18:00:00+00:00,0.0,22.81
2024-03-28 19:00:00+00:00,0.0,22.66
2024-03-28 20:00:00+00:00,0.0,22.48
2024-03-28 21:00:00+00:00,0.0,22.33
2024-03-28 22:00:00+00:00,8.27,22.25
2024-03-28 23:00:00+00:00,82.75,22.65
2024-03-29 00:00:00+00:00,196.2,23.28
2024-03-29 01:00:00+00:00,350.6,24.68
2024-03-29 02:00:00+00:00,516.92,26.64
2024-03-29 03:00:00+00:00,582.88,27.84
2024-03-29 04:00:00+00:00,576.67,28.46
2024-03-29 05:00:00+00:00,520.1,28.36
2024-03-29 06:00:00+00:00,399.17,27.62
2024-03-29 07:00:00+00:00,278.9,26.7
2024-03-29 08:00:00+00:00,166.1,25.82
2024-03-29 09:00:00+00:00,70.0,24.92
2024-03-29 10:00:00+00:00,5.55,24.22
2024-03-29 11:00:00+00:00,0.0,23.82
2024-03-29 12:00:00+00:00,0.0,23.6
2024-03-29 13:00:00+00:00,0.0,23.44
2024-03-29 14:00:00+00:00,0.0,23.32
2024-03-29 15:00:00+00:00,0.0,23.19
2024-03-29 16:00:00+00:00,0.0,23.05
2024-03-29 17:00:00+00:00,0.0,22.91
2024-03-29 18:00:00+00:00,0.0,22.84
2024-03-29 19:00:00+00:00,0.0,22.75
2024-03-29 20:00:00+00:00,0.0,22.69
2024-03-29 21:00:00+00:00,0.0,22.64
2024-03-29 22:00:00+00:00,12.88,22.75
2024-03-29 23:00:00+00:00,117.72,23.6
2024-03-30 00:00:00+00:00,281.17,24.45
2024-03-30 01:00:00+00:00,468.6,25.4
2024-03-30 02:00:00+00:00,608.62,26.14
2024-03-30 03:00:00+00:00,705.2,26.61
2024-03-30 04:00:00+00:00,609.22,26.81
2024-03-30 05:00:00+00:00,555.58,26.88
2024-03-30 06:00:00+00:00,464.2,26.79
2024-03-30 07:00:00+00:00,327.65,26.6
2024-03-30 08:00:00+00:00,198.23,26.26
2024-03-30 09:00:00+00:00,80.65,25.65
2024-03-30 10:00:00+00:00,7.28,24.93
2024-03-30 11:00:00+00:00,0.0,24.49
2024-03-30 12:00:00+00:00,0.0,24.34
2024-03-30 13:00:00+00:00,0.0,24.23
2024-03-30 14:00:00+00:00,0.0,24.15
2024-03-30 15:00:00+00:00,0.0,24.12
2024-03-30 16:00:00+00:00,0.0,24.11
2024-03-30 17:00:00+00:00,0.0,24.11
2024-03-30 18:00:00+00:00,0.0,24.13
2024-03-30 19:00:00+00:00,0.0,24.17
2024-03-30 20:00:00+00:00,0.0,24.2
2024-03-30 21:00:00+00:00,0.0,24.15
2024-03-30 22:00:00+00:00,10.57,24.24
2024-03-30 23:00:00+00:00,78.55,24.97
2024-03-31 00:00:00+00:00,176.32,25.89
2024-03-31 01:00:00+00:00,237.88,26.72
2024-03-31 02:00:00+00:00,386.45,27.32
2024-03-31 03:00:00+00:00,448.3,27.62
2024-03-31 04:00:00+00:00,368.8,27.68
2024-03-31 05:00:00+00:00,356.6,27.59
2024-03-31 06:00:00+00:00,275.05,27.31
2024-03-31 07:00:00+00:00,219.98,26.97
2024-03-31 08:00:00+00:00,142.68,26.49
2024-03-31 09:00:00+00:00,64.28,25.97
2024-03-31 10:00:00+00:00,6.45,25.41
2024-03-31 11:00:00+00:00,0.0,25.09
2024-03-31 12:00:00+00:00,0.0,25.01
2024-03-31 13:00:00+00:00,0.0,24.96
2024-03-31 14:00:00+00:00,0.0,24.9
2024-03-31 15:00:00+00:00,0.0,24.77
2024-03-31 16:00:00+00:00,0.0,24.62
2024-03-31 17:00:00+00:00,0.0,24.47
2024-03-31 18:00:00+00:00,0.0,24.36
2024-03-31 19:00:00+00:00,0.0,24.32
2024-03-31 20:00:00+00:00,0.0,24.3
2024-03-31 21:00:00+00:00,0.0,24.32
2024-03-31 22:00:00+00:00,18.77,24.51
2024-03-31 23:00:00+00:00,151.23,25.18
2024-04-01 00:00:00+00:00,249.25,25.95
2024-04-01 01:00:00+00:00,267.83,26.72
2024-04-01 02:00:00+00:00,315.65,27.2
2024-04-01 03:00:00+00:00,389.4,27.45
2024-04-01 04:00:00+00:00,383.98,27.65
2024-04-01 05:00:00+00:00,350.35,27.71
2024-04-01 06:00:00+00:00,349.4,27.57
2024-04-01 07:00:00+00:00,315.9,27.18
2024-04-01 08:00:00+00:00,202.3,26.68
2024-04-01 09:00:00+00:00,88.1,26.1
2024-04-01 10:00:00+00:00,9.18,25.51
2024-04-01 11:00:00+00:00,0.0,25.28
2024-04-01 12:00:00+00:00,0.0,25.18
2024-04-01 13:00:00+00:00,0.0,25.11
2024-04-01 14:00:00+00:00,0.0,25.07
2024-04-01 15:00:00+00:00,0.0,25.06
2024-04-01 16:00:00+00:00,0.0,25.07
2024-04-01 17:00:00+00:00,0.0,25.08
2024-04-01 18:00:00+00:00,0.0,25.04
2024-04-01 19:00:00+00:00,0.0,25.01
2024-04-01 20:00:00+00:00,0.0,25.01
2024-04-01 21:00:00+00:00,0.0,25.02
2024-04-01 22:00:00+00:00,20.25,25.09
2024-04-01 23:00:00+00:00,151.05,25.5
2024-04-02 00:00:00+00:00,306.75,26.17
2024-04-02 01:00:00+00:00,458.23,26.73
2024-04-02 02:00:00+00:00,595.53,26.98
2024-04-02 03:00:00+00:00,694.55,27.32
2024-04-02 04:00:00+00:00,647.88,27.53
2024-04-02 05:00:00+00:00,487.4,27.5
2024-04-02 06:00:00+00:00,569.05,27.31
2024-04-02 07:00:00+00:00,471.05,26.96
2024-04-02 08:00:00+00:00,309.67,26.54
2024-04-02 09:00:00+00:00,137.0,26.07
2024-04-02 10:00:00+00:00,12.43,25.58
2024-04-02 11:00:00+00:00,0.0,25.36
2024-04-02 12:00:00+00:00,0.0,25.29
2024-04-02 13:00:00+00:00,0.0,25.26
2024-04-02 14:00:00+00:00,0.0,25.19
2024-04-02 15:00:00+00:00,0.0,25.11
2024-04-02 16:00:00+00:00,0.0,24.97
2024-04-02 17:00:00+00:00,0.0,24.91
2024-04-02 18:00:00+00:00,0.0,24.86
2024-04-02 19:00:00+00:00,0.0,24.85
2024-04-02 20:00:00+00:00,0.0,24.89
2024-04-02 21:00:00+00:00,0.0,24.92
2024-04-02 22:00:00+00:00,19.08,25.0
2024-04-02 23:00:00+00:00,128.18,25.49
2024-04-03 00:00:00+00:00,273.05,26.26
2024-04-03 01:00:00+00:00,394.6,26.92
2024-04-03 02:00:00+00:00,483.6,27.35
2024-04-03 03:00:00+00:00,478.9,27.57
2024-04-03 04:00:00+00:00,457.52,27.71
2024-04-03 05:00:00+00:00,440.5,27.8
2024-04-03 06:00:00+00:00,376.45,27.7
2024-04-03 07:00:00+00:00,328.65,27.45
2024-04-03 08:00:00+00:00,216.75,27.1
2024-04-03 09:00:00+00:00,98.55,26.6
2024-04-03 10:00:00+00:00,10.5,25.94
2024-04-03 11:00:00+00:00,0.0,25.54
2024-04-03 12:00:00+00:00,0.0,25.43
2024-04-03 13:00:00+00:00,0.0,25.39
2024-04-03 14:00:00+00:00,0.0,25.34
2024-04-03 15:00:00+00:00,0.0,25.28
2024-04-03 16:00:00+00:00,0.0,25.23
2024-04-03 17:00:00+00:00,0.0,25.19
2024-04-03 18:00:00+00:00,0.0,25.16
2024-04-03 19:00:00+00:00,0.0,25.15
2024-04-03 20:00:00+00:00,0.0,25.17
2024-04-03 21:00:00+00:00,0.0,25.16
2024-04-03 22:00:00+00:00,16.58,25.28
2024-04-03 23:00:00+00:00,108.3,25.76
2024-04-04 00:00:00+00:00,236.1,26.47
2024-04-04 01:00:00+00:00,375.42,27.08
2024-04-04 02:00:00+00:00,501.88,27.44
2024-04-04 03:00:00+00:00,551.42,27.64
2024-04-04 04:00:00+00:00,579.88,27.69
2024-04-04 05:00:00+00:00,511.4,27.63
2024-04-04 06:00:00+00:00,467.88,27.49
2024-04-04 07:00:00+00:00,328.65,27.2
2024-04-04 08:00:00+00:00,210.57,26.79
2024-04-04 09:00:00+00:00,89.53,26.33
2024-04-04 10:00:00+00:00,9.27,25.74
2024-04-04 11:00:00+00:00,0.0,25.44
2024-04-04 12:00:00+00:00,0.0,25.36
2024-04-04 13:00:00+00:00,0.0,25.31
2024-04-04 14:00:00+00:00,0.0,25.25
2024-04-04 15:00:00+00:00,0.0,25.18
2024-04-04 16:00:00+00:00,0.0,25.12
2024-04-04 17:00:00+00:00,0.0,25.09
2024-04-04 18:00:00+00:00,0.0,25.07
2024-04-04 19:00:00+00:00,0.0,25.06
2024-04-04 20:00:00+00:00,0.0,25.05
2024-04-04 21:00:00+00:00,0.0,24.94
2024-04-04 22:00:00+00:00,12.75,24.94
2024-04-04 23:00:00+00:00,82.47,25.39
2024-04-05 00:00:00+00:00,194.1,26.16
2024-04-05 01:00:00+00:00,323.52,26.91
2024-04-05 02:00:00+00:00,392.02,27.44
2024-04-05 03:00:00+00:00,580.1,27.73
2024-04-05 04:00:00+00:00,415.95,27.64
2024-04-05 05:00:00+00:00,338.62,27.3
2024-04-05 06:00:00+00:00,414.92,26.98
2024-04-05 07:00:00+00:00,240.77,26.7
2024-04-05 08:00:00+00:00,142.3,26.5
2024-04-05 09:00:00+00:00,61.45,26.11
2024-04-05 10:00:00+00:00,5.78,25.49
2024-04-05 11:00:00+00:00,0.0,25.05
2024-04-05 12:00:00+00:00,0.0,24.88
2024-04-05 13:00:00+00:00,0.0,24.8
2024-04-05 14:00:00+00:00,0.0,24.74
2024-04-05 15:00:00+00:00,0.0,24.66
2024-04-05 16:00:00+00:00,0.0,24.58
2024-04-05 17:00:00+00:00,0.0,24.49
2024-04-05 18:00:00+00:00,0.0,24.38
2024-04-05 19:00:00+00:00,0.0,24.29
2024-04-05 20:00:00+00:00,0.0,24.23
2024-04-05 21:00:00+00:00,0.0,24.19
2024-04-05 22:00:00+00:00,7.78,24.36
2024-04-05 23:00:00+00:00,68.3,24.77
2024-04-06 00:00:00+00:00,172.57,25.42
2024-04-06 01:00:00+00:00,249.05,26.2
2024-04-06 02:00:00+00:00,315.08,26.77
2024-04-06 03:00:00+00:00,81.78,27.09
2024-04-06 04:00:00+00:00,45.33,27.25
2024-04-06 05:00:00+00:00,110.1,26.68
2024-04-06 06:00:00+00:00,133.4,26.03
2024-04-06 07:00:00+00:00,107.45,25.62
2024-04-06 08:00:00+00:00,69.72,25.3
2024-04-06 09:00:00+00:00,29.25,25.12
2024-04-06 10:00:00+00:00,3.03,24.85
2024-04-06 11:00:00+00:00,0.0,24.7
2024-04-06 12:00:00+00:00,0.0,24.61
2024-04-06 13:00:00+00:00,0.0,24.56
2024-04-06 14:00:00+00:00,0.0,24.52
2024-04-06 15:00:00+00:00,0.0,24.54
2024-04-06 16:00:00+00:00,0.0,24.48
2024-04-06 17:00:00+00:00,0.0,24.41
2024-04-06 18:00:00+00:00,0.0,24.38
2024-04-06 19:00:00+00:00,0.0,24.31
2024-04-06 20:00:00+00:00,0.0,24.17
2024-04-06 21:00:00+00:00,0.0,24.07
2024-04-06 22:00:00+00:00,11.68,24.19
2024-04-06 23:00:00+00:00,95.53,24.84
2024-04-07 00:00:00+00:00,230.02,25.47
2024-04-07 01:00:00+00:00,363.98,26.21
2024-04-07 02:00:00+00:00,374.7,26.8
2024-04-07 03:00:00+00:00,366.65,27.16
2024-04-07 04:00:00+00:00,449.95,27.3
2024-04-07 05:00:00+00:00,298.1,27.29
2024-04-07 06:00:00+00:00,299.95,27.25
2024-04-07 07:00:00+00:00,95.68,27.27
2024-04-07 08:00:00+00:00,121.32,27.08
2024-04-07 09:00:00+00:00,55.38,26.55
2024-04-07 10:00:00+00:00,6.35,25.82
2024-04-07 11:00:00+00:00,0.0,25.43
2024-04-07 12:00:00+00:00,0.0,25.17
2024-04-07 13:00:00+00:00,0.0,25.0
2024-04-07 14:00:00+00:00,0.0,24.97
2024-04-07 15:00:00+00:00,0.0,25.01
2024-04-07 16:00:00+00:00,0.0,24.98
2024-04-07 17:00:00+00:00,0.0,24.85
2024-04-07 18:00:00+00:00,0.0,24.56
2024-04-07 19:00:00+00:00,0.0,24.31
2024-04-07 20:00:00+00:00,0.0,24.17
2024-04-07 21:00:00+00:00,0.0,24.11
2024-04-07 22:00:00+00:00,12.68,24.29
2024-04-07 23:00:00+00:00,80.88,24.95
2024-04-08 00:00:00+00:00,177.05,25.79
2024-04-08 01:00:00+00:00,282.12,26.77
2024-04-08 02:00:00+00:00,342.0,27.5
2024-04-08 03:00:00+00:00,377.1,27.93
2024-04-08 04:00:00+00:00,389.4,28.2
2024-04-08 05:00:00+00:00,316.5,28.54
2024-04-08 06:00:00+00:00,275.92,28.77
2024-04-08 07:00:00+00:00,212.73,28.7
2024-04-08 08:00:00+00:00,114.5,28.06
2024-04-08 09:00:00+00:00,44.47,26.72
2024-04-08 10:00:00+00:00,3.95,25.53
2024-04-08 11:00:00+00:00,0.0,24.66
2024-04-08 12:00:00+00:00,0.0,23.82
2024-04-08 13:00:00+00:00,0.0,23.07
2024-04-08 14:00:00+00:00,0.0,22.41
2024-04-08 15:00:00+00:00,0.0,22.21
2024-04-08 16:00:00+00:00,0.0,22.34
2024-04-08 17:00:00+00:00,0.0,22.24
2024-04-08 18:00:00+00:00,0.0,21.59
2024-04-08 19:00:00+00:00,0.0,20.9
2024-04-08 20:00:00+00:00,0.0,20.53
2024-04-08 21:00:00+00:00,0.0,20.41
2024-04-08 22:00:00+00:00,10.8,20.51
2024-04-08 23:00:00+00:00,60.15,20.96
2024-04-09 00:00:00+00:00,105.32,21.72
2024-04-09 01:00:00+00:00,181.93,22.93
2024-04-09 02:00:00+00:00,269.25,24.38
2024-04-09 03:00:00+00:00,397.12,25.39
2024-04-09 04:00:00+00:00,307.6,25.87
2024-04-09 05:00:00+00:00,160.45,26.15
2024-04-09 06:00:00+00:00,110.03,26.41
2024-04-09 07:00:00+00:00,78.72,26.39
2024-04-09 08:00:00+00:00,47.6,26.03
2024-04-09 09:00:00+00:00,17.77,25.53
2024-04-09 10:00:00+00:00,2.35,24.91
2024-04-09 11:00:00+00:00,0.0,24.35
2024-04-09 12:00:00+00:00,0.0,23.72
2024-04-09 13:00:00+00:00,0.0,23.1
2024-04-09 14:00:00+00:00,0.0,22.55
2024-04-09 15:00:00+00:00,0.0,22.21
2024-04-09 16:00:00+00:00,0.0,22.0
2024-04-09 17:00:00+00:00,0.0,21.78
2024-04-09 18:00:00+00:00,0.0,21.6
2024-04-09 19:00:00+00:00,0.0,21.47
2024-04-09 20:00:00+00:00,0.0,21.38
2024-04-09 21:00:00+00:00,0.0,21.33
2024-04-09 22:00:00+00:00,14.3,21.44
2024-04-09 23:00:00+00:00,91.35,21.95
2024-04-10 00:00:00+00:00,200.02,22.72
2024-04-10 01:00:00+00:00,390.5,23.73
2024-04-10 02:00:00+00:00,580.8,24.81
2024-04-10 03:00:00+00:00,696.5,25.44
2024-04-10 04:00:00+00:00,786.12,25.88
2024-04-10 05:00:00+00:00,681.97,26.31
2024-04-10 06:00:00+00:00,666.6,26.64
2024-04-10 07:00:00+00:00,539.45,26.72
2024-04-10 08:00:00+00:00,321.38,26.52
2024-04-10 09:00:00+00:00,123.65,26.03
2024-04-10 10:00:00+00:00,11.98,25.11
2024-04-10 11:00:00+00:00,0.0,24.33
2024-04-10 12:00:00+00:00,0.0,23.84
2024-04-10 13:00:00+00:00,0.0,23.39
2024-04-10 14:00:00+00:00,0.0,23.09
2024-04-10 15:00:00+00:00,0.0,22.87
2024-04-10 16:00:00+00:00,0.0,22.65
2024-04-10 17:00:00+00:00,0.0,22.45
2024-04-10 18:00:00+00:00,0.0,22.3
2024-04-10 19:00:00+00:00,0.0,22.16
2024-04-10 20:00:00+00:00,0.0,22.08
2024-04-10 21:00:00+00:00,0.0,22.06
2024-04-10 22:00:00+00:00,11.0,22.3
2024-04-10 23:00:00+00:00,74.28,23.19
2024-04-11 00:00:00+00:00,144.55,24.17
2024-04-11 01:00:00+00:00,337.73,25.07
2024-04-11 02:00:00+00:00,659.72,26.08
2024-04-11 03:00:00+00:00,803.78,26.96
2024-04-11 04:00:00+00:00,878.7,27.49
2024-04-11 05:00:00+00:00,808.1,27.7
2024-04-11 06:00:00+00:00,708.95,27.56
2024-04-11 07:00:00+00:00,538.4,27.2
2024-04-11 08:00:00+00:00,318.27,26.67
2024-04-11 09:00:00+00:00,131.12,25.95
2024-04-11 10:00:00+00:00,13.07,25.07
2024-04-11 11:00:00+00:00,0.0,24.41
2024-04-11 12:00:00+00:00,0.0,24.02
2024-04-11 13:00:00+00:00,0.0,23.83
2024-04-11 14:00:00+00:00,0.0,23.76
2024-04-11 15:00:00+00:00,0.0,23.69
2024-04-11 16:00:00+00:00,0.0,23.62
2024-04-11 17:00:00+00:00,0.0,23.5
2024-04-11 18:00:00+00:00,0.0,23.33
2024-04-11 19:00:00+00:00,0.0,23.17
2024-04-11 20:00:00+00:00,0.0,23.09
2024-04-11 21:00:00+00:00,0.0,22.99
2024-04-11 22:00:00+00:00,26.0,22.96
2024-04-11 23:00:00+00:00,191.8,23.65
2024-04-12 00:00:00+00:00,399.6,24.93
2024-04-12 01:00:00+00:00,589.03,26.16
2024-04-12 02:00:00+00:00,711.75,27.09
2024-04-12 03:00:00+00:00,808.22,27.8
2024-04-12 04:00:00+00:00,880.42,28.2
2024-04-12 05:00:00+00:00,776.67,28.3
2024-04-12 06:00:00+00:00,663.6,28.19
2024-04-12 07:00:00+00:00,492.85,27.78
2024-04-12 08:00:00+00:00,305.7,27.16
2024-04-12 09:00:00+00:00,127.22,26.44
2024-04-12 10:00:00+00:00,13.43,25.56
2024-04-12 11:00:00+00:00,0.0,24.88
2024-04-12 12:00:00+00:00,0.0,24.58
2024-04-12 13:00:00+00:00,0.0,24.43
2024-04-12 14:00:00+00:00,0.0,24.29
2024-04-12 15:00:00+00:00,0.0,24.2
2024-04-12 16:00:00+00:00,0.0,24.11
2024-04-12 17:00:00+00:00,0.0,24.03
2024-04-12 18:00:00+00:00,0.0,23.92
2024-04-12 19:00:00+00:00,0.0,23.82
2024-04-12 20:00:00+00:00,0.0,23.77
2024-04-12 21:00:00+00:00,0.0,23.69
2024-04-12 22:00:00+00:00,30.02,23.83
2024-04-12 23:00:00+00:00,179.0,24.48
2024-04-13 00:00:00+00:00,381.7,25.24
2024-04-13 01:00:00+00:00,596.58,26.17
2024-04-13 02:00:00+00:00,732.9,27.07
2024-04-13 03:00:00+00:00,813.03,27.59
2024-04-13 04:00:00+00:00,863.12,27.77
2024-04-13 05:00:00+00:00,780.92,27.77
2024-04-13 06:00:00+00:00,677.7,27.57
2024-04-13 07:00:00+00:00,478.9,27.18
2024-04-13 08:00:00+00:00,300.35,26.68
2024-04-13 09:00:00+00:00,131.45,26.2
2024-04-13 10:00:00+00:00,14.62,25.56
2024-04-13 11:00:00+00:00,0.0,25.09
2024-04-13 12:00:00+00:00,0.0,24.84
2024-04-13 13:00:00+00:00,0.0,24.67
2024-04-13 14:00:00+00:00,0.0,24.53
2024-04-13 15:00:00+00:00,0.0,24.42
2024-04-13 16:00:00+00:00,0.0,24.34
2024-04-13 17:00:00+00:00,0.0,24.32
2024-04-13 18:00:00+00:00,0.0,24.31
2024-04-13 19:00:00+00:00,0.0,24.33
2024-04-13 20:00:00+00:00,0.0,24.39
2024-04-13 21:00:00+00:00,0.0,24.38
2024-04-13 22:00:00+00:00,23.05,24.64
2024-04-13 23:00:00+00:00,123.62,25.54
2024-04-14 00:00:00+00:00,297.05,26.47
2024-04-14 01:00:00+00:00,430.33,27.15
2024-04-14 02:00:00+00:00,644.58,27.71
2024-04-14 03:00:00+00:00,731.42,28.04
2024-04-14 04:00:00+00:00,708.28,28.26
2024-04-14 05:00:00+00:00,744.78,28.29
2024-04-14 06:00:00+00:00,652.2,28.18
2024-04-14 07:00:00+00:00,486.25,27.92
2024-04-14 08:00:00+00:00,294.8,27.47
2024-04-14 09:00:00+00:00,125.78,26.93
2024-04-14 10:00:00+00:00,14.73,26.25
2024-04-14 11:00:00+00:00,0.0,25.77
2024-04-14 12:00:00+00:00,0.0,25.55
2024-04-14 13:00:00+00:00,0.0,25.38
2024-04-14 14:00:00+00:00,0.0,25.24
2024-04-14 15:00:00+00:00,0.0,25.09
2024-04-14 16:00:00+00:00,0.0,24.95
2024-04-14 17:00:00+00:00,0.0,24.81
2024-04-14 18:00:00+00:00,0.0,24.69
2024-04-14 19:00:00+00:00,0.0,24.68
2024-04-14 20:00:00+00:00,0.0,24.73
2024-04-14 21:00:00+00:00,0.0,24.82
2024-04-14 22:00:00+00:00,34.75,25.05
2024-04-14 23:00:00+00:00,178.62,25.65
2024-04-15 00:00:00+00:00,362.42,26.14
2024-04-15 01:00:00+00:00,544.03,26.68
2024-04-15 02:00:00+00:00,632.0,27.2
2024-04-15 03:00:00+00:00,595.65,27.56
2024-04-15 04:00:00+00:00,698.38,27.95
2024-04-15 05:00:00+00:00,656.62,28.35
2024-04-15 06:00:00+00:00,644.25,28.49
2024-04-15 07:00:00+00:00,435.77,28.58
2024-04-15 08:00:00+00:00,275.48,28.24
2024-04-15 09:00:00+00:00,123.55,27.68
2024-04-15 10:00:00+00:00,15.82,26.98
2024-04-15 11:00:00+00:00,0.0,26.46
2024-04-15 12:00:00+00:00,0.0,26.16
2024-04-15 13:00:00+00:00,0.0,25.86
2024-04-15 14:00:00+00:00,0.0,25.56
2024-04-15 15:00:00+00:00,0.0,25.31
2024-04-15 16:00:00+00:00,0.0,25.16
2024-04-15 17:00:00+00:00,0.0,25.09
2024-04-15 18:00:00+00:00,0.0,25.13
2024-04-15 19:00:00+00:00,0.0,25.16
2024-04-15 20:00:00+00:00,0.0,25.15
2024-04-15 21:00:00+00:00,0.0,25.05
2024-04-15 22:00:00+00:00,36.2,25.22
2024-04-15 23:00:00+00:00,183.27,26.15
2024-04-16 00:00:00+00:00,384.62,26.75
2024-04-16 01:00:00+00:00,555.42,27.62
2024-04-16 02:00:00+00:00,726.8,28.3
2024-04-16 03:00:00+00:00,823.58,28.83
2024-04-16 04:00:00+00:00,762.38,29.25
2024-04-16 05:00:00+00:00,752.8,29.44
2024-04-16 06:00:00+00:00,681.62,29.53
2024-04-16 07:00:00+00:00,616.47,29.4
2024-04-16 08:00:00+00:00,405.98,28.94
2024-04-16 09:00:00+00:00,184.55,28.09
2024-04-16 10:00:00+00:00,19.05,27.06
2024-04-16 11:00:00+00:00,0.0,26.47
2024-04-16 12:00:00+00:00,0.0,26.11
2024-04-16 13:00:00+00:00,0.0,25.86
2024-04-16 14:00:00+00:00,0.0,25.73
2024-04-16 15:00:00+00:00,0.0,25.65
2024-04-16 16:00:00+00:00,0.0,25.58
2024-04-16 17:00:00+00:00,0.0,25.56
2024-04-16 18:00:00+00:00,0.0,25.71
2024-04-16 19:00:00+00:00,0.0,25.86
2024-04-16 20:00:00+00:00,0.0,26.04
2024-04-16 21:00:00+00:00,0.0,26.13
2024-04-16 22:00:00+00:00,38.58,26.45
2024-04-16 23:00:00+00:00,194.35,27.11
2024-04-17 00:00:00+00:00,381.38,27.65
2024-04-17 01:00:00+00:00,512.95,28.19
2024-04-17 02:00:00+00:00,660.7,28.66
2024-04-17 03:00:00+00:00,770.0,29.03
2024-04-17 04:00:00+00:00,778.15,29.21
2024-04-17 05:00:00+00:00,657.15,29.21
2024-04-17 06:00:00+00:00,577.0,29.06
2024-04-17 07:00:00+00:00,427.33,28.79
2024-04-17 08:00:00+00:00,242.62,28.41
2024-04-17 09:00:00+00:00,106.38,27.94
2024-04-17 10:00:00+00:00,12.4,27.38
2024-04-17 11:00:00+00:00,0.0,26.96
2024-04-17 12:00:00+00:00,0.0,26.73
2024-04-17 13:00:00+00:00,0.0,26.53
2024-04-17 14:00:00+00:00,0.0,26.38
2024-04-17 15:00:00+00:00,0.0,26.25
2024-04-17 16:00:00+00:00,0.0,26.08
2024-04-17 17:00:00+00:00,0.0,25.96
2024-04-17 18:00:00+00:00,0.0,25.85
2024-04-17 19:00:00+00:00,0.0,25.79
2024-04-17 20:00:00+00:00,0.0,26.03
2024-04-17 21:00:00+00:00,0.0,25.77
2024-04-17 22:00:00+00:00,30.48,25.39
2024-04-17 23:00:00+00:00,144.7,25.54
2024-04-18 00:00:00+00:00,289.02,25.64
2024-04-18 01:00:00+00:00,408.7,25.97
2024-04-18 02:00:00+00:00,476.15,26.72
2024-04-18 03:00:00+00:00,507.5,27.29
2024-04-18 04:00:00+00:00,197.6,27.62
2024-04-18 05:00:00+00:00,60.67,27.71
2024-04-18 06:00:00+00:00,169.98,27.63
2024-04-18 07:00:00+00:00,178.68,27.45
2024-04-18 08:00:00+00:00,177.68,27.12
2024-04-18 09:00:00+00:00,81.15,26.71
2024-04-18 10:00:00+00:00,10.82,26.27
2024-04-18 11:00:00+00:00,0.0,26.02
2024-04-18 12:00:00+00:00,0.0,25.93
2024-04-18 13:00:00+00:00,0.0,25.9
2024-04-18 14:00:00+00:00,0.0,25.87
2024-04-18 15:00:00+00:00,0.0,25.91
2024-04-18 16:00:00+00:00,0.0,26.02
2024-04-18 17:00:00+00:00,0.0,26.09
2024-04-18 18:00:00+00:00,0.0,26.1
2024-04-18 19:00:00+00:00,0.0,26.06
2024-04-18 20:00:00+00:00,0.0,26.01
2024-04-18 21:00:00+00:00,0.0,26.03
2024-04-18 22:00:00+00:00,32.03,26.19
2024-04-18 23:00:00+00:00,125.62,26.6
2024-04-19 00:00:00+00:00,194.9,27.09
2024-04-19 01:00:00+00:00,278.4,27.6
2024-04-19 02:00:00+00:00,403.02,27.99
2024-04-19 03:00:00+00:00,503.5,28.21
2024-04-19 04:00:00+00:00,444.5,28.28
2024-04-19 05:00:00+00:00,301.98,28.15
2024-04-19 06:00:00+00:00,278.3,27.85
2024-04-19 07:00:00+00:00,209.88,27.58
2024-04-19 08:00:00+00:00,199.5,27.28
2024-04-19 09:00:00+00:00,83.57,26.94
2024-04-19 10:00:00+00:00,10.07,26.64
2024-04-19 11:00:00+00:00,0.0,26.52
2024-04-19 12:00:00+00:00,0.0,26.44
2024-04-19 13:00:00+00:00,0.0,26.35
2024-04-19 14:00:00+00:00,0.0,26.3
2024-04-19 15:00:00+00:00,0.0,26.27
2024-04-19 16:00:00+00:00,0.0,26.27
2024-04-19 17:00:00+00:00,0.0,26.25
2024-04-19 18:00:00+00:00,0.0,26.21
2024-04-19 19:00:00+00:00,0.0,26.07
2024-04-19 20:00:00+00:00,0.0,26.02
2024-04-19 21:00:00+00:00,0.0,25.98
2024-04-19 22:00:00+00:00,28.65,26.09
2024-04-19 23:00:00+00:00,134.9,26.51
2024-04-20 00:00:00+00:00,293.62,26.86
2024-04-20 01:00:00+00:00,434.45,27.25
2024-04-20 02:00:00+00:00,493.08,27.46
2024-04-20 03:00:00+00:00,537.75,27.61
2024-04-20 04:00:00+00:00,492.45,27.51
2024-04-20 05:00:00+00:00,379.15,27.45
2024-04-20 06:00:00+00:00,389.48,27.43
2024-04-20 07:00:00+00:00,346.5,27.34
2024-04-20 08:00:00+00:00,219.85,27.21
2024-04-20 09:00:00+00:00,99.22,26.78
2024-04-20 10:00:00+00:00,11.7,26.19
2024-04-20 11:00:00+00:00,0.0,25.85
2024-04-20 12:00:00+00:00,0.0,25.68
2024-04-20 13:00:00+00:00,0.0,25.58
2024-04-20 14:00:00+00:00,0.0,25.49
2024-04-20 15:00:00+00:00,0.0,25.44
2024-04-20 16:00:00+00:00,0.0,25.48
2024-04-20 17:00:00+00:00,0.0,25.57
2024-04-20 18:00:00+00:00,0.0,25.7
2024-04-20 19:00:00+00:00,0.0,25.75
2024-04-20 20:00:00+00:00,0.0,25.75
2024-04-20 21:00:00+00:00,0.0,25.73
2024-04-20 22:00:00+00:00,36.85,25.81
2024-04-20 23:00:00+00:00,137.55,26.19
2024-04-21 00:00:00+00:00,63.25,26.49
2024-04-21 01:00:00+00:00,146.43,26.81
2024-04-21 02:00:00+00:00,57.83,27.16
2024-04-21 03:00:00+00:00,41.38,27.55
2024-04-21 04:00:00+00:00,82.9,27.81
2024-04-21 05:00:00+00:00,154.15,27.17
2024-04-21 06:00:00+00:00,151.75,26.56
2024-04-21 07:00:00+00:00,79.65,26.35
2024-04-21 08:00:00+00:00,55.03,26.38
2024-04-21 09:00:00+00:00,32.4,26.17
2024-04-21 10:00:00+00:00,4.78,25.79
2024-04-21 11:00:00+00:00,0.0,25.54
2024-04-21 12:00:00+00:00,0.0,25.6
2024-04-21 13:00:00+00:00,0.0,25.62
2024-04-21 14:00:00+00:00,0.0,25.52
2024-04-21 15:00:00+00:00,0.0,25.4
2024-04-21 16:00:00+00:00,0.0,25.28
2024-04-21 17:00:00+00:00,0.0,25.25
2024-04-21 18:00:00+00:00,0.0,25.24
2024-04-21 19:00:00+00:00,0.0,25.16
2024-04-21 20:00:00+00:00,0.0,24.95
2024-04-21 21:00:00+00:00,0.0,24.75
2024-04-21 22:00:00+00:00,29.75,24.74
2024-04-21 23:00:00+00:00,141.3,25.06
2024-04-22 00:00:00+00:00,280.9,25.76
2024-04-22 01:00:00+00:00,290.55,26.4
2024-04-22 02:00:00+00:00,399.73,26.91
2024-04-22 03:00:00+00:00,463.48,27.27
2024-04-22 04:00:00+00:00,305.1,27.46
2024-04-22 05:00:00+00:00,132.45,27.43
2024-04-22 06:00:00+00:00,73.8,27.24
2024-04-22 07:00:00+00:00,145.23,26.99
2024-04-22 08:00:00+00:00,100.07,26.65
2024-04-22 09:00:00+00:00,51.12,26.24
2024-04-22 10:00:00+00:00,7.3,25.93
2024-04-22 11:00:00+00:00,0.0,25.74
2024-04-22 12:00:00+00:00,0.0,25.61
2024-04-22 13:00:00+00:00,0.0,25.51
2024-04-22 14:00:00+00:00,0.0,25.46
2024-04-22 15:00:00+00:00,0.0,25.45
2024-04-22 16:00:00+00:00,0.0,25.57
2024-04-22 17:00:00+00:00,0.0,25.48
2024-04-22 18:00:00+00:00,0.0,25.38
2024-04-22 19:00:00+00:00,0.0,25.32
2024-04-22 20:00:00+00:00,0.0,25.24
2024-04-22 21:00:00+00:00,0.0,25.17
2024-04-22 22:00:00+00:00,26.42,25.45
2024-04-22 23:00:00+00:00,98.57,25.85
2024-04-23 00:00:00+00:00,19.95,26.19
2024-04-23 01:00:00+00:00,55.7,26.62
2024-04-23 02:00:00+00:00,42.85,27.11
2024-04-23 03:00:00+00:00,40.62,27.41
2024-04-23 04:00:00+00:00,58.92,27.46
2024-04-23 05:00:00+00:00,57.05,27.4
2024-04-23 06:00:00+00:00,71.25,27.29
2024-04-23 07:00:00+00:00,249.3,27.0
2024-04-23 08:00:00+00:00,101.8,26.49
2024-04-23 09:00:00+00:00,39.42,26.09
2024-04-23 10:00:00+00:00,5.57,25.78
2024-04-23 11:00:00+00:00,0.0,25.57
2024-04-23 12:00:00+00:00,0.0,25.48
2024-04-23 13:00:00+00:00,0.0,25.39
2024-04-23 14:00:00+00:00,0.0,25.28
2024-04-23 15:00:00+00:00,0.0,25.15
2024-04-23 16:00:00+00:00,0.0,24.92
2024-04-23 17:00:00+00:00,0.0,24.64
2024-04-23 18:00:00+00:00,0.0,24.29
2024-04-23 19:00:00+00:00,0.0,24.0
2024-04-23 20:00:00+00:00,0.0,23.76
2024-04-23 21:00:00+00:00,0.0,23.56
2024-04-23 22:00:00+00:00,30.4,23.49
2024-04-23 23:00:00+00:00,115.38,23.86
2024-04-24 00:00:00+00:00,238.95,24.64
2024-04-24 01:00:00+00:00,270.6,25.75
2024-04-24 02:00:00+00:00,374.75,26.56
2024-04-24 03:00:00+00:00,405.88,27.46
2024-04-24 04:00:00+00:00,365.85,28.26
2024-04-24 05:00:00+00:00,296.73,28.31
2024-04-24 06:00:00+00:00,314.55,28.23
2024-04-24 07:00:00+00:00,208.0,28.14
2024-04-24 08:00:00+00:00,104.65,27.69
2024-04-24 09:00:00+00:00,49.1,27.0
2024-04-24 10:00:00+00:00,5.5,26.17
2024-04-24 11:00:00+00:00,0.0,25.63
2024-04-24 12:00:00+00:00,0.0,25.35
2024-04-24 13:00:00+00:00,0.0,25.19
2024-04-24 14:00:00+00:00,0.0,25.13
2024-04-24 15:00:00+00:00,0.0,25.11
2024-04-24 16:00:00+00:00,0.0,25.18
2024-04-24 17:00:00+00:00,0.0,25.21
2024-04-24 18:00:00+00:00,0.0,25.24
2024-04-24 19:00:00+00:00,0.0,25.25
2024-04-24 20:00:00+00:00,0.0,25.28
2024-04-24 21:00:00+00:00,0.0,25.31
2024-04-24 22:00:00+00:00,11.85,25.51
2024-04-24 23:00:00+00:00,47.47,25.93
2024-04-25 00:00:00+00:00,89.72,26.29
2024-04-25 01:00:00+00:00,202.88,26.55
2024-04-25 02:00:00+00:00,112.93,26.86
2024-04-25 03:00:00+00:00,83.15,27.16
2024-04-25 04:00:00+00:00,242.32,27.43
2024-04-25 05:00:00+00:00,413.77,27.77
2024-04-25 06:00:00+00:00,470.85,27.88
2024-04-25 07:00:00+00:00,320.08,27.66
2024-04-25 08:00:00+00:00,186.9,27.19
2024-04-25 09:00:00+00:00,84.18,26.69
2024-04-25 10:00:00+00:00,11.82,26.22
2024-04-25 11:00:00+00:00,0.0,25.87
2024-04-25 12:00:00+00:00,0.0,25.75
2024-04-25 13:00:00+00:00,0.0,25.66
2024-04-25 14:00:00+00:00,0.0,25.62
2024-04-25 15:00:00+00:00,0.0,25.58
2024-04-25 16:00:00+00:00,0.0,25.61
2024-04-25 17:00:00+00:00,0.0,25.67
2024-04-25 18:00:00+00:00,0.0,25.83
2024-04-25 19:00:00+00:00,0.0,26.08
2024-04-25 20:00:00+00:00,0.0,26.21
2024-04-25 21:00:00+00:00,0.0,26.18
2024-04-25 22:00:00+00:00,26.95,26.17
2024-04-25 23:00:00+00:00,97.88,26.38
2024-04-26 00:00:00+00:00,53.5,26.73
2024-04-26 01:00:00+00:00,86.6,27.23
2024-04-26 02:00:00+00:00,108.7,27.67
2024-04-26 03:00:00+00:00,272.15,28.08
2024-04-26 04:00:00+00:00,344.27,28.43
2024-04-26 05:00:00+00:00,316.65,28.61
2024-04-26 06:00:00+00:00,242.82,28.6
2024-04-26 07:00:00+00:00,160.6,28.46
2024-04-26 08:00:00+00:00,94.7,28.11
2024-04-26 09:00:00+00:00,47.22,27.54
2024-04-26 10:00:00+00:00,7.07,26.87
2024-04-26 11:00:00+00:00,0.0,26.47
2024-04-26 12:00:00+00:00,0.0,26.33
2024-04-26 13:00:00+00:00,0.0,26.27
2024-04-26 14:00:00+00:00,0.0,26.23
2024-04-26 15:00:00+00:00,0.0,26.17
2024-04-26 16:00:00+00:00,0.0,26.1
2024-04-26 17:00:00+00:00,0.0,26.01
2024-04-26 18:00:00+00:00,0.0,25.93
2024-04-26 19:00:00+00:00,0.0,25.83
2024-04-26 20:00:00+00:00,0.0,25.76
2024-04-26 21:00:00+00:00,0.0,25.71
2024-04-26 22:00:00+00:00,27.38,26.03
2024-04-26 23:00:00+00:00,82.15,26.6
2024-04-27 00:00:00+00:00,167.35,27.22
2024-04-27 01:00:00+00:00,201.95,27.99
2024-04-27 02:00:00+00:00,358.83,28.73
2024-04-27 03:00:00+00:00,320.6,29.19
2024-04-27 04:00:00+00:00,401.85,29.43
2024-04-27 05:00:00+00:00,325.12,29.53
2024-04-27 06:00:00+00:00,247.3,29.41
2024-04-27 07:00:00+00:00,202.1,28.98
2024-04-27 08:00:00+00:00,139.27,27.54
2024-04-27 09:00:00+00:00,64.3,26.56
2024-04-27 10:00:00+00:00,8.07,26.33
2024-04-27 11:00:00+00:00,0.0,26.33
2024-04-27 12:00:00+00:00,0.0,26.42
2024-04-27 13:00:00+00:00,0.0,26.51
2024-04-27 14:00:00+00:00,0.0,26.53
2024-04-27 15:00:00+00:00,0.0,26.45
2024-04-27 16:00:00+00:00,0.0,26.4
2024-04-27 17:00:00+00:00,0.0,26.46
2024-04-27 18:00:00+00:00,0.0,26.75
2024-04-27 19:00:00+00:00,0.0,26.84
2024-04-27 20:00:00+00:00,0.0,26.82
2024-04-27 21:00:00+00:00,0.0,26.7
2024-04-27 22:00:00+00:00,20.88,26.65
2024-04-27 23:00:00+00:00,87.22,26.84
2024-04-28 00:00:00+00:00,177.05,27.06
2024-04-28 01:00:00+00:00,232.18,27.28
2024-04-28 02:00:00+00:00,154.6,27.44
2024-04-28 03:00:00+00:00,180.12,27.55
2024-04-28 04:00:00+00:00,298.6,27.65
2024-04-28 05:00:00+00:00,186.12,27.69
2024-04-28 06:00:00+00:00,187.9,27.6
2024-04-28 07:00:00+00:00,164.2,27.4
2024-04-28 08:00:00+00:00,86.4,27.09
2024-04-28 09:00:00+00:00,44.3,26.73
2024-04-28 10:00:00+00:00,7.82,26.26
2024-04-28 11:00:00+00:00,0.0,25.97
2024-04-28 12:00:00+00:00,0.0,25.92
2024-04-28 13:00:00+00:00,0.0,25.88
2024-04-28 14:00:00+00:00,0.0,25.84
2024-04-28 15:00:00+00:00,0.0,25.84
2024-04-28 16:00:00+00:00,0.0,25.86
2024-04-28 17:00:00+00:00,0.0,25.91
2024-04-28 18:00:00+00:00,0.0,25.96
2024-04-28 19:00:00+00:00,0.0,26.01
2024-04-28 20:00:00+00:00,0.0,26.06
2024-04-28 21:00:00+00:00,0.0,26.09
2024-04-28 22:00:00+00:00,36.7,26.19
2024-04-28 23:00:00+00:00,131.8,26.52
2024-04-29 00:00:00+00:00,258.3,26.99
2024-04-29 01:00:00+00:00,364.7,27.46
2024-04-29 02:00:00+00:00,456.45,27.72
2024-04-29 03:00:00+00:00,471.7,27.76
2024-04-29 04:00:00+00:00,570.85,27.75
2024-04-29 05:00:00+00:00,494.88,27.79
2024-04-29 06:00:00+00:00,493.55,27.89
2024-04-29 07:00:00+00:00,392.45,27.85
2024-04-29 08:00:00+00:00,248.3,27.58
2024-04-29 09:00:00+00:00,120.97,27.2
2024-04-29 10:00:00+00:00,17.95,26.86
2024-04-29 11:00:00+00:00,0.0,26.68
2024-04-29 12:00:00+00:00,0.0,26.67
2024-04-29 13:00:00+00:00,0.0,26.66
2024-04-29 14:00:00+00:00,0.0,26.6
2024-04-29 15:00:00+00:00,0.0,26.52
2024-04-29 16:00:00+00:00,0.0,26.44
2024-04-29 17:00:00+00:00,0.0,26.41
2024-04-29 18:00:00+00:00,0.0,26.42
2024-04-29 19:00:00+00:00,0.0,26.45
2024-04-29 20:00:00+00:00,0.0,26.45
2024-04-29 21:00:00+00:00,0.0,26.4
2024-04-29 22:00:00+00:00,36.08,26.42
2024-04-29 23:00:00+00:00,123.75,26.65
2024-04-30 00:00:00+00:00,243.85,26.98
2024-04-30 01:00:00+00:00,287.15,27.49
2024-04-30 02:00:00+00:00,274.6,27.88
2024-04-30 03:00:00+00:00,249.65,28.25
2024-04-30 04:00:00+00:00,382.45,28.51
2024-04-30 05:00:00+00:00,355.92,28.3
2024-04-30 06:00:00+00:00,353.52,27.79
2024-04-30 07:00:00+00:00,282.73,27.5
2024-04-30 08:00:00+00:00,163.32,27.52
2024-04-30 09:00:00+00:00,75.97,27.35
2024-04-30 10:00:00+00:00,8.98,26.87
2024-04-30 11:00:00+00:00,0.0,26.52
2024-04-30 12:00:00+00:00,0.0,26.41
2024-04-30 13:00:00+00:00,0.0,26.32
2024-04-30 14:00:00+00:00,0.0,26.19
2024-04-30 15:00:00+00:00,0.0,26.06
2024-04-30 16:00:00+00:00,0.0,26.08
2024-04-30 17:00:00+00:00,0.0,26.09
2024-04-30 18:00:00+00:00,0.0,25.71
2024-04-30 19:00:00+00:00,0.0,25.34
2024-04-30 20:00:00+00:00,0.0,24.87
2024-04-30 21:00:00+00:00,0.0,24.29
2024-04-30 22:00:00+00:00,11.05,23.54
2024-04-30 23:00:00+00:00,52.28,22.52
2024-05-01 00:00:00+00:00,50.33,21.71
2024-05-01 01:00:00+00:00,90.18,21.41
2024-05-01 02:00:00+00:00,101.38,21.41
2024-05-01 03:00:00+00:00,161.2,21.66
2024-05-01 04:00:00+00:00,118.97,22.15
2024-05-01 05:00:00+00:00,161.02,22.63
2024-05-01 06:00:00+00:00,166.48,22.66
2024-05-01 07:00:00+00:00,181.07,22.38
2024-05-01 08:00:00+00:00,116.7,22.32
2024-05-01 09:00:00+00:00,64.62,22.59
2024-05-01 10:00:00+00:00,9.38,22.81
2024-05-01 11:00:00+00:00,0.0,22.71
2024-05-01 12:00:00+00:00,0.0,22.69
2024-05-01 13:00:00+00:00,0.0,22.68
2024-05-01 14:00:00+00:00,0.0,22.67
2024-05-01 15:00:00+00:00,0.0,22.51
2024-05-01 16:00:00+00:00,0.0,22.27
2024-05-01 17:00:00+00:00,0.0,22.01
2024-05-01 18:00:00+00:00,0.0,21.74
2024-05-01 19:00:00+00:00,0.0,21.6
2024-05-01 20:00:00+00:00,0.0,21.59
2024-05-01 21:00:00+00:00,0.0,21.62
2024-05-01 22:00:00+00:00,27.27,21.9
2024-05-01 23:00:00+00:00,77.6,22.5
2024-05-02 00:00:00+00:00,118.38,23.38
2024-05-02 01:00:00+00:00,173.57,24.44
2024-05-02 02:00:00+00:00,254.88,25.37
2024-05-02 03:00:00+00:00,275.92,25.98
2024-05-02 04:00:00+00:00,197.05,26.46
2024-05-02 05:00:00+00:00,219.32,26.79
2024-05-02 06:00:00+00:00,159.27,26.94
2024-05-02 07:00:00+00:00,149.12,26.81
2024-05-02 08:00:00+00:00,114.47,26.53
2024-05-02 09:00:00+00:00,53.28,26.13
2024-05-02 10:00:00+00:00,5.6,25.55
2024-05-02 11:00:00+00:00,0.0,25.11
2024-05-02 12:00:00+00:00,0.0,24.8
2024-05-02 13:00:00+00:00,0.0,24.58
2024-05-02 14:00:00+00:00,0.0,24.38
2024-05-02 15:00:00+00:00,0.0,24.24
2024-05-02 16:00:00+00:00,0.0,24.12
2024-05-02 17:00:00+00:00,0.0,23.97
2024-05-02 18:00:00+00:00,0.0,23.84
2024-05-02 19:00:00+00:00,0.0,23.76
2024-05-02 20:00:00+00:00,0.0,23.71
2024-05-02 21:00:00+00:00,0.0,23.68
2024-05-02 22:00:00+00:00,21.77,23.85
2024-05-02 23:00:00+00:00,81.2,24.31
2024-05-03 00:00:00+00:00,174.25,24.94
2024-05-03 01:00:00+00:00,309.88,25.6
2024-05-03 02:00:00+00:00,392.83,26.12
2024-05-03 03:00:00+00:00,468.4,26.4
2024-05-03 04:00:00+00:00,542.08,26.53
2024-05-03 05:00:00+00:00,420.83,26.55
2024-05-03 06:00:00+00:00,414.25,26.44
2024-05-03 07:00:00+00:00,222.1,26.21
2024-05-03 08:00:00+00:00,127.75,25.93
2024-05-03 09:00:00+00:00,60.97,25.61
2024-05-03 10:00:00+00:00,10.18,25.21
2024-05-03 11:00:00+00:00,0.0,24.91
2024-05-03 12:00:00+00:00,0.0,24.78
2024-05-03 13:00:00+00:00,0.0,24.68
2024-05-03 14:00:00+00:00,0.0,24.62
2024-05-03 15:00:00+00:00,0.0,24.56
2024-05-03 16:00:00+00:00,0.0,24.52
2024-05-03 17:00:00+00:00,0.0,24.5
2024-05-03 18:00:00+00:00,0.0,24.5
2024-05-03 19:00:00+00:00,0.0,24.57
2024-05-03 20:00:00+00:00,0.0,24.64
2024-05-03 21:00:00+00:00,0.0,24.68
2024-05-03 22:00:00+00:00,17.08,24.8
2024-05-03 23:00:00+00:00,41.12,25.04
2024-05-04 00:00:00+00:00,55.5,25.35
2024-05-04 01:00:00+00:00,94.88,25.81
2024-05-04 02:00:00+00:00,111.8,26.14
2024-05-04 03:00:00+00:00,76.95,26.27
2024-05-04 04:00:00+00:00,80.9,26.32
2024-05-04 05:00:00+00:00,94.85,26.21
2024-05-04 06:00:00+00:00,100.45,26.03
2024-05-04 07:00:00+00:00,82.65,25.86
2024-05-04 08:00:00+00:00,75.32,25.67
2024-05-04 09:00:00+00:00,30.5,25.52
2024-05-04 10:00:00+00:00,3.5,25.29
2024-05-04 11:00:00+00:00,0.0,25.16
2024-05-04 12:00:00+00:00,0.0,24.98
2024-05-04 13:00:00+00:00,0.0,24.77
2024-05-04 14:00:00+00:00,0.0,24.64
2024-05-04 15:00:00+00:00,0.0,24.62
2024-05-04 16:00:00+00:00,0.0,24.6
2024-05-04 17:00:00+00:00,0.0,24.54
2024-05-04 18:00:00+00:00,0.0,24.46
2024-05-04 19:00:00+00:00,0.0,24.4
2024-05-04 20:00:00+00:00,0.0,24.43
2024-05-04 21:00:00+00:00,0.0,24.45
2024-05-04 22:00:00+00:00,41.38,24.72
2024-05-04 23:00:00+00:00,136.88,25.28
2024-05-05 00:00:00+00:00,289.25,25.74
2024-05-05 01:00:00+00:00,518.15,26.25
2024-05-05 02:00:00+00:00,573.1,26.67
2024-05-05 03:00:00+00:00,584.25,27.06
2024-05-05 04:00:00+00:00,578.65,27.39
2024-05-05 05:00:00+00:00,617.62,27.52
2024-05-05 06:00:00+00:00,540.95,27.6
2024-05-05 07:00:00+00:00,427.4,27.52
2024-05-05 08:00:00+00:00,272.95,27.26
2024-05-05 09:00:00+00:00,141.35,26.87
2024-05-05 10:00:00+00:00,23.45,26.26
2024-05-05 11:00:00+00:00,0.0,25.72
2024-05-05 12:00:00+00:00,0.0,25.52
2024-05-05 13:00:00+00:00,0.0,25.37
2024-05-05 14:00:00+00:00,0.0,25.26
2024-05-05 15:00:00+00:00,0.0,25.16
2024-05-05 16:00:00+00:00,0.0,25.13
2024-05-05 17:00:00+00:00,0.0,25.16
2024-05-05 18:00:00+00:00,0.0,25.25
2024-05-05 19:00:00+00:00,0.0,25.28
2024-05-05 20:00:00+00:00,0.0,25.15
2024-05-05 21:00:00+00:00,0.0,24.96
2024-05-05 22:00:00+00:00,62.97,25.09
2024-05-05 23:00:00+00:00,207.77,25.4
2024-05-06 00:00:00+00:00,385.15,25.94
2024-05-06 01:00:00+00:00,568.25,26.71
2024-05-06 02:00:00+00:00,741.03,27.49
2024-05-06 03:00:00+00:00,840.4,28.34
2024-05-06 04:00:00+00:00,841.6,28.99
2024-05-06 05:00:00+00:00,812.78,29.49
2024-05-06 06:00:00+00:00,657.55,29.83
2024-05-06 07:00:00+00:00,570.92,29.97
2024-05-06 08:00:00+00:00,353.2,29.94
2024-05-06 09:00:00+00:00,154.12,29.69
2024-05-06 10:00:00+00:00,20.4,29.22
2024-05-06 11:00:00+00:00,0.0,28.57
2024-05-06 12:00:00+00:00,0.0,27.89
2024-05-06 13:00:00+00:00,0.0,27.26
2024-05-06 14:00:00+00:00,0.0,26.65
2024-05-06 15:00:00+00:00,0.0,26.17
2024-05-06 16:00:00+00:00,0.0,25.82
2024-05-06 17:00:00+00:00,0.0,25.61
2024-05-06 18:00:00+00:00,0.0,25.34
2024-05-06 19:00:00+00:00,0.0,25.09
2024-05-06 20:00:00+00:00,0.0,24.89
2024-05-06 21:00:00+00:00,0.0,24.76
2024-05-06 22:00:00+00:00,41.78,24.89
2024-05-06 23:00:00+00:00,159.25,25.18
2024-05-07 00:00:00+00:00,310.6,25.58
2024-05-07 01:00:00+00:00,497.77,26.23
2024-05-07 02:00:00+00:00,582.5,27.09
2024-05-07 03:00:00+00:00,524.65,28.08
2024-05-07 04:00:00+00:00,557.97,28.88
2024-05-07 05:00:00+00:00,522.7,29.26
2024-05-07 06:00:00+00:00,381.67,29.5
2024-05-07 07:00:00+00:00,275.9,29.75
2024-05-07 08:00:00+00:00,145.23,29.81
2024-05-07 09:00:00+00:00,67.53,29.4
2024-05-07 10:00:00+00:00,11.8,28.14
2024-05-07 11:00:00+00:00,0.0,26.77
2024-05-07 12:00:00+00:00,0.0,26.03
2024-05-07 13:00:00+00:00,0.0,25.53
2024-05-07 14:00:00+00:00,0.0,25.23
2024-05-07 15:00:00+00:00,0.0,25.03
2024-05-07 16:00:00+00:00,0.0,24.89
2024-05-07 17:00:00+00:00,0.0,24.77
2024-05-07 18:00:00+00:00,0.0,24.68
2024-05-07 19:00:00+00:00,0.0,24.61
2024-05-07 20:00:00+00:00,0.0,24.55
2024-05-07 21:00:00+00:00,0.0,24.49
2024-05-07 22:00:00+00:00,44.5,24.74
2024-05-07 23:00:00+00:00,135.77,25.15
2024-05-08 00:00:00+00:00,249.68,25.77
2024-05-08 01:00:00+00:00,351.75,26.37
2024-05-08 02:00:00+00:00,476.75,26.79
2024-05-08 03:00:00+00:00,580.3,27.06
2024-05-08 04:00:00+00:00,640.25,27.28
2024-05-08 05:00:00+00:00,651.8,27.39
2024-05-08 06:00:00+00:00,622.78,27.36
2024-05-08 07:00:00+00:00,430.77,27.12
2024-05-08 08:00:00+00:00,237.3,26.83
2024-05-08 09:00:00+00:00,108.5,26.58
2024-05-08 10:00:00+00:00,16.38,26.27
2024-05-08 11:00:00+00:00,0.0,26.04
2024-05-08 12:00:00+00:00,0.0,25.82
2024-05-08 13:00:00+00:00,0.0,25.53
2024-05-08 14:00:00+00:00,0.0,25.31
2024-05-08 15:00:00+00:00,0.0,25.23
2024-05-08 16:00:00+00:00,0.0,25.19
2024-05-08 17:00:00+00:00,0.0,24.88
2024-05-08 18:00:00+00:00,0.0,24.58
2024-05-08 19:00:00+00:00,0.0,24.44
2024-05-08 20:00:00+00:00,0.0,24.39
2024-05-08 21:00:00+00:00,0.0,24.24
2024-05-08 22:00:00+00:00,59.9,24.11
2024-05-08 23:00:00+00:00,194.6,24.33
2024-05-09 00:00:00+00:00,367.73,24.8
2024-05-09 01:00:00+00:00,554.62,25.44
2024-05-09 02:00:00+00:00,662.1,26.16
2024-05-09 03:00:00+00:00,698.9,26.68
2024-05-09 04:00:00+00:00,793.35,26.99
2024-05-09 05:00:00+00:00,689.7,27.03
2024-05-09 06:00:00+00:00,586.05,26.76
2024-05-09 07:00:00+00:00,317.55,26.48
2024-05-09 08:00:00+00:00,165.5,26.18
2024-05-09 09:00:00+00:00,72.3,25.86
2024-05-09 10:00:00+00:00,10.07,25.33
2024-05-09 11:00:00+00:00,0.0,24.91
2024-05-09 12:00:00+00:00,0.0,24.76
2024-05-09 13:00:00+00:00,0.0,24.63
2024-05-09 14:00:00+00:00,0.0,24.47
2024-05-09 15:00:00+00:00,0.0,24.31
2024-05-09 16:00:00+00:00,0.0,24.22
2024-05-09 17:00:00+00:00,0.0,24.17
2024-05-09 18:00:00+00:00,0.0,24.1
2024-05-09 19:00:00+00:00,0.0,24.07
2024-05-09 20:00:00+00:00,0.0,24.1
2024-05-09 21:00:00+00:00,0.0,24.05
2024-05-09 22:00:00+00:00,46.7,24.28
2024-05-09 23:00:00+00:00,141.88,24.78
2024-05-10 00:00:00+00:00,282.3,25.35
2024-05-10 01:00:00+00:00,388.55,26.0
2024-05-10 02:00:00+00:00,503.2,26.49
2024-05-10 03:00:00+00:00,598.2,26.83
2024-05-10 04:00:00+00:00,632.65,26.95
2024-05-10 05:00:00+00:00,606.72,26.99
2024-05-10 06:00:00+00:00,518.85,27.0
2024-05-10 07:00:00+00:00,394.48,26.85
2024-05-10 08:00:00+00:00,238.48,26.51
2024-05-10 09:00:00+00:00,110.65,26.04
2024-05-10 10:00:00+00:00,15.82,25.4
2024-05-10 11:00:00+00:00,0.0,24.84
2024-05-10 12:00:00+00:00,0.0,24.63
2024-05-10 13:00:00+00:00,0.0,24.53
2024-05-10 14:00:00+00:00,0.0,24.46
2024-05-10 15:00:00+00:00,0.0,24.4
2024-05-10 16:00:00+00:00,0.0,24.41
2024-05-10 17:00:00+00:00,0.0,24.46
2024-05-10 18:00:00+00:00,0.0,24.51
2024-05-10 19:00:00+00:00,0.0,24.56
2024-05-10 20:00:00+00:00,0.0,24.61
2024-05-10 21:00:00+00:00,0.0,24.6
2024-05-10 22:00:00+00:00,58.88,24.8
2024-05-10 23:00:00+00:00,178.6,25.21
2024-05-11 00:00:00+00:00,338.65,25.65
2024-05-11 01:00:00+00:00,477.75,26.17
2024-05-11 02:00:00+00:00,637.62,26.55
2024-05-11 03:00:00+00:00,727.45,26.86
2024-05-11 04:00:00+00:00,704.4,27.09
2024-05-11 05:00:00+00:00,648.28,27.25
2024-05-11 06:00:00+00:00,589.6,27.29
2024-05-11 07:00:00+00:00,417.02,27.26
2024-05-11 08:00:00+00:00,250.73,27.2
2024-05-11 09:00:00+00:00,115.85,26.95
2024-05-11 10:00:00+00:00,21.42,26.42
2024-05-11 11:00:00+00:00,0.0,26.0
2024-05-11 12:00:00+00:00,0.0,25.88
2024-05-11 13:00:00+00:00,0.0,25.76
2024-05-11 14:00:00+00:00,0.0,25.67
2024-05-11 15:00:00+00:00,0.0,25.55
2024-05-11 16:00:00+00:00,0.0,25.49
2024-05-11 17:00:00+00:00,0.0,25.49
2024-05-11 18:00:00+00:00,0.0,25.49
2024-05-11 19:00:00+00:00,0.0,25.49
2024-05-11 20:00:00+00:00,0.0,25.47
2024-05-11 21:00:00+00:00,0.0,25.45
2024-05-11 22:00:00+00:00,43.05,25.77
2024-05-11 23:00:00+00:00,138.57,26.26
2024-05-12 00:00:00+00:00,244.82,26.63
2024-05-12 01:00:00+00:00,462.35,27.0
2024-05-12 02:00:00+00:00,500.9,27.29
2024-05-12 03:00:00+00:00,542.6,27.52
2024-05-12 04:00:00+00:00,577.3,27.68
2024-05-12 05:00:00+00:00,562.25,27.96
2024-05-12 06:00:00+00:00,539.67,28.2
2024-05-12 07:00:00+00:00,198.35,28.18
2024-05-12 08:00:00+00:00,82.45,28.0
2024-05-12 09:00:00+00:00,48.5,27.56
2024-05-12 10:00:00+00:00,9.85,27.0
2024-05-12 11:00:00+00:00,0.0,26.42
2024-05-12 12:00:00+00:00,0.0,26.05
2024-05-12 13:00:00+00:00,0.0,25.77
2024-05-12 14:00:00+00:00,0.0,25.39
2024-05-12 15:00:00+00:00,0.0,25.34
2024-05-12 16:00:00+00:00,0.0,25.27
2024-05-12 17:00:00+00:00,0.0,25.08
2024-05-12 18:00:00+00:00,0.0,24.67
2024-05-12 19:00:00+00:00,0.0,24.04
2024-05-12 20:00:00+00:00,0.0,23.15
2024-05-12 21:00:00+00:00,0.0,22.44
2024-05-12 22:00:00+00:00,65.9,22.37
2024-05-12 23:00:00+00:00,189.3,22.87
2024-05-13 00:00:00+00:00,356.27,23.89
2024-05-13 01:00:00+00:00,495.45,25.3
2024-05-13 02:00:00+00:00,573.17,26.65
2024-05-13 03:00:00+00:00,592.78,27.36
2024-05-13 04:00:00+00:00,530.47,27.77
2024-05-13 05:00:00+00:00,441.73,28.16
2024-05-13 06:00:00+00:00,396.85,28.48
2024-05-13 07:00:00+00:00,291.42,28.67
2024-05-13 08:00:00+00:00,161.7,28.69
2024-05-13 09:00:00+00:00,73.75,28.1
2024-05-13 10:00:00+00:00,9.75,27.07
2024-05-13 11:00:00+00:00,0.0,26.15
2024-05-13 12:00:00+00:00,0.0,25.42
2024-05-13 13:00:00+00:00,0.0,24.79
2024-05-13 14:00:00+00:00,0.0,24.49
2024-05-13 15:00:00+00:00,0.0,24.32
2024-05-13 16:00:00+00:00,0.0,24.17
2024-05-13 17:00:00+00:00,0.0,23.98
2024-05-13 18:00:00+00:00,0.0,23.8
2024-05-13 19:00:00+00:00,0.0,23.61
2024-05-13 20:00:00+00:00,0.0,23.45
2024-05-13 21:00:00+00:00,0.0,23.35
2024-05-13 22:00:00+00:00,61.72,23.59
2024-05-13 23:00:00+00:00,218.43,24.03
2024-05-14 00:00:00+00:00,442.58,24.41
2024-05-14 01:00:00+00:00,623.28,24.79
2024-05-14 02:00:00+00:00,797.38,25.22
2024-05-14 03:00:00+00:00,892.08,25.64
2024-05-14 04:00:00+00:00,999.95,26.07
2024-05-14 05:00:00+00:00,934.15,26.56
2024-05-14 06:00:00+00:00,833.08,26.89
2024-05-14 07:00:00+00:00,665.15,26.98
2024-05-14 08:00:00+00:00,450.25,26.84
2024-05-14 09:00:00+00:00,221.18,26.47
2024-05-14 10:00:00+00:00,35.67,25.75
2024-05-14 11:00:00+00:00,0.0,24.96
2024-05-14 12:00:00+00:00,0.0,24.68
2024-05-14 13:00:00+00:00,0.0,24.49
2024-05-14 14:00:00+00:00,0.0,24.34
2024-05-14 15:00:00+00:00,0.0,24.21
2024-05-14 16:00:00+00:00,0.0,24.08
2024-05-14 17:00:00+00:00,0.0,23.98
2024-05-14 18:00:00+00:00,0.0,23.85
2024-05-14 19:00:00+00:00,0.0,23.66
2024-05-14 20:00:00+00:00,0.0,23.4
2024-05-14 21:00:00+00:00,0.0,23.2
2024-05-14 22:00:00+00:00,71.93,23.64
2024-05-14 23:00:00+00:00,241.52,24.51
2024-05-15 00:00:00+00:00,455.15,25.15
2024-05-15 01:00:00+00:00,657.72,25.85
2024-05-15 02:00:00+00:00,772.85,26.61
2024-05-15 03:00:00+00:00,869.9,27.3
2024-05-15 04:00:00+00:00,881.42,27.69
2024-05-15 05:00:00+00:00,810.35,27.95
2024-05-15 06:00:00+00:00,731.0,28.33
2024-05-15 07:00:00+00:00,577.12,28.62
2024-05-15 08:00:00+00:00,322.23,28.64
2024-05-15 09:00:00+00:00,152.75,28.39
2024-05-15 10:00:00+00:00,26.62,27.5
2024-05-15 11:00:00+00:00,0.0,26.57
2024-05-15 12:00:00+00:00,0.0,26.22
2024-05-15 13:00:00+00:00,0.0,25.69
2024-05-15 14:00:00+00:00,0.0,25.28
2024-05-15 15:00:00+00:00,0.0,25.09
2024-05-15 16:00:00+00:00,0.0,25.04
2024-05-15 17:00:00+00:00,0.0,25.0
2024-05-15 18:00:00+00:00,0.0,25.0
2024-05-15 19:00:00+00:00,0.0,24.94
2024-05-15 20:00:00+00:00,0.0,24.69
2024-05-15 21:00:00+00:00,0.0,24.27
2024-05-15 22:00:00+00:00,62.15,24.56
2024-05-15 23:00:00+00:00,201.23,25.43
2024-05-16 00:00:00+00:00,412.52,26.25
2024-05-16 01:00:00+00:00,566.97,27.03
2024-05-16 02:00:00+00:00,711.62,27.48
2024-05-16 03:00:00+00:00,846.67,27.62
2024-05-16 04:00:00+00:00,889.78,27.57
2024-05-16 05:00:00+00:00,908.85,27.52
2024-05-16 06:00:00+00:00,791.58,27.5
2024-05-16 07:00:00+00:00,608.5,27.42
2024-05-16 08:00:00+00:00,407.98,27.21
2024-05-16 09:00:00+00:00,190.73,26.65
2024-05-16 10:00:00+00:00,29.08,25.65
2024-05-16 11:00:00+00:00,0.0,24.8
2024-05-16 12:00:00+00:00,0.0,24.48
2024-05-16 13:00:00+00:00,0.0,24.29
2024-05-16 14:00:00+00:00,0.0,24.2
2024-05-16 15:00:00+00:00,0.0,24.12
2024-05-16 16:00:00+00:00,0.0,23.98
2024-05-16 17:00:00+00:00,0.0,23.76
2024-05-16 18:00:00+00:00,0.0,23.61
2024-05-16 19:00:00+00:00,0.0,23.51
2024-05-16 20:00:00+00:00,0.0,23.46
2024-05-16 21:00:00+00:00,0.0,23.41
2024-05-16 22:00:00+00:00,77.4,23.77
2024-05-16 23:00:00+00:00,253.6,24.29
2024-05-17 00:00:00+00:00,475.05,24.78
2024-05-17 01:00:00+00:00,668.42,25.41
2024-05-17 02:00:00+00:00,802.4,26.09
2024-05-17 03:00:00+00:00,835.2,26.74
2024-05-17 04:00:00+00:00,780.5,27.11
2024-05-17 05:00:00+00:00,490.52,27.19
2024-05-17 06:00:00+00:00,414.3,27.35
2024-05-17 07:00:00+00:00,266.77,27.37
2024-05-17 08:00:00+00:00,161.95,27.25
2024-05-17 09:00:00+00:00,72.22,27.06
2024-05-17 10:00:00+00:00,11.3,26.69
2024-05-17 11:00:00+00:00,0.0,26.2
2024-05-17 12:00:00+00:00,0.0,26.13
2024-05-17 13:00:00+00:00,0.0,25.86
2024-05-17 14:00:00+00:00,0.0,25.13
2024-05-17 15:00:00+00:00,0.0,24.62
2024-05-17 16:00:00+00:00,0.0,24.21
2024-05-17 17:00:00+00:00,0.0,23.87
2024-05-17 18:00:00+00:00,0.0,23.59
2024-05-17 19:00:00+00:00,0.0,23.35
2024-05-17 20:00:00+00:00,0.0,23.18
2024-05-17 21:00:00+00:00,0.0,23.13
2024-05-17 22:00:00+00:00,56.33,23.46
2024-05-17 23:00:00+00:00,153.35,23.96
2024-05-18 00:00:00+00:00,240.62,24.48
2024-05-18 01:00:00+00:00,495.88,25.2
2024-05-18 02:00:00+00:00,624.62,26.26
2024-05-18 03:00:00+00:00,575.08,27.16
2024-05-18 04:00:00+00:00,618.3,27.61
2024-05-18 05:00:00+00:00,600.47,27.82
2024-05-18 06:00:00+00:00,416.38,27.94
2024-05-18 07:00:00+00:00,197.4,27.91
2024-05-18 08:00:00+00:00,117.3,27.71
2024-05-18 09:00:00+00:00,57.3,27.28
2024-05-18 10:00:00+00:00,10.57,26.41
2024-05-18 11:00:00+00:00,0.0,25.68
2024-05-18 12:00:00+00:00,0.0,25.38
2024-05-18 13:00:00+00:00,0.0,25.08
2024-05-18 14:00:00+00:00,0.0,24.85
2024-05-18 15:00:00+00:00,0.0,24.75
2024-05-18 16:00:00+00:00,0.0,24.69
2024-05-18 17:00:00+00:00,0.0,24.66
2024-05-18 18:00:00+00:00,0.0,24.63
2024-05-18 19:00:00+00:00,0.0,24.64
2024-05-18 20:00:00+00:00,0.0,24.66
2024-05-18 21:00:00+00:00,0.0,24.7
2024-05-18 22:00:00+00:00,43.35,24.97
2024-05-18 23:00:00+00:00,107.15,25.31
2024-05-19 00:00:00+00:00,181.05,25.55
2024-05-19 01:00:00+00:00,299.45,25.89
2024-05-19 02:00:00+00:00,275.33,26.22
2024-05-19 03:00:00+00:00,298.55,26.66
2024-05-19 04:00:00+00:00,219.88,27.06
2024-05-19 05:00:00+00:00,179.4,27.08
2024-05-19 06:00:00+00:00,240.12,26.98
2024-05-19 07:00:00+00:00,162.85,26.76
2024-05-19 08:00:00+00:00,78.95,26.48
2024-05-19 09:00:00+00:00,35.75,26.18
2024-05-19 10:00:00+00:00,9.0,25.8
2024-05-19 11:00:00+00:00,0.0,25.53
2024-05-19 12:00:00+00:00,0.0,25.4
2024-05-19 13:00:00+00:00,0.0,25.34
2024-05-19 14:00:00+00:00,0.0,25.31
2024-05-19 15:00:00+00:00,0.0,25.3
2024-05-19 16:00:00+00:00,0.0,25.3
2024-05-19 17:00:00+00:00,0.0,25.32
2024-05-19 18:00:00+00:00,0.0,25.33
2024-05-19 19:00:00+00:00,0.0,25.33
2024-05-19 20:00:00+00:00,0.0,25.31
2024-05-19 21:00:00+00:00,0.0,25.21
2024-05-19 22:00:00+00:00,40.35,25.22
2024-05-19 23:00:00+00:00,94.93,25.41
2024-05-20 00:00:00+00:00,67.85,25.81
2024-05-20 01:00:00+00:00,79.75,26.32
2024-05-20 02:00:00+00:00,109.2,26.78
2024-05-20 03:00:00+00:00,131.7,27.14
2024-05-20 04:00:00+00:00,131.6,27.35
2024-05-20 05:00:00+00:00,127.75,27.28
2024-05-20 06:00:00+00:00,121.07,27.04
2024-05-20 07:00:00+00:00,149.38,26.87
2024-05-20 08:00:00+00:00,110.88,26.6
2024-05-20 09:00:00+00:00,59.53,26.28
2024-05-20 10:00:00+00:00,12.18,26.0
2024-05-20 11:00:00+00:00,0.0,25.86
2024-05-20 12:00:00+00:00,0.0,25.78
2024-05-20 13:00:00+00:00,0.0,25.76
2024-05-20 14:00:00+00:00,0.0,25.69
2024-05-20 15:00:00+00:00,0.0,25.61
2024-05-20 16:00:00+00:00,0.0,25.56
2024-05-20 17:00:00+00:00,0.0,25.51
2024-05-20 18:00:00+00:00,0.0,25.43
2024-05-20 19:00:00+00:00,0.0,25.38
2024-05-20 20:00:00+00:00,0.0,25.3
2024-05-20 21:00:00+00:00,0.0,25.23
2024-05-20 22:00:00+00:00,40.53,25.34
2024-05-20 23:00:00+00:00,91.0,25.64
2024-05-21 00:00:00+00:00,146.43,26.03
2024-05-21 01:00:00+00:00,178.27,26.46
2024-05-21 02:00:00+00:00,180.48,26.85
2024-05-21 03:00:00+00:00,157.15,27.15
2024-05-21 04:00:00+00:00,251.5,27.31
2024-05-21 05:00:00+00:00,318.05,27.41
2024-05-21 06:00:00+00:00,196.2,27.39
2024-05-21 07:00:00+00:00,102.05,27.21
2024-05-21 08:00:00+00:00,70.97,26.93
2024-05-21 09:00:00+00:00,41.58,26.61
2024-05-21 10:00:00+00:00,10.0,26.34
2024-05-21 11:00:00+00:00,0.0,26.04
2024-05-21 12:00:00+00:00,0.0,25.84
2024-05-21 13:00:00+00:00,0.0,25.63
2024-05-21 14:00:00+00:00,0.0,25.44
2024-05-21 15:00:00+00:00,0.0,25.31
2024-05-21 16:00:00+00:00,0.0,25.22
2024-05-21 17:00:00+00:00,0.0,25.11
2024-05-21 18:00:00+00:00,0.0,25.01
2024-05-21 19:00:00+00:00,0.0,24.93
2024-05-21 20:00:00+00:00,0.0,24.83
2024-05-21 21:00:00+00:00,0.0,24.77
2024-05-21 22:00:00+00:00,31.17,24.95
2024-05-21 23:00:00+00:00,127.82,25.2
2024-05-22 00:00:00+00:00,227.45,25.56
2024-05-22 01:00:00+00:00,254.1,26.11
2024-05-22 02:00:00+00:00,329.7,26.63
2024-05-22 03:00:00+00:00,390.58,26.92
2024-05-22 04:00:00+00:00,430.48,27.56
2024-05-22 05:00:00+00:00,434.98,28.02
2024-05-22 06:00:00+00:00,348.08,28.06
2024-05-22 07:00:00+00:00,202.43,27.89
2024-05-22 08:00:00+00:00,169.85,27.52
2024-05-22 09:00:00+00:00,89.2,27.21
2024-05-22 10:00:00+00:00,16.0,26.83
2024-05-22 11:00:00+00:00,0.0,26.39
2024-05-22 12:00:00+00:00,0.0,26.26
2024-05-22 13:00:00+00:00,0.0,26.07
2024-05-22 14:00:00+00:00,0.0,25.9
2024-05-22 15:00:00+00:00,0.0,25.72
2024-05-22 16:00:00+00:00,0.0,25.53
2024-05-22 17:00:00+00:00,0.0,25.37
2024-05-22 18:00:00+00:00,0.0,25.28
2024-05-22 19:00:00+00:00,0.0,25.26
2024-05-22 20:00:00+00:00,0.0,25.26
2024-05-22 21:00:00+00:00,0.0,25.29
2024-05-22 22:00:00+00:00,22.02,25.54
2024-05-22 23:00:00+00:00,67.38,26.03
2024-05-23 00:00:00+00:00,132.55,26.38
2024-05-23 01:00:00+00:00,165.55,26.72
2024-05-23 02:00:00+00:00,193.52,26.98
2024-05-23 03:00:00+00:00,316.73,27.16
2024-05-23 04:00:00+00:00,347.4,27.26
2024-05-23 05:00:00+00:00,249.38,27.28
2024-05-23 06:00:00+00:00,175.6,27.22
2024-05-23 07:00:00+00:00,151.65,27.13
2024-05-23 08:00:00+00:00,105.62,26.96
2024-05-23 09:00:00+00:00,51.6,26.71
2024-05-23 10:00:00+00:00,11.4,26.33
2024-05-23 11:00:00+00:00,0.0,25.9
2024-05-23 12:00:00+00:00,0.0,25.67
2024-05-23 13:00:00+00:00,0.0,25.5
2024-05-23 14:00:00+00:00,0.0,25.37
2024-05-23 15:00:00+00:00,0.0,25.31
2024-05-23 16:00:00+00:00,0.0,25.27
2024-05-23 17:00:00+00:00,0.0,25.23
2024-05-23 18:00:00+00:00,0.0,25.2
2024-05-23 19:00:00+00:00,0.0,25.19
2024-05-23 20:00:00+00:00,0.0,25.23
2024-05-23 21:00:00+00:00,0.0,25.29
2024-05-23 22:00:00+00:00,15.48,25.65
2024-05-23 23:00:00+00:00,36.53,26.11
2024-05-24 00:00:00+00:00,98.32,26.48
2024-05-24 01:00:00+00:00,151.9,26.67
2024-05-24 02:00:00+00:00,125.85,26.79
2024-05-24 03:00:00+00:00,135.18,26.84
2024-05-24 04:00:00+00:00,98.18,26.82
2024-05-24 05:00:00+00:00,189.8,26.77
2024-05-24 06:00:00+00:00,173.35,26.75
2024-05-24 07:00:00+00:00,156.32,26.67
2024-05-24 08:00:00+00:00,95.1,26.45
2024-05-24 09:00:00+00:00,53.47,26.2
2024-05-24 10:00:00+00:00,12.25,25.88
2024-05-24 11:00:00+00:00,0.0,25.46
2024-05-24 12:00:00+00:00,0.0,25.27
2024-05-24 13:00:00+00:00,0.0,25.23
2024-05-24 14:00:00+00:00,0.0,25.2
2024-05-24 15:00:00+00:00,0.0,25.15
2024-05-24 16:00:00+00:00,0.0,25.13
2024-05-24 17:00:00+00:00,0.0,25.11
2024-05-24 18:00:00+00:00,0.0,25.08
2024-05-24 19:00:00+00:00,0.0,25.07
2024-05-24 20:00:00+00:00,0.0,25.11
2024-05-24 21:00:00+00:00,0.0,25.15
2024-05-24 22:00:00+00:00,43.6,25.63
2024-05-24 23:00:00+00:00,117.53,26.16
2024-05-25 00:00:00+00:00,222.68,26.74
2024-05-25 01:00:00+00:00,349.3,27.2
2024-05-25 02:00:00+00:00,437.25,27.6
2024-05-25 03:00:00+00:00,556.08,27.82
2024-05-25 04:00:00+00:00,567.25,27.84
2024-05-25 05:00:00+00:00,475.8,27.79
2024-05-25 06:00:00+00:00,320.48,27.67
2024-05-25 07:00:00+00:00,304.33,27.48
2024-05-25 08:00:00+00:00,145.3,27.25
2024-05-25 09:00:00+00:00,79.97,26.97
2024-05-25 10:00:00+00:00,16.12,26.6
2024-05-25 11:00:00+00:00,0.0,26.24
2024-05-25 12:00:00+00:00,0.0,26.09
2024-05-25 13:00:00+00:00,0.0,26.02
2024-05-25 14:00:00+00:00,0.0,25.98
2024-05-25 15:00:00+00:00,0.0,25.92
2024-05-25 16:00:00+00:00,0.0,25.89
2024-05-25 17:00:00+00:00,0.0,25.87
2024-05-25 18:00:00+00:00,0.0,25.82
2024-05-25 19:00:00+00:00,0.0,25.85
2024-05-25 20:00:00+00:00,0.0,25.84
2024-05-25 21:00:00+00:00,0.0,25.81
2024-05-25 22:00:00+00:00,38.6,26.2
2024-05-25 23:00:00+00:00,98.38,26.61
2024-05-26 00:00:00+00:00,185.48,26.98
2024-05-26 01:00:00+00:00,265.45,27.48
2024-05-26 02:00:00+00:00,369.6,27.84
2024-05-26 03:00:00+00:00,450.25,28.02
2024-05-26 04:00:00+00:00,514.4,28.1
2024-05-26 05:00:00+00:00,477.83,28.1
2024-05-26 06:00:00+00:00,440.0,28.01
2024-05-26 07:00:00+00:00,326.58,27.8
2024-05-26 08:00:00+00:00,206.12,27.57
2024-05-26 09:00:00+00:00,108.3,27.22
2024-05-26 10:00:00+00:00,23.75,26.83
2024-05-26 11:00:00+00:00,0.0,26.54
2024-05-26 12:00:00+00:00,0.0,26.44
2024-05-26 13:00:00+00:00,0.0,26.41
2024-05-26 14:00:00+00:00,0.0,26.45
2024-05-26 15:00:00+00:00,0.0,26.47
2024-05-26 16:00:00+00:00,0.0,26.47
2024-05-26 17:00:00+00:00,0.0,26.36
2024-05-26 18:00:00+00:00,0.0,26.28
2024-05-26 19:00:00+00:00,0.0,26.33
2024-05-26 20:00:00+00:00,0.0,26.38
2024-05-26 21:00:00+00:00,1.27,26.41
2024-05-26 22:00:00+00:00,27.83,26.66
2024-05-26 23:00:00+00:00,84.12,27.04
2024-05-27 00:00:00+00:00,163.52,27.44
2024-05-27 01:00:00+00:00,126.97,27.92
2024-05-27 02:00:00+00:00,382.4,28.36
2024-05-27 03:00:00+00:00,543.75,28.69
2024-05-27 04:00:00+00:00,408.35,28.96
2024-05-27 05:00:00+00:00,412.33,29.01
2024-05-27 06:00:00+00:00,326.45,28.95
2024-05-27 07:00:00+00:00,282.15,28.8
2024-05-27 08:00:00+00:00,166.98,28.51
2024-05-27 09:00:00+00:00,89.05,28.11
2024-05-27 10:00:00+00:00,15.05,27.6
2024-05-27 11:00:00+00:00,0.0,27.33
2024-05-27 12:00:00+00:00,0.0,27.26
2024-05-27 13:00:00+00:00,0.0,27.21
2024-05-27 14:00:00+00:00,0.0,27.18
2024-05-27 15:00:00+00:00,0.0,27.23
2024-05-27 16:00:00+00:00,0.0,27.16
2024-05-27 17:00:00+00:00,0.0,27.09
2024-05-27 18:00:00+00:00,0.0,27.06
2024-05-27 19:00:00+00:00,0.0,27.01
2024-05-27 20:00:00+00:00,0.0,26.93
2024-05-27 21:00:00+00:00,1.88,26.79
2024-05-27 22:00:00+00:00,49.92,26.86
2024-05-27 23:00:00+00:00,148.35,27.0
2024-05-28 00:00:00+00:00,260.83,27.16
2024-05-28 01:00:00+00:00,468.75,27.25
2024-05-28 02:00:00+00:00,686.6,27.76
2024-05-28 03:00:00+00:00,771.88,28.26
2024-05-28 04:00:00+00:00,653.62,28.56
2024-05-28 05:00:00+00:00,669.97,28.8
2024-05-28 06:00:00+00:00,611.78,29.0
2024-05-28 07:00:00+00:00,264.08,29.07
2024-05-28 08:00:00+00:00,176.38,29.06
2024-05-28 09:00:00+00:00,85.4,28.59
2024-05-28 10:00:00+00:00,16.67,27.95
2024-05-28 11:00:00+00:00,0.0,27.31
2024-05-28 12:00:00+00:00,0.0,26.99
2024-05-28 13:00:00+00:00,0.0,26.77
2024-05-28 14:00:00+00:00,0.0,26.49
2024-05-28 15:00:00+00:00,0.0,26.03
2024-05-28 16:00:00+00:00,0.0,25.26
2024-05-28 17:00:00+00:00,0.0,24.82
2024-05-28 18:00:00+00:00,0.0,24.72
2024-05-28 19:00:00+00:00,0.0,24.6
2024-05-28 20:00:00+00:00,0.0,24.43
2024-05-28 21:00:00+00:00,2.17,24.23
2024-05-28 22:00:00+00:00,53.33,24.19
2024-05-28 23:00:00+00:00,147.75,24.46
2024-05-29 00:00:00+00:00,251.88,24.98
2024-05-29 01:00:00+00:00,460.23,25.49
2024-05-29 02:00:00+00:00,551.53,25.85
2024-05-29 03:00:00+00:00,632.75,26.05
2024-05-29 04:00:00+00:00,722.3,26.27
2024-05-29 05:00:00+00:00,739.8,26.52
2024-05-29 06:00:00+00:00,749.92,26.73
2024-05-29 07:00:00+00:00,529.67,26.79
2024-05-29 08:00:00+00:00,277.95,26.69
2024-05-29 09:00:00+00:00,165.2,26.4
2024-05-29 10:00:00+00:00,39.83,25.95
2024-05-29 11:00:00+00:00,0.0,25.5
2024-05-29 12:00:00+00:00,0.0,25.35
2024-05-29 13:00:00+00:00,0.0,25.21
2024-05-29 14:00:00+00:00,0.0,24.98
2024-05-29 15:00:00+00:00,0.0,24.63
2024-05-29 16:00:00+00:00,0.0,24.17
2024-05-29 17:00:00+00:00,0.0,23.87
2024-05-29 18:00:00+00:00,0.0,23.75
2024-05-29 19:00:00+00:00,0.0,23.78
2024-05-29 20:00:00+00:00,0.0,24.05
2024-05-29 21:00:00+00:00,2.62,24.24
2024-05-29 22:00:00+00:00,69.97,24.59
2024-05-29 23:00:00+00:00,193.1,25.41
2024-05-30 00:00:00+00:00,256.3,26.68
2024-05-30 01:00:00+00:00,305.73,27.49
2024-05-30 02:00:00+00:00,380.12,27.82
2024-05-30 03:00:00+00:00,239.23,28.01
2024-05-30 04:00:00+00:00,251.65,28.16
2024-05-30 05:00:00+00:00,285.95,28.25
2024-05-30 06:00:00+00:00,300.6,28.22
2024-05-30 07:00:00+00:00,267.33,28.12
2024-05-30 08:00:00+00:00,189.85,27.9
2024-05-30 09:00:00+00:00,118.65,27.55
2024-05-30 10:00:00+00:00,28.45,27.06
2024-05-30 11:00:00+00:00,0.0,26.68
2024-05-30 12:00:00+00:00,0.0,26.48
2024-05-30 13:00:00+00:00,0.0,26.39
2024-05-30 14:00:00+00:00,0.0,26.34
2024-05-30 15:00:00+00:00,0.0,26.35
2024-05-30 16:00:00+00:00,0.0,26.37
2024-05-30 17:00:00+00:00,0.0,26.36
2024-05-30 18:00:00+00:00,0.0,26.44
2024-05-30 19:00:00+00:00,0.0,26.51
2024-05-30 20:00:00+00:00,0.0,26.45
2024-05-30 21:00:00+00:00,2.08,26.53
2024-05-30 22:00:00+00:00,48.03,26.95
2024-05-30 23:00:00+00:00,148.68,27.14
2024-05-31 00:00:00+00:00,280.27,27.35
2024-05-31 01:00:00+00:00,254.05,27.79
2024-05-31 02:00:00+00:00,215.12,28.12
2024-05-31 03:00:00+00:00,353.88,28.44
2024-05-31 04:00:00+00:00,403.75,28.5
2024-05-31 05:00:00+00:00,366.35,28.52
2024-05-31 06:00:00+00:00,280.38,28.48
2024-05-31 07:00:00+00:00,166.77,28.43
2024-05-31 08:00:00+00:00,94.28,28.21
2024-05-31 09:00:00+00:00,56.8,27.93
2024-05-31 10:00:00+00:00,14.62,27.59
2024-05-31 11:00:00+00:00,0.0,27.3
2024-05-31 12:00:00+00:00,0.0,27.17
2024-05-31 13:00:00+00:00,0.0,27.14
2024-05-31 14:00:00+00:00,0.0,27.18
2024-05-31 15:00:00+00:00,0.0,27.14
2024-05-31 16:00:00+00:00,0.0,27.07
2024-05-31 17:00:00+00:00,0.0,27.03
2024-05-31 18:00:00+00:00,0.0,27.08
2024-05-31 19:00:00+00:00,0.0,27.2
2024-05-31 20:00:00+00:00,0.0,27.23
2024-05-31 21:00:00+00:00,2.0,27.38
2024-05-31 22:00:00+00:00,43.72,27.44
2024-05-31 23:00:00+00:00,126.22,27.58
2024-06-01 00:00:00+00:00,201.4,27.81
2024-06-01 01:00:00+00:00,308.12,28.02
2024-06-01 02:00:00+00:00,352.77,28.09
2024-06-01 03:00:00+00:00,346.42,27.74
2024-06-01 04:00:00+00:00,146.68,27.54
2024-06-01 05:00:00+00:00,153.05,27.66
2024-06-01 06:00:00+00:00,225.95,27.76
2024-06-01 07:00:00+00:00,171.73,27.62
2024-06-01 08:00:00+00:00,108.32,27.34
2024-06-01 09:00:00+00:00,61.17,27.05
2024-06-01 10:00:00+00:00,14.57,26.8
2024-06-01 11:00:00+00:00,0.0,26.64
2024-06-01 12:00:00+00:00,0.0,26.66
2024-06-01 13:00:00+00:00,0.0,26.69
2024-06-01 14:00:00+00:00,0.0,26.71
2024-06-01 15:00:00+00:00,0.0,26.73
2024-06-01 16:00:00+00:00,0.0,26.73
2024-06-01 17:00:00+00:00,0.0,26.66
2024-06-01 18:00:00+00:00,0.0,26.63
2024-06-01 19:00:00+00:00,0.0,26.7
2024-06-01 20:00:00+00:00,0.0,26.7
2024-06-01 21:00:00+00:00,1.38,26.54
2024-06-01 22:00:00+00:00,53.25,26.49
2024-06-01 23:00:00+00:00,127.75,26.64
2024-06-02 00:00:00+00:00,209.18,27.0
2024-06-02 01:00:00+00:00,408.75,27.5
2024-06-02 02:00:00+00:00,520.05,28.03
2024-06-02 03:00:00+00:00,632.1,28.39
2024-06-02 04:00:00+00:00,433.9,28.63
2024-06-02 05:00:00+00:00,618.55,28.81
2024-06-02 06:00:00+00:00,584.05,28.92
2024-06-02 07:00:00+00:00,414.38,28.98
2024-06-02 08:00:00+00:00,248.98,28.93
2024-06-02 09:00:00+00:00,128.4,28.93
2024-06-02 10:00:00+00:00,28.27,28.75
2024-06-02 11:00:00+00:00,0.0,28.25
2024-06-02 12:00:00+00:00,0.0,28.01
2024-06-02 13:00:00+00:00,0.0,27.82
2024-06-02 14:00:00+00:00,0.0,27.61
2024-06-02 15:00:00+00:00,0.0,27.38
2024-06-02 16:00:00+00:00,0.0,27.18
2024-06-02 17:00:00+00:00,0.0,27.03
2024-06-02 18:00:00+00:00,0.0,27.08
2024-06-02 19:00:00+00:00,0.0,27.15
2024-06-02 20:00:00+00:00,0.0,27.06
2024-06-02 21:00:00+00:00,1.25,26.88
2024-06-02 22:00:00+00:00,20.2,27.12
2024-06-02 23:00:00+00:00,68.57,27.35
2024-06-03 00:00:00+00:00,118.45,27.59
2024-06-03 01:00:00+00:00,143.77,27.77
2024-06-03 02:00:00+00:00,133.23,27.8
2024-06-03 03:00:00+00:00,135.93,27.8
2024-06-03 04:00:00+00:00,137.35,27.84
2024-06-03 05:00:00+00:00,167.3,27.77
2024-06-03 06:00:00+00:00,193.23,27.62
2024-06-03 07:00:00+00:00,122.55,27.43
2024-06-03 08:00:00+00:00,96.12,27.17
2024-06-03 09:00:00+00:00,78.32,26.84
2024-06-03 10:00:00+00:00,17.55,26.45
2024-06-03 11:00:00+00:00,0.0,26.13
2024-06-03 12:00:00+00:00,0.0,26.0
2024-06-03 13:00:00+00:00,0.0,25.93
2024-06-03 14:00:00+00:00,0.0,25.88
2024-06-03 15:00:00+00:00,0.0,25.83
2024-06-03 16:00:00+00:00,0.0,25.78
2024-06-03 17:00:00+00:00,0.0,25.7
2024-06-03 18:00:00+00:00,0.0,25.61
2024-06-03 19:00:00+00:00,0.0,25.51
2024-06-03 20:00:00+00:00,0.0,25.4
2024-06-03 21:00:00+00:00,1.52,25.26
2024-06-03 22:00:00+00:00,24.62,25.22
2024-06-03 23:00:00+00:00,68.2,25.31
2024-06-04 00:00:00+00:00,128.95,25.55
2024-06-04 01:00:00+00:00,213.9,25.82
2024-06-04 02:00:00+00:00,275.55,26.07
2024-06-04 03:00:00+00:00,306.5,26.35
2024-06-04 04:00:00+00:00,262.55,26.55
2024-06-04 05:00:00+00:00,236.45,26.59
2024-06-04 06:00:00+00:00,227.8,26.6
2024-06-04 07:00:00+00:00,174.2,26.5
2024-06-04 08:00:00+00:00,136.4,26.25
2024-06-04 09:00:00+00:00,62.85,26.01
2024-06-04 10:00:00+00:00,16.35,25.79
2024-06-04 11:00:00+00:00,0.0,25.57
2024-06-04 12:00:00+00:00,0.0,25.46
2024-06-04 13:00:00+00:00,0.0,25.37
2024-06-04 14:00:00+00:00,0.0,25.3
2024-06-04 15:00:00+00:00,0.0,25.24
2024-06-04 16:00:00+00:00,0.0,25.22
2024-06-04 17:00:00+00:00,0.0,25.23
2024-06-04 18:00:00+00:00,0.0,25.25
2024-06-04 19:00:00+00:00,0.0,25.3
2024-06-04 20:00:00+00:00,0.0,25.42
2024-06-04 21:00:00+00:00,1.58,25.53
2024-06-04 22:00:00+00:00,27.45,25.7
2024-06-04 23:00:00+00:00,76.93,25.95
2024-06-05 00:00:00+00:00,130.5,26.26
2024-06-05 01:00:00+00:00,224.3,26.58
2024-06-05 02:00:00+00:00,289.05,26.91
2024-06-05 03:00:00+00:00,359.23,27.24
2024-06-05 04:00:00+00:00,320.92,27.65
2024-06-05 05:00:00+00:00,296.48,27.95
2024-06-05 06:00:00+00:00,283.88,28.0
2024-06-05 07:00:00+00:00,207.23,27.85
2024-06-05 08:00:00+00:00,124.47,27.51
2024-06-05 09:00:00+00:00,58.85,27.13
2024-06-05 10:00:00+00:00,13.62,26.84
2024-06-05 11:00:00+00:00,0.0,26.59
2024-06-05 12:00:00+00:00,0.0,26.45
2024-06-05 13:00:00+00:00,0.0,26.36
2024-06-05 14:00:00+00:00,0.0,26.31
2024-06-05 15:00:00+00:00,0.0,26.26
2024-06-05 16:00:00+00:00,0.0,26.19
2024-06-05 17:00:00+00:00,0.0,26.11
2024-06-05 18:00:00+00:00,0.0,26.03
2024-06-05 19:00:00+00:00,0.0,25.96
2024-06-05 20:00:00+00:00,0.0,25.9
2024-06-05 21:00:00+00:00,1.45,25.84
2024-06-05 22:00:00+00:00,26.42,26.14
2024-06-05 23:00:00+00:00,73.43,26.33
2024-06-06 00:00:00+00:00,115.82,26.52
2024-06-06 01:00:00+00:00,292.4,26.63
2024-06-06 02:00:00+00:00,427.38,26.78
2024-06-06 03:00:00+00:00,401.25,26.94
2024-06-06 04:00:00+00:00,332.8,27.1
2024-06-06 05:00:00+00:00,314.9,27.21
2024-06-06 06:00:00+00:00,349.7,27.24
2024-06-06 07:00:00+00:00,251.5,27.2
2024-06-06 08:00:00+00:00,144.93,27.08
2024-06-06 09:00:00+00:00,79.8,26.92
2024-06-06 10:00:00+00:00,16.95,26.72
2024-06-06 11:00:00+00:00,0.0,26.56
2024-06-06 12:00:00+00:00,0.0,26.52
2024-06-06 13:00:00+00:00,0.0,26.48
2024-06-06 14:00:00+00:00,0.0,26.42
2024-06-06 15:00:00+00:00,0.0,26.32
2024-06-06 16:00:00+00:00,0.0,26.22
2024-06-06 17:00:00+00:00,0.0,26.18
2024-06-06 18:00:00+00:00,0.0,26.17
2024-06-06 19:00:00+00:00,0.0,26.13
2024-06-06 20:00:00+00:00,0.0,26.04
2024-06-06 21:00:00+00:00,1.52,25.9
2024-06-06 22:00:00+00:00,24.35,26.19
2024-06-06 23:00:00+00:00,64.93,26.49
2024-06-07 00:00:00+00:00,111.53,26.86
2024-06-07 01:00:00+00:00,196.88,27.32
2024-06-07 02:00:00+00:00,239.88,27.74
2024-06-07 03:00:00+00:00,263.15,27.98
2024-06-07 04:00:00+00:00,240.77,28.12
2024-06-07 05:00:00+00:00,271.8,28.24
2024-06-07 06:00:00+00:00,187.73,28.33
2024-06-07 07:00:00+00:00,170.1,28.3
2024-06-07 08:00:00+00:00,147.9,28.13
2024-06-07 09:00:00+00:00,89.6,27.78
2024-06-07 10:00:00+00:00,11.48,27.25
2024-06-07 11:00:00+00:00,0.0,26.72
2024-06-07 12:00:00+00:00,0.0,26.56
2024-06-07 13:00:00+00:00,0.0,26.46
2024-06-07 14:00:00+00:00,0.0,26.37
2024-06-07 15:00:00+00:00,0.0,26.29
2024-06-07 16:00:00+00:00,0.0,26.23
2024-06-07 17:00:00+00:00,0.0,26.18
2024-06-07 18:00:00+00:00,0.0,26.13
2024-06-07 19:00:00+00:00,0.0,26.11
2024-06-07 20:00:00+00:00,0.0,26.08
2024-06-07 21:00:00+00:00,1.88,26.1
2024-06-07 22:00:00+00:00,31.52,26.55
2024-06-07 23:00:00+00:00,92.7,27.03
2024-06-08 00:00:00+00:00,161.6,27.69
2024-06-08 01:00:00+00:00,261.67,28.21
2024-06-08 02:00:00+00:00,280.08,28.55
2024-06-08 03:00:00+00:00,302.05,28.75
2024-06-08 04:00:00+00:00,322.33,28.81
2024-06-08 05:00:00+00:00,444.83,28.82
2024-06-08 06:00:00+00:00,378.25,28.83
2024-06-08 07:00:00+00:00,293.92,28.78
2024-06-08 08:00:00+00:00,198.0,28.62
2024-06-08 09:00:00+00:00,94.55,28.25
2024-06-08 10:00:00+00:00,18.65,27.72
2024-06-08 11:00:00+00:00,0.0,27.35
2024-06-08 12:00:00+00:00,0.0,27.27
2024-06-08 13:00:00+00:00,0.0,27.21
2024-06-08 14:00:00+00:00,0.0,27.11
2024-06-08 15:00:00+00:00,0.0,27.05
2024-06-08 16:00:00+00:00,0.0,27.03
2024-06-08 17:00:00+00:00,0.0,26.98
2024-06-08 18:00:00+00:00,0.0,26.9
2024-06-08 19:00:00+00:00,0.0,26.84
2024-06-08 20:00:00+00:00,0.0,26.81
2024-06-08 21:00:00+00:00,1.8,26.78
2024-06-08 22:00:00+00:00,34.2,27.09
2024-06-08 23:00:00+00:00,122.18,27.35
2024-06-09 00:00:00+00:00,61.35,27.52
2024-06-09 01:00:00+00:00,53.67,27.72
2024-06-09 02:00:00+00:00,62.62,27.93
2024-06-09 03:00:00+00:00,84.57,28.09
2024-06-09 04:00:00+00:00,94.65,28.16
2024-06-09 05:00:00+00:00,153.38,28.19
2024-06-09 06:00:00+00:00,189.23,28.21
2024-06-09 07:00:00+00:00,171.07,28.17
2024-06-09 08:00:00+00:00,165.05,28.06
2024-06-09 09:00:00+00:00,94.97,27.89
2024-06-09 10:00:00+00:00,23.67,27.68
2024-06-09 11:00:00+00:00,0.0,27.36
2024-06-09 12:00:00+00:00,0.0,27.32
2024-06-09 13:00:00+00:00,0.0,27.28
2024-06-09 14:00:00+00:00,0.0,27.23
2024-06-09 15:00:00+00:00,0.0,27.14
2024-06-09 16:00:00+00:00,0.0,27.09
2024-06-09 17:00:00+00:00,0.0,27.05
2024-06-09 18:00:00+00:00,0.0,27.03
2024-06-09 19:00:00+00:00,0.0,27.03
2024-06-09 20:00:00+00:00,0.0,27.02
2024-06-09 21:00:00+00:00,2.88,27.04
2024-06-09 22:00:00+00:00,64.35,27.25
2024-06-09 23:00:00+00:00,190.32,27.57
2024-06-10 00:00:00+00:00,336.27,27.75
2024-06-10 01:00:00+00:00,525.9,27.97
2024-06-10 02:00:00+00:00,610.03,28.27
2024-06-10 03:00:00+00:00,635.45,28.49
2024-06-10 04:00:00+00:00,647.15,28.63
2024-06-10 05:00:00+00:00,573.78,28.71
2024-06-10 06:00:00+00:00,479.92,28.73
2024-06-10 07:00:00+00:00,387.9,28.69
2024-06-10 08:00:00+00:00,252.1,28.58
2024-06-10 09:00:00+00:00,140.18,28.31
2024-06-10 10:00:00+00:00,34.3,27.95
2024-06-10 11:00:00+00:00,0.0,27.57
2024-06-10 12:00:00+00:00,0.0,27.47
2024-06-10 13:00:00+00:00,0.0,27.4
2024-06-10 14:00:00+00:00,0.0,27.34
2024-06-10 15:00:00+00:00,0.0,27.29
2024-06-10 16:00:00+00:00,0.0,27.22
2024-06-10 17:00:00+00:00,0.0,27.16
2024-06-10 18:00:00+00:00,0.0,27.12
2024-06-10 19:00:00+00:00,0.0,27.12
2024-06-10 20:00:00+00:00,0.0,27.13
2024-06-10 21:00:00+00:00,2.4,27.12
2024-06-10 22:00:00+00:00,48.08,27.33
2024-06-10 23:00:00+00:00,155.62,27.7
2024-06-11 00:00:00+00:00,300.35,27.88
2024-06-11 01:00:00+00:00,500.4,28.05
2024-06-11 02:00:00+00:00,674.55,28.23
2024-06-11 03:00:00+00:00,723.03,28.38
2024-06-11 04:00:00+00:00,623.7,28.49
2024-06-11 05:00:00+00:00,520.6,28.54
2024-06-11 06:00:00+00:00,473.95,28.54
2024-06-11 07:00:00+00:00,339.98,28.53
2024-06-11 08:00:00+00:00,165.52,28.47
2024-06-11 09:00:00+00:00,96.9,28.31
2024-06-11 10:00:00+00:00,25.0,28.06
2024-06-11 11:00:00+00:00,0.0,27.78
2024-06-11 12:00:00+00:00,0.0,27.7
2024-06-11 13:00:00+00:00,0.0,27.63
2024-06-11 14:00:00+00:00,0.0,27.56
2024-06-11 15:00:00+00:00,0.0,27.5
2024-06-11 16:00:00+00:00,0.0,27.47
2024-06-11 17:00:00+00:00,0.0,27.46
2024-06-11 18:00:00+00:00,0.0,27.47
2024-06-11 19:00:00+00:00,0.0,27.49
2024-06-11 20:00:00+00:00,0.0,27.51
2024-06-11 21:00:00+00:00,3.05,27.51
2024-06-11 22:00:00+00:00,68.15,27.78
2024-06-11 23:00:00+00:00,213.75,28.18
2024-06-12 00:00:00+00:00,377.58,28.37
2024-06-12 01:00:00+00:00,553.8,28.6
2024-06-12 02:00:00+00:00,718.0,28.85
2024-06-12 03:00:00+00:00,829.05,29.02
2024-06-12 04:00:00+00:00,807.55,29.17
2024-06-12 05:00:00+00:00,805.45,29.27
2024-06-12 06:00:00+00:00,668.42,29.26
2024-06-12 07:00:00+00:00,473.4,29.16
2024-06-12 08:00:00+00:00,271.85,28.95
2024-06-12 09:00:00+00:00,137.98,28.67
2024-06-12 10:00:00+00:00,32.78,28.4
2024-06-12 11:00:00+00:00,0.0,28.17
2024-06-12 12:00:00+00:00,0.0,28.1
2024-06-12 13:00:00+00:00,0.0,28.08
2024-06-12 14:00:00+00:00,0.0,28.07
2024-06-12 15:00:00+00:00,0.0,28.03
2024-06-12 16:00:00+00:00,0.0,27.98
2024-06-12 17:00:00+00:00,0.0,27.9
2024-06-12 18:00:00+00:00,0.0,27.85
2024-06-12 19:00:00+00:00,0.0,27.81
2024-06-12 20:00:00+00:00,0.0,27.81
2024-06-12 21:00:00+00:00,1.95,27.82
2024-06-12 22:00:00+00:00,29.95,28.08
2024-06-12 23:00:00+00:00,92.95,28.46
2024-06-13 00:00:00+00:00,181.98,28.64
2024-06-13 01:00:00+00:00,308.0,28.88
2024-06-13 02:00:00+00:00,224.65,29.11
2024-06-13 03:00:00+00:00,265.92,29.25
2024-06-13 04:00:00+00:00,305.77,29.3
2024-06-13 05:00:00+00:00,465.6,29.28
2024-06-13 06:00:00+00:00,407.48,29.19
2024-06-13 07:00:00+00:00,289.62,29.08
2024-06-13 08:00:00+00:00,185.23,28.97
2024-06-13 09:00:00+00:00,132.55,28.82
2024-06-13 10:00:00+00:00,34.0,28.59
2024-06-13 11:00:00+00:00,0.0,28.44
2024-06-13 12:00:00+00:00,0.0,28.43
2024-06-13 13:00:00+00:00,0.0,28.43
2024-06-13 14:00:00+00:00,0.0,28.42
2024-06-13 15:00:00+00:00,0.0,28.39
2024-06-13 16:00:00+00:00,0.0,28.33
2024-06-13 17:00:00+00:00,0.0,28.27
2024-06-13 18:00:00+00:00,0.0,28.25
2024-06-13 19:00:00+00:00,0.0,28.23
2024-06-13 20:00:00+00:00,0.0,28.22
2024-06-13 21:00:00+00:00,1.62,28.21
2024-06-13 22:00:00+00:00,29.52,28.32
2024-06-13 23:00:00+00:00,71.97,28.52
2024-06-14 00:00:00+00:00,103.47,28.66
2024-06-14 01:00:00+00:00,160.4,28.77
2024-06-14 02:00:00+00:00,86.95,28.85
2024-06-14 03:00:00+00:00,61.1,28.88
2024-06-14 04:00:00+00:00,48.47,28.97
2024-06-14 05:00:00+00:00,114.22,29.08
2024-06-14 06:00:00+00:00,160.75,29.13
2024-06-14 07:00:00+00:00,185.57,29.05
2024-06-14 08:00:00+00:00,163.62,28.87
2024-06-14 09:00:00+00:00,77.62,28.68
2024-06-14 10:00:00+00:00,21.95,28.46
2024-06-14 11:00:00+00:00,0.0,28.15
2024-06-14 12:00:00+00:00,0.0,28.09
2024-06-14 13:00:00+00:00,0.0,28.06
2024-06-14 14:00:00+00:00,0.0,28.07
2024-06-14 15:00:00+00:00,0.0,28.05
2024-06-14 16:00:00+00:00,0.0,28.07
2024-06-14 17:00:00+00:00,0.0,28.07
2024-06-14 18:00:00+00:00,0.0,28.06
2024-06-14 19:00:00+00:00,0.0,28.05
2024-06-14 20:00:00+00:00,0.0,28.03
2024-06-14 21:00:00+00:00,2.2,28.03
2024-06-14 22:00:00+00:00,52.45,28.19
2024-06-14 23:00:00+00:00,134.43,28.44
2024-06-15 00:00:00+00:00,92.6,28.58
2024-06-15 01:00:00+00:00,193.32,28.69
2024-06-15 02:00:00+00:00,280.83,28.85
2024-06-15 03:00:00+00:00,337.33,28.98
2024-06-15 04:00:00+00:00,364.7,29.0
2024-06-15 05:00:00+00:00,194.93,28.98
2024-06-15 06:00:00+00:00,116.0,28.94
2024-06-15 07:00:00+00:00,56.03,28.88
2024-06-15 08:00:00+00:00,27.17,28.75
2024-06-15 09:00:00+00:00,17.15,28.44
2024-06-15 10:00:00+00:00,4.43,28.06
2024-06-15 11:00:00+00:00,0.0,27.74
2024-06-15 12:00:00+00:00,0.0,27.55
2024-06-15 13:00:00+00:00,0.0,27.42
2024-06-15 14:00:00+00:00,0.0,27.28
2024-06-15 15:00:00+00:00,0.0,27.25
2024-06-15 16:00:00+00:00,0.0,27.32
2024-06-15 17:00:00+00:00,0.0,27.38
2024-06-15 18:00:00+00:00,0.0,27.49
2024-06-15 19:00:00+00:00,0.0,27.58
2024-06-15 20:00:00+00:00,0.0,27.69
2024-06-15 21:00:00+00:00,2.25,27.77
2024-06-15 22:00:00+00:00,43.85,28.18
2024-06-15 23:00:00+00:00,140.95,28.56
2024-06-16 00:00:00+00:00,267.2,28.89
2024-06-16 01:00:00+00:00,341.62,29.2
2024-06-16 02:00:00+00:00,431.3,29.35
2024-06-16 03:00:00+00:00,441.1,29.42
2024-06-16 04:00:00+00:00,306.05,29.49
2024-06-16 05:00:00+00:00,222.62,29.53
2024-06-16 06:00:00+00:00,327.85,29.52
2024-06-16 07:00:00+00:00,299.55,29.33
2024-06-16 08:00:00+00:00,229.98,29.16
2024-06-16 09:00:00+00:00,119.05,28.99
2024-06-16 10:00:00+00:00,21.77,28.76
2024-06-16 11:00:00+00:00,0.0,28.53
2024-06-16 12:00:00+00:00,0.0,28.45
2024-06-16 13:00:00+00:00,0.0,28.39
2024-06-16 14:00:00+00:00,0.0,28.35
2024-06-16 15:00:00+00:00,0.0,28.3
2024-06-16 16:00:00+00:00,0.0,28.2
2024-06-16 17:00:00+00:00,0.0,28.08
2024-06-16 18:00:00+00:00,0.0,28.0
2024-06-16 19:00:00+00:00,0.0,27.96
2024-06-16 20:00:00+00:00,0.0,27.94
2024-06-16 21:00:00+00:00,2.62,27.94
2024-06-16 22:00:00+00:00,66.85,28.18
2024-06-16 23:00:00+00:00,198.23,28.54
2024-06-17 00:00:00+00:00,352.4,28.77
2024-06-17 01:00:00+00:00,545.6,28.96
2024-06-17 02:00:00+00:00,686.35,29.1
2024-06-17 03:00:00+00:00,794.9,29.24
2024-06-17 04:00:00+00:00,866.58,29.32
2024-06-17 05:00:00+00:00,795.8,29.34
2024-06-17 06:00:00+00:00,691.67,29.32
2024-06-17 07:00:00+00:00,535.3,29.27
2024-06-17 08:00:00+00:00,381.95,29.2
2024-06-17 09:00:00+00:00,199.4,29.04
2024-06-17 10:00:00+00:00,50.5,28.72
2024-06-17 11:00:00+00:00,0.0,28.42
2024-06-17 12:00:00+00:00,0.0,28.32
2024-06-17 13:00:00+00:00,0.0,28.28
2024-06-17 14:00:00+00:00,0.0,28.28
2024-06-17 15:00:00+00:00,0.0,28.25
2024-06-17 16:00:00+00:00,0.0,28.24
2024-06-17 17:00:00+00:00,0.0,28.28
2024-06-17 18:00:00+00:00,0.0,28.35
2024-06-17 19:00:00+00:00,0.0,28.35
2024-06-17 20:00:00+00:00,0.0,28.32
2024-06-17 21:00:00+00:00,2.25,28.26
2024-06-17 22:00:00+00:00,57.83,28.45
2024-06-17 23:00:00+00:00,174.05,28.8
2024-06-18 00:00:00+00:00,326.9,28.98
2024-06-18 01:00:00+00:00,462.55,29.13
2024-06-18 02:00:00+00:00,581.75,29.31
2024-06-18 03:00:00+00:00,614.58,29.48
2024-06-18 04:00:00+00:00,503.65,29.57
2024-06-18 05:00:00+00:00,439.35,29.62
2024-06-18 06:00:00+00:00,296.15,29.57
2024-06-18 07:00:00+00:00,218.35,29.46
2024-06-18 08:00:00+00:00,130.57,29.26
2024-06-18 09:00:00+00:00,81.6,29.05
2024-06-18 10:00:00+00:00,22.38,28.78
2024-06-18 11:00:00+00:00,0.0,28.54
2024-06-18 12:00:00+00:00,0.0,28.46
2024-06-18 13:00:00+00:00,0.0,28.41
2024-06-18 14:00:00+00:00,0.0,28.38
2024-06-18 15:00:00+00:00,0.0,28.33
2024-06-18 16:00:00+00:00,0.0,28.29
2024-06-18 17:00:00+00:00,0.0,28.22
2024-06-18 18:00:00+00:00,0.0,28.16
2024-06-18 19:00:00+00:00,0.0,28.12
2024-06-18 20:00:00+00:00,0.0,28.11
2024-06-18 21:00:00+00:00,0.0,28.18
2024-06-18 22:00:00+00:00,78.18,28.48
2024-06-18 23:00:00+00:00,214.85,28.89
2024-06-19 00:00:00+00:00,385.23,29.14
2024-06-19 01:00:00+00:00,474.8,29.32
2024-06-19 02:00:00+00:00,558.28,29.53
2024-06-19 03:00:00+00:00,632.4,29.71
2024-06-19 04:00:00+00:00,604.95,29.86
2024-06-19 05:00:00+00:00,609.9,29.92
2024-06-19 06:00:00+00:00,528.08,29.93
2024-06-19 07:00:00+00:00,407.52,29.9
2024-06-19 08:00:00+00:00,256.6,29.76
2024-06-19 09:00:00+00:00,146.12,29.48
2024-06-19 10:00:00+00:00,39.33,29.04
2024-06-19 11:00:00+00:00,0.0,28.63
2024-06-19 12:00:00+00:00,0.0,28.51
2024-06-19 13:00:00+00:00,0.0,28.43
2024-06-19 14:00:00+00:00,0.0,28.37
2024-06-19 15:00:00+00:00,0.0,28.3
2024-06-19 16:00:00+00:00,0.0,28.28
2024-06-19 17:00:00+00:00,0.0,28.29
2024-06-19 18:00:00+00:00,0.0,28.33
2024-06-19 19:00:00+00:00,0.0,28.35
2024-06-19 20:00:00+00:00,0.0,28.37
2024-06-19 21:00:00+00:00,0.0,28.37
2024-06-19 22:00:00+00:00,75.65,28.76
2024-06-19 23:00:00+00:00,209.6,29.2
2024-06-20 00:00:00+00:00,370.67,29.5
2024-06-20 01:00:00+00:00,532.1,29.78
2024-06-20 02:00:00+00:00,613.5,30.02
2024-06-20 03:00:00+00:00,693.0,30.2
2024-06-20 04:00:00+00:00,746.55,30.39
2024-06-20 05:00:00+00:00,798.38,30.49
2024-06-20 06:00:00+00:00,673.47,30.52
2024-06-20 07:00:00+00:00,525.38,30.45
2024-06-20 08:00:00+00:00,334.55,30.28
2024-06-20 09:00:00+00:00,173.25,29.98
2024-06-20 10:00:00+00:00,46.88,29.54
2024-06-20 11:00:00+00:00,0.0,28.97
2024-06-20 12:00:00+00:00,0.0,28.77
2024-06-20 13:00:00+00:00,0.0,28.65
2024-06-20 14:00:00+00:00,0.0,28.56
2024-06-20 15:00:00+00:00,0.0,28.5
2024-06-20 16:00:00+00:00,0.0,28.45
2024-06-20 17:00:00+00:00,0.0,28.44
2024-06-20 18:00:00+00:00,0.0,28.42
2024-06-20 19:00:00+00:00,0.0,28.39
2024-06-20 20:00:00+00:00,0.0,28.34
2024-06-20 21:00:00+00:00,0.0,28.32
2024-06-20 22:00:00+00:00,88.38,28.73
2024-06-20 23:00:00+00:00,265.42,29.26
2024-06-21 00:00:00+00:00,461.9,29.64
2024-06-21 01:00:00+00:00,603.3,29.96
2024-06-21 02:00:00+00:00,769.62,30.25
2024-06-21 03:00:00+00:00,869.47,30.48
2024-06-21 04:00:00+00:00,892.1,30.63
2024-06-21 05:00:00+00:00,739.3,30.68
2024-06-21 06:00:00+00:00,751.22,30.63
2024-06-21 07:00:00+00:00,598.97,30.5
2024-06-21 08:00:00+00:00,415.48,30.29
2024-06-21 09:00:00+00:00,220.12,30.03
2024-06-21 10:00:00+00:00,55.03,29.5
2024-06-21 11:00:00+00:00,0.0,28.95
2024-06-21 12:00:00+00:00,0.0,28.8
2024-06-21 13:00:00+00:00,0.0,28.75
2024-06-21 14:00:00+00:00,0.0,28.7
2024-06-21 15:00:00+00:00,0.0,28.64
2024-06-21 16:00:00+00:00,0.0,28.61
2024-06-21 17:00:00+00:00,0.0,28.66
2024-06-21 18:00:00+00:00,0.0,28.67
2024-06-21 19:00:00+00:00,0.0,28.67
2024-06-21 20:00:00+00:00,0.0,28.67
2024-06-21 21:00:00+00:00,0.0,28.69
2024-06-21 22:00:00+00:00,81.35,28.98
2024-06-21 23:00:00+00:00,229.68,29.33
2024-06-22 00:00:00+00:00,397.98,29.68
2024-06-22 01:00:00+00:00,565.83,30.01
2024-06-22 02:00:00+00:00,689.15,30.27
2024-06-22 03:00:00+00:00,755.88,30.48
2024-06-22 04:00:00+00:00,715.3,30.67
2024-06-22 05:00:00+00:00,786.7,30.77
2024-06-22 06:00:00+00:00,676.75,30.72
2024-06-22 07:00:00+00:00,519.78,30.59
2024-06-22 08:00:00+00:00,348.23,30.35
2024-06-22 09:00:00+00:00,178.88,29.98
2024-06-22 10:00:00+00:00,48.72,29.52
2024-06-22 11:00:00+00:00,0.0,29.03
2024-06-22 12:00:00+00:00,0.0,28.9
2024-06-22 13:00:00+00:00,0.0,28.83
2024-06-22 14:00:00+00:00,0.0,28.79
2024-06-22 15:00:00+00:00,0.0,28.7
2024-06-22 16:00:00+00:00,0.0,28.59
2024-06-22 17:00:00+00:00,0.0,28.48
2024-06-22 18:00:00+00:00,0.0,28.37
2024-06-22 19:00:00+00:00,0.0,28.3
2024-06-22 20:00:00+00:00,0.0,28.27
2024-06-22 21:00:00+00:00,0.0,28.29
2024-06-22 22:00:00+00:00,75.65,28.75
2024-06-22 23:00:00+00:00,218.68,29.24
2024-06-23 00:00:00+00:00,374.5,29.52
2024-06-23 01:00:00+00:00,577.67,29.81
2024-06-23 02:00:00+00:00,760.55,30.04
2024-06-23 03:00:00+00:00,861.2,30.23
2024-06-23 04:00:00+00:00,872.6,30.38
2024-06-23 05:00:00+00:00,813.7,30.44
2024-06-23 06:00:00+00:00,738.08,30.32
2024-06-23 07:00:00+00:00,581.53,30.17
2024-06-23 08:00:00+00:00,414.15,30.02
2024-06-23 09:00:00+00:00,224.45,29.77
2024-06-23 10:00:00+00:00,57.7,29.36
2024-06-23 11:00:00+00:00,0.0,28.95
2024-06-23 12:00:00+00:00,0.0,28.86
2024-06-23 13:00:00+00:00,0.0,28.89
2024-06-23 14:00:00+00:00,0.0,28.87
2024-06-23 15:00:00+00:00,0.0,28.93
2024-06-23 16:00:00+00:00,0.0,28.95
2024-06-23 17:00:00+00:00,0.0,28.94
2024-06-23 18:00:00+00:00,0.0,28.85
2024-06-23 19:00:00+00:00,0.0,28.79
2024-06-23 20:00:00+00:00,0.0,28.74
2024-06-23 21:00:00+00:00,0.0,28.68
2024-06-23 22:00:00+00:00,68.35,28.87
2024-06-23 23:00:00+00:00,202.27,29.12
2024-06-24 00:00:00+00:00,369.08,29.38
2024-06-24 01:00:00+00:00,566.28,29.66
2024-06-24 02:00:00+00:00,662.55,29.93
2024-06-24 03:00:00+00:00,710.4,30.17
2024-06-24 04:00:00+00:00,711.17,30.3
2024-06-24 05:00:00+00:00,663.83,30.35
2024-06-24 06:00:00+00:00,559.33,30.39
2024-06-24 07:00:00+00:00,508.9,30.34
2024-06-24 08:00:00+00:00,405.25,30.22
2024-06-24 09:00:00+00:00,215.98,29.95
2024-06-24 10:00:00+00:00,56.2,29.55
2024-06-24 11:00:00+00:00,0.0,29.13
2024-06-24 12:00:00+00:00,0.0,29.01
2024-06-24 13:00:00+00:00,0.0,28.95
2024-06-24 14:00:00+00:00,0.0,28.87
2024-06-24 15:00:00+00:00,0.0,28.8
2024-06-24 16:00:00+00:00,0.0,28.74
2024-06-24 17:00:00+00:00,0.0,28.71
2024-06-24 18:00:00+00:00,0.0,28.7
2024-06-24 19:00:00+00:00,0.0,28.71
2024-06-24 20:00:00+00:00,0.0,28.7
2024-06-24 21:00:00+00:00,0.0,28.68
2024-06-24 22:00:00+00:00,68.07,28.9
2024-06-24 23:00:00+00:00,186.82,29.21
2024-06-25 00:00:00+00:00,333.1,29.39
2024-06-25 01:00:00+00:00,562.8,29.56
2024-06-25 02:00:00+00:00,668.15,29.73
2024-06-25 03:00:00+00:00,776.58,29.88
2024-06-25 04:00:00+00:00,713.03,30.0
2024-06-25 05:00:00+00:00,709.15,30.08
2024-06-25 06:00:00+00:00,598.55,30.09
2024-06-25 07:00:00+00:00,450.85,30.04
2024-06-25 08:00:00+00:00,315.05,29.93
2024-06-25 09:00:00+00:00,169.27,29.73
2024-06-25 10:00:00+00:00,42.75,29.4
2024-06-25 11:00:00+00:00,0.0,28.98
2024-06-25 12:00:00+00:00,0.0,28.86
2024-06-25 13:00:00+00:00,0.0,28.78
2024-06-25 14:00:00+00:00,0.0,28.75
2024-06-25 15:00:00+00:00,0.0,28.68
2024-06-25 16:00:00+00:00,0.0,28.52
2024-06-25 17:00:00+00:00,0.0,28.33
2024-06-25 18:00:00+00:00,0.0,28.17
2024-06-25 19:00:00+00:00,0.0,28.05
2024-06-25 20:00:00+00:00,0.0,28.01
2024-06-25 21:00:00+00:00,0.0,28.12
2024-06-25 22:00:00+00:00,88.47,28.56
2024-06-25 23:00:00+00:00,242.43,29.12
2024-06-26 00:00:00+00:00,424.7,29.43
2024-06-26 01:00:00+00:00,573.4,29.54
2024-06-26 02:00:00+00:00,685.62,29.49
2024-06-26 03:00:00+00:00,800.55,29.42
2024-06-26 04:00:00+00:00,865.28,29.44
2024-06-26 05:00:00+00:00,773.33,29.71
2024-06-26 06:00:00+00:00,742.97,29.97
2024-06-26 07:00:00+00:00,567.1,30.19
2024-06-26 08:00:00+00:00,362.7,30.26
2024-06-26 09:00:00+00:00,194.8,30.19
2024-06-26 10:00:00+00:00,51.78,29.75
2024-06-26 11:00:00+00:00,0.0,29.32
2024-06-26 12:00:00+00:00,0.0,29.25
2024-06-26 13:00:00+00:00,0.0,29.1
2024-06-26 14:00:00+00:00,0.0,28.93
2024-06-26 15:00:00+00:00,0.0,28.71
2024-06-26 16:00:00+00:00,0.0,28.42
2024-06-26 17:00:00+00:00,0.0,28.16
2024-06-26 18:00:00+00:00,0.0,28.0
2024-06-26 19:00:00+00:00,0.0,27.84
2024-06-26 20:00:00+00:00,0.0,27.61
2024-06-26 21:00:00+00:00,0.0,27.38
2024-06-26 22:00:00+00:00,62.45,27.83
2024-06-26 23:00:00+00:00,201.25,28.7
2024-06-27 00:00:00+00:00,377.67,29.53
2024-06-27 01:00:00+00:00,579.6,29.99
2024-06-27 02:00:00+00:00,734.17,30.38
2024-06-27 03:00:00+00:00,819.6,30.68
2024-06-27 04:00:00+00:00,897.12,30.88
2024-06-27 05:00:00+00:00,853.2,31.01
2024-06-27 06:00:00+00:00,774.95,31.04
2024-06-27 07:00:00+00:00,628.33,30.96
2024-06-27 08:00:00+00:00,443.95,30.8
2024-06-27 09:00:00+00:00,239.82,30.5
2024-06-27 10:00:00+00:00,61.42,29.98
2024-06-27 11:00:00+00:00,0.0,29.28
2024-06-27 12:00:00+00:00,0.0,29.06
2024-06-27 13:00:00+00:00,0.0,28.97
2024-06-27 14:00:00+00:00,0.0,28.91
2024-06-27 15:00:00+00:00,0.0,28.88
2024-06-27 16:00:00+00:00,0.0,28.84
2024-06-27 17:00:00+00:00,0.0,28.82
2024-06-27 18:00:00+00:00,0.0,28.83
2024-06-27 19:00:00+00:00,0.0,28.82
2024-06-27 20:00:00+00:00,0.0,28.81
2024-06-27 21:00:00+00:00,0.0,28.71
2024-06-27 22:00:00+00:00,83.8,28.95
2024-06-27 23:00:00+00:00,253.6,29.42
2024-06-28 00:00:00+00:00,444.17,29.8
2024-06-28 01:00:00+00:00,654.6,30.16
2024-06-28 02:00:00+00:00,776.75,30.45
2024-06-28 03:00:00+00:00,844.17,30.69
2024-06-28 04:00:00+00:00,861.53,30.85
2024-06-28 05:00:00+00:00,837.85,30.99
2024-06-28 06:00:00+00:00,738.67,31.03
2024-06-28 07:00:00+00:00,600.17,30.93
2024-06-28 08:00:00+00:00,433.4,30.74
2024-06-28 09:00:00+00:00,228.3,30.42
2024-06-28 10:00:00+00:00,58.58,29.91
2024-06-28 11:00:00+00:00,0.0,29.33
2024-06-28 12:00:00+00:00,0.0,29.15
2024-06-28 13:00:00+00:00,0.0,29.06
2024-06-28 14:00:00+00:00,0.0,29.0
2024-06-28 15:00:00+00:00,0.0,28.95
2024-06-28 16:00:00+00:00,0.0,28.86
2024-06-28 17:00:00+00:00,0.0,28.79
2024-06-28 18:00:00+00:00,0.0,28.74
2024-06-28 19:00:00+00:00,0.0,28.72
2024-06-28 20:00:00+00:00,0.0,28.73
2024-06-28 21:00:00+00:00,0.0,28.66
2024-06-28 22:00:00+00:00,62.0,28.81
2024-06-28 23:00:00+00:00,170.07,29.13
2024-06-29 00:00:00+00:00,299.48,29.21
2024-06-29 01:00:00+00:00,502.7,29.34
2024-06-29 02:00:00+00:00,553.58,29.53
2024-06-29 03:00:00+00:00,631.2,29.77
2024-06-29 04:00:00+00:00,538.15,29.94
2024-06-29 05:00:00+00:00,434.9,29.96
2024-06-29 06:00:00+00:00,301.95,29.97
2024-06-29 07:00:00+00:00,280.65,29.93
2024-06-29 08:00:00+00:00,168.5,29.8
2024-06-29 09:00:00+00:00,95.35,29.66
2024-06-29 10:00:00+00:00,22.9,29.37
2024-06-29 11:00:00+00:00,0.0,29.07
2024-06-29 12:00:00+00:00,0.0,29.08
2024-06-29 13:00:00+00:00,0.0,29.08
2024-06-29 14:00:00+00:00,0.0,29.07
2024-06-29 15:00:00+00:00,0.0,29.02
2024-06-29 16:00:00+00:00,0.0,28.96
2024-06-29 17:00:00+00:00,0.0,28.91
2024-06-29 18:00:00+00:00,0.0,28.87
2024-06-29 19:00:00+00:00,0.0,28.81
2024-06-29 20:00:00+00:00,0.0,28.78
2024-06-29 21:00:00+00:00,0.0,28.77
2024-06-29 22:00:00+00:00,36.38,29.13
2024-06-29 23:00:00+00:00,110.35,29.52
2024-06-30 00:00:00+00:00,214.68,29.66
2024-06-30 01:00:00+00:00,370.62,29.73
2024-06-30 02:00:00+00:00,516.15,29.85
2024-06-30 03:00:00+00:00,603.22,30.07
2024-06-30 04:00:00+00:00,694.67,30.23
2024-06-30 05:00:00+00:00,685.55,30.23
2024-06-30 06:00:00+00:00,596.95,30.18
2024-06-30 07:00:00+00:00,465.4,30.09
2024-06-30 08:00:00+00:00,289.9,29.88
2024-06-30 09:00:00+00:00,144.77,29.67
2024-06-30 10:00:00+00:00,36.12,29.36
2024-06-30 11:00:00+00:00,0.0,29.09
2024-06-30 12:00:00+00:00,0.0,29.06
2024-06-30 13:00:00+00:00,0.0,29.08
2024-06-30 14:00:00+00:00,0.0,29.13
2024-06-30 15:00:00+00:00,0.0,29.14
2024-06-30 16:00:00+00:00,0.0,29.1
2024-06-30 17:00:00+00:00,0.0,29.07
2024-06-30 18:00:00+00:00,0.0,29.06
2024-06-30 19:00:00+00:00,0.0,29.03
2024-06-30 20:00:00+00:00,0.0,29.05
2024-06-30 21:00:00+00:00,0.0,29.04
2024-06-30 22:00:00+00:00,67.45,29.16
2024-06-30 23:00:00+00:00,199.95,29.38
2024-07-01 00:00:00+00:00,370.45,29.63
2024-07-01 01:00:00+00:00,527.38,29.91
2024-07-01 02:00:00+00:00,722.4,30.2
2024-07-01 03:00:00+00:00,776.67,30.46
2024-07-01 04:00:00+00:00,765.08,30.63
2024-07-01 05:00:00+00:00,743.28,30.67
2024-07-01 06:00:00+00:00,639.28,30.66
2024-07-01 07:00:00+00:00,527.58,30.49
2024-07-01 08:00:00+00:00,370.58,30.24
2024-07-01 09:00:00+00:00,198.32,29.95
2024-07-01 10:00:00+00:00,56.22,29.62
2024-07-01 11:00:00+00:00,0.0,29.34
2024-07-01 12:00:00+00:00,0.0,29.28
2024-07-01 13:00:00+00:00,0.0,29.21
2024-07-01 14:00:00+00:00,0.0,29.17
2024-07-01 15:00:00+00:00,0.0,29.11
2024-07-01 16:00:00+00:00,0.0,29.03
2024-07-01 17:00:00+00:00,0.0,28.99
2024-07-01 18:00:00+00:00,0.0,28.96
2024-07-01 19:00:00+00:00,0.0,28.95
2024-07-01 20:00:00+00:00,0.0,28.93
2024-07-01 21:00:00+00:00,0.0,28.99
2024-07-01 22:00:00+00:00,54.25,29.18
2024-07-01 23:00:00+00:00,163.35,29.54
2024-07-02 00:00:00+00:00,304.8,29.92
2024-07-02 01:00:00+00:00,478.67,30.27
2024-07-02 02:00:00+00:00,586.45,30.61
2024-07-02 03:00:00+00:00,658.3,30.82
2024-07-02 04:00:00+00:00,658.5,30.94
2024-07-02 05:00:00+00:00,677.42,30.94
2024-07-02 06:00:00+00:00,626.38,30.85
2024-07-02 07:00:00+00:00,479.52,30.68
2024-07-02 08:00:00+00:00,379.4,30.44
2024-07-02 09:00:00+00:00,201.0,30.1
2024-07-02 10:00:00+00:00,58.6,29.7
2024-07-02 11:00:00+00:00,0.0,29.31
2024-07-02 12:00:00+00:00,0.0,29.29
2024-07-02 13:00:00+00:00,0.0,29.3
2024-07-02 14:00:00+00:00,0.0,29.19
2024-07-02 15:00:00+00:00,0.0,28.99
2024-07-02 16:00:00+00:00,0.0,28.88
2024-07-02 17:00:00+00:00,0.0,28.79
2024-07-02 18:00:00+00:00,0.0,28.73
2024-07-02 19:00:00+00:00,0.0,28.66
2024-07-02 20:00:00+00:00,0.0,28.62
2024-07-02 21:00:00+00:00,0.0,28.63
2024-07-02 22:00:00+00:00,96.75,29.07
2024-07-02 23:00:00+00:00,294.67,29.64
2024-07-03 00:00:00+00:00,486.45,30.03
2024-07-03 01:00:00+00:00,651.85,30.4
2024-07-03 02:00:00+00:00,793.45,30.64
2024-07-03 03:00:00+00:00,899.0,30.81
2024-07-03 04:00:00+00:00,944.42,30.89
2024-07-03 05:00:00+00:00,917.38,30.88
2024-07-03 06:00:00+00:00,846.0,30.8
2024-07-03 07:00:00+00:00,693.33,30.71
2024-07-03 08:00:00+00:00,498.38,30.57
2024-07-03 09:00:00+00:00,266.8,30.31
2024-07-03 10:00:00+00:00,60.95,29.82
2024-07-03 11:00:00+00:00,0.0,29.23
2024-07-03 12:00:00+00:00,0.0,29.01
2024-07-03 13:00:00+00:00,0.0,28.87
2024-07-03 14:00:00+00:00,0.0,28.77
2024-07-03 15:00:00+00:00,0.0,28.72
2024-07-03 16:00:00+00:00,0.0,28.72
2024-07-03 17:00:00+00:00,0.0,28.72
2024-07-03 18:00:00+00:00,0.0,28.7
2024-07-03 19:00:00+00:00,0.0,28.67
2024-07-03 20:00:00+00:00,0.0,28.62
2024-07-03 21:00:00+00:00,0.0,28.56
2024-07-03 22:00:00+00:00,51.6,28.97
2024-07-03 23:00:00+00:00,179.38,29.59
2024-07-04 00:00:00+00:00,334.67,30.03
2024-07-04 01:00:00+00:00,532.33,30.33
2024-07-04 02:00:00+00:00,720.72,30.61
2024-07-04 03:00:00+00:00,831.75,30.82
2024-07-04 04:00:00+00:00,878.17,30.83
2024-07-04 05:00:00+00:00,778.05,30.83
2024-07-04 06:00:00+00:00,724.97,30.82
2024-07-04 07:00:00+00:00,610.2,30.73
2024-07-04 08:00:00+00:00,460.08,30.5
2024-07-04 09:00:00+00:00,249.23,30.2
2024-07-04 10:00:00+00:00,63.6,29.7
2024-07-04 11:00:00+00:00,0.0,29.15
2024-07-04 12:00:00+00:00,0.0,29.0
2024-07-04 13:00:00+00:00,0.0,28.91
2024-07-04 14:00:00+00:00,0.0,28.85
2024-07-04 15:00:00+00:00,0.0,28.78
2024-07-04 16:00:00+00:00,0.0,28.72
2024-07-04 17:00:00+00:00,0.0,28.69
2024-07-04 18:00:00+00:00,0.0,28.74
2024-07-04 19:00:00+00:00,0.0,28.8
2024-07-04 20:00:00+00:00,0.0,28.86
2024-07-04 21:00:00+00:00,0.0,28.82
2024-07-04 22:00:00+00:00,85.12,29.07
2024-07-04 23:00:00+00:00,236.2,29.61
2024-07-05 00:00:00+00:00,414.92,29.98
2024-07-05 01:00:00+00:00,634.83,30.36
2024-07-05 02:00:00+00:00,771.5,30.52
2024-07-05 03:00:00+00:00,842.7,30.65
2024-07-05 04:00:00+00:00,859.3,30.81
2024-07-05 05:00:00+00:00,845.6,30.91
2024-07-05 06:00:00+00:00,819.12,30.95
2024-07-05 07:00:00+00:00,675.38,30.87
2024-07-05 08:00:00+00:00,498.33,30.67
2024-07-05 09:00:00+00:00,274.2,30.38
2024-07-05 10:00:00+00:00,68.9,29.89
2024-07-05 11:00:00+00:00,0.0,29.44
2024-07-05 12:00:00+00:00,0.0,29.31
2024-07-05 13:00:00+00:00,0.0,29.23
2024-07-05 14:00:00+00:00,0.0,29.19
2024-07-05 15:00:00+00:00,0.0,29.16
2024-07-05 16:00:00+00:00,0.0,29.05
2024-07-05 17:00:00+00:00,0.0,28.98
2024-07-05 18:00:00+00:00,0.0,28.92
2024-07-05 19:00:00+00:00,0.0,28.86
2024-07-05 20:00:00+00:00,0.0,28.83
2024-07-05 21:00:00+00:00,0.0,28.85
2024-07-05 22:00:00+00:00,82.8,29.3
2024-07-05 23:00:00+00:00,227.15,30.0
2024-07-06 00:00:00+00:00,389.33,30.32
2024-07-06 01:00:00+00:00,594.6,30.58
2024-07-06 02:00:00+00:00,729.9,30.74
2024-07-06 03:00:00+00:00,836.38,30.97
2024-07-06 04:00:00+00:00,865.47,31.19
2024-07-06 05:00:00+00:00,817.78,31.33
2024-07-06 06:00:00+00:00,803.28,31.38
2024-07-06 07:00:00+00:00,660.6,31.32
2024-07-06 08:00:00+00:00,486.15,31.1
2024-07-06 09:00:00+00:00,274.77,30.77
2024-07-06 10:00:00+00:00,75.07,30.21
2024-07-06 11:00:00+00:00,0.0,29.57
2024-07-06 12:00:00+00:00,0.0,29.41
2024-07-06 13:00:00+00:00,0.0,29.29
2024-07-06 14:00:00+00:00,0.0,29.23
2024-07-06 15:00:00+00:00,0.0,29.17
2024-07-06 16:00:00+00:00,0.0,29.1
2024-07-06 17:00:00+00:00,0.0,29.02
2024-07-06 18:00:00+00:00,0.0,28.99
2024-07-06 19:00:00+00:00,0.0,29.05
2024-07-06 20:00:00+00:00,0.0,29.17
2024-07-06 21:00:00+00:00,0.0,29.2
2024-07-06 22:00:00+00:00,73.28,29.45
2024-07-06 23:00:00+00:00,227.3,30.16
2024-07-07 00:00:00+00:00,419.6,30.55
2024-07-07 01:00:00+00:00,609.78,30.78
2024-07-07 02:00:00+00:00,743.85,30.96
2024-07-07 03:00:00+00:00,826.1,31.15
2024-07-07 04:00:00+00:00,865.03,31.28
2024-07-07 05:00:00+00:00,744.78,31.35
2024-07-07 06:00:00+00:00,728.88,31.32
2024-07-07 07:00:00+00:00,604.28,31.19
2024-07-07 08:00:00+00:00,439.35,30.94
2024-07-07 09:00:00+00:00,235.0,30.57
2024-07-07 10:00:00+00:00,59.05,29.99
2024-07-07 11:00:00+00:00,0.0,29.42
2024-07-07 12:00:00+00:00,0.0,29.3
2024-07-07 13:00:00+00:00,0.0,29.23
2024-07-07 14:00:00+00:00,0.0,29.17
2024-07-07 15:00:00+00:00,0.0,29.11
2024-07-07 16:00:00+00:00,0.0,29.04
2024-07-07 17:00:00+00:00,0.0,28.97
2024-07-07 18:00:00+00:00,0.0,28.9
2024-07-07 19:00:00+00:00,0.0,28.92
2024-07-07 20:00:00+00:00,0.0,28.95
2024-07-07 21:00:00+00:00,0.0,28.96
2024-07-07 22:00:00+00:00,85.68,29.38
2024-07-07 23:00:00+00:00,264.7,29.95
2024-07-08 00:00:00+00:00,465.95,30.24
2024-07-08 01:00:00+00:00,609.4,30.45
2024-07-08 02:00:00+00:00,753.05,30.68
2024-07-08 03:00:00+00:00,819.95,30.88
2024-07-08 04:00:00+00:00,867.42,31.02
2024-07-08 05:00:00+00:00,815.1,31.09
2024-07-08 06:00:00+00:00,714.42,31.12
2024-07-08 07:00:00+00:00,525.9,31.01
2024-07-08 08:00:00+00:00,425.25,30.84
2024-07-08 09:00:00+00:00,220.18,30.47
2024-07-08 10:00:00+00:00,55.12,29.87
2024-07-08 11:00:00+00:00,0.0,29.27
2024-07-08 12:00:00+00:00,0.0,29.12
2024-07-08 13:00:00+00:00,0.0,29.05
2024-07-08 14:00:00+00:00,0.0,29.06
2024-07-08 15:00:00+00:00,0.0,29.03
2024-07-08 16:00:00+00:00,0.0,28.94
2024-07-08 17:00:00+00:00,0.0,28.82
2024-07-08 18:00:00+00:00,0.0,28.69
2024-07-08 19:00:00+00:00,0.0,28.59
2024-07-08 20:00:00+00:00,0.0,28.53
2024-07-08 21:00:00+00:00,0.0,28.49
2024-07-08 22:00:00+00:00,79.6,29.06
2024-07-08 23:00:00+00:00,264.17,29.64
2024-07-09 00:00:00+00:00,472.12,30.0
2024-07-09 01:00:00+00:00,654.03,30.28
2024-07-09 02:00:00+00:00,771.6,30.52
2024-07-09 03:00:00+00:00,881.9,30.78
2024-07-09 04:00:00+00:00,940.67,31.07
2024-07-09 05:00:00+00:00,908.38,31.16
2024-07-09 06:00:00+00:00,789.22,31.17
2024-07-09 07:00:00+00:00,644.2,31.1
2024-07-09 08:00:00+00:00,456.12,30.91
2024-07-09 09:00:00+00:00,242.9,30.59
2024-07-09 10:00:00+00:00,59.35,29.94
2024-07-09 11:00:00+00:00,0.0,29.29
2024-07-09 12:00:00+00:00,0.0,29.11
2024-07-09 13:00:00+00:00,0.0,28.99
2024-07-09 14:00:00+00:00,0.0,28.89
2024-07-09 15:00:00+00:00,0.0,28.78
2024-07-09 16:00:00+00:00,0.0,28.7
2024-07-09 17:00:00+00:00,0.0,28.63
2024-07-09 18:00:00+00:00,0.0,28.57
2024-07-09 19:00:00+00:00,0.0,28.58
2024-07-09 20:00:00+00:00,0.0,28.69
2024-07-09 21:00:00+00:00,0.0,28.74
2024-07-09 22:00:00+00:00,82.03,29.26
2024-07-09 23:00:00+00:00,268.85,29.86
2024-07-10 00:00:00+00:00,481.67,30.16
2024-07-10 01:00:00+00:00,675.1,30.44
2024-07-10 02:00:00+00:00,808.85,30.67
2024-07-10 03:00:00+00:00,859.47,30.89
2024-07-10 04:00:00+00:00,828.9,31.06
2024-07-10 05:00:00+00:00,790.75,31.16
2024-07-10 06:00:00+00:00,725.15,31.13
2024-07-10 07:00:00+00:00,628.1,30.99
2024-07-10 08:00:00+00:00,473.85,30.71
2024-07-10 09:00:00+00:00,246.2,30.29
2024-07-10 10:00:00+00:00,61.47,29.73
2024-07-10 11:00:00+00:00,0.0,29.17
2024-07-10 12:00:00+00:00,0.0,29.05
2024-07-10 13:00:00+00:00,0.0,29.0
2024-07-10 14:00:00+00:00,0.0,28.96
2024-07-10 15:00:00+00:00,0.0,28.86
2024-07-10 16:00:00+00:00,0.0,28.77
2024-07-10 17:00:00+00:00,0.0,28.71
2024-07-10 18:00:00+00:00,0.0,28.64
2024-07-10 19:00:00+00:00,0.0,28.6
2024-07-10 20:00:00+00:00,0.0,28.59
2024-07-10 21:00:00+00:00,0.0,28.57
2024-07-10 22:00:00+00:00,62.6,29.1
2024-07-10 23:00:00+00:00,216.6,29.62
2024-07-11 00:00:00+00:00,404.7,29.97
2024-07-11 01:00:00+00:00,580.55,30.29
2024-07-11 02:00:00+00:00,703.12,30.53
2024-07-11 03:00:00+00:00,810.25,30.68
2024-07-11 04:00:00+00:00,856.4,30.76
2024-07-11 05:00:00+00:00,781.45,30.8
2024-07-11 06:00:00+00:00,643.2,30.8
2024-07-11 07:00:00+00:00,515.2,30.72
2024-07-11 08:00:00+00:00,338.58,30.53
2024-07-11 09:00:00+00:00,190.55,30.24
2024-07-11 10:00:00+00:00,53.2,29.76
2024-07-11 11:00:00+00:00,0.0,29.24
2024-07-11 12:00:00+00:00,0.0,29.09
2024-07-11 13:00:00+00:00,0.0,28.99
2024-07-11 14:00:00+00:00,0.0,28.94
2024-07-11 15:00:00+00:00,0.0,28.89
2024-07-11 16:00:00+00:00,0.0,28.85
2024-07-11 17:00:00+00:00,0.0,28.8
2024-07-11 18:00:00+00:00,0.0,28.79
2024-07-11 19:00:00+00:00,0.0,28.93
2024-07-11 20:00:00+00:00,0.0,28.99
2024-07-11 21:00:00+00:00,0.0,28.96
2024-07-11 22:00:00+00:00,51.0,29.44
2024-07-11 23:00:00+00:00,183.82,30.0
2024-07-12 00:00:00+00:00,357.62,30.3
2024-07-12 01:00:00+00:00,538.45,30.51
2024-07-12 02:00:00+00:00,653.83,30.72
2024-07-12 03:00:00+00:00,791.72,30.9
2024-07-12 04:00:00+00:00,822.45,31.01
2024-07-12 05:00:00+00:00,713.85,31.05
2024-07-12 06:00:00+00:00,641.85,30.98
2024-07-12 07:00:00+00:00,522.38,30.88
2024-07-12 08:00:00+00:00,393.92,30.67
2024-07-12 09:00:00+00:00,215.35,30.34
2024-07-12 10:00:00+00:00,60.95,29.91
2024-07-12 11:00:00+00:00,0.0,29.5
2024-07-12 12:00:00+00:00,0.0,29.42
2024-07-12 13:00:00+00:00,0.0,29.4
2024-07-12 14:00:00+00:00,0.0,29.39
2024-07-12 15:00:00+00:00,0.0,29.35
2024-07-12 16:00:00+00:00,0.0,29.33
2024-07-12 17:00:00+00:00,0.0,29.27
2024-07-12 18:00:00+00:00,0.0,29.16
2024-07-12 19:00:00+00:00,0.0,29.07
2024-07-12 20:00:00+00:00,0.0,29.01
2024-07-12 21:00:00+00:00,0.0,28.92
2024-07-12 22:00:00+00:00,67.88,29.25
2024-07-12 23:00:00+00:00,218.68,29.67
2024-07-13 00:00:00+00:00,419.08,29.97
2024-07-13 01:00:00+00:00,610.55,30.28
2024-07-13 02:00:00+00:00,752.6,30.57
2024-07-13 03:00:00+00:00,823.5,30.84
2024-07-13 04:00:00+00:00,889.62,31.01
2024-07-13 05:00:00+00:00,825.53,31.07
2024-07-13 06:00:00+00:00,755.55,31.04
2024-07-13 07:00:00+00:00,610.28,30.95
2024-07-13 08:00:00+00:00,456.05,30.79
2024-07-13 09:00:00+00:00,244.8,30.5
2024-07-13 10:00:00+00:00,63.08,30.06
2024-07-13 11:00:00+00:00,0.0,29.68
2024-07-13 12:00:00+00:00,0.0,29.57
2024-07-13 13:00:00+00:00,0.0,29.5
2024-07-13 14:00:00+00:00,0.0,29.46
2024-07-13 15:00:00+00:00,0.0,29.41
2024-07-13 16:00:00+00:00,0.0,29.35
2024-07-13 17:00:00+00:00,0.0,29.28
2024-07-13 18:00:00+00:00,0.0,29.21
2024-07-13 19:00:00+00:00,0.0,29.12
2024-07-13 20:00:00+00:00,0.0,29.05
2024-07-13 21:00:00+00:00,0.0,29.01
2024-07-13 22:00:00+00:00,71.53,29.24
2024-07-13 23:00:00+00:00,241.43,29.8
2024-07-14 00:00:00+00:00,436.33,30.15
2024-07-14 01:00:00+00:00,592.12,30.65
2024-07-14 02:00:00+00:00,739.5,31.13
2024-07-14 03:00:00+00:00,826.92,31.5
2024-07-14 04:00:00+00:00,925.28,31.77
2024-07-14 05:00:00+00:00,881.58,31.86
2024-07-14 06:00:00+00:00,795.08,31.86
2024-07-14 07:00:00+00:00,623.85,31.75
2024-07-14 08:00:00+00:00,414.75,31.56
2024-07-14 09:00:00+00:00,214.77,31.06
2024-07-14 10:00:00+00:00,54.92,30.3
2024-07-14 11:00:00+00:00,0.0,29.78
2024-07-14 12:00:00+00:00,0.0,29.61
2024-07-14 13:00:00+00:00,0.0,29.52
2024-07-14 14:00:00+00:00,0.0,29.5
2024-07-14 15:00:00+00:00,0.0,29.5
2024-07-14 16:00:00+00:00,0.0,29.4
2024-07-14 17:00:00+00:00,0.0,29.35
2024-07-14 18:00:00+00:00,0.0,29.29
2024-07-14 19:00:00+00:00,0.0,29.22
2024-07-14 20:00:00+00:00,0.0,29.17
2024-07-14 21:00:00+00:00,0.0,29.1
2024-07-14 22:00:00+00:00,38.03,29.24
2024-07-14 23:00:00+00:00,129.95,29.53
2024-07-15 00:00:00+00:00,252.62,29.84
2024-07-15 01:00:00+00:00,468.48,30.3
2024-07-15 02:00:00+00:00,618.45,30.83
2024-07-15 03:00:00+00:00,776.88,31.1
2024-07-15 04:00:00+00:00,780.8,31.29
2024-07-15 05:00:00+00:00,720.75,31.39
2024-07-15 06:00:00+00:00,665.95,31.37
2024-07-15 07:00:00+00:00,478.5,31.28
2024-07-15 08:00:00+00:00,275.9,31.0
2024-07-15 09:00:00+00:00,148.1,30.58
2024-07-15 10:00:00+00:00,41.35,30.01
2024-07-15 11:00:00+00:00,0.0,29.63
2024-07-15 12:00:00+00:00,0.0,29.46
2024-07-15 13:00:00+00:00,0.0,29.37
2024-07-15 14:00:00+00:00,0.0,29.27
2024-07-15 15:00:00+00:00,0.0,29.19
2024-07-15 16:00:00+00:00,0.0,29.1
2024-07-15 17:00:00+00:00,0.0,28.99
2024-07-15 18:00:00+00:00,0.0,28.86
2024-07-15 19:00:00+00:00,0.0,28.75
2024-07-15 20:00:00+00:00,0.0,28.7
2024-07-15 21:00:00+00:00,0.0,28.58
2024-07-15 22:00:00+00:00,50.45,28.76
2024-07-15 23:00:00+00:00,159.65,29.12
2024-07-16 00:00:00+00:00,293.48,29.55
2024-07-16 01:00:00+00:00,486.25,29.99
2024-07-16 02:00:00+00:00,551.15,30.35
2024-07-16 03:00:00+00:00,470.88,30.69
2024-07-16 04:00:00+00:00,291.5,30.94
2024-07-16 05:00:00+00:00,438.17,30.96
2024-07-16 06:00:00+00:00,361.77,30.92
2024-07-16 07:00:00+00:00,285.1,30.83
2024-07-16 08:00:00+00:00,250.52,30.59
2024-07-16 09:00:00+00:00,144.18,30.22
2024-07-16 10:00:00+00:00,38.7,29.76
2024-07-16 11:00:00+00:00,0.0,29.45
2024-07-16 12:00:00+00:00,0.0,29.35
2024-07-16 13:00:00+00:00,0.0,29.31
2024-07-16 14:00:00+00:00,0.0,29.24
2024-07-16 15:00:00+00:00,0.0,29.21
2024-07-16 16:00:00+00:00,0.0,29.14
2024-07-16 17:00:00+00:00,0.0,29.09
2024-07-16 18:00:00+00:00,0.0,29.03
2024-07-16 19:00:00+00:00,0.0,29.01
2024-07-16 20:00:00+00:00,0.0,29.0
2024-07-16 21:00:00+00:00,0.0,28.93
2024-07-16 22:00:00+00:00,51.38,29.14
2024-07-16 23:00:00+00:00,188.32,29.56
2024-07-17 00:00:00+00:00,355.83,29.89
2024-07-17 01:00:00+00:00,638.88,30.28
2024-07-17 02:00:00+00:00,740.85,30.61
2024-07-17 03:00:00+00:00,735.5,30.9
2024-07-17 04:00:00+00:00,659.33,31.08
2024-07-17 05:00:00+00:00,570.42,31.27
2024-07-17 06:00:00+00:00,523.25,31.27
2024-07-17 07:00:00+00:00,496.5,31.14
2024-07-17 08:00:00+00:00,328.65,30.9
2024-07-17 09:00:00+00:00,183.93,30.41
2024-07-17 10:00:00+00:00,50.85,29.79
2024-07-17 11:00:00+00:00,0.0,29.35
2024-07-17 12:00:00+00:00,0.0,29.21
2024-07-17 13:00:00+00:00,0.0,29.15
2024-07-17 14:00:00+00:00,0.0,29.09
2024-07-17 15:00:00+00:00,0.0,29.04
2024-07-17 16:00:00+00:00,0.0,29.04
2024-07-17 17:00:00+00:00,0.0,29.05
2024-07-17 18:00:00+00:00,0.0,29.08
2024-07-17 19:00:00+00:00,0.0,29.08
2024-07-17 20:00:00+00:00,0.0,29.02
2024-07-17 21:00:00+00:00,0.0,28.96
2024-07-17 22:00:00+00:00,58.3,29.2
2024-07-17 23:00:00+00:00,217.6,29.62
2024-07-18 00:00:00+00:00,410.08,29.95
2024-07-18 01:00:00+00:00,567.5,30.32
2024-07-18 02:00:00+00:00,706.75,30.59
2024-07-18 03:00:00+00:00,751.8,30.64
2024-07-18 04:00:00+00:00,743.8,30.56
2024-07-18 05:00:00+00:00,717.67,30.42
2024-07-18 06:00:00+00:00,520.47,30.27
2024-07-18 07:00:00+00:00,346.65,30.07
2024-07-18 08:00:00+00:00,259.2,29.76
2024-07-18 09:00:00+00:00,139.73,29.47
2024-07-18 10:00:00+00:00,32.75,29.16
2024-07-18 11:00:00+00:00,0.0,28.88
2024-07-18 12:00:00+00:00,0.0,28.84
2024-07-18 13:00:00+00:00,0.0,28.8
2024-07-18 14:00:00+00:00,0.0,28.74
2024-07-18 15:00:00+00:00,0.0,28.69
2024-07-18 16:00:00+00:00,0.0,28.62
2024-07-18 17:00:00+00:00,0.0,28.6
2024-07-18 18:00:00+00:00,0.0,28.59
2024-07-18 19:00:00+00:00,0.0,28.62
2024-07-18 20:00:00+00:00,0.0,28.65
2024-07-18 21:00:00+00:00,0.0,28.65
2024-07-18 22:00:00+00:00,50.35,28.84
2024-07-18 23:00:00+00:00,169.52,29.26
2024-07-19 00:00:00+00:00,303.58,29.49
2024-07-19 01:00:00+00:00,361.92,29.71
2024-07-19 02:00:00+00:00,218.6,29.95
2024-07-19 03:00:00+00:00,242.73,30.19
2024-07-19 04:00:00+00:00,335.02,30.4
2024-07-19 05:00:00+00:00,423.75,30.55
2024-07-19 06:00:00+00:00,306.75,30.62
2024-07-19 07:00:00+00:00,319.27,30.61
2024-07-19 08:00:00+00:00,255.0,30.48
2024-07-19 09:00:00+00:00,133.05,30.28
2024-07-19 10:00:00+00:00,29.67,29.95
2024-07-19 11:00:00+00:00,0.0,29.53
2024-07-19 12:00:00+00:00,0.0,29.37
2024-07-19 13:00:00+00:00,0.0,29.21
2024-07-19 14:00:00+00:00,0.0,29.11
2024-07-19 15:00:00+00:00,0.0,29.04
2024-07-19 16:00:00+00:00,0.0,29.0
2024-07-19 17:00:00+00:00,0.0,28.99
2024-07-19 18:00:00+00:00,0.0,28.97
2024-07-19 19:00:00+00:00,0.0,28.96
2024-07-19 20:00:00+00:00,0.0,28.95
2024-07-19 21:00:00+00:00,0.0,28.95
2024-07-19 22:00:00+00:00,55.4,29.25
2024-07-19 23:00:00+00:00,193.48,29.72
2024-07-20 00:00:00+00:00,369.12,30.14
2024-07-20 01:00:00+00:00,473.58,30.56
2024-07-20 02:00:00+00:00,544.05,30.93
2024-07-20 03:00:00+00:00,684.72,31.22
2024-07-20 04:00:00+00:00,662.45,31.39
2024-07-20 05:00:00+00:00,750.75,31.48
2024-07-20 06:00:00+00:00,729.08,31.48
2024-07-20 07:00:00+00:00,567.2,31.35
2024-07-20 08:00:00+00:00,423.62,31.15
2024-07-20 09:00:00+00:00,225.27,30.79
2024-07-20 10:00:00+00:00,54.95,30.24
2024-07-20 11:00:00+00:00,0.0,29.75
2024-07-20 12:00:00+00:00,0.0,29.6
2024-07-20 13:00:00+00:00,0.0,29.51
2024-07-20 14:00:00+00:00,0.0,29.4
2024-07-20 15:00:00+00:00,0.0,29.24
2024-07-20 16:00:00+00:00,0.0,29.03
2024-07-20 17:00:00+00:00,0.0,28.87
2024-07-20 18:00:00+00:00,0.0,28.77
2024-07-20 19:00:00+00:00,0.0,28.76
2024-07-20 20:00:00+00:00,0.0,28.8
2024-07-20 21:00:00+00:00,0.0,28.86
2024-07-20 22:00:00+00:00,57.0,29.14
2024-07-20 23:00:00+00:00,207.75,29.54
2024-07-21 00:00:00+00:00,387.4,29.88
2024-07-21 01:00:00+00:00,478.62,30.24
2024-07-21 02:00:00+00:00,496.33,30.56
2024-07-21 03:00:00+00:00,619.25,30.76
2024-07-21 04:00:00+00:00,588.0,30.84
2024-07-21 05:00:00+00:00,611.4,30.86
2024-07-21 06:00:00+00:00,548.25,30.84
2024-07-21 07:00:00+00:00,452.62,30.76
2024-07-21 08:00:00+00:00,245.15,30.53
2024-07-21 09:00:00+00:00,133.98,30.2
2024-07-21 10:00:00+00:00,30.38,29.77
2024-07-21 11:00:00+00:00,0.0,29.46
2024-07-21 12:00:00+00:00,0.0,29.39
2024-07-21 13:00:00+00:00,0.0,29.36
2024-07-21 14:00:00+00:00,0.0,29.34
2024-07-21 15:00:00+00:00,0.0,29.27
2024-07-21 16:00:00+00:00,0.0,29.19
2024-07-21 17:00:00+00:00,0.0,29.07
2024-07-21 18:00:00+00:00,0.0,29.0
2024-07-21 19:00:00+00:00,0.0,28.94
2024-07-21 20:00:00+00:00,0.0,28.92
2024-07-21 21:00:00+00:00,0.0,28.91
2024-07-21 22:00:00+00:00,55.33,29.13
2024-07-21 23:00:00+00:00,210.88,29.55
2024-07-22 00:00:00+00:00,398.42,29.89
2024-07-22 01:00:00+00:00,560.62,30.23
2024-07-22 02:00:00+00:00,695.97,30.59
2024-07-22 03:00:00+00:00,789.85,30.92
2024-07-22 04:00:00+00:00,844.9,31.15
2024-07-22 05:00:00+00:00,805.88,31.28
2024-07-22 06:00:00+00:00,785.35,31.31
2024-07-22 07:00:00+00:00,654.72,31.17
2024-07-22 08:00:00+00:00,461.48,30.92
2024-07-22 09:00:00+00:00,239.23,30.5
2024-07-22 10:00:00+00:00,56.88,29.92
2024-07-22 11:00:00+00:00,0.0,29.42
2024-07-22 12:00:00+00:00,0.0,29.28
2024-07-22 13:00:00+00:00,0.0,29.2
2024-07-22 14:00:00+00:00,0.0,29.13
2024-07-22 15:00:00+00:00,0.0,29.05
2024-07-22 16:00:00+00:00,0.0,28.97
2024-07-22 17:00:00+00:00,0.0,28.9
2024-07-22 18:00:00+00:00,0.0,28.82
2024-07-22 19:00:00+00:00,0.0,28.76
2024-07-22 20:00:00+00:00,0.0,28.7
2024-07-22 21:00:00+00:00,0.0,28.68
2024-07-22 22:00:00+00:00,67.62,28.99
2024-07-22 23:00:00+00:00,251.55,29.52
2024-07-23 00:00:00+00:00,454.98,29.79
2024-07-23 01:00:00+00:00,634.62,30.02
2024-07-23 02:00:00+00:00,796.45,30.25
2024-07-23 03:00:00+00:00,885.45,30.58
2024-07-23 04:00:00+00:00,927.67,30.92
2024-07-23 05:00:00+00:00,856.17,31.07
2024-07-23 06:00:00+00:00,732.28,31.23
2024-07-23 07:00:00+00:00,582.67,31.28
2024-07-23 08:00:00+00:00,416.88,31.19
2024-07-23 09:00:00+00:00,227.25,30.88
2024-07-23 10:00:00+00:00,55.25,30.35
2024-07-23 11:00:00+00:00,0.0,29.61
2024-07-23 12:00:00+00:00,0.0,29.32
2024-07-23 13:00:00+00:00,0.0,29.12
2024-07-23 14:00:00+00:00,0.0,29.02
2024-07-23 15:00:00+00:00,0.0,28.98
2024-07-23 16:00:00+00:00,0.0,28.86
2024-07-23 17:00:00+00:00,0.0,28.71
2024-07-23 18:00:00+00:00,0.0,28.55
2024-07-23 19:00:00+00:00,0.0,28.44
2024-07-23 20:00:00+00:00,0.0,28.38
2024-07-23 21:00:00+00:00,0.0,28.32
2024-07-23 22:00:00+00:00,57.17,28.58
2024-07-23 23:00:00+00:00,170.73,28.93
2024-07-24 00:00:00+00:00,323.55,29.11
2024-07-24 01:00:00+00:00,470.9,29.38
2024-07-24 02:00:00+00:00,541.9,29.68
2024-07-24 03:00:00+00:00,616.97,30.05
2024-07-24 04:00:00+00:00,562.8,30.44
2024-07-24 05:00:00+00:00,435.23,30.83
2024-07-24 06:00:00+00:00,492.42,30.9
2024-07-24 07:00:00+00:00,495.95,30.87
2024-07-24 08:00:00+00:00,290.55,30.97
2024-07-24 09:00:00+00:00,133.12,30.89
2024-07-24 10:00:00+00:00,29.05,30.4
2024-07-24 11:00:00+00:00,0.0,29.98
2024-07-24 12:00:00+00:00,0.0,29.82
2024-07-24 13:00:00+00:00,0.0,29.54
2024-07-24 14:00:00+00:00,0.0,29.29
2024-07-24 15:00:00+00:00,0.0,29.12
2024-07-24 16:00:00+00:00,0.0,29.07
2024-07-24 17:00:00+00:00,0.0,29.02
2024-07-24 18:00:00+00:00,0.0,28.9
2024-07-24 19:00:00+00:00,0.0,28.68
2024-07-24 20:00:00+00:00,0.0,28.57
2024-07-24 21:00:00+00:00,0.0,28.57
2024-07-24 22:00:00+00:00,50.28,28.63
2024-07-24 23:00:00+00:00,193.8,28.97
2024-07-25 00:00:00+00:00,374.58,29.56
2024-07-25 01:00:00+00:00,516.33,30.18
2024-07-25 02:00:00+00:00,655.75,30.75
2024-07-25 03:00:00+00:00,717.8,31.28
2024-07-25 04:00:00+00:00,773.72,31.75
2024-07-25 05:00:00+00:00,752.92,32.07
2024-07-25 06:00:00+00:00,722.3,32.23
2024-07-25 07:00:00+00:00,516.78,32.2
2024-07-25 08:00:00+00:00,338.6,31.91
2024-07-25 09:00:00+00:00,162.1,31.43
2024-07-25 10:00:00+00:00,35.9,30.88
2024-07-25 11:00:00+00:00,0.0,30.42
2024-07-25 12:00:00+00:00,0.0,29.97
2024-07-25 13:00:00+00:00,0.0,29.59
2024-07-25 14:00:00+00:00,0.0,29.36
2024-07-25 15:00:00+00:00,0.0,29.28
2024-07-25 16:00:00+00:00,0.0,29.2
2024-07-25 17:00:00+00:00,0.0,29.09
2024-07-25 18:00:00+00:00,0.0,28.96
2024-07-25 19:00:00+00:00,0.0,28.88
2024-07-25 20:00:00+00:00,0.0,28.83
2024-07-25 21:00:00+00:00,0.0,28.73
2024-07-25 22:00:00+00:00,4.93,28.72
2024-07-25 23:00:00+00:00,16.75,28.88
2024-07-26 00:00:00+00:00,31.58,29.17
2024-07-26 01:00:00+00:00,61.65,29.51
2024-07-26 02:00:00+00:00,109.95,29.91
2024-07-26 03:00:00+00:00,138.88,30.29
2024-07-26 04:00:00+00:00,142.35,30.57
2024-07-26 05:00:00+00:00,205.1,30.73
2024-07-26 06:00:00+00:00,209.18,30.79
2024-07-26 07:00:00+00:00,153.8,30.68
2024-07-26 08:00:00+00:00,132.05,30.42
2024-07-26 09:00:00+00:00,69.7,30.09
2024-07-26 10:00:00+00:00,6.22,29.75
2024-07-26 11:00:00+00:00,0.0,29.53
2024-07-26 12:00:00+00:00,0.0,29.43
2024-07-26 13:00:00+00:00,0.0,29.35
2024-07-26 14:00:00+00:00,0.0,29.29
2024-07-26 15:00:00+00:00,0.0,29.27
2024-07-26 16:00:00+00:00,0.0,29.31
2024-07-26 17:00:00+00:00,0.0,29.33
2024-07-26 18:00:00+00:00,0.0,29.31
2024-07-26 19:00:00+00:00,0.0,29.29
2024-07-26 20:00:00+00:00,0.0,29.31
2024-07-26 21:00:00+00:00,0.0,29.31
2024-07-26 22:00:00+00:00,14.43,29.33
2024-07-26 23:00:00+00:00,41.42,29.46
2024-07-27 00:00:00+00:00,69.3,29.59
2024-07-27 01:00:00+00:00,65.43,29.73
2024-07-27 02:00:00+00:00,77.3,29.89
2024-07-27 03:00:00+00:00,99.25,30.12
2024-07-27 04:00:00+00:00,79.12,30.27
2024-07-27 05:00:00+00:00,77.1,30.32
2024-07-27 06:00:00+00:00,70.5,30.27
2024-07-27 07:00:00+00:00,66.3,30.08
2024-07-27 08:00:00+00:00,41.3,29.84
2024-07-27 09:00:00+00:00,25.12,29.53
2024-07-27 10:00:00+00:00,7.53,29.17
2024-07-27 11:00:00+00:00,0.0,28.92
2024-07-27 12:00:00+00:00,0.0,28.84
2024-07-27 13:00:00+00:00,0.0,28.79
2024-07-27 14:00:00+00:00,0.0,28.77
2024-07-27 15:00:00+00:00,0.0,28.74
2024-07-27 16:00:00+00:00,0.0,28.7
2024-07-27 17:00:00+00:00,0.0,28.66
2024-07-27 18:00:00+00:00,0.0,28.62
2024-07-27 19:00:00+00:00,0.0,28.63
2024-07-27 20:00:00+00:00,0.0,28.66
2024-07-27 21:00:00+00:00,0.0,28.63
2024-07-27 22:00:00+00:00,13.68,28.68
2024-07-27 23:00:00+00:00,47.28,28.87
2024-07-28 00:00:00+00:00,35.6,29.01
2024-07-28 01:00:00+00:00,50.42,29.09
2024-07-28 02:00:00+00:00,63.9,29.23
2024-07-28 03:00:00+00:00,67.97,29.39
2024-07-28 04:00:00+00:00,66.9,29.49
2024-07-28 05:00:00+00:00,99.65,29.47
2024-07-28 06:00:00+00:00,106.7,29.42
2024-07-28 07:00:00+00:00,123.1,29.32
2024-07-28 08:00:00+00:00,147.55,29.14
2024-07-28 09:00:00+00:00,70.93,28.92
2024-07-28 10:00:00+00:00,16.23,28.7
2024-07-28 11:00:00+00:00,0.0,28.55
2024-07-28 12:00:00+00:00,0.0,28.45
2024-07-28 13:00:00+00:00,0.0,28.32
2024-07-28 14:00:00+00:00,0.0,28.14
2024-07-28 15:00:00+00:00,0.0,28.07
2024-07-28 16:00:00+00:00,0.0,28.08
2024-07-28 17:00:00+00:00,0.0,28.09
2024-07-28 18:00:00+00:00,0.0,28.09
2024-07-28 19:00:00+00:00,0.0,28.08
2024-07-28 20:00:00+00:00,0.0,28.13
2024-07-28 21:00:00+00:00,0.0,28.18
2024-07-28 22:00:00+00:00,33.85,28.27
2024-07-28 23:00:00+00:00,116.97,28.51
2024-07-29 00:00:00+00:00,237.48,28.74
2024-07-29 01:00:00+00:00,354.67,28.92
2024-07-29 02:00:00+00:00,425.12,29.07
2024-07-29 03:00:00+00:00,459.15,29.1
2024-07-29 04:00:00+00:00,299.67,29.05
2024-07-29 05:00:00+00:00,311.88,28.93
2024-07-29 06:00:00+00:00,204.82,28.76
2024-07-29 07:00:00+00:00,182.45,28.55
2024-07-29 08:00:00+00:00,137.18,28.33
2024-07-29 09:00:00+00:00,75.8,28.13
2024-07-29 10:00:00+00:00,10.55,27.93
2024-07-29 11:00:00+00:00,0.0,27.8
2024-07-29 12:00:00+00:00,0.0,27.78
2024-07-29 13:00:00+00:00,0.0,27.79
2024-07-29 14:00:00+00:00,0.0,27.77
2024-07-29 15:00:00+00:00,0.0,27.7
2024-07-29 16:00:00+00:00,0.0,27.62
2024-07-29 17:00:00+00:00,0.0,27.53
2024-07-29 18:00:00+00:00,0.0,27.47
2024-07-29 19:00:00+00:00,0.0,27.44
2024-07-29 20:00:00+00:00,0.0,27.4
2024-07-29 21:00:00+00:00,0.0,27.37
2024-07-29 22:00:00+00:00,34.15,27.64
2024-07-29 23:00:00+00:00,146.8,28.11
2024-07-30 00:00:00+00:00,292.98,28.38
2024-07-30 01:00:00+00:00,363.08,28.61
2024-07-30 02:00:00+00:00,488.7,28.75
2024-07-30 03:00:00+00:00,540.42,28.79
2024-07-30 04:00:00+00:00,574.03,28.82
2024-07-30 05:00:00+00:00,557.83,28.87
2024-07-30 06:00:00+00:00,467.75,28.92
2024-07-30 07:00:00+00:00,431.3,28.96
2024-07-30 08:00:00+00:00,277.12,28.96
2024-07-30 09:00:00+00:00,136.43,28.75
2024-07-30 10:00:00+00:00,25.02,28.35
2024-07-30 11:00:00+00:00,0.0,27.97
2024-07-30 12:00:00+00:00,0.0,27.85
2024-07-30 13:00:00+00:00,0.0,27.75
2024-07-30 14:00:00+00:00,0.0,27.66
2024-07-30 15:00:00+00:00,0.0,27.6
2024-07-30 16:00:00+00:00,0.0,27.55
2024-07-30 17:00:00+00:00,0.0,27.52
2024-07-30 18:00:00+00:00,0.0,27.55
2024-07-30 19:00:00+00:00,0.0,27.61
2024-07-30 20:00:00+00:00,0.0,27.69
2024-07-30 21:00:00+00:00,0.0,27.79
2024-07-30 22:00:00+00:00,30.4,28.04
2024-07-30 23:00:00+00:00,104.35,28.41
2024-07-31 00:00:00+00:00,168.1,28.67
2024-07-31 01:00:00+00:00,156.45,28.95
2024-07-31 02:00:00+00:00,272.05,29.2
2024-07-31 03:00:00+00:00,411.98,29.57
2024-07-31 04:00:00+00:00,561.35,29.84
2024-07-31 05:00:00+00:00,543.97,29.83
2024-07-31 06:00:00+00:00,473.58,29.78
2024-07-31 07:00:00+00:00,430.7,29.69
2024-07-31 08:00:00+00:00,339.5,29.46
2024-07-31 09:00:00+00:00,171.82,29.22
2024-07-31 10:00:00+00:00,38.88,28.92
2024-07-31 11:00:00+00:00,0.0,28.65
2024-07-31 12:00:00+00:00,0.0,28.68
2024-07-31 13:00:00+00:00,0.0,28.74
2024-07-31 14:00:00+00:00,0.0,28.81
2024-07-31 15:00:00+00:00,0.0,28.81
2024-07-31 16:00:00+00:00,0.0,28.8
2024-07-31 17:00:00+00:00,0.0,28.79
2024-07-31 18:00:00+00:00,0.0,28.78
2024-07-31 19:00:00+00:00,0.0,28.78
2024-07-31 20:00:00+00:00,0.0,28.79
2024-07-31 21:00:00+00:00,0.0,28.77
2024-07-31 22:00:00+00:00,43.1,28.96
2024-07-31 23:00:00+00:00,171.5,29.37
2024-08-01 00:00:00+00:00,377.02,29.67
2024-08-01 01:00:00+00:00,555.25,30.03
2024-08-01 02:00:00+00:00,689.5,30.31
2024-08-01 03:00:00+00:00,778.22,30.53
2024-08-01 04:00:00+00:00,801.55,30.68
2024-08-01 05:00:00+00:00,727.4,30.69
2024-08-01 06:00:00+00:00,741.2,30.61
2024-08-01 07:00:00+00:00,606.92,30.45
2024-08-01 08:00:00+00:00,441.77,30.25
2024-08-01 09:00:00+00:00,233.15,29.94
2024-08-01 10:00:00+00:00,52.28,29.49
2024-08-01 11:00:00+00:00,0.0,29.1
2024-08-01 12:00:00+00:00,0.0,29.04
2024-08-01 13:00:00+00:00,0.0,29.0
2024-08-01 14:00:00+00:00,0.0,28.94
2024-08-01 15:00:00+00:00,0.0,28.88
2024-08-01 16:00:00+00:00,0.0,28.83
2024-08-01 17:00:00+00:00,0.0,28.83
2024-08-01 18:00:00+00:00,0.0,28.81
2024-08-01 19:00:00+00:00,0.0,28.74
2024-08-01 20:00:00+00:00,0.0,28.7
2024-08-01 21:00:00+00:00,0.0,28.65
2024-08-01 22:00:00+00:00,56.33,28.89
2024-08-01 23:00:00+00:00,228.93,29.39
2024-08-02 00:00:00+00:00,427.52,29.75
2024-08-02 01:00:00+00:00,579.15,30.06
2024-08-02 02:00:00+00:00,748.35,30.26
2024-08-02 03:00:00+00:00,822.4,30.51
2024-08-02 04:00:00+00:00,848.03,30.73
2024-08-02 05:00:00+00:00,814.08,30.87
2024-08-02 06:00:00+00:00,703.4,30.95
2024-08-02 07:00:00+00:00,519.55,30.93
2024-08-02 08:00:00+00:00,362.17,30.79
2024-08-02 09:00:00+00:00,167.62,30.46
2024-08-02 10:00:00+00:00,29.98,29.8
2024-08-02 11:00:00+00:00,0.0,29.21
2024-08-02 12:00:00+00:00,0.0,29.03
2024-08-02 13:00:00+00:00,0.0,28.9
2024-08-02 14:00:00+00:00,0.0,28.8
2024-08-02 15:00:00+00:00,0.0,28.69
2024-08-02 16:00:00+00:00,0.0,28.63
2024-08-02 17:00:00+00:00,0.0,28.57
2024-08-02 18:00:00+00:00,0.0,28.52
2024-08-02 19:00:00+00:00,0.0,28.49
2024-08-02 20:00:00+00:00,0.0,28.46
2024-08-02 21:00:00+00:00,0.0,28.43
2024-08-02 22:00:00+00:00,55.0,28.76
2024-08-02 23:00:00+00:00,241.98,29.47
2024-08-03 00:00:00+00:00,460.8,29.79
2024-08-03 01:00:00+00:00,642.9,30.2
2024-08-03 02:00:00+00:00,795.53,30.65
2024-08-03 03:00:00+00:00,892.12,31.09
2024-08-03 04:00:00+00:00,946.42,31.39
2024-08-03 05:00:00+00:00,879.45,31.53
2024-08-03 06:00:00+00:00,818.9,31.55
2024-08-03 07:00:00+00:00,670.67,31.47
2024-08-03 08:00:00+00:00,473.17,31.27
2024-08-03 09:00:00+00:00,248.15,31.01
2024-08-03 10:00:00+00:00,51.1,30.4
2024-08-03 11:00:00+00:00,0.0,29.69
2024-08-03 12:00:00+00:00,0.0,29.42
2024-08-03 13:00:00+00:00,0.0,29.2
2024-08-03 14:00:00+00:00,0.0,29.0
2024-08-03 15:00:00+00:00,0.0,28.79
2024-08-03 16:00:00+00:00,0.0,28.59
2024-08-03 17:00:00+00:00,0.0,28.41
2024-08-03 18:00:00+00:00,0.0,28.26
2024-08-03 19:00:00+00:00,0.0,28.11
2024-08-03 20:00:00+00:00,0.0,27.93
2024-08-03 21:00:00+00:00,0.0,27.7
2024-08-03 22:00:00+00:00,59.7,27.96
2024-08-03 23:00:00+00:00,264.7,28.56
2024-08-04 00:00:00+00:00,489.23,29.18
2024-08-04 01:00:00+00:00,677.45,29.99
2024-08-04 02:00:00+00:00,835.97,30.84
2024-08-04 03:00:00+00:00,935.5,31.41
2024-08-04 04:00:00+00:00,969.38,31.69
2024-08-04 05:00:00+00:00,935.85,32.08
2024-08-04 06:00:00+00:00,832.8,32.49
2024-08-04 07:00:00+00:00,674.95,32.77
2024-08-04 08:00:00+00:00,468.4,32.85
2024-08-04 09:00:00+00:00,241.05,32.96
2024-08-04 10:00:00+00:00,48.1,32.29
2024-08-04 11:00:00+00:00,0.0,31.05
2024-08-04 12:00:00+00:00,0.0,30.24
2024-08-04 13:00:00+00:00,0.0,29.89
2024-08-04 14:00:00+00:00,0.0,29.53
2024-08-04 15:00:00+00:00,0.0,29.29
2024-08-04 16:00:00+00:00,0.0,29.16
2024-08-04 17:00:00+00:00,0.0,29.03
2024-08-04 18:00:00+00:00,0.0,28.92
2024-08-04 19:00:00+00:00,0.0,28.79
2024-08-04 20:00:00+00:00,0.0,28.68
2024-08-04 21:00:00+00:00,0.0,28.55
2024-08-04 22:00:00+00:00,54.8,28.75
2024-08-04 23:00:00+00:00,239.85,29.09
2024-08-05 00:00:00+00:00,453.27,29.61
2024-08-05 01:00:00+00:00,651.9,30.62
2024-08-05 02:00:00+00:00,794.08,31.32
2024-08-05 03:00:00+00:00,879.58,31.75
2024-08-05 04:00:00+00:00,883.2,32.12
2024-08-05 05:00:00+00:00,849.15,32.47
2024-08-05 06:00:00+00:00,736.45,32.73
2024-08-05 07:00:00+00:00,573.47,32.87
2024-08-05 08:00:00+00:00,336.45,32.78
2024-08-05 09:00:00+00:00,158.4,32.48
2024-08-05 10:00:00+00:00,29.02,31.9
2024-08-05 11:00:00+00:00,0.0,31.44
2024-08-05 12:00:00+00:00,0.0,30.98
2024-08-05 13:00:00+00:00,0.0,30.62
2024-08-05 14:00:00+00:00,0.0,30.22
2024-08-05 15:00:00+00:00,0.0,29.88
2024-08-05 16:00:00+00:00,0.0,29.62
2024-08-05 17:00:00+00:00,0.0,29.43
2024-08-05 18:00:00+00:00,0.0,29.28
2024-08-05 19:00:00+00:00,0.0,29.2
2024-08-05 20:00:00+00:00,0.0,29.19
2024-08-05 21:00:00+00:00,0.0,29.17
2024-08-05 22:00:00+00:00,42.58,29.39
2024-08-05 23:00:00+00:00,191.32,29.96
2024-08-06 00:00:00+00:00,389.42,30.41
2024-08-06 01:00:00+00:00,550.72,30.8
2024-08-06 02:00:00+00:00,707.5,31.26
2024-08-06 03:00:00+00:00,786.53,31.57
2024-08-06 04:00:00+00:00,778.25,31.81
2024-08-06 05:00:00+00:00,556.92,32.09
2024-08-06 06:00:00+00:00,461.73,32.12
2024-08-06 07:00:00+00:00,341.62,31.89
2024-08-06 08:00:00+00:00,200.35,31.6
2024-08-06 09:00:00+00:00,134.65,31.37
2024-08-06 10:00:00+00:00,29.48,30.91
2024-08-06 11:00:00+00:00,0.0,30.25
2024-08-06 12:00:00+00:00,0.0,29.89
2024-08-06 13:00:00+00:00,0.0,29.61
2024-08-06 14:00:00+00:00,0.0,29.37
2024-08-06 15:00:00+00:00,0.0,29.23
2024-08-06 16:00:00+00:00,0.0,29.11
2024-08-06 17:00:00+00:00,0.0,29.03
2024-08-06 18:00:00+00:00,0.0,28.99
2024-08-06 19:00:00+00:00,0.0,28.94
2024-08-06 20:00:00+00:00,0.0,28.91
2024-08-06 21:00:00+00:00,0.0,28.89
2024-08-06 22:00:00+00:00,47.03,29.07
2024-08-06 23:00:00+00:00,224.18,29.59
2024-08-07 00:00:00+00:00,438.4,29.84
2024-08-07 01:00:00+00:00,633.97,30.18
2024-08-07 02:00:00+00:00,793.65,30.58
2024-08-07 03:00:00+00:00,876.8,30.94
2024-08-07 04:00:00+00:00,912.88,31.21
2024-08-07 05:00:00+00:00,821.4,31.39
2024-08-07 06:00:00+00:00,717.72,31.43
2024-08-07 07:00:00+00:00,554.83,31.51
2024-08-07 08:00:00+00:00,344.9,31.56
2024-08-07 09:00:00+00:00,175.25,31.52
2024-08-07 10:00:00+00:00,32.85,30.91
2024-08-07 11:00:00+00:00,0.0,30.35
2024-08-07 12:00:00+00:00,0.0,29.98
2024-08-07 13:00:00+00:00,0.0,29.64
2024-08-07 14:00:00+00:00,0.0,29.43
2024-08-07 15:00:00+00:00,0.0,29.32
2024-08-07 16:00:00+00:00,0.0,29.21
2024-08-07 17:00:00+00:00,0.0,29.09
2024-08-07 18:00:00+00:00,0.0,28.97
2024-08-07 19:00:00+00:00,0.0,28.88
2024-08-07 20:00:00+00:00,0.0,28.82
2024-08-07 21:00:00+00:00,0.0,28.77
2024-08-07 22:00:00+00:00,42.78,29.0
2024-08-07 23:00:00+00:00,217.62,29.54
2024-08-08 00:00:00+00:00,450.48,29.89
2024-08-08 01:00:00+00:00,630.17,30.33
2024-08-08 02:00:00+00:00,772.65,30.79
2024-08-08 03:00:00+00:00,859.4,31.27
2024-08-08 04:00:00+00:00,852.78,31.64
2024-08-08 05:00:00+00:00,782.72,31.81
2024-08-08 06:00:00+00:00,682.15,31.96
2024-08-08 07:00:00+00:00,547.0,32.11
2024-08-08 08:00:00+00:00,351.4,32.0
2024-08-08 09:00:00+00:00,169.62,31.76
2024-08-08 10:00:00+00:00,32.75,30.99
2024-08-08 11:00:00+00:00,0.0,30.14
2024-08-08 12:00:00+00:00,0.0,29.57
2024-08-08 13:00:00+00:00,0.0,29.28
2024-08-08 14:00:00+00:00,0.0,29.16
2024-08-08 15:00:00+00:00,0.0,29.03
2024-08-08 16:00:00+00:00,0.0,28.89
2024-08-08 17:00:00+00:00,0.0,28.77
2024-08-08 18:00:00+00:00,0.0,28.65
2024-08-08 19:00:00+00:00,0.0,28.58
2024-08-08 20:00:00+00:00,0.0,28.51
2024-08-08 21:00:00+00:00,0.0,28.44
2024-08-08 22:00:00+00:00,46.47,28.79
2024-08-08 23:00:00+00:00,233.18,29.46
2024-08-09 00:00:00+00:00,455.77,29.9
2024-08-09 01:00:00+00:00,646.33,30.38
2024-08-09 02:00:00+00:00,803.22,30.92
2024-08-09 03:00:00+00:00,899.92,31.47
2024-08-09 04:00:00+00:00,957.17,31.79
2024-08-09 05:00:00+00:00,849.4,31.87
2024-08-09 06:00:00+00:00,792.1,31.81
2024-08-09 07:00:00+00:00,644.25,31.61
2024-08-09 08:00:00+00:00,441.67,31.27
2024-08-09 09:00:00+00:00,220.5,30.7
2024-08-09 10:00:00+00:00,39.75,30.04
2024-08-09 11:00:00+00:00,0.0,29.65
2024-08-09 12:00:00+00:00,0.0,29.54
2024-08-09 13:00:00+00:00,0.0,29.46
2024-08-09 14:00:00+00:00,0.0,29.36
2024-08-09 15:00:00+00:00,0.0,29.26
2024-08-09 16:00:00+00:00,0.0,29.12
2024-08-09 17:00:00+00:00,0.0,28.99
2024-08-09 18:00:00+00:00,0.0,28.93
2024-08-09 19:00:00+00:00,0.0,28.93
2024-08-09 20:00:00+00:00,0.0,28.93
2024-08-09 21:00:00+00:00,0.0,28.9
2024-08-09 22:00:00+00:00,41.0,29.1
2024-08-09 23:00:00+00:00,182.62,29.6
2024-08-10 00:00:00+00:00,359.55,29.99
2024-08-10 01:00:00+00:00,527.08,30.33
2024-08-10 02:00:00+00:00,637.53,30.72
2024-08-10 03:00:00+00:00,698.35,31.01
2024-08-10 04:00:00+00:00,700.42,31.27
2024-08-10 05:00:00+00:00,619.4,31.43
2024-08-10 06:00:00+00:00,550.4,31.47
2024-08-10 07:00:00+00:00,440.0,31.35
2024-08-10 08:00:00+00:00,307.88,31.12
2024-08-10 09:00:00+00:00,148.93,30.7
2024-08-10 10:00:00+00:00,26.67,30.04
2024-08-10 11:00:00+00:00,0.0,29.54
2024-08-10 12:00:00+00:00,0.0,29.4
2024-08-10 13:00:00+00:00,0.0,29.27
2024-08-10 14:00:00+00:00,0.0,29.18
2024-08-10 15:00:00+00:00,0.0,29.04
2024-08-10 16:00:00+00:00,0.0,28.88
2024-08-10 17:00:00+00:00,0.0,28.74
2024-08-10 18:00:00+00:00,0.0,28.63
2024-08-10 19:00:00+00:00,0.0,28.57
2024-08-10 20:00:00+00:00,0.0,28.55
2024-08-10 21:00:00+00:00,0.0,28.58
2024-08-10 22:00:00+00:00,39.78,28.84
2024-08-10 23:00:00+00:00,201.52,29.42
2024-08-11 00:00:00+00:00,408.67,29.89
2024-08-11 01:00:00+00:00,568.08,30.37
2024-08-11 02:00:00+00:00,629.47,30.73
2024-08-11 03:00:00+00:00,656.33,31.02
2024-08-11 04:00:00+00:00,450.15,31.15
2024-08-11 05:00:00+00:00,468.77,31.19
2024-08-11 06:00:00+00:00,384.35,31.12
2024-08-11 07:00:00+00:00,485.48,30.99
2024-08-11 08:00:00+00:00,332.8,30.82
2024-08-11 09:00:00+00:00,148.55,30.46
2024-08-11 10:00:00+00:00,25.08,29.91
2024-08-11 11:00:00+00:00,0.0,29.49
2024-08-11 12:00:00+00:00,0.0,29.35
2024-08-11 13:00:00+00:00,0.0,29.3
2024-08-11 14:00:00+00:00,0.0,29.23
2024-08-11 15:00:00+00:00,0.0,29.02
2024-08-11 16:00:00+00:00,0.0,28.67
2024-08-11 17:00:00+00:00,0.0,28.4
2024-08-11 18:00:00+00:00,0.0,28.28
2024-08-11 19:00:00+00:00,0.0,28.28
2024-08-11 20:00:00+00:00,0.0,28.39
2024-08-11 21:00:00+00:00,0.0,28.39
2024-08-11 22:00:00+00:00,27.85,28.35
2024-08-11 23:00:00+00:00,130.05,28.65
2024-08-12 00:00:00+00:00,172.95,28.89
2024-08-12 01:00:00+00:00,162.35,29.08
2024-08-12 02:00:00+00:00,145.88,29.32
2024-08-12 03:00:00+00:00,302.92,29.71
2024-08-12 04:00:00+00:00,434.75,30.19
2024-08-12 05:00:00+00:00,655.4,30.82
2024-08-12 06:00:00+00:00,609.4,31.09
2024-08-12 07:00:00+00:00,530.78,31.06
2024-08-12 08:00:00+00:00,361.75,30.86
2024-08-12 09:00:00+00:00,165.25,30.66
2024-08-12 10:00:00+00:00,24.48,30.08
2024-08-12 11:00:00+00:00,0.0,29.5
2024-08-12 12:00:00+00:00,0.0,29.28
2024-08-12 13:00:00+00:00,0.0,29.08
2024-08-12 14:00:00+00:00,0.0,28.88
2024-08-12 15:00:00+00:00,0.0,28.67
2024-08-12 16:00:00+00:00,0.0,28.44
2024-08-12 17:00:00+00:00,0.0,28.22
2024-08-12 18:00:00+00:00,0.0,28.08
2024-08-12 19:00:00+00:00,0.0,28.12
2024-08-12 20:00:00+00:00,0.0,28.17
2024-08-12 21:00:00+00:00,0.0,28.25
2024-08-12 22:00:00+00:00,24.85,28.5
2024-08-12 23:00:00+00:00,128.62,29.08
2024-08-13 00:00:00+00:00,284.92,29.51
2024-08-13 01:00:00+00:00,482.27,29.87
2024-08-13 02:00:00+00:00,615.9,30.32
2024-08-13 03:00:00+00:00,728.2,30.73
2024-08-13 04:00:00+00:00,705.2,30.96
2024-08-13 05:00:00+00:00,612.25,31.11
2024-08-13 06:00:00+00:00,499.42,31.18
2024-08-13 07:00:00+00:00,353.58,31.13
2024-08-13 08:00:00+00:00,143.7,30.88
2024-08-13 09:00:00+00:00,73.2,30.68
2024-08-13 10:00:00+00:00,10.88,30.33
2024-08-13 11:00:00+00:00,0.0,29.9
2024-08-13 12:00:00+00:00,0.0,29.56
2024-08-13 13:00:00+00:00,0.0,29.11
2024-08-13 14:00:00+00:00,0.0,28.76
2024-08-13 15:00:00+00:00,0.0,28.54
2024-08-13 16:00:00+00:00,0.0,28.43
2024-08-13 17:00:00+00:00,0.0,28.37
2024-08-13 18:00:00+00:00,0.0,28.3
2024-08-13 19:00:00+00:00,0.0,28.25
2024-08-13 20:00:00+00:00,0.0,28.21
2024-08-13 21:00:00+00:00,0.0,28.15
2024-08-13 22:00:00+00:00,24.45,28.38
2024-08-13 23:00:00+00:00,118.57,28.86
2024-08-14 00:00:00+00:00,263.58,29.26
2024-08-14 01:00:00+00:00,343.25,29.64
2024-08-14 02:00:00+00:00,480.58,30.0
2024-08-14 03:00:00+00:00,503.42,30.22
2024-08-14 04:00:00+00:00,463.77,30.38
2024-08-14 05:00:00+00:00,413.0,30.51
2024-08-14 06:00:00+00:00,296.38,30.55
2024-08-14 07:00:00+00:00,309.12,30.48
2024-08-14 08:00:00+00:00,192.65,30.39
2024-08-14 09:00:00+00:00,91.55,30.32
2024-08-14 10:00:00+00:00,14.0,30.1
2024-08-14 11:00:00+00:00,0.0,29.83
2024-08-14 12:00:00+00:00,0.0,29.5
2024-08-14 13:00:00+00:00,0.0,29.1
2024-08-14 14:00:00+00:00,0.0,28.75
2024-08-14 15:00:00+00:00,0.0,28.59
2024-08-14 16:00:00+00:00,0.0,28.51
2024-08-14 17:00:00+00:00,0.0,28.43
2024-08-14 18:00:00+00:00,0.0,28.41
2024-08-14 19:00:00+00:00,0.0,28.43
2024-08-14 20:00:00+00:00,0.0,28.39
2024-08-14 21:00:00+00:00,0.0,28.25
2024-08-14 22:00:00+00:00,26.45,28.38
2024-08-14 23:00:00+00:00,135.57,28.97
2024-08-15 00:00:00+00:00,276.27,29.38
2024-08-15 01:00:00+00:00,442.73,29.86
2024-08-15 02:00:00+00:00,534.72,30.42
2024-08-15 03:00:00+00:00,556.15,30.59
2024-08-15 04:00:00+00:00,423.73,30.56
2024-08-15 05:00:00+00:00,258.98,30.45
2024-08-15 06:00:00+00:00,180.25,30.27
2024-08-15 07:00:00+00:00,117.07,30.0
2024-08-15 08:00:00+00:00,97.35,29.61
2024-08-15 09:00:00+00:00,59.28,29.17
2024-08-15 10:00:00+00:00,12.55,28.74
2024-08-15 11:00:00+00:00,0.0,28.45
2024-08-15 12:00:00+00:00,0.0,28.32
2024-08-15 13:00:00+00:00,0.0,28.18
2024-08-15 14:00:00+00:00,0.0,28.04
2024-08-15 15:00:00+00:00,0.0,27.98
2024-08-15 16:00:00+00:00,0.0,27.97
2024-08-15 17:00:00+00:00,0.0,27.88
2024-08-15 18:00:00+00:00,0.0,27.83
2024-08-15 19:00:00+00:00,0.0,27.77
2024-08-15 20:00:00+00:00,0.0,27.75
2024-08-15 21:00:00+00:00,0.0,27.75
2024-08-15 22:00:00+00:00,38.4,28.0
2024-08-15 23:00:00+00:00,194.02,28.43
2024-08-16 00:00:00+00:00,401.88,28.56
2024-08-16 01:00:00+00:00,471.42,28.62
2024-08-16 02:00:00+00:00,524.1,28.62
2024-08-16 03:00:00+00:00,375.62,28.56
2024-08-16 04:00:00+00:00,333.05,28.51
2024-08-16 05:00:00+00:00,295.58,28.47
2024-08-16 06:00:00+00:00,323.83,28.39
2024-08-16 07:00:00+00:00,335.3,28.3
2024-08-16 08:00:00+00:00,222.68,28.2
2024-08-16 09:00:00+00:00,100.88,28.06
2024-08-16 10:00:00+00:00,15.3,27.86
2024-08-16 11:00:00+00:00,0.0,27.73
2024-08-16 12:00:00+00:00,0.0,27.73
2024-08-16 13:00:00+00:00,0.0,27.74
2024-08-16 14:00:00+00:00,0.0,27.79
2024-08-16 15:00:00+00:00,0.0,27.87
2024-08-16 16:00:00+00:00,0.0,27.98
2024-08-16 17:00:00+00:00,0.0,28.1
2024-08-16 18:00:00+00:00,0.0,28.14
2024-08-16 19:00:00+00:00,0.0,28.15
2024-08-16 20:00:00+00:00,0.0,28.16
2024-08-16 21:00:00+00:00,0.0,28.07
2024-08-16 22:00:00+00:00,11.75,28.06
2024-08-16 23:00:00+00:00,49.6,28.35
2024-08-17 00:00:00+00:00,148.23,28.43
2024-08-17 01:00:00+00:00,55.95,28.52
2024-08-17 02:00:00+00:00,76.85,28.52
2024-08-17 03:00:00+00:00,84.0,28.63
2024-08-17 04:00:00+00:00,153.82,28.88
2024-08-17 05:00:00+00:00,159.45,29.11
2024-08-17 06:00:00+00:00,126.38,29.28
2024-08-17 07:00:00+00:00,105.18,29.35
2024-08-17 08:00:00+00:00,104.88,29.23
2024-08-17 09:00:00+00:00,56.25,29.04
2024-08-17 10:00:00+00:00,8.5,28.78
2024-08-17 11:00:00+00:00,0.0,28.68
2024-08-17 12:00:00+00:00,0.0,28.69
2024-08-17 13:00:00+00:00,0.0,28.71
2024-08-17 14:00:00+00:00,0.0,28.73
2024-08-17 15:00:00+00:00,0.0,28.67
2024-08-17 16:00:00+00:00,0.0,28.56
2024-08-17 17:00:00+00:00,0.0,28.46
2024-08-17 18:00:00+00:00,0.0,28.4
2024-08-17 19:00:00+00:00,0.0,28.34
2024-08-17 20:00:00+00:00,0.0,28.3
2024-08-17 21:00:00+00:00,0.0,28.3
2024-08-17 22:00:00+00:00,7.7,28.33
2024-08-17 23:00:00+00:00,49.6,28.49
2024-08-18 00:00:00+00:00,102.53,28.69
2024-08-18 01:00:00+00:00,96.43,28.95
2024-08-18 02:00:00+00:00,108.95,29.25
2024-08-18 03:00:00+00:00,150.98,29.59
2024-08-18 04:00:00+00:00,297.65,29.92
2024-08-18 05:00:00+00:00,394.55,30.15
2024-08-18 06:00:00+00:00,407.23,30.21
2024-08-18 07:00:00+00:00,343.88,30.09
2024-08-18 08:00:00+00:00,236.43,29.82
2024-08-18 09:00:00+00:00,86.82,29.38
2024-08-18 10:00:00+00:00,7.9,28.84
2024-08-18 11:00:00+00:00,0.0,28.52
2024-08-18 12:00:00+00:00,0.0,28.4
2024-08-18 13:00:00+00:00,0.0,28.34
2024-08-18 14:00:00+00:00,0.0,28.3
2024-08-18 15:00:00+00:00,0.0,28.32
2024-08-18 16:00:00+00:00,0.0,28.38
2024-08-18 17:00:00+00:00,0.0,28.51
2024-08-18 18:00:00+00:00,0.0,28.53
2024-08-18 19:00:00+00:00,0.0,28.52
2024-08-18 20:00:00+00:00,0.0,28.49
2024-08-18 21:00:00+00:00,0.0,28.43
2024-08-18 22:00:00+00:00,12.82,28.42
2024-08-18 23:00:00+00:00,50.4,28.66
2024-08-19 00:00:00+00:00,106.82,28.94
2024-08-19 01:00:00+00:00,142.05,29.16
2024-08-19 02:00:00+00:00,217.77,29.43
2024-08-19 03:00:00+00:00,281.98,29.67
2024-08-19 04:00:00+00:00,127.78,29.79
2024-08-19 05:00:00+00:00,112.45,29.85
2024-08-19 06:00:00+00:00,72.68,29.85
2024-08-19 07:00:00+00:00,74.6,29.78
2024-08-19 08:00:00+00:00,90.2,29.62
2024-08-19 09:00:00+00:00,55.35,29.35
2024-08-19 10:00:00+00:00,9.3,28.97
2024-08-19 11:00:00+00:00,0.0,28.65
2024-08-19 12:00:00+00:00,0.0,28.51
2024-08-19 13:00:00+00:00,0.0,28.45
2024-08-19 14:00:00+00:00,0.0,28.42
2024-08-19 15:00:00+00:00,0.0,28.42
2024-08-19 16:00:00+00:00,0.0,28.4
2024-08-19 17:00:00+00:00,0.0,28.49
2024-08-19 18:00:00+00:00,0.0,28.54
2024-08-19 19:00:00+00:00,0.0,28.61
2024-08-19 20:00:00+00:00,0.0,28.62
2024-08-19 21:00:00+00:00,0.0,28.54
2024-08-19 22:00:00+00:00,18.62,28.46
2024-08-19 23:00:00+00:00,86.53,28.46
2024-08-20 00:00:00+00:00,93.7,28.52
2024-08-20 01:00:00+00:00,140.15,28.58
2024-08-20 02:00:00+00:00,136.98,28.66
2024-08-20 03:00:00+00:00,162.98,28.8
2024-08-20 04:00:00+00:00,166.3,28.92
2024-08-20 05:00:00+00:00,200.6,28.97
2024-08-20 06:00:00+00:00,178.77,28.9
2024-08-20 07:00:00+00:00,139.02,28.82
2024-08-20 08:00:00+00:00,70.75,28.73
2024-08-20 09:00:00+00:00,35.5,28.57
2024-08-20 10:00:00+00:00,5.8,28.42
2024-08-20 11:00:00+00:00,0.0,28.39
2024-08-20 12:00:00+00:00,0.0,28.36
2024-08-20 13:00:00+00:00,0.0,28.3
2024-08-20 14:00:00+00:00,0.0,28.31
2024-08-20 15:00:00+00:00,0.0,28.3
2024-08-20 16:00:00+00:00,0.0,28.28
2024-08-20 17:00:00+00:00,0.0,28.28
2024-08-20 18:00:00+00:00,0.0,28.29
2024-08-20 19:00:00+00:00,0.0,28.29
2024-08-20 20:00:00+00:00,0.0,28.27
2024-08-20 21:00:00+00:00,0.0,28.24
2024-08-20 22:00:00+00:00,4.6,28.3
2024-08-20 23:00:00+00:00,23.65,28.45
2024-08-21 00:00:00+00:00,49.6,28.54
2024-08-21 01:00:00+00:00,80.85,28.66
2024-08-21 02:00:00+00:00,107.35,28.78
2024-08-21 03:00:00+00:00,130.93,29.01
2024-08-21 04:00:00+00:00,122.68,29.14
2024-08-21 05:00:00+00:00,178.5,29.11
2024-08-21 06:00:00+00:00,180.7,28.99
2024-08-21 07:00:00+00:00,167.95,28.75
2024-08-21 08:00:00+00:00,173.4,28.5
2024-08-21 09:00:00+00:00,67.0,28.3
2024-08-21 10:00:00+00:00,10.75,28.09
2024-08-21 11:00:00+00:00,0.0,28.01
2024-08-21 12:00:00+00:00,0.0,28.01
2024-08-21 13:00:00+00:00,0.0,28.03
2024-08-21 14:00:00+00:00,0.0,28.03
2024-08-21 15:00:00+00:00,0.0,28.05
2024-08-21 16:00:00+00:00,0.0,28.07
2024-08-21 17:00:00+00:00,0.0,28.04
2024-08-21 18:00:00+00:00,0.0,28.03
2024-08-21 19:00:00+00:00,0.0,28.04
2024-08-21 20:00:00+00:00,0.0,28.05
2024-08-21 21:00:00+00:00,0.0,28.02
2024-08-21 22:00:00+00:00,25.5,28.15
2024-08-21 23:00:00+00:00,136.95,28.72
2024-08-22 00:00:00+00:00,283.8,29.05
2024-08-22 01:00:00+00:00,406.35,29.33
2024-08-22 02:00:00+00:00,578.22,29.5
2024-08-22 03:00:00+00:00,710.42,29.66
2024-08-22 04:00:00+00:00,774.45,29.77
2024-08-22 05:00:00+00:00,591.42,29.8
2024-08-22 06:00:00+00:00,504.48,29.78
2024-08-22 07:00:00+00:00,283.05,29.73
2024-08-22 08:00:00+00:00,163.93,29.64
2024-08-22 09:00:00+00:00,78.03,29.51
2024-08-22 10:00:00+00:00,9.65,29.08
2024-08-22 11:00:00+00:00,0.0,28.71
2024-08-22 12:00:00+00:00,0.0,28.54
2024-08-22 13:00:00+00:00,0.0,28.38
2024-08-22 14:00:00+00:00,0.0,28.23
2024-08-22 15:00:00+00:00,0.0,28.1
2024-08-22 16:00:00+00:00,0.0,27.96
2024-08-22 17:00:00+00:00,0.0,27.84
2024-08-22 18:00:00+00:00,0.0,27.73
2024-08-22 19:00:00+00:00,0.0,27.66
2024-08-22 20:00:00+00:00,0.0,27.63
2024-08-22 21:00:00+00:00,0.0,27.6
2024-08-22 22:00:00+00:00,24.23,27.76
2024-08-22 23:00:00+00:00,136.48,28.48
2024-08-23 00:00:00+00:00,289.73,28.79
2024-08-23 01:00:00+00:00,395.88,29.1
2024-08-23 02:00:00+00:00,457.62,29.39
2024-08-23 03:00:00+00:00,650.03,29.69
2024-08-23 04:00:00+00:00,801.33,29.9
2024-08-23 05:00:00+00:00,829.0,30.02
2024-08-23 06:00:00+00:00,714.4,30.14
2024-08-23 07:00:00+00:00,430.65,30.21
2024-08-23 08:00:00+00:00,257.23,30.21
2024-08-23 09:00:00+00:00,126.85,30.09
2024-08-23 10:00:00+00:00,14.68,29.64
2024-08-23 11:00:00+00:00,0.0,29.2
2024-08-23 12:00:00+00:00,0.0,28.97
2024-08-23 13:00:00+00:00,0.0,28.7
2024-08-23 14:00:00+00:00,0.0,28.38
2024-08-23 15:00:00+00:00,0.0,28.19
2024-08-23 16:00:00+00:00,0.0,28.06
2024-08-23 17:00:00+00:00,0.0,27.96
2024-08-23 18:00:00+00:00,0.0,27.88
2024-08-23 19:00:00+00:00,0.0,27.87
2024-08-23 20:00:00+00:00,0.0,27.82
2024-08-23 21:00:00+00:00,0.0,27.77
2024-08-23 22:00:00+00:00,34.1,27.82
2024-08-23 23:00:00+00:00,188.95,28.34
2024-08-24 00:00:00+00:00,379.62,28.68
2024-08-24 01:00:00+00:00,584.85,28.98
2024-08-24 02:00:00+00:00,675.47,29.31
2024-08-24 03:00:00+00:00,644.85,29.75
2024-08-24 04:00:00+00:00,746.83,30.34
2024-08-24 05:00:00+00:00,731.88,30.94
2024-08-24 06:00:00+00:00,678.22,31.46
2024-08-24 07:00:00+00:00,493.6,31.75
2024-08-24 08:00:00+00:00,310.05,31.43
2024-08-24 09:00:00+00:00,140.23,31.13
2024-08-24 10:00:00+00:00,18.33,30.35
2024-08-24 11:00:00+00:00,0.0,29.64
2024-08-24 12:00:00+00:00,0.0,29.16
2024-08-24 13:00:00+00:00,0.0,28.77
2024-08-24 14:00:00+00:00,0.0,28.53
2024-08-24 15:00:00+00:00,0.0,28.4
2024-08-24 16:00:00+00:00,0.0,28.27
2024-08-24 17:00:00+00:00,0.0,28.12
2024-08-24 18:00:00+00:00,0.0,27.96
2024-08-24 19:00:00+00:00,0.0,27.82
2024-08-24 20:00:00+00:00,0.0,27.77
2024-08-24 21:00:00+00:00,0.0,27.72
2024-08-24 22:00:00+00:00,34.33,27.83
2024-08-24 23:00:00+00:00,202.2,28.45
2024-08-25 00:00:00+00:00,427.4,28.76
2024-08-25 01:00:00+00:00,634.45,29.09
2024-08-25 02:00:00+00:00,797.47,29.64
2024-08-25 03:00:00+00:00,889.55,30.36
2024-08-25 04:00:00+00:00,900.25,30.9
2024-08-25 05:00:00+00:00,839.7,31.1
2024-08-25 06:00:00+00:00,496.05,31.25
2024-08-25 07:00:00+00:00,205.4,31.35
2024-08-25 08:00:00+00:00,138.68,31.28
2024-08-25 09:00:00+00:00,84.43,31.22
2024-08-25 10:00:00+00:00,12.1,30.51
2024-08-25 11:00:00+00:00,0.0,29.96
2024-08-25 12:00:00+00:00,0.0,29.37
2024-08-25 13:00:00+00:00,0.0,28.76
2024-08-25 14:00:00+00:00,0.0,28.3
2024-08-25 15:00:00+00:00,0.0,28.01
2024-08-25 16:00:00+00:00,0.0,27.88
2024-08-25 17:00:00+00:00,0.0,27.88
2024-08-25 18:00:00+00:00,0.0,27.84
2024-08-25 19:00:00+00:00,0.0,27.82
2024-08-25 20:00:00+00:00,0.0,27.79
2024-08-25 21:00:00+00:00,0.0,27.71
2024-08-25 22:00:00+00:00,33.55,27.86
2024-08-25 23:00:00+00:00,199.27,28.58
2024-08-26 00:00:00+00:00,431.7,28.98
2024-08-26 01:00:00+00:00,611.53,29.5
2024-08-26 02:00:00+00:00,718.17,30.05
2024-08-26 03:00:00+00:00,801.47,30.63
2024-08-26 04:00:00+00:00,795.47,31.1
2024-08-26 05:00:00+00:00,770.33,31.33
2024-08-26 06:00:00+00:00,714.38,31.46
2024-08-26 07:00:00+00:00,597.12,31.82
2024-08-26 08:00:00+00:00,374.3,31.92
2024-08-26 09:00:00+00:00,171.98,31.53
2024-08-26 10:00:00+00:00,18.35,30.73
2024-08-26 11:00:00+00:00,0.0,30.24
2024-08-26 12:00:00+00:00,0.0,29.77
2024-08-26 13:00:00+00:00,0.0,29.35
2024-08-26 14:00:00+00:00,0.0,29.05
2024-08-26 15:00:00+00:00,0.0,28.85
2024-08-26 16:00:00+00:00,0.0,28.71
2024-08-26 17:00:00+00:00,0.0,28.56
2024-08-26 18:00:00+00:00,0.0,28.42
2024-08-26 19:00:00+00:00,0.0,28.26
2024-08-26 20:00:00+00:00,0.0,28.06
2024-08-26 21:00:00+00:00,0.0,27.85
2024-08-26 22:00:00+00:00,37.33,27.91
2024-08-26 23:00:00+00:00,213.73,28.44
2024-08-27 00:00:00+00:00,453.75,28.88
2024-08-27 01:00:00+00:00,640.62,29.47
2024-08-27 02:00:00+00:00,794.5,30.13
2024-08-27 03:00:00+00:00,874.5,30.77
2024-08-27 04:00:00+00:00,882.72,31.27
2024-08-27 05:00:00+00:00,847.7,31.4
2024-08-27 06:00:00+00:00,688.83,31.62
2024-08-27 07:00:00+00:00,532.7,31.86
2024-08-27 08:00:00+00:00,337.5,32.07
2024-08-27 09:00:00+00:00,152.23,32.09
2024-08-27 10:00:00+00:00,17.92,31.51
2024-08-27 11:00:00+00:00,0.0,30.72
2024-08-27 12:00:00+00:00,0.0,30.13
2024-08-27 13:00:00+00:00,0.0,29.8
2024-08-27 14:00:00+00:00,0.0,29.5
2024-08-27 15:00:00+00:00,0.0,29.14
2024-08-27 16:00:00+00:00,0.0,28.91
2024-08-27 17:00:00+00:00,0.0,28.76
2024-08-27 18:00:00+00:00,0.0,28.69
2024-08-27 19:00:00+00:00,0.0,28.62
2024-08-27 20:00:00+00:00,0.0,28.54
2024-08-27 21:00:00+00:00,0.0,28.42
2024-08-27 22:00:00+00:00,32.28,28.46
2024-08-27 23:00:00+00:00,166.18,28.57
2024-08-28 00:00:00+00:00,353.05,28.42
2024-08-28 01:00:00+00:00,558.9,28.64
2024-08-28 02:00:00+00:00,756.1,29.16
2024-08-28 03:00:00+00:00,845.22,29.79
2024-08-28 04:00:00+00:00,842.85,30.46
2024-08-28 05:00:00+00:00,753.4,30.91
2024-08-28 06:00:00+00:00,692.17,31.1
2024-08-28 07:00:00+00:00,433.58,31.23
2024-08-28 08:00:00+00:00,256.2,31.31
2024-08-28 09:00:00+00:00,113.62,31.02
2024-08-28 10:00:00+00:00,11.48,30.25
2024-08-28 11:00:00+00:00,0.0,29.93
2024-08-28 12:00:00+00:00,0.0,29.9
2024-08-28 13:00:00+00:00,0.0,29.51
2024-08-28 14:00:00+00:00,0.0,29.0
2024-08-28 15:00:00+00:00,0.0,28.6
2024-08-28 16:00:00+00:00,0.0,28.34
2024-08-28 17:00:00+00:00,0.0,28.12
2024-08-28 18:00:00+00:00,0.0,27.97
2024-08-28 19:00:00+00:00,0.0,27.82
2024-08-28 20:00:00+00:00,0.0,27.81
2024-08-28 21:00:00+00:00,0.0,27.79
2024-08-28 22:00:00+00:00,29.73,27.91
2024-08-28 23:00:00+00:00,174.07,28.36
2024-08-29 00:00:00+00:00,363.0,28.87
2024-08-29 01:00:00+00:00,556.28,29.46
2024-08-29 02:00:00+00:00,702.08,30.13
2024-08-29 03:00:00+00:00,769.0,30.58
2024-08-29 04:00:00+00:00,778.33,30.84
2024-08-29 05:00:00+00:00,744.0,30.93
2024-08-29 06:00:00+00:00,599.35,30.99
2024-08-29 07:00:00+00:00,433.85,30.85
2024-08-29 08:00:00+00:00,254.52,30.59
2024-08-29 09:00:00+00:00,98.88,30.19
2024-08-29 10:00:00+00:00,10.68,29.55
2024-08-29 11:00:00+00:00,0.0,28.99
2024-08-29 12:00:00+00:00,0.0,28.6
2024-08-29 13:00:00+00:00,0.0,28.32
2024-08-29 14:00:00+00:00,0.0,28.14
2024-08-29 15:00:00+00:00,0.0,27.97
2024-08-29 16:00:00+00:00,0.0,27.85
2024-08-29 17:00:00+00:00,0.0,27.76
2024-08-29 18:00:00+00:00,0.0,27.7
2024-08-29 19:00:00+00:00,0.0,27.68
2024-08-29 20:00:00+00:00,0.0,27.71
2024-08-29 21:00:00+00:00,0.0,27.84
2024-08-29 22:00:00+00:00,33.03,28.1
2024-08-29 23:00:00+00:00,189.27,28.78
2024-08-30 00:00:00+00:00,383.0,29.32
2024-08-30 01:00:00+00:00,571.12,29.8
2024-08-30 02:00:00+00:00,733.45,30.16
2024-08-30 03:00:00+00:00,798.1,30.44
2024-08-30 04:00:00+00:00,774.6,30.63
2024-08-30 05:00:00+00:00,734.65,30.73
2024-08-30 06:00:00+00:00,632.53,30.73
2024-08-30 07:00:00+00:00,535.53,30.57
2024-08-30 08:00:00+00:00,336.45,30.36
2024-08-30 09:00:00+00:00,141.95,29.96
2024-08-30 10:00:00+00:00,15.45,29.44
2024-08-30 11:00:00+00:00,0.0,29.18
2024-08-30 12:00:00+00:00,0.0,29.09
2024-08-30 13:00:00+00:00,0.0,29.03
2024-08-30 14:00:00+00:00,0.0,28.95
2024-08-30 15:00:00+00:00,0.0,28.85
2024-08-30 16:00:00+00:00,0.0,28.71
2024-08-30 17:00:00+00:00,0.0,28.6
2024-08-30 18:00:00+00:00,0.0,28.46
2024-08-30 19:00:00+00:00,0.0,28.34
2024-08-30 20:00:00+00:00,0.0,28.24
2024-08-30 21:00:00+00:00,0.0,28.14
2024-08-30 22:00:00+00:00,22.5,28.18
2024-08-30 23:00:00+00:00,146.32,28.56
2024-08-31 00:00:00+00:00,323.4,29.07
2024-08-31 01:00:00+00:00,427.98,29.58
2024-08-31 02:00:00+00:00,604.83,29.91
2024-08-31 03:00:00+00:00,713.47,30.17
2024-08-31 04:00:00+00:00,630.5,30.39
2024-08-31 05:00:00+00:00,656.53,30.49
2024-08-31 06:00:00+00:00,507.58,30.4
2024-08-31 07:00:00+00:00,437.25,30.13
2024-08-31 08:00:00+00:00,277.35,29.76
2024-08-31 09:00:00+00:00,119.88,29.33
2024-08-31 10:00:00+00:00,13.68,28.9
2024-08-31 11:00:00+00:00,0.0,28.72
2024-08-31 12:00:00+00:00,0.0,28.65
2024-08-31 13:00:00+00:00,0.0,28.59
2024-08-31 14:00:00+00:00,0.0,28.53
2024-08-31 15:00:00+00:00,0.0,28.53
2024-08-31 16:00:00+00:00,0.0,28.56
2024-08-31 17:00:00+00:00,0.0,28.47
2024-08-31 18:00:00+00:00,0.0,28.26
2024-08-31 19:00:00+00:00,0.0,28.14
2024-08-31 20:00:00+00:00,0.0,28.09
2024-08-31 21:00:00+00:00,0.0,28.11
2024-08-31 22:00:00+00:00,28.9,28.27
2024-08-31 23:00:00+00:00,162.12,29.02
2024-09-01 00:00:00+00:00,435.92,29.55
2024-09-01 01:00:00+00:00,609.15,30.06
2024-09-01 02:00:00+00:00,765.62,30.62
2024-09-01 03:00:00+00:00,852.83,31.13
2024-09-01 04:00:00+00:00,893.53,31.44
2024-09-01 05:00:00+00:00,849.22,31.55
2024-09-01 06:00:00+00:00,756.35,31.54
2024-09-01 07:00:00+00:00,569.2,31.38
2024-09-01 08:00:00+00:00,364.6,31.1
2024-09-01 09:00:00+00:00,156.02,30.75
2024-09-01 10:00:00+00:00,14.0,30.06
2024-09-01 11:00:00+00:00,0.0,29.48
2024-09-01 12:00:00+00:00,0.0,29.29
2024-09-01 13:00:00+00:00,0.0,29.19
2024-09-01 14:00:00+00:00,0.0,29.11
2024-09-01 15:00:00+00:00,0.0,29.04
2024-09-01 16:00:00+00:00,0.0,28.9
2024-09-01 17:00:00+00:00,0.0,28.74
2024-09-01 18:00:00+00:00,0.0,28.58
2024-09-01 19:00:00+00:00,0.0,28.44
2024-09-01 20:00:00+00:00,0.0,28.3
2024-09-01 21:00:00+00:00,0.0,28.26
2024-09-01 22:00:00+00:00,38.88,28.32
2024-09-01 23:00:00+00:00,224.52,28.84
2024-09-02 00:00:00+00:00,447.73,29.16
2024-09-02 01:00:00+00:00,610.7,29.54
2024-09-02 02:00:00+00:00,720.47,29.94
2024-09-02 03:00:00+00:00,805.35,30.41
2024-09-02 04:00:00+00:00,848.78,30.88
2024-09-02 05:00:00+00:00,798.55,31.24
2024-09-02 06:00:00+00:00,691.55,31.56
2024-09-02 07:00:00+00:00,535.38,31.9
2024-09-02 08:00:00+00:00,332.95,32.08
2024-09-02 09:00:00+00:00,135.15,31.73
2024-09-02 10:00:00+00:00,11.77,31.1
2024-09-02 11:00:00+00:00,0.0,30.21
2024-09-02 12:00:00+00:00,0.0,29.87
2024-09-02 13:00:00+00:00,0.0,29.61
2024-09-02 14:00:00+00:00,0.0,29.39
2024-09-02 15:00:00+00:00,0.0,29.14
2024-09-02 16:00:00+00:00,0.0,28.83
2024-09-02 17:00:00+00:00,0.0,28.52
2024-09-02 18:00:00+00:00,0.0,28.24
2024-09-02 19:00:00+00:00,0.0,28.06
2024-09-02 20:00:00+00:00,0.0,27.78
2024-09-02 21:00:00+00:00,0.0,27.74
2024-09-02 22:00:00+00:00,29.92,27.95
2024-09-02 23:00:00+00:00,175.65,28.53
2024-09-03 00:00:00+00:00,359.17,29.41
2024-09-03 01:00:00+00:00,528.45,30.04
2024-09-03 02:00:00+00:00,680.05,30.55
2024-09-03 03:00:00+00:00,754.9,31.07
2024-09-03 04:00:00+00:00,763.65,31.51
2024-09-03 05:00:00+00:00,763.17,31.99
2024-09-03 06:00:00+00:00,647.28,32.43
2024-09-03 07:00:00+00:00,491.83,32.59
2024-09-03 08:00:00+00:00,305.77,32.52
2024-09-03 09:00:00+00:00,125.5,32.31
2024-09-03 10:00:00+00:00,10.95,31.7
2024-09-03 11:00:00+00:00,0.0,30.65
2024-09-03 12:00:00+00:00,0.0,30.09
2024-09-03 13:00:00+00:00,0.0,29.67
2024-09-03 14:00:00+00:00,0.0,29.3
2024-09-03 15:00:00+00:00,0.0,28.99
2024-09-03 16:00:00+00:00,0.0,28.62
2024-09-03 17:00:00+00:00,0.0,28.24
2024-09-03 18:00:00+00:00,0.0,27.99
2024-09-03 19:00:00+00:00,0.0,27.96
2024-09-03 20:00:00+00:00,0.0,27.89
2024-09-03 21:00:00+00:00,0.0,27.91
2024-09-03 22:00:00+00:00,23.45,28.09
2024-09-03 23:00:00+00:00,148.18,28.61
2024-09-04 00:00:00+00:00,318.77,29.18
2024-09-04 01:00:00+00:00,503.17,29.89
2024-09-04 02:00:00+00:00,698.75,30.43
2024-09-04 03:00:00+00:00,762.5,30.82
2024-09-04 04:00:00+00:00,762.55,30.91
2024-09-04 05:00:00+00:00,742.65,31.02
2024-09-04 06:00:00+00:00,570.42,31.13
2024-09-04 07:00:00+00:00,389.17,31.18
2024-09-04 08:00:00+00:00,236.12,31.22
2024-09-04 09:00:00+00:00,100.62,30.86
2024-09-04 10:00:00+00:00,7.57,30.11
2024-09-04 11:00:00+00:00,0.0,29.74
2024-09-04 12:00:00+00:00,0.0,29.52
2024-09-04 13:00:00+00:00,0.0,29.29
2024-09-04 14:00:00+00:00,0.0,29.07
2024-09-04 15:00:00+00:00,0.0,28.89
2024-09-04 16:00:00+00:00,0.0,28.69
2024-09-04 17:00:00+00:00,0.0,28.46
2024-09-04 18:00:00+00:00,0.0,28.23
2024-09-04 19:00:00+00:00,0.0,27.97
2024-09-04 20:00:00+00:00,0.0,27.76
2024-09-04 21:00:00+00:00,0.0,27.58
2024-09-04 22:00:00+00:00,17.65,27.44
2024-09-04 23:00:00+00:00,111.38,27.72
2024-09-05 00:00:00+00:00,244.07,28.37
2024-09-05 01:00:00+00:00,390.5,29.6
2024-09-05 02:00:00+00:00,474.92,30.29
2024-09-05 03:00:00+00:00,485.33,30.7
2024-09-05 04:00:00+00:00,712.1,30.89
2024-09-05 05:00:00+00:00,649.85,30.76
2024-09-05 06:00:00+00:00,472.95,30.85
2024-09-05 07:00:00+00:00,358.27,31.02
2024-09-05 08:00:00+00:00,214.98,30.78
2024-09-05 09:00:00+00:00,88.03,30.2
2024-09-05 10:00:00+00:00,7.12,29.52
2024-09-05 11:00:00+00:00,0.0,29.14
2024-09-05 12:00:00+00:00,0.0,28.83
2024-09-05 13:00:00+00:00,0.0,28.59
2024-09-05 14:00:00+00:00,0.0,28.44
2024-09-05 15:00:00+00:00,0.0,28.27
2024-09-05 16:00:00+00:00,0.0,28.18
2024-09-05 17:00:00+00:00,0.0,28.12
2024-09-05 18:00:00+00:00,0.0,28.0
2024-09-05 19:00:00+00:00,0.0,27.91
2024-09-05 20:00:00+00:00,0.0,27.8
2024-09-05 21:00:00+00:00,0.0,27.72
2024-09-05 22:00:00+00:00,12.05,27.76
2024-09-05 23:00:00+00:00,45.55,28.07
2024-09-06 00:00:00+00:00,101.07,28.54
2024-09-06 01:00:00+00:00,67.65,28.94
2024-09-06 02:00:00+00:00,105.72,29.21
2024-09-06 03:00:00+00:00,166.98,29.36
2024-09-06 04:00:00+00:00,184.02,29.49
2024-09-06 05:00:00+00:00,83.2,29.56
2024-09-06 06:00:00+00:00,62.4,29.45
2024-09-06 07:00:00+00:00,84.88,29.22
2024-09-06 08:00:00+00:00,56.12,28.95
2024-09-06 09:00:00+00:00,27.25,28.78
2024-09-06 10:00:00+00:00,2.72,28.67
2024-09-06 11:00:00+00:00,0.0,28.63
2024-09-06 12:00:00+00:00,0.0,28.73
2024-09-06 13:00:00+00:00,0.0,28.78
2024-09-06 14:00:00+00:00,0.0,28.76
2024-09-06 15:00:00+00:00,0.0,28.74
2024-09-06 16:00:00+00:00,0.0,28.68
2024-09-06 17:00:00+00:00,0.0,28.65
2024-09-06 18:00:00+00:00,0.0,28.61
2024-09-06 19:00:00+00:00,0.0,28.55
2024-09-06 20:00:00+00:00,0.0,28.52
2024-09-06 21:00:00+00:00,0.0,28.54
2024-09-06 22:00:00+00:00,16.7,28.65
2024-09-06 23:00:00+00:00,95.38,29.02
2024-09-07 00:00:00+00:00,195.93,29.38
2024-09-07 01:00:00+00:00,304.48,29.69
2024-09-07 02:00:00+00:00,318.6,29.75
2024-09-07 03:00:00+00:00,423.42,29.78
2024-09-07 04:00:00+00:00,538.65,29.83
2024-09-07 05:00:00+00:00,530.88,29.83
2024-09-07 06:00:00+00:00,498.3,29.79
2024-09-07 07:00:00+00:00,405.12,29.67
2024-09-07 08:00:00+00:00,239.4,29.48
2024-09-07 09:00:00+00:00,90.47,29.19
2024-09-07 10:00:00+00:00,7.65,28.83
2024-09-07 11:00:00+00:00,0.0,28.66
2024-09-07 12:00:00+00:00,0.0,28.6
2024-09-07 13:00:00+00:00,0.0,28.58
2024-09-07 14:00:00+00:00,0.0,28.51
2024-09-07 15:00:00+00:00,0.0,28.43
2024-09-07 16:00:00+00:00,0.0,28.31
2024-09-07 17:00:00+00:00,0.0,28.19
2024-09-07 18:00:00+00:00,0.0,28.06
2024-09-07 19:00:00+00:00,0.0,28.0
2024-09-07 20:00:00+00:00,0.0,27.98
2024-09-07 21:00:00+00:00,0.0,27.99
2024-09-07 22:00:00+00:00,4.72,28.03
2024-09-07 23:00:00+00:00,19.08,28.24
2024-09-08 00:00:00+00:00,77.05,28.5
2024-09-08 01:00:00+00:00,133.55,28.9
2024-09-08 02:00:00+00:00,225.95,29.19
2024-09-08 03:00:00+00:00,352.6,29.44
2024-09-08 04:00:00+00:00,474.55,29.5
2024-09-08 05:00:00+00:00,484.5,29.42
2024-09-08 06:00:00+00:00,391.8,29.31
2024-09-08 07:00:00+00:00,239.25,29.18
2024-09-08 08:00:00+00:00,142.85,29.02
2024-09-08 09:00:00+00:00,60.15,28.79
2024-09-08 10:00:00+00:00,3.28,28.47
2024-09-08 11:00:00+00:00,0.0,28.46
2024-09-08 12:00:00+00:00,0.0,28.29
2024-09-08 13:00:00+00:00,0.0,28.18
2024-09-08 14:00:00+00:00,0.0,28.06
2024-09-08 15:00:00+00:00,0.0,27.99
2024-09-08 16:00:00+00:00,0.0,27.96
2024-09-08 17:00:00+00:00,0.0,27.83
2024-09-08 18:00:00+00:00,0.0,27.58
2024-09-08 19:00:00+00:00,0.0,27.35
2024-09-08 20:00:00+00:00,0.0,27.23
2024-09-08 21:00:00+00:00,0.0,27.13
2024-09-08 22:00:00+00:00,21.35,27.18
2024-09-08 23:00:00+00:00,140.05,27.73
2024-09-09 00:00:00+00:00,294.27,28.28
2024-09-09 01:00:00+00:00,495.6,28.96
2024-09-09 02:00:00+00:00,628.9,29.44
2024-09-09 03:00:00+00:00,657.35,29.57
2024-09-09 04:00:00+00:00,685.72,29.53
2024-09-09 05:00:00+00:00,613.8,29.4
2024-09-09 06:00:00+00:00,671.83,29.23
2024-09-09 07:00:00+00:00,473.9,29.09
2024-09-09 08:00:00+00:00,290.25,28.9
2024-09-09 09:00:00+00:00,118.5,28.63
2024-09-09 10:00:00+00:00,6.97,28.26
2024-09-09 11:00:00+00:00,0.0,28.04
2024-09-09 12:00:00+00:00,0.0,27.96
2024-09-09 13:00:00+00:00,0.0,27.92
2024-09-09 14:00:00+00:00,0.0,27.9
2024-09-09 15:00:00+00:00,0.0,27.95
2024-09-09 16:00:00+00:00,0.0,28.04
2024-09-09 17:00:00+00:00,0.0,28.12
2024-09-09 18:00:00+00:00,0.0,27.96
2024-09-09 19:00:00+00:00,0.0,27.67
2024-09-09 20:00:00+00:00,0.0,27.4
2024-09-09 21:00:00+00:00,0.0,27.16
2024-09-09 22:00:00+00:00,29.33,27.12
2024-09-09 23:00:00+00:00,203.75,27.75
2024-09-10 00:00:00+00:00,437.02,28.28
2024-09-10 01:00:00+00:00,641.42,28.99
2024-09-10 02:00:00+00:00,789.6,29.69
2024-09-10 03:00:00+00:00,863.3,30.29
2024-09-10 04:00:00+00:00,880.2,30.62
2024-09-10 05:00:00+00:00,795.55,30.85
2024-09-10 06:00:00+00:00,673.03,31.14
2024-09-10 07:00:00+00:00,542.9,31.29
2024-09-10 08:00:00+00:00,329.5,31.18
2024-09-10 09:00:00+00:00,122.88,30.8
2024-09-10 10:00:00+00:00,6.9,30.36
2024-09-10 11:00:00+00:00,0.0,30.01
2024-09-10 12:00:00+00:00,0.0,29.81
2024-09-10 13:00:00+00:00,0.0,29.57
2024-09-10 14:00:00+00:00,0.0,29.24
2024-09-10 15:00:00+00:00,0.0,28.93
2024-09-10 16:00:00+00:00,0.0,28.68
2024-09-10 17:00:00+00:00,0.0,28.45
2024-09-10 18:00:00+00:00,0.0,28.41
2024-09-10 19:00:00+00:00,0.0,28.4
2024-09-10 20:00:00+00:00,0.0,28.27
2024-09-10 21:00:00+00:00,0.0,28.14
2024-09-10 22:00:00+00:00,29.62,28.13
2024-09-10 23:00:00+00:00,205.27,28.69
2024-09-11 00:00:00+00:00,431.33,29.37
2024-09-11 01:00:00+00:00,635.83,30.04
2024-09-11 02:00:00+00:00,779.83,30.69
2024-09-11 03:00:00+00:00,845.55,31.16
2024-09-11 04:00:00+00:00,896.2,31.37
2024-09-11 05:00:00+00:00,837.65,31.46
2024-09-11 06:00:00+00:00,736.6,31.53
2024-09-11 07:00:00+00:00,570.67,31.43
2024-09-11 08:00:00+00:00,357.25,31.16
2024-09-11 09:00:00+00:00,140.9,31.05
2024-09-11 10:00:00+00:00,7.28,30.5
2024-09-11 11:00:00+00:00,0.0,29.84
2024-09-11 12:00:00+00:00,0.0,29.39
2024-09-11 13:00:00+00:00,0.0,29.12
2024-09-11 14:00:00+00:00,0.0,28.95
2024-09-11 15:00:00+00:00,0.0,28.83
2024-09-11 16:00:00+00:00,0.0,28.65
2024-09-11 17:00:00+00:00,0.0,28.43
2024-09-11 18:00:00+00:00,0.0,28.18
2024-09-11 19:00:00+00:00,0.0,27.99
2024-09-11 20:00:00+00:00,0.0,28.02
2024-09-11 21:00:00+00:00,0.0,27.96
2024-09-11 22:00:00+00:00,30.95,28.03
2024-09-11 23:00:00+00:00,186.07,28.61
2024-09-12 00:00:00+00:00,376.25,29.12
2024-09-12 01:00:00+00:00,516.12,29.65
2024-09-12 02:00:00+00:00,619.55,30.26
2024-09-12 03:00:00+00:00,718.65,30.84
2024-09-12 04:00:00+00:00,797.62,31.28
2024-09-12 05:00:00+00:00,767.75,31.61
2024-09-12 06:00:00+00:00,607.15,31.66
2024-09-12 07:00:00+00:00,489.67,31.62
2024-09-12 08:00:00+00:00,295.6,31.47
2024-09-12 09:00:00+00:00,110.45,31.41
2024-09-12 10:00:00+00:00,5.55,31.1
2024-09-12 11:00:00+00:00,0.0,30.72
2024-09-12 12:00:00+00:00,0.0,30.45
2024-09-12 13:00:00+00:00,0.0,30.2
2024-09-12 14:00:00+00:00,0.0,29.94
2024-09-12 15:00:00+00:00,0.0,29.63
2024-09-12 16:00:00+00:00,0.0,29.37
2024-09-12 17:00:00+00:00,0.0,29.31
2024-09-12 18:00:00+00:00,0.0,29.34
2024-09-12 19:00:00+00:00,0.0,29.29
2024-09-12 20:00:00+00:00,0.0,28.98
2024-09-12 21:00:00+00:00,0.0,28.67
2024-09-12 22:00:00+00:00,25.62,28.51
2024-09-12 23:00:00+00:00,187.62,28.99
2024-09-13 00:00:00+00:00,408.6,29.28
2024-09-13 01:00:00+00:00,610.5,29.84
2024-09-13 02:00:00+00:00,751.53,30.41
2024-09-13 03:00:00+00:00,832.53,30.79
2024-09-13 04:00:00+00:00,867.7,31.01
2024-09-13 05:00:00+00:00,732.25,31.2
2024-09-13 06:00:00+00:00,654.88,31.38
2024-09-13 07:00:00+00:00,411.1,31.35
2024-09-13 08:00:00+00:00,236.3,31.31
2024-09-13 09:00:00+00:00,91.45,31.14
2024-09-13 10:00:00+00:00,3.67,30.69
2024-09-13 11:00:00+00:00,0.0,30.24
2024-09-13 12:00:00+00:00,0.0,29.93
2024-09-13 13:00:00+00:00,0.0,29.67
2024-09-13 14:00:00+00:00,0.0,29.45
2024-09-13 15:00:00+00:00,0.0,29.27
2024-09-13 16:00:00+00:00,0.0,29.11
2024-09-13 17:00:00+00:00,0.0,28.91
2024-09-13 18:00:00+00:00,0.0,28.84
2024-09-13 19:00:00+00:00,0.0,28.48
2024-09-13 20:00:00+00:00,0.0,28.22
2024-09-13 21:00:00+00:00,0.0,28.09
2024-09-13 22:00:00+00:00,26.0,28.02
2024-09-13 23:00:00+00:00,169.5,28.2
2024-09-14 00:00:00+00:00,354.77,28.31
2024-09-14 01:00:00+00:00,533.62,28.34
2024-09-14 02:00:00+00:00,700.05,28.5
2024-09-14 03:00:00+00:00,741.58,28.73
2024-09-14 04:00:00+00:00,674.83,28.51
2024-09-14 05:00:00+00:00,646.55,28.36
2024-09-14 06:00:00+00:00,526.05,28.31
2024-09-14 07:00:00+00:00,340.08,28.36
2024-09-14 08:00:00+00:00,200.12,28.49
2024-09-14 09:00:00+00:00,82.8,28.57
2024-09-14 10:00:00+00:00,3.22,28.38
2024-09-14 11:00:00+00:00,0.0,28.29
2024-09-14 12:00:00+00:00,0.0,28.18
2024-09-14 13:00:00+00:00,0.0,28.07
2024-09-14 14:00:00+00:00,0.0,27.9
2024-09-14 15:00:00+00:00,0.0,27.84
2024-09-14 16:00:00+00:00,0.0,27.79
2024-09-14 17:00:00+00:00,0.0,27.67
2024-09-14 18:00:00+00:00,0.0,27.44
2024-09-14 19:00:00+00:00,0.0,27.14
2024-09-14 20:00:00+00:00,0.0,26.88
2024-09-14 21:00:00+00:00,0.0,26.8
2024-09-14 22:00:00+00:00,24.02,26.84
2024-09-14 23:00:00+00:00,178.0,27.4
2024-09-15 00:00:00+00:00,384.55,28.09
2024-09-15 01:00:00+00:00,598.85,28.87
2024-09-15 02:00:00+00:00,765.58,29.56
2024-09-15 03:00:00+00:00,847.45,30.19
2024-09-15 04:00:00+00:00,896.65,30.72
2024-09-15 05:00:00+00:00,824.85,31.08
2024-09-15 06:00:00+00:00,686.85,31.19
2024-09-15 07:00:00+00:00,480.3,31.13
2024-09-15 08:00:00+00:00,277.23,31.07
2024-09-15 09:00:00+00:00,92.38,30.81
2024-09-15 10:00:00+00:00,3.6,30.1
2024-09-15 11:00:00+00:00,0.0,29.64
2024-09-15 12:00:00+00:00,0.0,29.32
2024-09-15 13:00:00+00:00,0.0,29.0
2024-09-15 14:00:00+00:00,0.0,28.65
2024-09-15 15:00:00+00:00,0.0,28.44
2024-09-15 16:00:00+00:00,0.0,28.1
2024-09-15 17:00:00+00:00,0.0,27.68
2024-09-15 18:00:00+00:00,0.0,27.35
2024-09-15 19:00:00+00:00,0.0,27.27
2024-09-15 20:00:00+00:00,0.0,27.34
2024-09-15 21:00:00+00:00,0.0,27.47
2024-09-15 22:00:00+00:00,15.7,27.63
2024-09-15 23:00:00+00:00,106.15,28.32
2024-09-16 00:00:00+00:00,214.73,28.73
2024-09-16 01:00:00+00:00,333.15,29.14
2024-09-16 02:00:00+00:00,436.55,29.53
2024-09-16 03:00:00+00:00,409.98,29.91
2024-09-16 04:00:00+00:00,512.03,30.31
2024-09-16 05:00:00+00:00,533.45,30.65
2024-09-16 06:00:00+00:00,490.12,30.87
2024-09-16 07:00:00+00:00,350.8,30.9
2024-09-16 08:00:00+00:00,207.12,30.78
2024-09-16 09:00:00+00:00,74.88,30.42
2024-09-16 10:00:00+00:00,3.67,29.58
2024-09-16 11:00:00+00:00,0.0,29.06
2024-09-16 12:00:00+00:00,0.0,28.73
2024-09-16 13:00:00+00:00,0.0,28.53
2024-09-16 14:00:00+00:00,0.0,28.42
2024-09-16 15:00:00+00:00,0.0,28.45
2024-09-16 16:00:00+00:00,0.0,28.52
2024-09-16 17:00:00+00:00,0.0,28.48
2024-09-16 18:00:00+00:00,0.0,28.37
2024-09-16 19:00:00+00:00,0.0,28.2
2024-09-16 20:00:00+00:00,0.0,28.01
2024-09-16 21:00:00+00:00,0.0,27.91
2024-09-16 22:00:00+00:00,23.1,27.89
2024-09-16 23:00:00+00:00,166.07,28.32
2024-09-17 00:00:00+00:00,361.92,28.75
2024-09-17 01:00:00+00:00,596.03,29.57
2024-09-17 02:00:00+00:00,766.78,30.49
2024-09-17 03:00:00+00:00,822.47,31.19
2024-09-17 04:00:00+00:00,854.6,31.69
2024-09-17 05:00:00+00:00,839.33,31.98
2024-09-17 06:00:00+00:00,708.3,32.11
2024-09-17 07:00:00+00:00,536.45,32.23
2024-09-17 08:00:00+00:00,314.77,32.08
2024-09-17 09:00:00+00:00,107.32,31.62
2024-09-17 10:00:00+00:00,3.33,30.84
2024-09-17 11:00:00+00:00,0.0,30.45
2024-09-17 12:00:00+00:00,0.0,30.19
2024-09-17 13:00:00+00:00,0.0,29.98
2024-09-17 14:00:00+00:00,0.0,29.57
2024-09-17 15:00:00+00:00,0.0,28.98
2024-09-17 16:00:00+00:00,0.0,28.41
2024-09-17 17:00:00+00:00,0.0,28.07
2024-09-17 18:00:00+00:00,0.0,27.9
2024-09-17 19:00:00+00:00,0.0,27.67
2024-09-17 20:00:00+00:00,0.0,27.36
2024-09-17 21:00:00+00:00,0.0,27.18
2024-09-17 22:00:00+00:00,28.55,27.29
2024-09-17 23:00:00+00:00,211.45,28.07
2024-09-18 00:00:00+00:00,442.12,28.68
2024-09-18 01:00:00+00:00,655.97,29.3
2024-09-18 02:00:00+00:00,792.6,29.96
2024-09-18 03:00:00+00:00,862.45,30.62
2024-09-18 04:00:00+00:00,806.62,31.16
2024-09-18 05:00:00+00:00,583.25,31.52
2024-09-18 06:00:00+00:00,536.92,31.71
2024-09-18 07:00:00+00:00,442.75,31.78
2024-09-18 08:00:00+00:00,256.5,31.72
2024-09-18 09:00:00+00:00,84.03,31.28
2024-09-18 10:00:00+00:00,3.62,30.51
2024-09-18 11:00:00+00:00,0.0,30.11
2024-09-18 12:00:00+00:00,0.0,29.73
2024-09-18 13:00:00+00:00,0.0,29.33
2024-09-18 14:00:00+00:00,0.0,28.94
2024-09-18 15:00:00+00:00,0.0,28.69
2024-09-18 16:00:00+00:00,0.0,28.49
2024-09-18 17:00:00+00:00,0.0,28.37
2024-09-18 18:00:00+00:00,0.0,28.23
2024-09-18 19:00:00+00:00,0.0,28.14
2024-09-18 20:00:00+00:00,0.0,28.1
2024-09-18 21:00:00+00:00,0.0,28.04
2024-09-18 22:00:00+00:00,25.3,28.01
2024-09-18 23:00:00+00:00,179.85,28.58
2024-09-19 00:00:00+00:00,377.95,29.04
2024-09-19 01:00:00+00:00,583.45,29.65
2024-09-19 02:00:00+00:00,735.42,30.26
2024-09-19 03:00:00+00:00,777.38,30.76
2024-09-19 04:00:00+00:00,771.92,31.08
2024-09-19 05:00:00+00:00,735.17,31.23
2024-09-19 06:00:00+00:00,644.12,31.19
2024-09-19 07:00:00+00:00,466.42,30.94
2024-09-19 08:00:00+00:00,277.45,30.5
2024-09-19 09:00:00+00:00,90.43,29.97
2024-09-19 10:00:00+00:00,2.95,29.51
2024-09-19 11:00:00+00:00,0.0,29.39
2024-09-19 12:00:00+00:00,0.0,29.36
2024-09-19 13:00:00+00:00,0.0,29.32
2024-09-19 14:00:00+00:00,0.0,29.24
2024-09-19 15:00:00+00:00,0.0,29.05
2024-09-19 16:00:00+00:00,0.0,28.89
2024-09-19 17:00:00+00:00,0.0,28.8
2024-09-19 18:00:00+00:00,0.0,28.59
2024-09-19 19:00:00+00:00,0.0,28.27
2024-09-19 20:00:00+00:00,0.0,28.0
2024-09-19 21:00:00+00:00,0.0,27.85
2024-09-19 22:00:00+00:00,24.77,27.8
2024-09-19 23:00:00+00:00,169.65,28.21
2024-09-20 00:00:00+00:00,360.85,28.71
2024-09-20 01:00:00+00:00,476.35,29.36
2024-09-20 02:00:00+00:00,541.15,30.06
2024-09-20 03:00:00+00:00,548.65,30.55
2024-09-20 04:00:00+00:00,526.95,30.82
2024-09-20 05:00:00+00:00,545.12,30.97
2024-09-20 06:00:00+00:00,436.85,31.08
2024-09-20 07:00:00+00:00,292.6,31.05
2024-09-20 08:00:00+00:00,167.15,30.8
2024-09-20 09:00:00+00:00,64.9,30.04
2024-09-20 10:00:00+00:00,0.0,29.21
2024-09-20 11:00:00+00:00,0.0,28.68
2024-09-20 12:00:00+00:00,0.0,28.41
2024-09-20 13:00:00+00:00,0.0,28.19
2024-09-20 14:00:00+00:00,0.0,28.02
2024-09-20 15:00:00+00:00,0.0,27.87
2024-09-20 16:00:00+00:00,0.0,27.77
2024-09-20 17:00:00+00:00,0.0,27.65
2024-09-20 18:00:00+00:00,0.0,27.57
2024-09-20 19:00:00+00:00,0.0,27.52
2024-09-20 20:00:00+00:00,0.0,27.48
2024-09-20 21:00:00+00:00,0.0,27.44
2024-09-20 22:00:00+00:00,10.82,27.46
2024-09-20 23:00:00+00:00,78.72,27.82
2024-09-21 00:00:00+00:00,183.02,28.08
2024-09-21 01:00:00+00:00,224.65,28.52
2024-09-21 02:00:00+00:00,257.4,29.09
2024-09-21 03:00:00+00:00,280.38,29.65
2024-09-21 04:00:00+00:00,305.1,30.03
2024-09-21 05:00:00+00:00,162.27,30.16
2024-09-21 06:00:00+00:00,152.05,29.97
2024-09-21 07:00:00+00:00,177.4,29.57
2024-09-21 08:00:00+00:00,102.18,29.09
2024-09-21 09:00:00+00:00,44.42,28.66
2024-09-21 10:00:00+00:00,0.0,28.28
2024-09-21 11:00:00+00:00,0.0,28.13
2024-09-21 12:00:00+00:00,0.0,28.09
2024-09-21 13:00:00+00:00,0.0,28.09
2024-09-21 14:00:00+00:00,0.0,28.08
2024-09-21 15:00:00+00:00,0.0,28.05
2024-09-21 16:00:00+00:00,0.0,28.02
2024-09-21 17:00:00+00:00,0.0,28.01
2024-09-21 18:00:00+00:00,0.0,27.9
2024-09-21 19:00:00+00:00,0.0,27.8
2024-09-21 20:00:00+00:00,0.0,27.73
2024-09-21 21:00:00+00:00,0.0,27.59
2024-09-21 22:00:00+00:00,12.57,27.2
2024-09-21 23:00:00+00:00,81.22,26.58
2024-09-22 00:00:00+00:00,168.12,26.1
2024-09-22 01:00:00+00:00,251.05,26.08
2024-09-22 02:00:00+00:00,332.0,26.55
2024-09-22 03:00:00+00:00,303.58,27.42
2024-09-22 04:00:00+00:00,202.05,28.34
2024-09-22 05:00:00+00:00,139.4,29.22
2024-09-22 06:00:00+00:00,90.78,29.71
2024-09-22 07:00:00+00:00,48.1,29.62
2024-09-22 08:00:00+00:00,58.15,29.02
2024-09-22 09:00:00+00:00,29.4,28.08
2024-09-22 10:00:00+00:00,0.0,27.24
2024-09-22 11:00:00+00:00,0.0,26.79
2024-09-22 12:00:00+00:00,0.0,26.2
2024-09-22 13:00:00+00:00,0.0,25.15
2024-09-22 14:00:00+00:00,0.0,24.43
2024-09-22 15:00:00+00:00,0.0,24.39
2024-09-22 16:00:00+00:00,0.0,24.57
2024-09-22 17:00:00+00:00,0.0,24.6
2024-09-22 18:00:00+00:00,0.0,24.61
2024-09-22 19:00:00+00:00,0.0,24.35
2024-09-22 20:00:00+00:00,0.0,23.79
2024-09-22 21:00:00+00:00,0.0,23.32
2024-09-22 22:00:00+00:00,10.75,23.04
2024-09-22 23:00:00+00:00,80.5,23.0
2024-09-23 00:00:00+00:00,162.1,23.4
2024-09-23 01:00:00+00:00,338.62,24.13
2024-09-23 02:00:00+00:00,450.88,24.98
2024-09-23 03:00:00+00:00,455.23,25.82
2024-09-23 04:00:00+00:00,373.05,26.54
2024-09-23 05:00:00+00:00,295.23,27.22
2024-09-23 06:00:00+00:00,264.25,27.68
2024-09-23 07:00:00+00:00,177.25,27.85
2024-09-23 08:00:00+00:00,93.0,27.82
2024-09-23 09:00:00+00:00,30.73,27.49
2024-09-23 10:00:00+00:00,0.0,27.15
2024-09-23 11:00:00+00:00,0.0,27.0
2024-09-23 12:00:00+00:00,0.0,26.9
2024-09-23 13:00:00+00:00,0.0,26.78
2024-09-23 14:00:00+00:00,0.0,26.74
2024-09-23 15:00:00+00:00,0.0,26.79
2024-09-23 16:00:00+00:00,0.0,26.87
2024-09-23 17:00:00+00:00,0.0,26.9
2024-09-23 18:00:00+00:00,0.0,26.84
2024-09-23 19:00:00+00:00,0.0,26.71
2024-09-23 20:00:00+00:00,0.0,26.62
2024-09-23 21:00:00+00:00,0.0,26.62
2024-09-23 22:00:00+00:00,5.22,26.71
2024-09-23 23:00:00+00:00,40.17,27.14
2024-09-24 00:00:00+00:00,91.2,27.55
2024-09-24 01:00:00+00:00,132.98,27.96
2024-09-24 02:00:00+00:00,221.2,28.4
2024-09-24 03:00:00+00:00,181.75,28.73
2024-09-24 04:00:00+00:00,232.45,28.9
2024-09-24 05:00:00+00:00,251.38,28.79
2024-09-24 06:00:00+00:00,274.6,28.57
2024-09-24 07:00:00+00:00,225.12,28.36
2024-09-24 08:00:00+00:00,125.35,28.16
2024-09-24 09:00:00+00:00,55.1,27.98
2024-09-24 10:00:00+00:00,0.0,27.62
2024-09-24 11:00:00+00:00,0.0,27.52
2024-09-24 12:00:00+00:00,0.0,27.52
2024-09-24 13:00:00+00:00,0.0,27.55
2024-09-24 14:00:00+00:00,0.0,27.58
2024-09-24 15:00:00+00:00,0.0,27.62
2024-09-24 16:00:00+00:00,0.0,27.61
2024-09-24 17:00:00+00:00,0.0,27.57
2024-09-24 18:00:00+00:00,0.0,27.53
2024-09-24 19:00:00+00:00,0.0,27.52
2024-09-24 20:00:00+00:00,0.0,27.53
2024-09-24 21:00:00+00:00,0.0,27.55
2024-09-24 22:00:00+00:00,18.65,27.58
2024-09-24 23:00:00+00:00,119.55,28.13
2024-09-25 00:00:00+00:00,270.42,28.37
2024-09-25 01:00:00+00:00,395.9,28.62
2024-09-25 02:00:00+00:00,510.45,28.96
2024-09-25 03:00:00+00:00,496.52,29.37
2024-09-25 04:00:00+00:00,592.5,29.81
2024-09-25 05:00:00+00:00,572.0,30.22
2024-09-25 06:00:00+00:00,546.38,30.45
2024-09-25 07:00:00+00:00,414.0,30.47
2024-09-25 08:00:00+00:00,232.9,30.36
2024-09-25 09:00:00+00:00,74.7,30.06
2024-09-25 10:00:00+00:00,0.0,29.28
2024-09-25 11:00:00+00:00,0.0,28.75
2024-09-25 12:00:00+00:00,0.0,28.4
2024-09-25 13:00:00+00:00,0.0,28.14
2024-09-25 14:00:00+00:00,0.0,27.89
2024-09-25 15:00:00+00:00,0.0,27.64
2024-09-25 16:00:00+00:00,0.0,27.4
2024-09-25 17:00:00+00:00,0.0,27.16
2024-09-25 18:00:00+00:00,0.0,26.95
2024-09-25 19:00:00+00:00,0.0,26.77
2024-09-25 20:00:00+00:00,0.0,26.6
2024-09-25 21:00:00+00:00,0.0,26.47
2024-09-25 22:00:00+00:00,22.77,26.48
2024-09-25 23:00:00+00:00,182.4,27.18
2024-09-26 00:00:00+00:00,397.7,27.67
2024-09-26 01:00:00+00:00,595.22,28.32
2024-09-26 02:00:00+00:00,730.3,29.08
2024-09-26 03:00:00+00:00,812.9,29.8
2024-09-26 04:00:00+00:00,836.72,30.35
2024-09-26 05:00:00+00:00,778.72,30.73
2024-09-26 06:00:00+00:00,646.9,30.93
2024-09-26 07:00:00+00:00,463.88,30.89
2024-09-26 08:00:00+00:00,263.15,30.64
2024-09-26 09:00:00+00:00,85.22,30.56
2024-09-26 10:00:00+00:00,0.0,30.1
2024-09-26 11:00:00+00:00,0.0,29.62
2024-09-26 12:00:00+00:00,0.0,29.23
2024-09-26 13:00:00+00:00,0.0,28.89
2024-09-26 14:00:00+00:00,0.0,28.57
2024-09-26 15:00:00+00:00,0.0,28.32
2024-09-26 16:00:00+00:00,0.0,28.1
2024-09-26 17:00:00+00:00,0.0,27.87
2024-09-26 18:00:00+00:00,0.0,27.56
2024-09-26 19:00:00+00:00,0.0,27.16
2024-09-26 20:00:00+00:00,0.0,26.83
2024-09-26 21:00:00+00:00,0.0,26.77
2024-09-26 22:00:00+00:00,20.52,26.73
2024-09-26 23:00:00+00:00,166.55,27.4
2024-09-27 00:00:00+00:00,365.8,28.18
2024-09-27 01:00:00+00:00,568.55,28.99
2024-09-27 02:00:00+00:00,724.62,29.68
2024-09-27 03:00:00+00:00,796.12,30.31
2024-09-27 04:00:00+00:00,835.4,30.84
2024-09-27 05:00:00+00:00,750.15,31.14
2024-09-27 06:00:00+00:00,602.78,31.19
2024-09-27 07:00:00+00:00,463.27,31.14
2024-09-27 08:00:00+00:00,254.82,31.0
2024-09-27 09:00:00+00:00,79.68,30.88
2024-09-27 10:00:00+00:00,0.0,30.51
2024-09-27 11:00:00+00:00,0.0,30.35
2024-09-27 12:00:00+00:00,0.0,30.02
2024-09-27 13:00:00+00:00,0.0,29.51
2024-09-27 14:00:00+00:00,0.0,29.13
2024-09-27 15:00:00+00:00,0.0,28.89
2024-09-27 16:00:00+00:00,0.0,28.74
2024-09-27 17:00:00+00:00,0.0,28.57
2024-09-27 18:00:00+00:00,0.0,28.41
2024-09-27 19:00:00+00:00,0.0,28.26
2024-09-27 20:00:00+00:00,0.0,28.1
2024-09-27 21:00:00+00:00,0.0,27.91
2024-09-27 22:00:00+00:00,17.27,27.79
2024-09-27 23:00:00+00:00,142.55,28.33
2024-09-28 00:00:00+00:00,324.12,28.79
2024-09-28 01:00:00+00:00,495.38,29.36
2024-09-28 02:00:00+00:00,641.35,29.99
2024-09-28 03:00:00+00:00,651.6,30.58
2024-09-28 04:00:00+00:00,575.95,30.96
2024-09-28 05:00:00+00:00,432.45,31.12
2024-09-28 06:00:00+00:00,304.65,31.13
2024-09-28 07:00:00+00:00,248.55,31.1
2024-09-28 08:00:00+00:00,147.6,31.14
2024-09-28 09:00:00+00:00,45.25,31.1
2024-09-28 10:00:00+00:00,0.0,30.14
2024-09-28 11:00:00+00:00,0.0,29.48
2024-09-28 12:00:00+00:00,0.0,28.73
2024-09-28 13:00:00+00:00,0.0,28.27
2024-09-28 14:00:00+00:00,0.0,27.97
2024-09-28 15:00:00+00:00,0.0,27.89
2024-09-28 16:00:00+00:00,0.0,27.89
2024-09-28 17:00:00+00:00,0.0,27.9
2024-09-28 18:00:00+00:00,0.0,27.89
2024-09-28 19:00:00+00:00,0.0,27.84
2024-09-28 20:00:00+00:00,0.0,27.81
2024-09-28 21:00:00+00:00,0.0,27.78
2024-09-28 22:00:00+00:00,22.52,27.76
2024-09-28 23:00:00+00:00,189.62,28.32
2024-09-29 00:00:00+00:00,410.45,28.84
2024-09-29 01:00:00+00:00,603.33,29.36
2024-09-29 02:00:00+00:00,738.95,29.92
2024-09-29 03:00:00+00:00,820.15,30.42
2024-09-29 04:00:00+00:00,835.97,30.8
2024-09-29 05:00:00+00:00,775.65,31.06
2024-09-29 06:00:00+00:00,658.22,31.17
2024-09-29 07:00:00+00:00,487.35,31.15
2024-09-29 08:00:00+00:00,280.65,30.88
2024-09-29 09:00:00+00:00,86.85,30.49
2024-09-29 10:00:00+00:00,0.0,29.74
2024-09-29 11:00:00+00:00,0.0,29.25
2024-09-29 12:00:00+00:00,0.0,28.94
2024-09-29 13:00:00+00:00,0.0,28.68
2024-09-29 14:00:00+00:00,0.0,28.48
2024-09-29 15:00:00+00:00,0.0,28.3
2024-09-29 16:00:00+00:00,0.0,28.11
2024-09-29 17:00:00+00:00,0.0,27.88
2024-09-29 18:00:00+00:00,0.0,27.65
2024-09-29 19:00:00+00:00,0.0,27.4
2024-09-29 20:00:00+00:00,0.0,27.2
2024-09-29 21:00:00+00:00,0.0,27.1
2024-09-29 22:00:00+00:00,22.55,27.11
2024-09-29 23:00:00+00:00,184.02,27.81
2024-09-30 00:00:00+00:00,424.75,28.44
2024-09-30 01:00:00+00:00,616.25,29.17
2024-09-30 02:00:00+00:00,773.65,29.98
2024-09-30 03:00:00+00:00,858.65,30.67
2024-09-30 04:00:00+00:00,893.88,31.21
2024-09-30 05:00:00+00:00,827.65,31.58
2024-09-30 06:00:00+00:00,702.25,31.78
2024-09-30 07:00:00+00:00,513.9,31.92
2024-09-30 08:00:00+00:00,289.48,31.73
2024-09-30 09:00:00+00:00,78.78,31.27
2024-09-30 10:00:00+00:00,0.0,30.38
2024-09-30 11:00:00+00:00,0.0,30.12
2024-09-30 12:00:00+00:00,0.0,29.92
2024-09-30 13:00:00+00:00,0.0,29.69
2024-09-30 14:00:00+00:00,0.0,29.45
2024-09-30 15:00:00+00:00,0.0,29.21
2024-09-30 16:00:00+00:00,0.0,28.87
2024-09-30 17:00:00+00:00,0.0,28.51
2024-09-30 18:00:00+00:00,0.0,28.19
2024-09-30 19:00:00+00:00,0.0,27.97
2024-09-30 20:00:00+00:00,0.0,27.76
2024-09-30 21:00:00+00:00,0.0,27.61
2024-09-30 22:00:00+00:00,22.45,27.44
2024-09-30 23:00:00+00:00,180.23,27.76
2024-10-01 00:00:00+00:00,342.83,28.46
2024-10-01 01:00:00+00:00,492.9,29.28
2024-10-01 02:00:00+00:00,628.5,30.05
2024-10-01 03:00:00+00:00,668.53,30.63
2024-10-01 04:00:00+00:00,723.03,30.99
2024-10-01 05:00:00+00:00,527.8,31.19
2024-10-01 06:00:00+00:00,371.83,31.22
2024-10-01 07:00:00+00:00,206.32,31.01
2024-10-01 08:00:00+00:00,131.23,30.53
2024-10-01 09:00:00+00:00,25.67,29.67
2024-10-01 10:00:00+00:00,0.0,28.56
2024-10-01 11:00:00+00:00,0.0,27.56
2024-10-01 12:00:00+00:00,0.0,26.7
2024-10-01 13:00:00+00:00,0.0,26.1
2024-10-01 14:00:00+00:00,0.0,25.56
2024-10-01 15:00:00+00:00,0.0,25.01
2024-10-01 16:00:00+00:00,0.0,24.59
2024-10-01 17:00:00+00:00,0.0,24.17
2024-10-01 18:00:00+00:00,0.0,23.72
2024-10-01 19:00:00+00:00,0.0,23.29
2024-10-01 20:00:00+00:00,0.0,22.92
2024-10-01 21:00:00+00:00,0.0,22.54
2024-10-01 22:00:00+00:00,16.42,22.21
2024-10-01 23:00:00+00:00,141.57,22.35
2024-10-02 00:00:00+00:00,319.25,22.82
2024-10-02 01:00:00+00:00,535.22,23.54
2024-10-02 02:00:00+00:00,684.7,24.61
2024-10-02 03:00:00+00:00,802.72,25.65
2024-10-02 04:00:00+00:00,785.3,26.48
2024-10-02 05:00:00+00:00,770.58,27.07
2024-10-02 06:00:00+00:00,604.8,27.45
2024-10-02 07:00:00+00:00,422.52,27.61
2024-10-02 08:00:00+00:00,227.7,27.36
2024-10-02 09:00:00+00:00,55.9,26.64
2024-10-02 10:00:00+00:00,0.0,25.68
2024-10-02 11:00:00+00:00,0.0,25.07
2024-10-02 12:00:00+00:00,0.0,24.47
2024-10-02 13:00:00+00:00,0.0,23.81
2024-10-02 14:00:00+00:00,0.0,23.21
2024-10-02 15:00:00+00:00,0.0,22.96
2024-10-02 16:00:00+00:00,0.0,22.86
2024-10-02 17:00:00+00:00,0.0,22.68
2024-10-02 18:00:00+00:00,0.0,22.41
2024-10-02 19:00:00+00:00,0.0,22.12
2024-10-02 20:00:00+00:00,0.0,21.89
2024-10-02 21:00:00+00:00,0.0,21.67
2024-10-02 22:00:00+00:00,18.5,21.45
2024-10-02 23:00:00+00:00,164.82,21.66
2024-10-03 00:00:00+00:00,369.5,22.18
2024-10-03 01:00:00+00:00,563.08,22.94
2024-10-03 02:00:00+00:00,714.83,23.78
2024-10-03 03:00:00+00:00,805.33,24.68
2024-10-03 04:00:00+00:00,745.53,25.47
2024-10-03 05:00:00+00:00,672.25,26.06
2024-10-03 06:00:00+00:00,502.88,26.49
2024-10-03 07:00:00+00:00,382.75,26.75
2024-10-03 08:00:00+00:00,195.75,26.66
2024-10-03 09:00:00+00:00,45.55,25.99
2024-10-03 10:00:00+00:00,0.0,24.98
2024-10-03 11:00:00+00:00,0.0,24.55
2024-10-03 12:00:00+00:00,0.0,24.2
2024-10-03 13:00:00+00:00,0.0,23.82
2024-10-03 14:00:00+00:00,0.0,23.37
2024-10-03 15:00:00+00:00,0.0,22.99
2024-10-03 16:00:00+00:00,0.0,22.64
2024-10-03 17:00:00+00:00,0.0,22.31
2024-10-03 18:00:00+00:00,0.0,22.15
2024-10-03 19:00:00+00:00,0.0,22.09
2024-10-03 20:00:00+00:00,0.0,22.03
2024-10-03 21:00:00+00:00,0.0,21.84
2024-10-03 22:00:00+00:00,12.52,21.6
2024-10-03 23:00:00+00:00,106.3,21.99
2024-10-04 00:00:00+00:00,225.8,22.53
2024-10-04 01:00:00+00:00,370.88,23.49
2024-10-04 02:00:00+00:00,593.67,24.8
2024-10-04 03:00:00+00:00,806.6,25.88
2024-10-04 04:00:00+00:00,904.35,26.58
2024-10-04 05:00:00+00:00,834.08,27.08
2024-10-04 06:00:00+00:00,700.62,27.44
2024-10-04 07:00:00+00:00,473.7,27.6
2024-10-04 08:00:00+00:00,237.02,27.59
2024-10-04 09:00:00+00:00,54.0,27.22
2024-10-04 10:00:00+00:00,0.0,26.43
2024-10-04 11:00:00+00:00,0.0,26.22
2024-10-04 12:00:00+00:00,0.0,26.02
2024-10-04 13:00:00+00:00,0.0,25.65
2024-10-04 14:00:00+00:00,0.0,25.15
2024-10-04 15:00:00+00:00,0.0,24.61
2024-10-04 16:00:00+00:00,0.0,24.03
2024-10-04 17:00:00+00:00,0.0,23.56
2024-10-04 18:00:00+00:00,0.0,23.23
2024-10-04 19:00:00+00:00,0.0,23.07
2024-10-04 20:00:00+00:00,0.0,22.88
2024-10-04 21:00:00+00:00,0.0,22.55
2024-10-04 22:00:00+00:00,15.02,22.27
2024-10-04 23:00:00+00:00,122.1,22.72
2024-10-05 00:00:00+00:00,262.8,23.39
2024-10-05 01:00:00+00:00,422.3,24.21
2024-10-05 02:00:00+00:00,604.0,25.2
2024-10-05 03:00:00+00:00,722.58,26.08
2024-10-05 04:00:00+00:00,790.47,26.89
2024-10-05 05:00:00+00:00,639.55,27.54
2024-10-05 06:00:00+00:00,587.2,28.05
2024-10-05 07:00:00+00:00,433.88,28.37
2024-10-05 08:00:00+00:00,204.62,28.46
2024-10-05 09:00:00+00:00,47.72,28.09
2024-10-05 10:00:00+00:00,0.0,27.2
2024-10-05 11:00:00+00:00,0.0,26.83
2024-10-05 12:00:00+00:00,0.0,26.46
2024-10-05 13:00:00+00:00,0.0,26.09
2024-10-05 14:00:00+00:00,0.0,25.72
2024-10-05 15:00:00+00:00,0.0,25.4
2024-10-05 16:00:00+00:00,0.0,25.11
2024-10-05 17:00:00+00:00,0.0,24.81
2024-10-05 18:00:00+00:00,0.0,24.51
2024-10-05 19:00:00+00:00,0.0,24.32
2024-10-05 20:00:00+00:00,0.0,24.16
2024-10-05 21:00:00+00:00,0.0,23.92
2024-10-05 22:00:00+00:00,20.15,23.71
2024-10-05 23:00:00+00:00,185.05,24.14
2024-10-06 00:00:00+00:00,396.15,25.1
2024-10-06 01:00:00+00:00,609.97,26.45
2024-10-06 02:00:00+00:00,766.05,27.7
2024-10-06 03:00:00+00:00,854.78,28.56
2024-10-06 04:00:00+00:00,856.22,29.17
2024-10-06 05:00:00+00:00,726.62,29.5
2024-10-06 06:00:00+00:00,643.17,29.59
2024-10-06 07:00:00+00:00,453.95,29.57
2024-10-06 08:00:00+00:00,231.1,29.5
2024-10-06 09:00:00+00:00,45.67,29.12
2024-10-06 10:00:00+00:00,0.0,28.32
2024-10-06 11:00:00+00:00,0.0,28.06
2024-10-06 12:00:00+00:00,0.0,27.74
2024-10-06 13:00:00+00:00,0.0,27.3
2024-10-06 14:00:00+00:00,0.0,26.83
2024-10-06 15:00:00+00:00,0.0,26.41
2024-10-06 16:00:00+00:00,0.0,26.09
2024-10-06 17:00:00+00:00,0.0,25.88
2024-10-06 18:00:00+00:00,0.0,25.6
2024-10-06 19:00:00+00:00,0.0,25.13
2024-10-06 20:00:00+00:00,0.0,24.6
2024-10-06 21:00:00+00:00,0.0,24.23
2024-10-06 22:00:00+00:00,14.85,24.05
2024-10-06 23:00:00+00:00,148.27,24.52
2024-10-07 00:00:00+00:00,364.88,25.56
2024-10-07 01:00:00+00:00,586.62,26.7
2024-10-07 02:00:00+00:00,723.7,27.87
2024-10-07 03:00:00+00:00,816.85,28.78
2024-10-07 04:00:00+00:00,844.88,29.4
2024-10-07 05:00:00+00:00,820.88,29.77
2024-10-07 06:00:00+00:00,678.88,29.89
2024-10-07 07:00:00+00:00,488.02,29.86
2024-10-07 08:00:00+00:00,247.02,29.7
2024-10-07 09:00:00+00:00,51.88,29.11
2024-10-07 10:00:00+00:00,0.0,28.13
2024-10-07 11:00:00+00:00,0.0,27.6
2024-10-07 12:00:00+00:00,0.0,27.09
2024-10-07 13:00:00+00:00,0.0,26.58
2024-10-07 14:00:00+00:00,0.0,26.1
2024-10-07 15:00:00+00:00,0.0,25.55
2024-10-07 16:00:00+00:00,0.0,25.17
2024-10-07 17:00:00+00:00,0.0,24.88
2024-10-07 18:00:00+00:00,0.0,24.54
2024-10-07 19:00:00+00:00,0.0,24.19
2024-10-07 20:00:00+00:00,0.0,23.83
2024-10-07 21:00:00+00:00,0.0,23.5
2024-10-07 22:00:00+00:00,17.12,23.23
2024-10-07 23:00:00+00:00,167.8,23.6
2024-10-08 00:00:00+00:00,383.58,24.07
2024-10-08 01:00:00+00:00,587.2,24.85
2024-10-08 02:00:00+00:00,745.12,25.97
2024-10-08 03:00:00+00:00,829.62,26.93
2024-10-08 04:00:00+00:00,580.47,27.72
2024-10-08 05:00:00+00:00,751.75,28.31
2024-10-08 06:00:00+00:00,575.1,28.69
2024-10-08 07:00:00+00:00,421.45,28.86
2024-10-08 08:00:00+00:00,217.15,28.83
2024-10-08 09:00:00+00:00,43.35,28.28
2024-10-08 10:00:00+00:00,0.0,27.29
2024-10-08 11:00:00+00:00,0.0,26.8
2024-10-08 12:00:00+00:00,0.0,26.36
2024-10-08 13:00:00+00:00,0.0,25.93
2024-10-08 14:00:00+00:00,0.0,25.43
2024-10-08 15:00:00+00:00,0.0,25.08
2024-10-08 16:00:00+00:00,0.0,24.73
2024-10-08 17:00:00+00:00,0.0,24.08
2024-10-08 18:00:00+00:00,0.0,23.28
2024-10-08 19:00:00+00:00,0.0,22.63
2024-10-08 20:00:00+00:00,0.0,22.26
2024-10-08 21:00:00+00:00,0.0,22.03
2024-10-08 22:00:00+00:00,9.32,21.85
2024-10-08 23:00:00+00:00,74.8,22.21
2024-10-09 00:00:00+00:00,173.45,22.99
2024-10-09 01:00:00+00:00,263.25,24.08
2024-10-09 02:00:00+00:00,382.05,25.29
2024-10-09 03:00:00+00:00,429.98,26.27
2024-10-09 04:00:00+00:00,451.9,26.96
2024-10-09 05:00:00+00:00,494.1,27.48
2024-10-09 06:00:00+00:00,466.85,27.82
2024-10-09 07:00:00+00:00,266.15,27.94
2024-10-09 08:00:00+00:00,132.85,27.9
2024-10-09 09:00:00+00:00,27.5,27.63
2024-10-09 10:00:00+00:00,0.0,26.99
2024-10-09 11:00:00+00:00,0.0,26.71
2024-10-09 12:00:00+00:00,0.0,26.39
2024-10-09 13:00:00+00:00,0.0,26.02
2024-10-09 14:00:00+00:00,0.0,25.57
2024-10-09 15:00:00+00:00,0.0,25.15
2024-10-09 16:00:00+00:00,0.0,24.75
2024-10-09 17:00:00+00:00,0.0,24.28
2024-10-09 18:00:00+00:00,0.0,23.79
2024-10-09 19:00:00+00:00,0.0,23.34
2024-10-09 20:00:00+00:00,0.0,23.02
2024-10-09 21:00:00+00:00,0.0,22.81
2024-10-09 22:00:00+00:00,16.08,22.69
2024-10-09 23:00:00+00:00,154.02,23.28
2024-10-10 00:00:00+00:00,416.9,24.04
2024-10-10 01:00:00+00:00,618.45,24.96
2024-10-10 02:00:00+00:00,766.72,25.84
2024-10-10 03:00:00+00:00,848.53,26.68
2024-10-10 04:00:00+00:00,851.45,27.38
2024-10-10 05:00:00+00:00,759.08,27.91
2024-10-10 06:00:00+00:00,629.85,28.25
2024-10-10 07:00:00+00:00,417.75,28.39
2024-10-10 08:00:00+00:00,205.82,28.34
2024-10-10 09:00:00+00:00,36.58,28.0
2024-10-10 10:00:00+00:00,0.0,27.33
2024-10-10 11:00:00+00:00,0.0,27.14
2024-10-10 12:00:00+00:00,0.0,27.01
2024-10-10 13:00:00+00:00,0.0,26.84
2024-10-10 14:00:00+00:00,0.0,26.61
2024-10-10 15:00:00+00:00,0.0,26.34
2024-10-10 16:00:00+00:00,0.0,26.06
2024-10-10 17:00:00+00:00,0.0,25.69
2024-10-10 18:00:00+00:00,0.0,25.23
2024-10-10 19:00:00+00:00,0.0,24.84
2024-10-10 20:00:00+00:00,0.0,24.53
2024-10-10 21:00:00+00:00,0.0,24.25
2024-10-10 22:00:00+00:00,5.75,24.02
2024-10-10 23:00:00+00:00,59.62,24.64
2024-10-11 00:00:00+00:00,140.98,25.27
2024-10-11 01:00:00+00:00,240.23,26.04
2024-10-11 02:00:00+00:00,326.95,26.72
2024-10-11 03:00:00+00:00,424.77,27.28
2024-10-11 04:00:00+00:00,525.6,27.71
2024-10-11 05:00:00+00:00,587.7,28.01
2024-10-11 06:00:00+00:00,506.3,28.11
2024-10-11 07:00:00+00:00,374.9,27.98
2024-10-11 08:00:00+00:00,169.25,27.65
2024-10-11 09:00:00+00:00,32.65,27.2
2024-10-11 10:00:00+00:00,0.0,26.66
2024-10-11 11:00:00+00:00,0.0,26.55
2024-10-11 12:00:00+00:00,0.0,26.33
2024-10-11 13:00:00+00:00,0.0,25.92
2024-10-11 14:00:00+00:00,0.0,25.62
2024-10-11 15:00:00+00:00,0.0,25.47
2024-10-11 16:00:00+00:00,0.0,25.38
2024-10-11 17:00:00+00:00,0.0,25.3
2024-10-11 18:00:00+00:00,0.0,25.2
2024-10-11 19:00:00+00:00,0.0,25.1
2024-10-11 20:00:00+00:00,0.0,24.97
2024-10-11 21:00:00+00:00,0.0,24.84
2024-10-11 22:00:00+00:00,15.5,24.72
2024-10-11 23:00:00+00:00,162.68,25.29
2024-10-12 00:00:00+00:00,380.4,25.77
2024-10-12 01:00:00+00:00,602.6,26.26
2024-10-12 02:00:00+00:00,723.92,26.9
2024-10-12 03:00:00+00:00,791.97,27.54
2024-10-12 04:00:00+00:00,812.03,28.12
2024-10-12 05:00:00+00:00,730.58,28.54
2024-10-12 06:00:00+00:00,595.05,28.78
2024-10-12 07:00:00+00:00,418.38,28.79
2024-10-12 08:00:00+00:00,216.35,28.66
2024-10-12 09:00:00+00:00,43.08,28.3
2024-10-12 10:00:00+00:00,0.0,27.53
2024-10-12 11:00:00+00:00,0.0,27.13
2024-10-12 12:00:00+00:00,0.0,26.72
2024-10-12 13:00:00+00:00,0.0,26.28
2024-10-12 14:00:00+00:00,0.0,25.88
2024-10-12 15:00:00+00:00,0.0,25.66
2024-10-12 16:00:00+00:00,0.0,25.53
2024-10-12 17:00:00+00:00,0.0,25.38
2024-10-12 18:00:00+00:00,0.0,25.2
2024-10-12 19:00:00+00:00,0.0,25.04
2024-10-12 20:00:00+00:00,0.0,24.87
2024-10-12 21:00:00+00:00,0.0,24.72
2024-10-12 22:00:00+00:00,16.62,24.63
2024-10-12 23:00:00+00:00,158.65,25.4
2024-10-13 00:00:00+00:00,356.95,26.02
2024-10-13 01:00:00+00:00,557.75,26.72
2024-10-13 02:00:00+00:00,726.4,27.49
2024-10-13 03:00:00+00:00,806.5,28.2
2024-10-13 04:00:00+00:00,816.72,28.81
2024-10-13 05:00:00+00:00,749.8,29.2
2024-10-13 06:00:00+00:00,629.67,29.37
2024-10-13 07:00:00+00:00,408.1,29.39
2024-10-13 08:00:00+00:00,213.0,29.23
2024-10-13 09:00:00+00:00,41.62,28.74
2024-10-13 10:00:00+00:00,0.0,27.89
2024-10-13 11:00:00+00:00,0.0,27.41
2024-10-13 12:00:00+00:00,0.0,26.99
2024-10-13 13:00:00+00:00,0.0,26.64
2024-10-13 14:00:00+00:00,0.0,26.44
2024-10-13 15:00:00+00:00,0.0,26.21
2024-10-13 16:00:00+00:00,0.0,26.02
2024-10-13 17:00:00+00:00,0.0,25.87
2024-10-13 18:00:00+00:00,0.0,25.74
2024-10-13 19:00:00+00:00,0.0,25.64
2024-10-13 20:00:00+00:00,0.0,25.58
2024-10-13 21:00:00+00:00,0.0,25.54
2024-10-13 22:00:00+00:00,16.8,25.57
2024-10-13 23:00:00+00:00,172.88,26.37
2024-10-14 00:00:00+00:00,387.8,27.1
2024-10-14 01:00:00+00:00,590.47,27.82
2024-10-14 02:00:00+00:00,726.6,28.53
2024-10-14 03:00:00+00:00,799.83,29.14
2024-10-14 04:00:00+00:00,793.9,29.64
2024-10-14 05:00:00+00:00,744.67,29.91
2024-10-14 06:00:00+00:00,636.6,29.95
2024-10-14 07:00:00+00:00,451.15,29.84
2024-10-14 08:00:00+00:00,237.98,29.65
2024-10-14 09:00:00+00:00,46.28,28.91
2024-10-14 10:00:00+00:00,0.0,27.77
2024-10-14 11:00:00+00:00,0.0,27.34
2024-10-14 12:00:00+00:00,0.0,27.07
2024-10-14 13:00:00+00:00,0.0,26.84
2024-10-14 14:00:00+00:00,0.0,26.64
2024-10-14 15:00:00+00:00,0.0,26.46
2024-10-14 16:00:00+00:00,0.0,26.31
2024-10-14 17:00:00+00:00,0.0,26.17
2024-10-14 18:00:00+00:00,0.0,26.03
2024-10-14 19:00:00+00:00,0.0,25.88
2024-10-14 20:00:00+00:00,0.0,25.76
2024-10-14 21:00:00+00:00,0.0,25.68
2024-10-14 22:00:00+00:00,16.33,25.6
2024-10-14 23:00:00+00:00,158.02,26.32
2024-10-15 00:00:00+00:00,363.67,26.94
2024-10-15 01:00:00+00:00,571.72,27.61
2024-10-15 02:00:00+00:00,725.83,28.34
2024-10-15 03:00:00+00:00,790.28,28.9
2024-10-15 04:00:00+00:00,801.47,29.35
2024-10-15 05:00:00+00:00,733.85,29.64
2024-10-15 06:00:00+00:00,594.85,29.74
2024-10-15 07:00:00+00:00,409.08,29.64
2024-10-15 08:00:00+00:00,207.98,29.31
2024-10-15 09:00:00+00:00,40.03,28.6
2024-10-15 10:00:00+00:00,0.0,27.75
2024-10-15 11:00:00+00:00,0.0,27.51
2024-10-15 12:00:00+00:00,0.0,27.37
2024-10-15 13:00:00+00:00,0.0,27.23
2024-10-15 14:00:00+00:00,0.0,27.13
2024-10-15 15:00:00+00:00,0.0,27.01
2024-10-15 16:00:00+00:00,0.0,26.84
2024-10-15 17:00:00+00:00,0.0,26.66
2024-10-15 18:00:00+00:00,0.0,26.53
2024-10-15 19:00:00+00:00,0.0,26.46
2024-10-15 20:00:00+00:00,0.0,26.37
2024-10-15 21:00:00+00:00,0.0,26.28
2024-10-15 22:00:00+00:00,12.85,26.2
2024-10-15 23:00:00+00:00,138.68,26.78
2024-10-16 00:00:00+00:00,319.98,27.25
2024-10-16 01:00:00+00:00,497.85,27.77
2024-10-16 02:00:00+00:00,677.28,28.3
2024-10-16 03:00:00+00:00,770.78,28.75
2024-10-16 04:00:00+00:00,754.38,29.15
2024-10-16 05:00:00+00:00,653.3,29.37
2024-10-16 06:00:00+00:00,514.38,29.39
2024-10-16 07:00:00+00:00,360.38,29.21
2024-10-16 08:00:00+00:00,175.35,28.8
2024-10-16 09:00:00+00:00,32.15,28.15
2024-10-16 10:00:00+00:00,0.0,27.55
2024-10-16 11:00:00+00:00,0.0,27.28
2024-10-16 12:00:00+00:00,0.0,27.03
2024-10-16 13:00:00+00:00,0.0,26.83
2024-10-16 14:00:00+00:00,0.0,26.64
2024-10-16 15:00:00+00:00,0.0,26.5
2024-10-16 16:00:00+00:00,0.0,26.43
2024-10-16 17:00:00+00:00,0.0,26.35
2024-10-16 18:00:00+00:00,0.0,26.3
2024-10-16 19:00:00+00:00,0.0,26.23
2024-10-16 20:00:00+00:00,0.0,26.15
2024-10-16 21:00:00+00:00,0.0,26.0
2024-10-16 22:00:00+00:00,13.45,25.89
2024-10-16 23:00:00+00:00,134.38,26.54
2024-10-17 00:00:00+00:00,306.55,27.18
2024-10-17 01:00:00+00:00,492.77,27.82
2024-10-17 02:00:00+00:00,613.9,28.47
2024-10-17 03:00:00+00:00,706.28,29.02
2024-10-17 04:00:00+00:00,702.9,29.41
2024-10-17 05:00:00+00:00,668.53,29.63
2024-10-17 06:00:00+00:00,562.62,29.72
2024-10-17 07:00:00+00:00,372.5,29.6
2024-10-17 08:00:00+00:00,189.0,29.28
2024-10-17 09:00:00+00:00,33.85,28.63
2024-10-17 10:00:00+00:00,0.0,27.8
2024-10-17 11:00:00+00:00,0.0,27.51
2024-10-17 12:00:00+00:00,0.0,27.3
2024-10-17 13:00:00+00:00,0.0,27.16
2024-10-17 14:00:00+00:00,0.0,27.03
2024-10-17 15:00:00+00:00,0.0,26.93
2024-10-17 16:00:00+00:00,0.0,26.82
2024-10-17 17:00:00+00:00,0.0,26.72
2024-10-17 18:00:00+00:00,0.0,26.64
2024-10-17 19:00:00+00:00,0.0,26.54
2024-10-17 20:00:00+00:00,0.0,26.46
2024-10-17 21:00:00+00:00,0.0,26.38
2024-10-17 22:00:00+00:00,14.0,26.31
2024-10-17 23:00:00+00:00,136.45,26.79
2024-10-18 00:00:00+00:00,319.48,27.36
2024-10-18 01:00:00+00:00,497.62,27.99
2024-10-18 02:00:00+00:00,650.92,28.68
2024-10-18 03:00:00+00:00,740.5,29.25
2024-10-18 04:00:00+00:00,737.03,29.7
2024-10-18 05:00:00+00:00,626.83,29.97
2024-10-18 06:00:00+00:00,511.38,30.01
2024-10-18 07:00:00+00:00,342.58,29.85
2024-10-18 08:00:00+00:00,176.35,29.68
2024-10-18 09:00:00+00:00,30.95,29.32
2024-10-18 10:00:00+00:00,0.0,28.64
2024-10-18 11:00:00+00:00,0.0,28.28
2024-10-18 12:00:00+00:00,0.0,27.97
2024-10-18 13:00:00+00:00,0.0,27.77
2024-10-18 14:00:00+00:00,0.0,27.7
2024-10-18 15:00:00+00:00,0.0,27.68
2024-10-18 16:00:00+00:00,0.0,27.5
2024-10-18 17:00:00+00:00,0.0,27.31
2024-10-18 18:00:00+00:00,0.0,27.03
2024-10-18 19:00:00+00:00,0.0,26.77
2024-10-18 20:00:00+00:00,0.0,26.56
2024-10-18 21:00:00+00:00,0.0,26.36
2024-10-18 22:00:00+00:00,15.35,26.18
2024-10-18 23:00:00+00:00,176.88,26.65
2024-10-19 00:00:00+00:00,391.23,27.04
2024-10-19 01:00:00+00:00,583.92,27.92
2024-10-19 02:00:00+00:00,712.0,29.0
2024-10-19 03:00:00+00:00,769.75,29.85
2024-10-19 04:00:00+00:00,787.15,30.4
2024-10-19 05:00:00+00:00,731.0,30.62
2024-10-19 06:00:00+00:00,595.78,30.79
2024-10-19 07:00:00+00:00,429.83,30.85
2024-10-19 08:00:00+00:00,199.5,30.75
2024-10-19 09:00:00+00:00,28.08,30.26
2024-10-19 10:00:00+00:00,0.0,29.35
2024-10-19 11:00:00+00:00,0.0,29.01
2024-10-19 12:00:00+00:00,0.0,28.77
2024-10-19 13:00:00+00:00,0.0,28.32
2024-10-19 14:00:00+00:00,0.0,27.68
2024-10-19 15:00:00+00:00,0.0,27.19
2024-10-19 16:00:00+00:00,0.0,26.88
2024-10-19 17:00:00+00:00,0.0,26.65
2024-10-19 18:00:00+00:00,0.0,26.36
2024-10-19 19:00:00+00:00,0.0,26.07
2024-10-19 20:00:00+00:00,0.0,25.84
2024-10-19 21:00:00+00:00,0.0,25.61
2024-10-19 22:00:00+00:00,11.32,25.43
2024-10-19 23:00:00+00:00,103.72,25.7
2024-10-20 00:00:00+00:00,243.9,26.42
2024-10-20 01:00:00+00:00,360.3,27.59
2024-10-20 02:00:00+00:00,530.3,28.6
2024-10-20 03:00:00+00:00,616.4,29.13
2024-10-20 04:00:00+00:00,638.6,29.54
2024-10-20 05:00:00+00:00,616.9,29.79
2024-10-20 06:00:00+00:00,507.1,29.84
2024-10-20 07:00:00+00:00,344.77,29.78
2024-10-20 08:00:00+00:00,178.05,29.52
2024-10-20 09:00:00+00:00,32.2,28.98
2024-10-20 10:00:00+00:00,0.0,28.22
2024-10-20 11:00:00+00:00,0.0,27.85
2024-10-20 12:00:00+00:00,0.0,27.48
2024-10-20 13:00:00+00:00,0.0,27.09
2024-10-20 14:00:00+00:00,0.0,26.66
2024-10-20 15:00:00+00:00,0.0,26.29
2024-10-20 16:00:00+00:00,0.0,25.86
2024-10-20 17:00:00+00:00,0.0,25.43
2024-10-20 18:00:00+00:00,0.0,25.05
2024-10-20 19:00:00+00:00,0.0,24.74
2024-10-20 20:00:00+00:00,0.0,24.51
2024-10-20 21:00:00+00:00,0.0,24.35
2024-10-20 22:00:00+00:00,9.6,24.24
2024-10-20 23:00:00+00:00,116.07,24.68
2024-10-21 00:00:00+00:00,273.35,25.42
2024-10-21 01:00:00+00:00,427.08,26.44
2024-10-21 02:00:00+00:00,644.97,27.57
2024-10-21 03:00:00+00:00,785.78,28.5
2024-10-21 04:00:00+00:00,807.1,29.17
2024-10-21 05:00:00+00:00,708.75,29.68
2024-10-21 06:00:00+00:00,563.75,30.0
2024-10-21 07:00:00+00:00,392.55,30.05
2024-10-21 08:00:00+00:00,201.27,29.91
2024-10-21 09:00:00+00:00,32.42,29.42
2024-10-21 10:00:00+00:00,0.0,28.54
2024-10-21 11:00:00+00:00,0.0,28.06
2024-10-21 12:00:00+00:00,0.0,27.59
2024-10-21 13:00:00+00:00,0.0,27.1
2024-10-21 14:00:00+00:00,0.0,26.57
2024-10-21 15:00:00+00:00,0.0,26.12
2024-10-21 16:00:00+00:00,0.0,25.81
2024-10-21 17:00:00+00:00,0.0,25.69
2024-10-21 18:00:00+00:00,0.0,25.42
2024-10-21 19:00:00+00:00,0.0,25.11
2024-10-21 20:00:00+00:00,0.0,24.76
2024-10-21 21:00:00+00:00,0.0,24.43
2024-10-21 22:00:00+00:00,14.68,24.19
2024-10-21 23:00:00+00:00,176.85,24.72
2024-10-22 00:00:00+00:00,392.6,25.49
2024-10-22 01:00:00+00:00,585.72,26.55
2024-10-22 02:00:00+00:00,731.25,27.59
2024-10-22 03:00:00+00:00,819.95,28.47
2024-10-22 04:00:00+00:00,831.95,29.19
2024-10-22 05:00:00+00:00,753.42,29.75
2024-10-22 06:00:00+00:00,614.42,30.08
2024-10-22 07:00:00+00:00,420.08,30.13
2024-10-22 08:00:00+00:00,208.8,29.74
2024-10-22 09:00:00+00:00,30.17,28.76
2024-10-22 10:00:00+00:00,0.0,27.51
2024-10-22 11:00:00+00:00,0.0,26.73
2024-10-22 12:00:00+00:00,0.0,25.88
2024-10-22 13:00:00+00:00,0.0,25.39
2024-10-22 14:00:00+00:00,0.0,24.59
2024-10-22 15:00:00+00:00,0.0,24.04
2024-10-22 16:00:00+00:00,0.0,23.77
2024-10-22 17:00:00+00:00,0.0,23.56
2024-10-22 18:00:00+00:00,0.0,23.32
2024-10-22 19:00:00+00:00,0.0,22.92
2024-10-22 20:00:00+00:00,0.0,22.3
2024-10-22 21:00:00+00:00,0.0,21.66
2024-10-22 22:00:00+00:00,11.3,21.2
2024-10-22 23:00:00+00:00,113.2,21.25
2024-10-23 00:00:00+00:00,270.45,21.9
2024-10-23 01:00:00+00:00,411.52,22.95
2024-10-23 02:00:00+00:00,554.12,24.4
2024-10-23 03:00:00+00:00,625.58,25.75
2024-10-23 04:00:00+00:00,716.97,26.55
2024-10-23 05:00:00+00:00,657.03,27.05
2024-10-23 06:00:00+00:00,560.42,27.33
2024-10-23 07:00:00+00:00,385.6,27.34
2024-10-23 08:00:00+00:00,185.0,26.93
2024-10-23 09:00:00+00:00,27.08,25.89
2024-10-23 10:00:00+00:00,0.0,24.59
2024-10-23 11:00:00+00:00,0.0,23.59
2024-10-23 12:00:00+00:00,0.0,22.71
2024-10-23 13:00:00+00:00,0.0,21.99
2024-10-23 14:00:00+00:00,0.0,21.42
2024-10-23 15:00:00+00:00,0.0,21.04
2024-10-23 16:00:00+00:00,0.0,20.77
2024-10-23 17:00:00+00:00,0.0,20.48
2024-10-23 18:00:00+00:00,0.0,20.24
2024-10-23 19:00:00+00:00,0.0,19.97
2024-10-23 20:00:00+00:00,0.0,19.78
2024-10-23 21:00:00+00:00,0.0,19.6
2024-10-23 22:00:00+00:00,10.38,19.35
2024-10-23 23:00:00+00:00,135.6,19.59
2024-10-24 00:00:00+00:00,319.75,20.34
2024-10-24 01:00:00+00:00,493.83,21.52
2024-10-24 02:00:00+00:00,665.83,23.19
2024-10-24 03:00:00+00:00,774.55,24.41
2024-10-24 04:00:00+00:00,803.38,25.34
2024-10-24 05:00:00+00:00,749.83,26.14
2024-10-24 06:00:00+00:00,593.75,26.65
2024-10-24 07:00:00+00:00,408.45,26.83
2024-10-24 08:00:00+00:00,196.98,26.57
2024-10-24 09:00:00+00:00,27.25,25.62
2024-10-24 10:00:00+00:00,0.0,24.43
2024-10-24 11:00:00+00:00,0.0,23.76
2024-10-24 12:00:00+00:00,0.0,23.09
2024-10-24 13:00:00+00:00,0.0,22.57
2024-10-24 14:00:00+00:00,0.0,22.13
2024-10-24 15:00:00+00:00,0.0,21.77
2024-10-24 16:00:00+00:00,0.0,21.3
2024-10-24 17:00:00+00:00,0.0,20.79
2024-10-24 18:00:00+00:00,0.0,20.49
2024-10-24 19:00:00+00:00,0.0,20.3
2024-10-24 20:00:00+00:00,0.0,20.17
2024-10-24 21:00:00+00:00,0.0,20.01
2024-10-24 22:00:00+00:00,10.55,19.83
2024-10-24 23:00:00+00:00,131.05,20.24
2024-10-25 00:00:00+00:00,319.33,21.22
2024-10-25 01:00:00+00:00,502.17,22.85
2024-10-25 02:00:00+00:00,646.58,24.95
2024-10-25 03:00:00+00:00,732.58,26.29
2024-10-25 04:00:00+00:00,777.92,27.35
2024-10-25 05:00:00+00:00,684.78,28.08
2024-10-25 06:00:00+00:00,564.83,28.41
2024-10-25 07:00:00+00:00,377.05,28.37
2024-10-25 08:00:00+00:00,184.65,28.06
2024-10-25 09:00:00+00:00,24.6,27.25
2024-10-25 10:00:00+00:00,0.0,26.03
2024-10-25 11:00:00+00:00,0.0,24.83
2024-10-25 12:00:00+00:00,0.0,24.14
2024-10-25 13:00:00+00:00,0.0,23.52
2024-10-25 14:00:00+00:00,0.0,23.09
2024-10-25 15:00:00+00:00,0.0,22.97
2024-10-25 16:00:00+00:00,0.0,22.81
2024-10-25 17:00:00+00:00,0.0,22.64
2024-10-25 18:00:00+00:00,0.0,22.59
2024-10-25 19:00:00+00:00,0.0,22.63
2024-10-25 20:00:00+00:00,0.0,22.72
2024-10-25 21:00:00+00:00,0.0,22.75
2024-10-25 22:00:00+00:00,6.72,22.48
2024-10-25 23:00:00+00:00,73.03,22.42
2024-10-26 00:00:00+00:00,173.85,23.2
2024-10-26 01:00:00+00:00,276.92,24.81
2024-10-26 02:00:00+00:00,403.95,26.35
2024-10-26 03:00:00+00:00,462.55,27.59
2024-10-26 04:00:00+00:00,516.8,28.36
2024-10-26 05:00:00+00:00,364.3,28.79
2024-10-26 06:00:00+00:00,247.73,28.94
2024-10-26 07:00:00+00:00,161.7,28.82
2024-10-26 08:00:00+00:00,74.53,28.48
2024-10-26 09:00:00+00:00,11.38,27.91
2024-10-26 10:00:00+00:00,0.0,27.25
2024-10-26 11:00:00+00:00,0.0,26.71
2024-10-26 12:00:00+00:00,0.0,25.93
2024-10-26 13:00:00+00:00,0.0,24.96
2024-10-26 14:00:00+00:00,0.0,23.86
2024-10-26 15:00:00+00:00,0.0,23.2
2024-10-26 16:00:00+00:00,0.0,23.02
2024-10-26 17:00:00+00:00,0.0,23.03
2024-10-26 18:00:00+00:00,0.0,23.09
2024-10-26 19:00:00+00:00,0.0,23.06
2024-10-26 20:00:00+00:00,0.0,22.92
2024-10-26 21:00:00+00:00,0.0,22.69
2024-10-26 22:00:00+00:00,9.25,22.42
2024-10-26 23:00:00+00:00,117.82,22.61
2024-10-27 00:00:00+00:00,306.4,23.5
2024-10-27 01:00:00+00:00,495.05,24.99
2024-10-27 02:00:00+00:00,603.75,26.69
2024-10-27 03:00:00+00:00,647.25,27.94
2024-10-27 04:00:00+00:00,602.47,28.6
2024-10-27 05:00:00+00:00,415.9,28.86
2024-10-27 06:00:00+00:00,275.75,28.94
2024-10-27 07:00:00+00:00,191.62,28.95
2024-10-27 08:00:00+00:00,96.05,28.68
2024-10-27 09:00:00+00:00,12.62,28.01
2024-10-27 10:00:00+00:00,0.0,27.24
2024-10-27 11:00:00+00:00,0.0,26.93
2024-10-27 12:00:00+00:00,0.0,26.22
2024-10-27 13:00:00+00:00,0.0,25.23
2024-10-27 14:00:00+00:00,0.0,24.16
2024-10-27 15:00:00+00:00,0.0,23.43
2024-10-27 16:00:00+00:00,0.0,23.24
2024-10-27 17:00:00+00:00,0.0,23.1
2024-10-27 18:00:00+00:00,0.0,22.85
2024-10-27 19:00:00+00:00,0.0,22.51
2024-10-27 20:00:00+00:00,0.0,22.15
2024-10-27 21:00:00+00:00,0.0,21.8
2024-10-27 22:00:00+00:00,7.78,21.51
2024-10-27 23:00:00+00:00,78.85,21.64
2024-10-28 00:00:00+00:00,177.77,22.39
2024-10-28 01:00:00+00:00,269.52,23.71
2024-10-28 02:00:00+00:00,352.67,25.32
2024-10-28 03:00:00+00:00,309.95,26.66
2024-10-28 04:00:00+00:00,283.38,27.57
2024-10-28 05:00:00+00:00,271.92,28.08
2024-10-28 06:00:00+00:00,252.1,28.17
2024-10-28 07:00:00+00:00,176.15,28.08
2024-10-28 08:00:00+00:00,91.68,27.84
2024-10-28 09:00:00+00:00,12.93,27.31
2024-10-28 10:00:00+00:00,0.0,26.57
2024-10-28 11:00:00+00:00,0.0,26.1
2024-10-28 12:00:00+00:00,0.0,25.4
2024-10-28 13:00:00+00:00,0.0,24.38
2024-10-28 14:00:00+00:00,0.0,23.36
2024-10-28 15:00:00+00:00,0.0,22.73
2024-10-28 16:00:00+00:00,0.0,22.4
2024-10-28 17:00:00+00:00,0.0,22.22
2024-10-28 18:00:00+00:00,0.0,22.13
2024-10-28 19:00:00+00:00,0.0,22.08
2024-10-28 20:00:00+00:00,0.0,22.05
2024-10-28 21:00:00+00:00,0.0,22.04
2024-10-28 22:00:00+00:00,7.93,21.99
2024-10-28 23:00:00+00:00,116.32,22.14
2024-10-29 00:00:00+00:00,276.15,22.47
2024-10-29 01:00:00+00:00,436.27,23.08
2024-10-29 02:00:00+00:00,567.92,24.01
2024-10-29 03:00:00+00:00,602.08,25.07
2024-10-29 04:00:00+00:00,438.1,25.83
2024-10-29 05:00:00+00:00,389.0,26.29
2024-10-29 06:00:00+00:00,375.1,26.6
2024-10-29 07:00:00+00:00,239.15,26.78
2024-10-29 08:00:00+00:00,106.35,26.8
2024-10-29 09:00:00+00:00,16.33,26.49
2024-10-29 10:00:00+00:00,0.0,25.93
2024-10-29 11:00:00+00:00,0.0,25.67
2024-10-29 12:00:00+00:00,0.0,25.34
2024-10-29 13:00:00+00:00,0.0,24.86
2024-10-29 14:00:00+00:00,0.0,24.31
2024-10-29 15:00:00+00:00,0.0,23.83
2024-10-29 16:00:00+00:00,0.0,23.37
2024-10-29 17:00:00+00:00,0.0,22.88
2024-10-29 18:00:00+00:00,0.0,22.53
2024-10-29 19:00:00+00:00,0.0,22.3
2024-10-29 20:00:00+00:00,0.0,22.16
2024-10-29 21:00:00+00:00,0.0,22.02
2024-10-29 22:00:00+00:00,9.5,21.78
2024-10-29 23:00:00+00:00,132.9,22.02
2024-10-30 00:00:00+00:00,318.38,22.6
2024-10-30 01:00:00+00:00,505.2,23.75
2024-10-30 02:00:00+00:00,656.83,25.33
2024-10-30 03:00:00+00:00,713.75,26.39
2024-10-30 04:00:00+00:00,669.55,27.3
2024-10-30 05:00:00+00:00,538.6,27.97
2024-10-30 06:00:00+00:00,469.95,28.24
2024-10-30 07:00:00+00:00,320.73,28.34
2024-10-30 08:00:00+00:00,151.32,28.2
2024-10-30 09:00:00+00:00,19.83,27.45
2024-10-30 10:00:00+00:00,0.0,26.52
2024-10-30 11:00:00+00:00,0.0,25.87
2024-10-30 12:00:00+00:00,0.0,24.88
2024-10-30 13:00:00+00:00,0.0,24.02
2024-10-30 14:00:00+00:00,0.0,23.27
2024-10-30 15:00:00+00:00,0.0,22.95
2024-10-30 16:00:00+00:00,0.0,22.6
2024-10-30 17:00:00+00:00,0.0,22.16
2024-10-30 18:00:00+00:00,0.0,21.73
2024-10-30 19:00:00+00:00,0.0,21.44
2024-10-30 20:00:00+00:00,0.0,21.26
2024-10-30 21:00:00+00:00,0.0,21.09
2024-10-30 22:00:00+00:00,8.45,20.9
2024-10-30 23:00:00+00:00,133.88,21.23
2024-10-31 00:00:00+00:00,341.5,22.13
2024-10-31 01:00:00+00:00,544.47,23.6
2024-10-31 02:00:00+00:00,693.67,25.41
2024-10-31 03:00:00+00:00,776.88,26.56
2024-10-31 04:00:00+00:00,774.17,27.53
2024-10-31 05:00:00+00:00,700.35,28.26
2024-10-31 06:00:00+00:00,577.33,28.63
2024-10-31 07:00:00+00:00,395.88,28.64
2024-10-31 08:00:00+00:00,188.6,28.31
2024-10-31 09:00:00+00:00,22.1,27.49
2024-10-31 10:00:00+00:00,0.0,26.51
2024-10-31 11:00:00+00:00,0.0,26.08
2024-10-31 12:00:00+00:00,0.0,25.75
2024-10-31 13:00:00+00:00,0.0,25.27
2024-10-31 14:00:00+00:00,0.0,24.74
2024-10-31 15:00:00+00:00,0.0,24.42
2024-10-31 16:00:00+00:00,0.0,24.16
2024-10-31 17:00:00+00:00,0.0,23.8
2024-10-31 18:00:00+00:00,0.0,23.4
2024-10-31 19:00:00+00:00,0.0,23.12
2024-10-31 20:00:00+00:00,0.0,22.91
2024-10-31 21:00:00+00:00,0.0,22.68
2024-10-31 22:00:00+00:00,10.38,22.38
2024-10-31 23:00:00+00:00,155.15,22.54
2024-11-01 00:00:00+00:00,359.0,23.28
2024-11-01 01:00:00+00:00,547.62,24.44
2024-11-01 02:00:00+00:00,687.1,25.82
2024-11-01 03:00:00+00:00,761.62,27.16
2024-11-01 04:00:00+00:00,789.7,28.13
2024-11-01 05:00:00+00:00,714.17,28.7
2024-11-01 06:00:00+00:00,577.72,29.03
2024-11-01 07:00:00+00:00,368.83,29.06
2024-11-01 08:00:00+00:00,163.9,28.72
2024-11-01 09:00:00+00:00,16.65,27.86
2024-11-01 10:00:00+00:00,0.0,26.77
2024-11-01 11:00:00+00:00,0.0,25.7
2024-11-01 12:00:00+00:00,0.0,24.8
2024-11-01 13:00:00+00:00,0.0,24.33
2024-11-01 14:00:00+00:00,0.0,23.82
2024-11-01 15:00:00+00:00,0.0,23.22
2024-11-01 16:00:00+00:00,0.0,22.67
2024-11-01 17:00:00+00:00,0.0,22.27
2024-11-01 18:00:00+00:00,0.0,22.03
2024-11-01 19:00:00+00:00,0.0,21.82
2024-11-01 20:00:00+00:00,0.0,21.55
2024-11-01 21:00:00+00:00,0.0,21.33
2024-11-01 22:00:00+00:00,7.2,21.2
2024-11-01 23:00:00+00:00,87.88,21.47
2024-11-02 00:00:00+00:00,204.98,22.17
2024-11-02 01:00:00+00:00,309.9,23.15
2024-11-02 02:00:00+00:00,474.83,24.37
2024-11-02 03:00:00+00:00,514.38,25.38
2024-11-02 04:00:00+00:00,478.48,26.16
2024-11-02 05:00:00+00:00,486.05,26.77
2024-11-02 06:00:00+00:00,394.4,27.09
2024-11-02 07:00:00+00:00,252.3,27.1
2024-11-02 08:00:00+00:00,112.45,26.91
2024-11-02 09:00:00+00:00,12.12,26.38
2024-11-02 10:00:00+00:00,0.0,25.68
2024-11-02 11:00:00+00:00,0.0,25.39
2024-11-02 12:00:00+00:00,0.0,24.94
2024-11-02 13:00:00+00:00,0.0,24.3
2024-11-02 14:00:00+00:00,0.0,23.61
2024-11-02 15:00:00+00:00,0.0,23.09
2024-11-02 16:00:00+00:00,0.0,22.81
2024-11-02 17:00:00+00:00,0.0,22.66
2024-11-02 18:00:00+00:00,0.0,22.69
2024-11-02 19:00:00+00:00,0.0,22.72
2024-11-02 20:00:00+00:00,0.0,22.68
2024-11-02 21:00:00+00:00,0.0,22.5
2024-11-02 22:00:00+00:00,4.62,22.29
2024-11-02 23:00:00+00:00,66.2,22.25
2024-11-03 00:00:00+00:00,156.3,22.31
2024-11-03 01:00:00+00:00,250.93,22.88
2024-11-03 02:00:00+00:00,416.35,24.04
2024-11-03 03:00:00+00:00,451.95,25.06
2024-11-03 04:00:00+00:00,451.9,25.59
2024-11-03 05:00:00+00:00,491.92,25.93
2024-11-03 06:00:00+00:00,453.33,26.25
2024-11-03 07:00:00+00:00,295.3,26.4
2024-11-03 08:00:00+00:00,130.52,26.32
2024-11-03 09:00:00+00:00,14.77,25.77
2024-11-03 10:00:00+00:00,0.0,25.01
2024-11-03 11:00:00+00:00,0.0,24.63
2024-11-03 12:00:00+00:00,0.0,24.2
2024-11-03 13:00:00+00:00,0.0,23.75
2024-11-03 14:00:00+00:00,0.0,23.44
2024-11-03 15:00:00+00:00,0.0,23.25
2024-11-03 16:00:00+00:00,0.0,23.1
2024-11-03 17:00:00+00:00,0.0,22.93
2024-11-03 18:00:00+00:00,0.0,22.82
2024-11-03 19:00:00+00:00,0.0,22.81
2024-11-03 20:00:00+00:00,0.0,22.97
2024-11-03 21:00:00+00:00,0.0,23.14
2024-11-03 22:00:00+00:00,7.4,23.15
2024-11-03 23:00:00+00:00,100.97,23.4
2024-11-04 00:00:00+00:00,264.55,23.81
2024-11-04 01:00:00+00:00,445.05,24.47
2024-11-04 02:00:00+00:00,587.92,25.38
2024-11-04 03:00:00+00:00,696.95,26.15
2024-11-04 04:00:00+00:00,705.25,26.74
2024-11-04 05:00:00+00:00,626.2,27.14
2024-11-04 06:00:00+00:00,487.8,27.46
2024-11-04 07:00:00+00:00,316.48,27.68
2024-11-04 08:00:00+00:00,138.15,27.67
2024-11-04 09:00:00+00:00,14.62,27.17
2024-11-04 10:00:00+00:00,0.0,26.41
2024-11-04 11:00:00+00:00,0.0,25.87
2024-11-04 12:00:00+00:00,0.0,25.52
2024-11-04 13:00:00+00:00,0.0,24.94
2024-11-04 14:00:00+00:00,0.0,23.99
2024-11-04 15:00:00+00:00,0.0,23.18
2024-11-04 16:00:00+00:00,0.0,22.73
2024-11-04 17:00:00+00:00,0.0,22.53
2024-11-04 18:00:00+00:00,0.0,22.38
2024-11-04 19:00:00+00:00,0.0,22.28
2024-11-04 20:00:00+00:00,0.0,22.28
2024-11-04 21:00:00+00:00,0.0,22.27
2024-11-04 22:00:00+00:00,5.95,22.13
2024-11-04 23:00:00+00:00,99.12,22.36
2024-11-05 00:00:00+00:00,262.25,23.08
2024-11-05 01:00:00+00:00,450.62,24.36
2024-11-05 02:00:00+00:00,612.67,25.71
2024-11-05 03:00:00+00:00,710.5,26.62
2024-11-05 04:00:00+00:00,743.75,27.22
2024-11-05 05:00:00+00:00,584.42,27.54
2024-11-05 06:00:00+00:00,458.75,27.56
2024-11-05 07:00:00+00:00,281.6,27.47
2024-11-05 08:00:00+00:00,122.0,27.17
2024-11-05 09:00:00+00:00,10.32,26.57
2024-11-05 10:00:00+00:00,0.0,26.0
2024-11-05 11:00:00+00:00,0.0,25.71
2024-11-05 12:00:00+00:00,0.0,25.26
2024-11-05 13:00:00+00:00,0.0,24.63
2024-11-05 14:00:00+00:00,0.0,23.91
2024-11-05 15:00:00+00:00,0.0,23.24
2024-11-05 16:00:00+00:00,0.0,22.77
2024-11-05 17:00:00+00:00,0.0,22.34
2024-11-05 18:00:00+00:00,0.0,22.09
2024-11-05 19:00:00+00:00,0.0,21.94
2024-11-05 20:00:00+00:00,0.0,21.84
2024-11-05 21:00:00+00:00,0.0,21.67
2024-11-05 22:00:00+00:00,5.75,21.49
2024-11-05 23:00:00+00:00,86.07,21.89
2024-11-06 00:00:00+00:00,229.55,22.66
2024-11-06 01:00:00+00:00,378.08,23.68
2024-11-06 02:00:00+00:00,607.2,24.71
2024-11-06 03:00:00+00:00,746.0,25.6
2024-11-06 04:00:00+00:00,763.9,26.4
2024-11-06 05:00:00+00:00,679.3,26.92
2024-11-06 06:00:00+00:00,533.83,27.05
2024-11-06 07:00:00+00:00,348.52,27.01
2024-11-06 08:00:00+00:00,154.38,26.82
2024-11-06 09:00:00+00:00,15.05,26.16
2024-11-06 10:00:00+00:00,0.0,25.45
2024-11-06 11:00:00+00:00,0.0,25.11
2024-11-06 12:00:00+00:00,0.0,24.54
2024-11-06 13:00:00+00:00,0.0,23.91
2024-11-06 14:00:00+00:00,0.0,23.33
2024-11-06 15:00:00+00:00,0.0,22.84
2024-11-06 16:00:00+00:00,0.0,22.55
2024-11-06 17:00:00+00:00,0.0,22.25
2024-11-06 18:00:00+00:00,0.0,21.88
2024-11-06 19:00:00+00:00,0.0,21.49
2024-11-06 20:00:00+00:00,0.0,21.06
2024-11-06 21:00:00+00:00,0.0,20.68
2024-11-06 22:00:00+00:00,6.95,20.32
2024-11-06 23:00:00+00:00,132.43,20.65
2024-11-07 00:00:00+00:00,347.3,21.53
2024-11-07 01:00:00+00:00,540.35,22.59
2024-11-07 02:00:00+00:00,698.62,23.7
2024-11-07 03:00:00+00:00,778.25,24.7
2024-11-07 04:00:00+00:00,797.65,25.5
2024-11-07 05:00:00+00:00,731.88,26.12
2024-11-07 06:00:00+00:00,580.83,26.55
2024-11-07 07:00:00+00:00,400.45,26.77
2024-11-07 08:00:00+00:00,184.57,26.63
2024-11-07 09:00:00+00:00,17.42,25.61
2024-11-07 10:00:00+00:00,0.0,24.6
2024-11-07 11:00:00+00:00,0.0,23.88
2024-11-07 12:00:00+00:00,0.0,23.01
2024-11-07 13:00:00+00:00,0.0,21.95
2024-11-07 14:00:00+00:00,0.0,21.16
2024-11-07 15:00:00+00:00,0.0,20.59
2024-11-07 16:00:00+00:00,0.0,20.25
2024-11-07 17:00:00+00:00,0.0,20.02
2024-11-07 18:00:00+00:00,0.0,19.81
2024-11-07 19:00:00+00:00,0.0,19.55
2024-11-07 20:00:00+00:00,0.0,19.22
2024-11-07 21:00:00+00:00,0.0,18.87
2024-11-07 22:00:00+00:00,6.7,18.55
2024-11-07 23:00:00+00:00,119.28,19.04
2024-11-08 00:00:00+00:00,316.73,20.21
2024-11-08 01:00:00+00:00,556.72,22.05
2024-11-08 02:00:00+00:00,699.05,23.61
2024-11-08 03:00:00+00:00,774.65,24.69
2024-11-08 04:00:00+00:00,791.0,25.57
2024-11-08 05:00:00+00:00,714.7,26.31
2024-11-08 06:00:00+00:00,550.75,26.82
2024-11-08 07:00:00+00:00,353.83,26.97
2024-11-08 08:00:00+00:00,148.85,26.77
2024-11-08 09:00:00+00:00,12.35,25.82
2024-11-08 10:00:00+00:00,0.0,24.81
2024-11-08 11:00:00+00:00,0.0,24.23
2024-11-08 12:00:00+00:00,0.0,23.48
2024-11-08 13:00:00+00:00,0.0,22.67
2024-11-08 14:00:00+00:00,0.0,22.07
2024-11-08 15:00:00+00:00,0.0,21.83
2024-11-08 16:00:00+00:00,0.0,21.95
2024-11-08 17:00:00+00:00,0.0,21.86
2024-11-08 18:00:00+00:00,0.0,21.74
2024-11-08 19:00:00+00:00,0.0,21.7
2024-11-08 20:00:00+00:00,0.0,21.59
2024-11-08 21:00:00+00:00,0.0,21.46
2024-11-08 22:00:00+00:00,4.18,21.24
2024-11-08 23:00:00+00:00,75.57,21.53
2024-11-09 00:00:00+00:00,191.8,22.37
2024-11-09 01:00:00+00:00,310.55,23.84
2024-11-09 02:00:00+00:00,419.75,25.48
2024-11-09 03:00:00+00:00,483.27,26.63
2024-11-09 04:00:00+00:00,553.38,27.38
2024-11-09 05:00:00+00:00,516.85,27.87
2024-11-09 06:00:00+00:00,378.65,28.11
2024-11-09 07:00:00+00:00,242.02,28.14
2024-11-09 08:00:00+00:00,106.53,27.78
2024-11-09 09:00:00+00:00,10.5,26.85
2024-11-09 10:00:00+00:00,0.0,25.82
2024-11-09 11:00:00+00:00,0.0,25.32
2024-11-09 12:00:00+00:00,0.0,24.89
2024-11-09 13:00:00+00:00,0.0,24.52
2024-11-09 14:00:00+00:00,0.0,24.22
2024-11-09 15:00:00+00:00,0.0,24.01
2024-11-09 16:00:00+00:00,0.0,23.96
2024-11-09 17:00:00+00:00,0.0,23.99
2024-11-09 18:00:00+00:00,0.0,23.94
2024-11-09 19:00:00+00:00,0.0,23.8
2024-11-09 20:00:00+00:00,0.0,23.61
2024-11-09 21:00:00+00:00,0.0,23.29
2024-11-09 22:00:00+00:00,3.5,23.11
2024-11-09 23:00:00+00:00,67.95,23.13
2024-11-10 00:00:00+00:00,138.9,23.74
2024-11-10 01:00:00+00:00,181.6,24.88
2024-11-10 02:00:00+00:00,249.18,25.92
2024-11-10 03:00:00+00:00,287.02,26.46
2024-11-10 04:00:00+00:00,331.75,26.81
2024-11-10 05:00:00+00:00,307.0,27.0
2024-11-10 06:00:00+00:00,303.1,27.08
2024-11-10 07:00:00+00:00,198.05,27.1
2024-11-10 08:00:00+00:00,88.38,26.97
2024-11-10 09:00:00+00:00,10.23,26.35
2024-11-10 10:00:00+00:00,0.0,25.57
2024-11-10 11:00:00+00:00,0.0,25.2
2024-11-10 12:00:00+00:00,0.0,24.79
2024-11-10 13:00:00+00:00,0.0,24.45
2024-11-10 14:00:00+00:00,0.0,24.02
2024-11-10 15:00:00+00:00,0.0,23.52
2024-11-10 16:00:00+00:00,0.0,23.18
2024-11-10 17:00:00+00:00,0.0,22.88
2024-11-10 18:00:00+00:00,0.0,22.77
2024-11-10 19:00:00+00:00,0.0,22.63
2024-11-10 20:00:00+00:00,0.0,22.43
2024-11-10 21:00:00+00:00,0.0,22.19
2024-11-10 22:00:00+00:00,4.55,21.95
2024-11-10 23:00:00+00:00,85.25,22.22
2024-11-11 00:00:00+00:00,232.82,23.43
2024-11-11 01:00:00+00:00,389.95,25.36
2024-11-11 02:00:00+00:00,511.83,26.44
2024-11-11 03:00:00+00:00,624.08,26.93
2024-11-11 04:00:00+00:00,650.0,27.22
2024-11-11 05:00:00+00:00,572.67,27.46
2024-11-11 06:00:00+00:00,464.12,27.62
2024-11-11 07:00:00+00:00,313.45,27.68
2024-11-11 08:00:00+00:00,145.9,27.42
2024-11-11 09:00:00+00:00,15.02,26.47
2024-11-11 10:00:00+00:00,0.0,25.35
2024-11-11 11:00:00+00:00,0.0,24.86
2024-11-11 12:00:00+00:00,0.0,24.52
2024-11-11 13:00:00+00:00,0.0,24.43
2024-11-11 14:00:00+00:00,0.0,24.15
2024-11-11 15:00:00+00:00,0.0,23.8
2024-11-11 16:00:00+00:00,0.0,23.55
2024-11-11 17:00:00+00:00,0.0,23.3
2024-11-11 18:00:00+00:00,0.0,23.04
2024-11-11 19:00:00+00:00,0.0,22.77
2024-11-11 20:00:00+00:00,0.0,22.49
2024-11-11 21:00:00+00:00,0.0,22.29
2024-11-11 22:00:00+00:00,5.9,22.23
2024-11-11 23:00:00+00:00,125.03,22.64
2024-11-12 00:00:00+00:00,330.42,23.53
2024-11-12 01:00:00+00:00,503.27,25.06
2024-11-12 02:00:00+00:00,660.33,26.53
2024-11-12 03:00:00+00:00,740.28,27.33
2024-11-12 04:00:00+00:00,743.5,27.91
2024-11-12 05:00:00+00:00,645.0,28.44
2024-11-12 06:00:00+00:00,537.2,28.9
2024-11-12 07:00:00+00:00,366.75,29.36
2024-11-12 08:00:00+00:00,166.43,29.43
2024-11-12 09:00:00+00:00,15.65,28.72
2024-11-12 10:00:00+00:00,0.0,27.59
2024-11-12 11:00:00+00:00,0.0,26.66
2024-11-12 12:00:00+00:00,0.0,26.04
2024-11-12 13:00:00+00:00,0.0,25.63
2024-11-12 14:00:00+00:00,0.0,25.3
2024-11-12 15:00:00+00:00,0.0,25.0
2024-11-12 16:00:00+00:00,0.0,24.71
2024-11-12 17:00:00+00:00,0.0,24.53
2024-11-12 18:00:00+00:00,0.0,24.27
2024-11-12 19:00:00+00:00,0.0,23.91
2024-11-12 20:00:00+00:00,0.0,23.48
2024-11-12 21:00:00+00:00,0.0,23.09
2024-11-12 22:00:00+00:00,3.53,22.65
2024-11-12 23:00:00+00:00,59.35,22.8
2024-11-13 00:00:00+00:00,128.62,23.61
2024-11-13 01:00:00+00:00,195.8,25.78
2024-11-13 02:00:00+00:00,312.4,27.0
2024-11-13 03:00:00+00:00,336.4,27.3
2024-11-13 04:00:00+00:00,256.4,27.04
2024-11-13 05:00:00+00:00,206.6,26.45
2024-11-13 06:00:00+00:00,143.57,26.33
2024-11-13 07:00:00+00:00,98.57,26.58
2024-11-13 08:00:00+00:00,47.38,26.8
2024-11-13 09:00:00+00:00,5.2,26.56
2024-11-13 10:00:00+00:00,0.0,26.0
2024-11-13 11:00:00+00:00,0.0,25.61
2024-11-13 12:00:00+00:00,0.0,25.27
2024-11-13 13:00:00+00:00,0.0,24.89
2024-11-13 14:00:00+00:00,0.0,24.47
2024-11-13 15:00:00+00:00,0.0,24.15
2024-11-13 16:00:00+00:00,0.0,23.97
2024-11-13 17:00:00+00:00,0.0,23.75
2024-11-13 18:00:00+00:00,0.0,23.54
2024-11-13 19:00:00+00:00,0.0,23.34
2024-11-13 20:00:00+00:00,0.0,23.11
2024-11-13 21:00:00+00:00,0.0,23.0
2024-11-13 22:00:00+00:00,1.88,22.97
2024-11-13 23:00:00+00:00,41.45,23.11
2024-11-14 00:00:00+00:00,115.65,23.71
2024-11-14 01:00:00+00:00,164.68,24.93
2024-11-14 02:00:00+00:00,211.35,26.34
2024-11-14 03:00:00+00:00,208.27,27.05
2024-11-14 04:00:00+00:00,218.25,27.29
2024-11-14 05:00:00+00:00,175.48,27.33
2024-11-14 06:00:00+00:00,113.15,27.27
2024-11-14 07:00:00+00:00,77.82,27.1
2024-11-14 08:00:00+00:00,34.72,26.67
2024-11-14 09:00:00+00:00,4.05,25.92
2024-11-14 10:00:00+00:00,0.0,25.18
2024-11-14 11:00:00+00:00,0.0,24.93
2024-11-14 12:00:00+00:00,0.0,24.78
2024-11-14 13:00:00+00:00,0.0,24.75
2024-11-14 14:00:00+00:00,0.0,24.84
2024-11-14 15:00:00+00:00,0.0,24.85
2024-11-14 16:00:00+00:00,0.0,24.7
2024-11-14 17:00:00+00:00,0.0,24.54
2024-11-14 18:00:00+00:00,0.0,24.47
2024-11-14 19:00:00+00:00,0.0,24.42
2024-11-14 20:00:00+00:00,0.0,24.37
2024-11-14 21:00:00+00:00,0.0,24.26
2024-11-14 22:00:00+00:00,2.72,24.14
2024-11-14 23:00:00+00:00,41.97,24.37
2024-11-15 00:00:00+00:00,96.75,24.83
2024-11-15 01:00:00+00:00,147.65,25.61
2024-11-15 02:00:00+00:00,153.1,26.45
2024-11-15 03:00:00+00:00,206.8,27.06
2024-11-15 04:00:00+00:00,225.27,27.45
2024-11-15 05:00:00+00:00,237.93,27.61
2024-11-15 06:00:00+00:00,158.27,27.61
2024-11-15 07:00:00+00:00,119.65,27.53
2024-11-15 08:00:00+00:00,55.7,27.4
2024-11-15 09:00:00+00:00,6.5,27.03
2024-11-15 10:00:00+00:00,0.0,26.46
2024-11-15 11:00:00+00:00,0.0,26.04
2024-11-15 12:00:00+00:00,0.0,25.63
2024-11-15 13:00:00+00:00,0.0,25.31
2024-11-15 14:00:00+00:00,0.0,24.99
2024-11-15 15:00:00+00:00,0.0,24.72
2024-11-15 16:00:00+00:00,0.0,24.56
2024-11-15 17:00:00+00:00,0.0,24.38
2024-11-15 18:00:00+00:00,0.0,24.21
2024-11-15 19:00:00+00:00,0.0,24.09
2024-11-15 20:00:00+00:00,0.0,24.01
2024-11-15 21:00:00+00:00,0.0,24.01
2024-11-15 22:00:00+00:00,3.15,24.14
2024-11-15 23:00:00+00:00,57.08,24.37
2024-11-16 00:00:00+00:00,137.45,25.2
2024-11-16 01:00:00+00:00,186.48,26.38
2024-11-16 02:00:00+00:00,348.92,27.41
2024-11-16 03:00:00+00:00,501.98,28.06
2024-11-16 04:00:00+00:00,491.98,28.42
2024-11-16 05:00:00+00:00,344.02,28.63
2024-11-16 06:00:00+00:00,265.38,28.54
2024-11-16 07:00:00+00:00,177.8,28.37
2024-11-16 08:00:00+00:00,82.18,28.08
2024-11-16 09:00:00+00:00,7.53,27.59
2024-11-16 10:00:00+00:00,0.0,26.92
2024-11-16 11:00:00+00:00,0.0,26.39
2024-11-16 12:00:00+00:00,0.0,25.88
2024-11-16 13:00:00+00:00,0.0,25.43
2024-11-16 14:00:00+00:00,0.0,25.09
2024-11-16 15:00:00+00:00,0.0,24.9
2024-11-16 16:00:00+00:00,0.0,24.75
2024-11-16 17:00:00+00:00,0.0,24.58
2024-11-16 18:00:00+00:00,0.0,24.43
2024-11-16 19:00:00+00:00,0.0,24.25
2024-11-16 20:00:00+00:00,0.0,23.95
2024-11-16 21:00:00+00:00,0.0,23.62
2024-11-16 22:00:00+00:00,1.75,23.29
2024-11-16 23:00:00+00:00,25.5,23.16
2024-11-17 00:00:00+00:00,64.55,23.48
2024-11-17 01:00:00+00:00,98.68,24.07
2024-11-17 02:00:00+00:00,178.1,24.75
2024-11-17 03:00:00+00:00,275.3,25.51
2024-11-17 04:00:00+00:00,388.12,26.13
2024-11-17 05:00:00+00:00,452.98,26.46
2024-11-17 06:00:00+00:00,382.25,26.55
2024-11-17 07:00:00+00:00,247.68,26.44
2024-11-17 08:00:00+00:00,102.38,26.14
2024-11-17 09:00:00+00:00,10.6,25.58
2024-11-17 10:00:00+00:00,0.0,25.19
2024-11-17 11:00:00+00:00,0.0,25.04
2024-11-17 12:00:00+00:00,0.0,24.8
2024-11-17 13:00:00+00:00,0.0,24.43
2024-11-17 14:00:00+00:00,0.0,23.45
2024-11-17 15:00:00+00:00,0.0,22.78
2024-11-17 16:00:00+00:00,0.0,22.5
2024-11-17 17:00:00+00:00,0.0,22.22
2024-11-17 18:00:00+00:00,0.0,21.81
2024-11-17 19:00:00+00:00,0.0,21.26
2024-11-17 20:00:00+00:00,0.0,20.89
2024-11-17 21:00:00+00:00,0.0,20.82
2024-11-17 22:00:00+00:00,3.1,20.83
2024-11-17 23:00:00+00:00,78.43,20.88
2024-11-18 00:00:00+00:00,231.62,21.43
2024-11-18 01:00:00+00:00,385.92,22.77
2024-11-18 02:00:00+00:00,462.3,24.48
2024-11-18 03:00:00+00:00,334.25,25.64
2024-11-18 04:00:00+00:00,337.45,26.5
2024-11-18 05:00:00+00:00,291.23,27.0
2024-11-18 06:00:00+00:00,277.08,27.2
2024-11-18 07:00:00+00:00,184.05,27.15
2024-11-18 08:00:00+00:00,87.9,26.79
2024-11-18 09:00:00+00:00,5.75,25.94
2024-11-18 10:00:00+00:00,0.0,25.02
2024-11-18 11:00:00+00:00,0.0,24.15
2024-11-18 12:00:00+00:00,0.0,22.93
2024-11-18 13:00:00+00:00,0.0,21.91
2024-11-18 14:00:00+00:00,0.0,21.24
2024-11-18 15:00:00+00:00,0.0,20.9
2024-11-18 16:00:00+00:00,0.0,20.91
2024-11-18 17:00:00+00:00,0.0,21.08
2024-11-18 18:00:00+00:00,0.0,21.15
2024-11-18 19:00:00+00:00,0.0,21.07
2024-11-18 20:00:00+00:00,0.0,20.89
2024-11-18 21:00:00+00:00,0.0,20.56
2024-11-18 22:00:00+00:00,1.17,20.21
2024-11-18 23:00:00+00:00,31.1,20.05
2024-11-19 00:00:00+00:00,83.15,20.32
2024-11-19 01:00:00+00:00,135.52,20.86
2024-11-19 02:00:00+00:00,180.57,21.46
2024-11-19 03:00:00+00:00,191.45,21.76
2024-11-19 04:00:00+00:00,113.15,21.75
2024-11-19 05:00:00+00:00,120.55,21.6
2024-11-19 06:00:00+00:00,125.72,21.33
2024-11-19 07:00:00+00:00,95.35,21.09
2024-11-19 08:00:00+00:00,40.9,20.73
2024-11-19 09:00:00+00:00,5.95,20.25
2024-11-19 10:00:00+00:00,0.0,19.9
2024-11-19 11:00:00+00:00,0.0,19.7
2024-11-19 12:00:00+00:00,0.0,19.47
2024-11-19 13:00:00+00:00,0.0,19.32
2024-11-19 14:00:00+00:00,0.0,19.23
2024-11-19 15:00:00+00:00,0.0,19.14
2024-11-19 16:00:00+00:00,0.0,19.04
2024-11-19 17:00:00+00:00,0.0,18.89
2024-11-19 18:00:00+00:00,0.0,18.81
2024-11-19 19:00:00+00:00,0.0,18.75
2024-11-19 20:00:00+00:00,0.0,18.66
2024-11-19 21:00:00+00:00,0.0,18.5
2024-11-19 22:00:00+00:00,1.33,18.29
2024-11-19 23:00:00+00:00,24.42,18.08
2024-11-20 00:00:00+00:00,58.38,18.07
2024-11-20 01:00:00+00:00,77.78,18.3
2024-11-20 02:00:00+00:00,126.47,18.84
2024-11-20 03:00:00+00:00,158.57,19.46
2024-11-20 04:00:00+00:00,127.0,19.94
2024-11-20 05:00:00+00:00,129.98,20.43
2024-11-20 06:00:00+00:00,58.62,20.76
2024-11-20 07:00:00+00:00,110.55,20.79
2024-11-20 08:00:00+00:00,54.7,20.51
2024-11-20 09:00:00+00:00,5.9,19.93
2024-11-20 10:00:00+00:00,0.0,19.33
2024-11-20 11:00:00+00:00,0.0,18.9
2024-11-20 12:00:00+00:00,0.0,18.53
2024-11-20 13:00:00+00:00,0.0,18.23
2024-11-20 14:00:00+00:00,0.0,17.93
2024-11-20 15:00:00+00:00,0.0,17.67
2024-11-20 16:00:00+00:00,0.0,17.5
2024-11-20 17:00:00+00:00,0.0,17.33
2024-11-20 18:00:00+00:00,0.0,17.18
2024-11-20 19:00:00+00:00,0.0,17.1
2024-11-20 20:00:00+00:00,0.0,17.12
2024-11-20 21:00:00+00:00,0.0,17.21
2024-11-20 22:00:00+00:00,0.0,17.31
2024-11-20 23:00:00+00:00,41.35,17.5
2024-11-21 00:00:00+00:00,112.4,18.12
2024-11-21 01:00:00+00:00,169.25,18.9
2024-11-21 02:00:00+00:00,285.02,20.16
2024-11-21 03:00:00+00:00,355.88,21.3
2024-11-21 04:00:00+00:00,363.85,22.2
2024-11-21 05:00:00+00:00,324.02,22.92
2024-11-21 06:00:00+00:00,230.62,23.39
2024-11-21 07:00:00+00:00,153.48,23.64
2024-11-21 08:00:00+00:00,75.0,23.56
2024-11-21 09:00:00+00:00,7.57,22.78
2024-11-21 10:00:00+00:00,0.0,21.93
2024-11-21 11:00:00+00:00,0.0,21.5
2024-11-21 12:00:00+00:00,0.0,20.79
2024-11-21 13:00:00+00:00,0.0,19.75
2024-11-21 14:00:00+00:00,0.0,18.34
2024-11-21 15:00:00+00:00,0.0,17.35
2024-11-21 16:00:00+00:00,0.0,17.11
2024-11-21 17:00:00+00:00,0.0,17.12
2024-11-21 18:00:00+00:00,0.0,17.13
2024-11-21 19:00:00+00:00,0.0,17.02
2024-11-21 20:00:00+00:00,0.0,16.84
2024-11-21 21:00:00+00:00,0.0,16.68
2024-11-21 22:00:00+00:00,0.0,16.51
2024-11-21 23:00:00+00:00,61.85,16.63
2024-11-22 00:00:00+00:00,167.25,17.37
2024-11-22 01:00:00+00:00,286.5,18.66
2024-11-22 02:00:00+00:00,450.83,20.13
2024-11-22 03:00:00+00:00,551.25,21.2
2024-11-22 04:00:00+00:00,629.33,21.93
2024-11-22 05:00:00+00:00,565.28,22.6
2024-11-22 06:00:00+00:00,473.92,23.07
2024-11-22 07:00:00+00:00,302.45,23.22
2024-11-22 08:00:00+00:00,124.28,23.02
2024-11-22 09:00:00+00:00,9.48,22.07
2024-11-22 10:00:00+00:00,0.0,21.11
2024-11-22 11:00:00+00:00,0.0,20.57
2024-11-22 12:00:00+00:00,0.0,19.88
2024-11-22 13:00:00+00:00,0.0,19.1
2024-11-22 14:00:00+00:00,0.0,18.13
2024-11-22 15:00:00+00:00,0.0,17.26
2024-11-22 16:00:00+00:00,0.0,17.02
2024-11-22 17:00:00+00:00,0.0,16.98
2024-11-22 18:00:00+00:00,0.0,17.08
2024-11-22 19:00:00+00:00,0.0,17.21
2024-11-22 20:00:00+00:00,0.0,17.22
2024-11-22 21:00:00+00:00,0.0,17.08
2024-11-22 22:00:00+00:00,0.0,16.81
2024-11-22 23:00:00+00:00,49.9,17.06
2024-11-23 00:00:00+00:00,151.48,17.84
2024-11-23 01:00:00+00:00,258.83,18.87
2024-11-23 02:00:00+00:00,298.35,20.09
2024-11-23 03:00:00+00:00,399.02,20.89
2024-11-23 04:00:00+00:00,384.92,21.49
2024-11-23 05:00:00+00:00,295.23,22.02
2024-11-23 06:00:00+00:00,198.3,22.45
2024-11-23 07:00:00+00:00,134.82,22.72
2024-11-23 08:00:00+00:00,64.05,22.77
2024-11-23 09:00:00+00:00,5.43,22.22
2024-11-23 10:00:00+00:00,0.0,21.74
2024-11-23 11:00:00+00:00,0.0,21.48
2024-11-23 12:00:00+00:00,0.0,21.18
2024-11-23 13:00:00+00:00,0.0,20.8
2024-11-23 14:00:00+00:00,0.0,20.36
2024-11-23 15:00:00+00:00,0.0,19.99
2024-11-23 16:00:00+00:00,0.0,19.76
2024-11-23 17:00:00+00:00,0.0,19.56
2024-11-23 18:00:00+00:00,0.0,19.41
2024-11-23 19:00:00+00:00,0.0,19.17
2024-11-23 20:00:00+00:00,0.0,18.96
2024-11-23 21:00:00+00:00,0.0,18.84
2024-11-23 22:00:00+00:00,0.0,18.71
2024-11-23 23:00:00+00:00,55.28,18.83
2024-11-24 00:00:00+00:00,153.05,19.25
2024-11-24 01:00:00+00:00,253.8,19.81
2024-11-24 02:00:00+00:00,343.2,20.22
2024-11-24 03:00:00+00:00,338.92,20.38
2024-11-24 04:00:00+00:00,353.12,20.59
2024-11-24 05:00:00+00:00,346.25,20.59
2024-11-24 06:00:00+00:00,297.95,20.26
2024-11-24 07:00:00+00:00,192.8,19.98
2024-11-24 08:00:00+00:00,87.95,19.76
2024-11-24 09:00:00+00:00,6.88,19.64
2024-11-24 10:00:00+00:00,0.0,19.63
2024-11-24 11:00:00+00:00,0.0,19.73
2024-11-24 12:00:00+00:00,0.0,19.78
2024-11-24 13:00:00+00:00,0.0,19.79
2024-11-24 14:00:00+00:00,0.0,19.77
2024-11-24 15:00:00+00:00,0.0,19.64
2024-11-24 16:00:00+00:00,0.0,19.65
2024-11-24 17:00:00+00:00,0.0,19.67
2024-11-24 18:00:00+00:00,0.0,19.7
2024-11-24 19:00:00+00:00,0.0,19.74
2024-11-24 20:00:00+00:00,0.0,19.7
2024-11-24 21:00:00+00:00,0.0,19.65
2024-11-24 22:00:00+00:00,0.0,19.59
2024-11-24 23:00:00+00:00,53.45,19.77
2024-11-25 00:00:00+00:00,138.3,20.24
2024-11-25 01:00:00+00:00,240.75,20.71
2024-11-25 02:00:00+00:00,311.48,21.38
2024-11-25 03:00:00+00:00,332.88,22.05
2024-11-25 04:00:00+00:00,365.88,22.56
2024-11-25 05:00:00+00:00,278.08,23.0
2024-11-25 06:00:00+00:00,191.93,23.36
2024-11-25 07:00:00+00:00,138.0,23.52
2024-11-25 08:00:00+00:00,61.22,23.43
2024-11-25 09:00:00+00:00,7.1,22.92
2024-11-25 10:00:00+00:00,0.0,22.47
2024-11-25 11:00:00+00:00,0.0,22.28
2024-11-25 12:00:00+00:00,0.0,22.03
2024-11-25 13:00:00+00:00,0.0,21.69
2024-11-25 14:00:00+00:00,0.0,21.3
2024-11-25 15:00:00+00:00,0.0,20.49
2024-11-25 16:00:00+00:00,0.0,18.83
2024-11-25 17:00:00+00:00,0.0,18.37
2024-11-25 18:00:00+00:00,0.0,18.62
2024-11-25 19:00:00+00:00,0.0,17.7
2024-11-25 20:00:00+00:00,0.0,16.84
2024-11-25 21:00:00+00:00,0.0,16.71
2024-11-25 22:00:00+00:00,0.0,16.36
2024-11-25 23:00:00+00:00,77.97,16.02
2024-11-26 00:00:00+00:00,243.93,16.46
2024-11-26 01:00:00+00:00,436.95,17.55
2024-11-26 02:00:00+00:00,633.5,19.05
2024-11-26 03:00:00+00:00,717.45,20.27
2024-11-26 04:00:00+00:00,747.5,21.16
2024-11-26 05:00:00+00:00,687.35,21.91
2024-11-26 06:00:00+00:00,555.62,22.49
2024-11-26 07:00:00+00:00,364.92,22.73
2024-11-26 08:00:00+00:00,156.95,22.41
2024-11-26 09:00:00+00:00,12.2,21.28
2024-11-26 10:00:00+00:00,0.0,20.21
2024-11-26 11:00:00+00:00,0.0,19.41
2024-11-26 12:00:00+00:00,0.0,18.45
2024-11-26 13:00:00+00:00,0.0,17.5
2024-11-26 14:00:00+00:00,0.0,16.72
2024-11-26 15:00:00+00:00,0.0,16.25
2024-11-26 16:00:00+00:00,0.0,15.91
2024-11-26 17:00:00+00:00,0.0,15.6
2024-11-26 18:00:00+00:00,0.0,15.27
2024-11-26 19:00:00+00:00,0.0,15.01
2024-11-26 20:00:00+00:00,0.0,14.77
2024-11-26 21:00:00+00:00,0.0,14.51
2024-11-26 22:00:00+00:00,0.0,14.22
2024-11-26 23:00:00+00:00,83.18,14.34
2024-11-27 00:00:00+00:00,268.85,15.11
2024-11-27 01:00:00+00:00,482.23,16.36
2024-11-27 02:00:00+00:00,634.55,18.08
2024-11-27 03:00:00+00:00,700.3,19.44
2024-11-27 04:00:00+00:00,719.75,20.56
2024-11-27 05:00:00+00:00,662.33,21.38
2024-11-27 06:00:00+00:00,542.17,21.89
2024-11-27 07:00:00+00:00,362.92,22.01
2024-11-27 08:00:00+00:00,160.1,21.62
2024-11-27 09:00:00+00:00,12.75,20.43
2024-11-27 10:00:00+00:00,0.0,19.35
2024-11-27 11:00:00+00:00,0.0,18.69
2024-11-27 12:00:00+00:00,0.0,18.04
2024-11-27 13:00:00+00:00,0.0,17.54
2024-11-27 14:00:00+00:00,0.0,17.18
2024-11-27 15:00:00+00:00,0.0,16.86
2024-11-27 16:00:00+00:00,0.0,16.47
2024-11-27 17:00:00+00:00,0.0,16.11
2024-11-27 18:00:00+00:00,0.0,15.8
2024-11-27 19:00:00+00:00,0.0,15.54
2024-11-27 20:00:00+00:00,0.0,15.31
2024-11-27 21:00:00+00:00,0.0,15.1
2024-11-27 22:00:00+00:00,0.0,14.97
2024-11-27 23:00:00+00:00,97.9,15.33
2024-11-28 00:00:00+00:00,291.48,16.37
2024-11-28 01:00:00+00:00,488.6,17.53
2024-11-28 02:00:00+00:00,649.88,18.55
2024-11-28 03:00:00+00:00,735.12,19.51
2024-11-28 04:00:00+00:00,748.25,20.45
2024-11-28 05:00:00+00:00,685.45,21.35
2024-11-28 06:00:00+00:00,554.22,21.94
2024-11-28 07:00:00+00:00,371.27,22.05
2024-11-28 08:00:00+00:00,163.45,21.6
2024-11-28 09:00:00+00:00,12.85,20.27
2024-11-28 10:00:00+00:00,0.0,19.09
2024-11-28 11:00:00+00:00,0.0,18.43
2024-11-28 12:00:00+00:00,0.0,17.89
2024-11-28 13:00:00+00:00,0.0,17.5
2024-11-28 14:00:00+00:00,0.0,17.18
2024-11-28 15:00:00+00:00,0.0,16.88
2024-11-28 16:00:00+00:00,0.0,16.55
2024-11-28 17:00:00+00:00,0.0,16.21
2024-11-28 18:00:00+00:00,0.0,15.9
2024-11-28 19:00:00+00:00,0.0,15.57
2024-11-28 20:00:00+00:00,0.0,15.2
2024-11-28 21:00:00+00:00,0.0,14.82
2024-11-28 22:00:00+00:00,0.0,14.45
2024-11-28 23:00:00+00:00,102.8,14.64
2024-11-29 00:00:00+00:00,307.1,15.72
2024-11-29 01:00:00+00:00,505.88,16.93
2024-11-29 02:00:00+00:00,664.8,18.07
2024-11-29 03:00:00+00:00,756.92,18.97
2024-11-29 04:00:00+00:00,771.4,19.85
2024-11-29 05:00:00+00:00,708.42,20.61
2024-11-29 06:00:00+00:00,575.65,21.2
2024-11-29 07:00:00+00:00,393.12,21.53
2024-11-29 08:00:00+00:00,172.57,21.48
2024-11-29 09:00:00+00:00,13.68,20.39
2024-11-29 10:00:00+00:00,0.0,19.62
2024-11-29 11:00:00+00:00,0.0,19.18
2024-11-29 12:00:00+00:00,0.0,18.6
2024-11-29 13:00:00+00:00,0.0,17.97
2024-11-29 14:00:00+00:00,0.0,17.47
2024-11-29 15:00:00+00:00,0.0,17.06
2024-11-29 16:00:00+00:00,0.0,16.76
2024-11-29 17:00:00+00:00,0.0,16.55
2024-11-29 18:00:00+00:00,0.0,16.34
2024-11-29 19:00:00+00:00,0.0,16.1
2024-11-29 20:00:00+00:00,0.0,15.81
2024-11-29 21:00:00+00:00,0.0,15.5
2024-11-29 22:00:00+00:00,0.0,15.26
2024-11-29 23:00:00+00:00,60.95,15.64
2024-11-30 00:00:00+00:00,217.43,16.97
2024-11-30 01:00:00+00:00,471.73,18.05
2024-11-30 02:00:00+00:00,626.2,19.32
2024-11-30 03:00:00+00:00,719.47,20.19
2024-11-30 04:00:00+00:00,726.75,20.85
2024-11-30 05:00:00+00:00,684.72,21.26
2024-11-30 06:00:00+00:00,532.08,21.4
2024-11-30 07:00:00+00:00,351.52,21.4
2024-11-30 08:00:00+00:00,152.3,21.28
2024-11-30 09:00:00+00:00,12.12,20.63
2024-11-30 10:00:00+00:00,0.0,20.24
2024-11-30 11:00:00+00:00,0.0,20.15
2024-11-30 12:00:00+00:00,0.0,19.94
2024-11-30 13:00:00+00:00,0.0,19.87
2024-11-30 14:00:00+00:00,0.0,19.62
2024-11-30 15:00:00+00:00,0.0,19.35
2024-11-30 16:00:00+00:00,0.0,18.99
2024-11-30 17:00:00+00:00,0.0,18.6
2024-11-30 18:00:00+00:00,0.0,18.41
2024-11-30 19:00:00+00:00,0.0,18.15
2024-11-30 20:00:00+00:00,0.0,17.79
2024-11-30 21:00:00+00:00,0.0,17.49
2024-11-30 22:00:00+00:00,0.0,17.23
2024-11-30 23:00:00+00:00,72.28,17.35
2024-12-01 00:00:00+00:00,260.05,18.71
2024-12-01 01:00:00+00:00,442.12,19.6
2024-12-01 02:00:00+00:00,584.5,20.59
2024-12-01 03:00:00+00:00,677.42,21.44
2024-12-01 04:00:00+00:00,743.78,22.16
2024-12-01 05:00:00+00:00,686.05,22.65
2024-12-01 06:00:00+00:00,549.9,22.77
2024-12-01 07:00:00+00:00,376.35,22.81
2024-12-01 08:00:00+00:00,172.62,22.64
2024-12-01 09:00:00+00:00,14.05,22.11
2024-12-01 10:00:00+00:00,0.0,21.57
2024-12-01 11:00:00+00:00,0.0,21.02
2024-12-01 12:00:00+00:00,0.0,20.57
2024-12-01 13:00:00+00:00,0.0,20.07
2024-12-01 14:00:00+00:00,0.0,19.67
2024-12-01 15:00:00+00:00,0.0,19.54
2024-12-01 16:00:00+00:00,0.0,19.6
2024-12-01 17:00:00+00:00,0.0,19.75
2024-12-01 18:00:00+00:00,0.0,19.53
2024-12-01 19:00:00+00:00,0.0,18.87
2024-12-01 20:00:00+00:00,0.0,18.21
2024-12-01 21:00:00+00:00,0.0,17.77
2024-12-01 22:00:00+00:00,0.0,17.65
2024-12-01 23:00:00+00:00,85.1,17.91
2024-12-02 00:00:00+00:00,277.52,19.17
2024-12-02 01:00:00+00:00,463.05,20.19
2024-12-02 02:00:00+00:00,636.15,21.47
2024-12-02 03:00:00+00:00,726.6,22.64
2024-12-02 04:00:00+00:00,743.5,23.26
2024-12-02 05:00:00+00:00,668.6,23.7
2024-12-02 06:00:00+00:00,554.9,23.88
2024-12-02 07:00:00+00:00,376.58,23.68
2024-12-02 08:00:00+00:00,167.2,23.18
2024-12-02 09:00:00+00:00,13.1,22.01
2024-12-02 10:00:00+00:00,0.0,21.16
2024-12-02 11:00:00+00:00,0.0,20.69
2024-12-02 12:00:00+00:00,0.0,20.35
2024-12-02 13:00:00+00:00,0.0,20.16
2024-12-02 14:00:00+00:00,0.0,20.11
2024-12-02 15:00:00+00:00,0.0,20.08
2024-12-02 16:00:00+00:00,0.0,19.95
2024-12-02 17:00:00+00:00,0.0,19.66
2024-12-02 18:00:00+00:00,0.0,19.18
2024-12-02 19:00:00+00:00,0.0,18.52
2024-12-02 20:00:00+00:00,0.0,17.88
2024-12-02 21:00:00+00:00,0.0,17.61
2024-12-02 22:00:00+00:00,0.0,17.53
2024-12-02 23:00:00+00:00,63.6,17.94
2024-12-03 00:00:00+00:00,216.23,19.42
2024-12-03 01:00:00+00:00,396.25,20.8
2024-12-03 02:00:00+00:00,532.92,22.08
2024-12-03 03:00:00+00:00,625.58,22.85
2024-12-03 04:00:00+00:00,691.22,23.39
2024-12-03 05:00:00+00:00,577.3,23.92
2024-12-03 06:00:00+00:00,455.77,24.32
2024-12-03 07:00:00+00:00,314.0,24.46
2024-12-03 08:00:00+00:00,142.95,24.23
2024-12-03 09:00:00+00:00,12.55,23.13
2024-12-03 10:00:00+00:00,0.0,22.01
2024-12-03 11:00:00+00:00,0.0,21.29
2024-12-03 12:00:00+00:00,0.0,20.76
2024-12-03 13:00:00+00:00,0.0,20.37
2024-12-03 14:00:00+00:00,0.0,20.16
2024-12-03 15:00:00+00:00,0.0,20.16
2024-12-03 16:00:00+00:00,0.0,20.21
2024-12-03 17:00:00+00:00,0.0,20.11
2024-12-03 18:00:00+00:00,0.0,19.93
2024-12-03 19:00:00+00:00,0.0,19.75
2024-12-03 20:00:00+00:00,0.0,19.58
2024-12-03 21:00:00+00:00,0.0,19.36
2024-12-03 22:00:00+00:00,0.0,19.12
2024-12-03 23:00:00+00:00,62.35,19.37
2024-12-04 00:00:00+00:00,238.62,20.59
2024-12-04 01:00:00+00:00,447.77,21.96
2024-12-04 02:00:00+00:00,593.03,22.89
2024-12-04 03:00:00+00:00,670.12,23.33
2024-12-04 04:00:00+00:00,686.58,23.64
2024-12-04 05:00:00+00:00,635.97,23.87
2024-12-04 06:00:00+00:00,516.83,24.01
2024-12-04 07:00:00+00:00,328.1,24.07
2024-12-04 08:00:00+00:00,141.95,23.85
2024-12-04 09:00:00+00:00,11.62,22.82
2024-12-04 10:00:00+00:00,0.0,21.95
2024-12-04 11:00:00+00:00,0.0,21.53
2024-12-04 12:00:00+00:00,0.0,21.17
2024-12-04 13:00:00+00:00,0.0,20.88
2024-12-04 14:00:00+00:00,0.0,20.62
2024-12-04 15:00:00+00:00,0.0,20.41
2024-12-04 16:00:00+00:00,0.0,20.22
2024-12-04 17:00:00+00:00,0.0,19.99
2024-12-04 18:00:00+00:00,0.0,19.66
2024-12-04 19:00:00+00:00,0.0,19.3
2024-12-04 20:00:00+00:00,0.0,18.99
2024-12-04 21:00:00+00:00,0.0,18.69
2024-12-04 22:00:00+00:00,0.0,18.37
2024-12-04 23:00:00+00:00,57.58,18.56
2024-12-05 00:00:00+00:00,178.68,19.63
2024-12-05 01:00:00+00:00,294.33,20.7
2024-12-05 02:00:00+00:00,404.95,21.86
2024-12-05 03:00:00+00:00,446.08,22.64
2024-12-05 04:00:00+00:00,593.45,23.07
2024-12-05 05:00:00+00:00,573.88,23.29
2024-12-05 06:00:00+00:00,483.52,23.43
2024-12-05 07:00:00+00:00,321.12,23.51
2024-12-05 08:00:00+00:00,139.7,23.37
2024-12-05 09:00:00+00:00,12.25,22.74
2024-12-05 10:00:00+00:00,0.0,22.1
2024-12-05 11:00:00+00:00,0.0,21.47
2024-12-05 12:00:00+00:00,0.0,20.89
2024-12-05 13:00:00+00:00,0.0,20.17
2024-12-05 14:00:00+00:00,0.0,19.27
2024-12-05 15:00:00+00:00,0.0,18.68
2024-12-05 16:00:00+00:00,0.0,18.18
2024-12-05 17:00:00+00:00,0.0,17.67
2024-12-05 18:00:00+00:00,0.0,17.32
2024-12-05 19:00:00+00:00,0.0,17.12
2024-12-05 20:00:00+00:00,0.0,16.98
2024-12-05 21:00:00+00:00,0.0,16.78
2024-12-05 22:00:00+00:00,0.0,16.53
2024-12-05 23:00:00+00:00,62.97,16.62
2024-12-06 00:00:00+00:00,229.05,17.29
2024-12-06 01:00:00+00:00,408.38,18.33
2024-12-06 02:00:00+00:00,557.47,20.06
2024-12-06 03:00:00+00:00,635.9,21.49
2024-12-06 04:00:00+00:00,677.83,22.32
2024-12-06 05:00:00+00:00,615.78,22.84
2024-12-06 06:00:00+00:00,510.48,23.09
2024-12-06 07:00:00+00:00,344.95,23.1
2024-12-06 08:00:00+00:00,153.15,22.88
2024-12-06 09:00:00+00:00,12.9,21.91
2024-12-06 10:00:00+00:00,0.0,21.21
2024-12-06 11:00:00+00:00,0.0,20.73
2024-12-06 12:00:00+00:00,0.0,20.0
2024-12-06 13:00:00+00:00,0.0,19.23
2024-12-06 14:00:00+00:00,0.0,18.57
2024-12-06 15:00:00+00:00,0.0,18.04
2024-12-06 16:00:00+00:00,0.0,17.5
2024-12-06 17:00:00+00:00,0.0,17.11
2024-12-06 18:00:00+00:00,0.0,16.72
2024-12-06 19:00:00+00:00,0.0,16.39
2024-12-06 20:00:00+00:00,0.0,16.18
2024-12-06 21:00:00+00:00,0.0,16.03
2024-12-06 22:00:00+00:00,0.0,15.83
2024-12-06 23:00:00+00:00,57.05,15.89
2024-12-07 00:00:00+00:00,232.18,16.58
2024-12-07 01:00:00+00:00,429.15,17.8
2024-12-07 02:00:00+00:00,588.35,19.43
2024-12-07 03:00:00+00:00,668.58,20.88
2024-12-07 04:00:00+00:00,682.47,21.95
2024-12-07 05:00:00+00:00,632.9,22.7
2024-12-07 06:00:00+00:00,513.33,23.1
2024-12-07 07:00:00+00:00,341.75,23.19
2024-12-07 08:00:00+00:00,149.55,22.91
2024-12-07 09:00:00+00:00,12.5,21.86
2024-12-07 10:00:00+00:00,0.0,20.71
2024-12-07 11:00:00+00:00,0.0,19.66
2024-12-07 12:00:00+00:00,0.0,18.22
2024-12-07 13:00:00+00:00,0.0,16.52
2024-12-07 14:00:00+00:00,0.0,15.86
2024-12-07 15:00:00+00:00,0.0,15.59
2024-12-07 16:00:00+00:00,0.0,15.2
2024-12-07 17:00:00+00:00,0.0,14.81
2024-12-07 18:00:00+00:00,0.0,14.66
2024-12-07 19:00:00+00:00,0.0,14.65
2024-12-07 20:00:00+00:00,0.0,14.54
2024-12-07 21:00:00+00:00,0.0,14.32
2024-12-07 22:00:00+00:00,0.0,14.13
2024-12-07 23:00:00+00:00,42.25,14.25
2024-12-08 00:00:00+00:00,161.95,14.92
2024-12-08 01:00:00+00:00,311.8,15.94
2024-12-08 02:00:00+00:00,497.83,17.3
2024-12-08 03:00:00+00:00,615.65,18.54
2024-12-08 04:00:00+00:00,652.03,19.67
2024-12-08 05:00:00+00:00,552.28,20.49
2024-12-08 06:00:00+00:00,406.65,20.92
2024-12-08 07:00:00+00:00,246.57,20.97
2024-12-08 08:00:00+00:00,105.38,20.72
2024-12-08 09:00:00+00:00,5.9,19.94
2024-12-08 10:00:00+00:00,0.0,19.31
2024-12-08 11:00:00+00:00,0.0,19.02
2024-12-08 12:00:00+00:00,0.0,18.6
2024-12-08 13:00:00+00:00,0.0,18.04
2024-12-08 14:00:00+00:00,0.0,17.42
2024-12-08 15:00:00+00:00,0.0,16.9
2024-12-08 16:00:00+00:00,0.0,16.55
2024-12-08 17:00:00+00:00,0.0,16.31
2024-12-08 18:00:00+00:00,0.0,16.1
2024-12-08 19:00:00+00:00,0.0,15.9
2024-12-08 20:00:00+00:00,0.0,15.69
2024-12-08 21:00:00+00:00,0.0,15.44
2024-12-08 22:00:00+00:00,0.0,15.23
2024-12-08 23:00:00+00:00,23.7,15.54
2024-12-09 00:00:00+00:00,117.28,16.52
2024-12-09 01:00:00+00:00,207.1,17.39
2024-12-09 02:00:00+00:00,293.48,18.43
2024-12-09 03:00:00+00:00,405.1,19.4
2024-12-09 04:00:00+00:00,470.77,20.25
2024-12-09 05:00:00+00:00,455.88,21.0
2024-12-09 06:00:00+00:00,429.25,21.46
2024-12-09 07:00:00+00:00,292.3,21.61
2024-12-09 08:00:00+00:00,129.0,21.42
2024-12-09 09:00:00+00:00,12.23,20.78
2024-12-09 10:00:00+00:00,0.0,20.23
2024-12-09 11:00:00+00:00,0.0,19.89
2024-12-09 12:00:00+00:00,0.0,19.53
2024-12-09 13:00:00+00:00,0.0,19.16
2024-12-09 14:00:00+00:00,0.0,18.72
2024-12-09 15:00:00+00:00,0.0,18.27
2024-12-09 16:00:00+00:00,0.0,17.97
2024-12-09 17:00:00+00:00,0.0,17.71
2024-12-09 18:00:00+00:00,0.0,17.48
2024-12-09 19:00:00+00:00,0.0,17.32
2024-12-09 20:00:00+00:00,0.0,17.16
2024-12-09 21:00:00+00:00,0.0,17.0
2024-12-09 22:00:00+00:00,0.0,16.91
2024-12-09 23:00:00+00:00,50.4,17.3
2024-12-10 00:00:00+00:00,209.02,18.42
2024-12-10 01:00:00+00:00,380.12,19.68
2024-12-10 02:00:00+00:00,520.03,20.87
2024-12-10 03:00:00+00:00,653.1,21.8
2024-12-10 04:00:00+00:00,617.5,22.52
2024-12-10 05:00:00+00:00,591.55,22.87
2024-12-10 06:00:00+00:00,472.17,23.01
2024-12-10 07:00:00+00:00,310.85,22.96
2024-12-10 08:00:00+00:00,131.9,22.65
2024-12-10 09:00:00+00:00,11.88,21.67
2024-12-10 10:00:00+00:00,0.0,20.96
2024-12-10 11:00:00+00:00,0.0,20.62
2024-12-10 12:00:00+00:00,0.0,20.39
2024-12-10 13:00:00+00:00,0.0,20.26
2024-12-10 14:00:00+00:00,0.0,20.03
2024-12-10 15:00:00+00:00,0.0,19.82
2024-12-10 16:00:00+00:00,0.0,19.69
2024-12-10 17:00:00+00:00,0.0,19.55
2024-12-10 18:00:00+00:00,0.0,19.42
2024-12-10 19:00:00+00:00,0.0,19.25
2024-12-10 20:00:00+00:00,0.0,19.08
2024-12-10 21:00:00+00:00,0.0,18.93
2024-12-10 22:00:00+00:00,0.0,18.73
2024-12-10 23:00:00+00:00,44.65,18.73
2024-12-11 00:00:00+00:00,146.0,19.27
2024-12-11 01:00:00+00:00,261.48,20.05
2024-12-11 02:00:00+00:00,346.1,20.91
2024-12-11 03:00:00+00:00,450.67,21.65
2024-12-11 04:00:00+00:00,567.58,22.25
2024-12-11 05:00:00+00:00,614.3,22.81
2024-12-11 06:00:00+00:00,493.25,23.21
2024-12-11 07:00:00+00:00,334.5,23.41
2024-12-11 08:00:00+00:00,148.45,23.28
2024-12-11 09:00:00+00:00,12.77,22.41
2024-12-11 10:00:00+00:00,0.0,21.45
2024-12-11 11:00:00+00:00,0.0,19.7
2024-12-11 12:00:00+00:00,0.0,18.42
2024-12-11 13:00:00+00:00,0.0,17.41
2024-12-11 14:00:00+00:00,0.0,16.58
2024-12-11 15:00:00+00:00,0.0,16.03
2024-12-11 16:00:00+00:00,0.0,15.58
2024-12-11 17:00:00+00:00,0.0,15.11
2024-12-11 18:00:00+00:00,0.0,14.81
2024-12-11 19:00:00+00:00,0.0,14.68
2024-12-11 20:00:00+00:00,0.0,14.56
2024-12-11 21:00:00+00:00,0.0,14.28
2024-12-11 22:00:00+00:00,0.0,13.86
2024-12-11 23:00:00+00:00,38.3,13.75
2024-12-12 00:00:00+00:00,163.68,14.26
2024-12-12 01:00:00+00:00,313.75,15.3
2024-12-12 02:00:00+00:00,470.02,16.92
2024-12-12 03:00:00+00:00,586.88,18.36
2024-12-12 04:00:00+00:00,673.22,19.52
2024-12-12 05:00:00+00:00,569.72,20.44
2024-12-12 06:00:00+00:00,487.08,21.09
2024-12-12 07:00:00+00:00,303.77,21.54
2024-12-12 08:00:00+00:00,128.4,21.63
2024-12-12 09:00:00+00:00,7.3,21.01
2024-12-12 10:00:00+00:00,0.0,20.36
2024-12-12 11:00:00+00:00,0.0,19.6
2024-12-12 12:00:00+00:00,0.0,18.48
2024-12-12 13:00:00+00:00,0.0,17.43
2024-12-12 14:00:00+00:00,0.0,16.78
2024-12-12 15:00:00+00:00,0.0,16.24
2024-12-12 16:00:00+00:00,0.0,15.72
2024-12-12 17:00:00+00:00,0.0,15.38
2024-12-12 18:00:00+00:00,0.0,15.34
2024-12-12 19:00:00+00:00,0.0,15.29
2024-12-12 20:00:00+00:00,0.0,15.12
2024-12-12 21:00:00+00:00,0.0,14.78
2024-12-12 22:00:00+00:00,0.0,14.36
2024-12-12 23:00:00+00:00,43.0,14.13
2024-12-13 00:00:00+00:00,179.0,14.37
2024-12-13 01:00:00+00:00,345.52,15.13
2024-12-13 02:00:00+00:00,512.85,16.46
2024-12-13 03:00:00+00:00,609.33,17.67
2024-12-13 04:00:00+00:00,625.03,18.65
2024-12-13 05:00:00+00:00,600.47,19.49
2024-12-13 06:00:00+00:00,529.72,20.08
2024-12-13 07:00:00+00:00,338.62,20.27
2024-12-13 08:00:00+00:00,143.95,20.05
2024-12-13 09:00:00+00:00,12.2,19.05
2024-12-13 10:00:00+00:00,0.0,17.73
2024-12-13 11:00:00+00:00,0.0,16.43
2024-12-13 12:00:00+00:00,0.0,15.27
2024-12-13 13:00:00+00:00,0.0,14.35
2024-12-13 14:00:00+00:00,0.0,13.65
2024-12-13 15:00:00+00:00,0.0,13.11
2024-12-13 16:00:00+00:00,0.0,12.71
2024-12-13 17:00:00+00:00,0.0,12.47
2024-12-13 18:00:00+00:00,0.0,12.36
2024-12-13 19:00:00+00:00,0.0,12.24
2024-12-13 20:00:00+00:00,0.0,12.12
2024-12-13 21:00:00+00:00,0.0,11.98
2024-12-13 22:00:00+00:00,0.0,11.88
2024-12-13 23:00:00+00:00,32.05,11.89
2024-12-14 00:00:00+00:00,132.52,12.41
2024-12-14 01:00:00+00:00,247.68,13.4
2024-12-14 02:00:00+00:00,387.65,14.77
2024-12-14 03:00:00+00:00,469.27,16.02
2024-12-14 04:00:00+00:00,582.17,17.05
2024-12-14 05:00:00+00:00,588.28,17.81
2024-12-14 06:00:00+00:00,483.08,18.25
2024-12-14 07:00:00+00:00,305.88,18.47
2024-12-14 08:00:00+00:00,122.9,18.19
2024-12-14 09:00:00+00:00,11.02,17.13
2024-12-14 10:00:00+00:00,0.0,15.88
2024-12-14 11:00:00+00:00,0.0,14.81
2024-12-14 12:00:00+00:00,0.0,13.95
2024-12-14 13:00:00+00:00,0.0,13.26
2024-12-14 14:00:00+00:00,0.0,12.63
2024-12-14 15:00:00+00:00,0.0,12.16
2024-12-14 16:00:00+00:00,0.0,12.01
2024-12-14 17:00:00+00:00,0.0,11.95
2024-12-14 18:00:00+00:00,0.0,11.88
2024-12-14 19:00:00+00:00,0.0,11.79
2024-12-14 20:00:00+00:00,0.0,11.73
2024-12-14 21:00:00+00:00,0.0,11.52
2024-12-14 22:00:00+00:00,0.0,11.23
2024-12-14 23:00:00+00:00,36.6,11.1
2024-12-15 00:00:00+00:00,154.82,11.38
2024-12-15 01:00:00+00:00,283.0,12.04
2024-12-15 02:00:00+00:00,441.23,13.04
2024-12-15 03:00:00+00:00,495.45,14.05
2024-12-15 04:00:00+00:00,516.12,14.91
2024-12-15 05:00:00+00:00,468.55,15.72
2024-12-15 06:00:00+00:00,339.7,16.6
2024-12-15 07:00:00+00:00,228.5,17.2
2024-12-15 08:00:00+00:00,88.32,17.39
2024-12-15 09:00:00+00:00,8.6,16.54
2024-12-15 10:00:00+00:00,0.0,15.93
2024-12-15 11:00:00+00:00,0.0,15.68
2024-12-15 12:00:00+00:00,0.0,15.19
2024-12-15 13:00:00+00:00,0.0,14.51
2024-12-15 14:00:00+00:00,0.0,13.69
2024-12-15 15:00:00+00:00,0.0,13.16
2024-12-15 16:00:00+00:00,0.0,13.01
2024-12-15 17:00:00+00:00,0.0,12.92
2024-12-15 18:00:00+00:00,0.0,12.8
2024-12-15 19:00:00+00:00,0.0,12.62
2024-12-15 20:00:00+00:00,0.0,12.44
2024-12-15 21:00:00+00:00,0.0,12.28
2024-12-15 22:00:00+00:00,0.0,12.12
2024-12-15 23:00:00+00:00,39.4,12.35
2024-12-16 00:00:00+00:00,166.45,13.17
2024-12-16 01:00:00+00:00,300.1,13.99
2024-12-16 02:00:00+00:00,440.1,15.0
2024-12-16 03:00:00+00:00,606.15,16.06
2024-12-16 04:00:00+00:00,651.55,16.94
2024-12-16 05:00:00+00:00,595.22,17.69
2024-12-16 06:00:00+00:00,466.48,18.38
2024-12-16 07:00:00+00:00,293.9,18.85
2024-12-16 08:00:00+00:00,135.9,18.98
2024-12-16 09:00:00+00:00,14.32,18.35
2024-12-16 10:00:00+00:00,0.0,18.04
2024-12-16 11:00:00+00:00,0.0,17.7
2024-12-16 12:00:00+00:00,0.0,17.21
2024-12-16 13:00:00+00:00,0.0,16.56
2024-12-16 14:00:00+00:00,0.0,15.78
2024-12-16 15:00:00+00:00,0.0,15.17
2024-12-16 16:00:00+00:00,0.0,14.71
2024-12-16 17:00:00+00:00,0.0,14.31
2024-12-16 18:00:00+00:00,0.0,14.08
2024-12-16 19:00:00+00:00,0.0,13.95
2024-12-16 20:00:00+00:00,0.0,13.82
2024-12-16 21:00:00+00:00,0.0,13.57
2024-12-16 22:00:00+00:00,0.0,13.25
2024-12-16 23:00:00+00:00,40.62,13.43
2024-12-17 00:00:00+00:00,176.88,14.86
2024-12-17 01:00:00+00:00,341.33,16.05
2024-12-17 02:00:00+00:00,484.02,17.77
2024-12-17 03:00:00+00:00,577.53,18.82
2024-12-17 04:00:00+00:00,719.62,19.61
2024-12-17 05:00:00+00:00,684.47,20.31
2024-12-17 06:00:00+00:00,561.1,20.89
2024-12-17 07:00:00+00:00,391.7,21.13
2024-12-17 08:00:00+00:00,169.23,20.91
2024-12-17 09:00:00+00:00,17.27,19.57
2024-12-17 10:00:00+00:00,0.0,18.77
2024-12-17 11:00:00+00:00,0.0,18.23
2024-12-17 12:00:00+00:00,0.0,17.42
2024-12-17 13:00:00+00:00,0.0,16.77
2024-12-17 14:00:00+00:00,0.0,16.28
2024-12-17 15:00:00+00:00,0.0,15.91
2024-12-17 16:00:00+00:00,0.0,15.44
2024-12-17 17:00:00+00:00,0.0,14.94
2024-12-17 18:00:00+00:00,0.0,14.39
2024-12-17 19:00:00+00:00,0.0,14.17
2024-12-17 20:00:00+00:00,0.0,14.14
2024-12-17 21:00:00+00:00,0.0,13.91
2024-12-17 22:00:00+00:00,0.0,13.74
2024-12-17 23:00:00+00:00,33.25,13.79
2024-12-18 00:00:00+00:00,148.98,14.11
2024-12-18 01:00:00+00:00,290.52,15.13
2024-12-18 02:00:00+00:00,422.88,16.91
2024-12-18 03:00:00+00:00,548.1,18.48
2024-12-18 04:00:00+00:00,603.2,19.6
2024-12-18 05:00:00+00:00,560.05,20.46
2024-12-18 06:00:00+00:00,498.17,20.95
2024-12-18 07:00:00+00:00,346.88,21.06
2024-12-18 08:00:00+00:00,163.82,20.71
2024-12-18 09:00:00+00:00,17.02,19.37
2024-12-18 10:00:00+00:00,0.0,18.26
2024-12-18 11:00:00+00:00,0.0,16.65
2024-12-18 12:00:00+00:00,0.0,15.21
2024-12-18 13:00:00+00:00,0.0,14.6
2024-12-18 14:00:00+00:00,0.0,14.14
2024-12-18 15:00:00+00:00,0.0,13.58
2024-12-18 16:00:00+00:00,0.0,13.12
2024-12-18 17:00:00+00:00,0.0,12.66
2024-12-18 18:00:00+00:00,0.0,12.25
2024-12-18 19:00:00+00:00,0.0,11.84
2024-12-18 20:00:00+00:00,0.0,11.44
2024-12-18 21:00:00+00:00,0.0,11.06
2024-12-18 22:00:00+00:00,0.0,10.7
2024-12-18 23:00:00+00:00,38.97,10.64
2024-12-19 00:00:00+00:00,173.12,11.39
2024-12-19 01:00:00+00:00,337.38,12.77
2024-12-19 02:00:00+00:00,487.75,14.65
2024-12-19 03:00:00+00:00,583.33,15.89
2024-12-19 04:00:00+00:00,701.5,16.83
2024-12-19 05:00:00+00:00,674.65,17.56
2024-12-19 06:00:00+00:00,515.75,18.04
2024-12-19 07:00:00+00:00,337.8,18.22
2024-12-19 08:00:00+00:00,157.18,17.96
2024-12-19 09:00:00+00:00,14.02,16.67
2024-12-19 10:00:00+00:00,0.0,15.73
2024-12-19 11:00:00+00:00,0.0,15.07
2024-12-19 12:00:00+00:00,0.0,14.31
2024-12-19 13:00:00+00:00,0.0,13.56
2024-12-19 14:00:00+00:00,0.0,12.8
2024-12-19 15:00:00+00:00,0.0,12.27
2024-12-19 16:00:00+00:00,0.0,11.93
2024-12-19 17:00:00+00:00,0.0,11.58
2024-12-19 18:00:00+00:00,0.0,11.21
2024-12-19 19:00:00+00:00,0.0,10.84
2024-12-19 20:00:00+00:00,0.0,10.38
2024-12-19 21:00:00+00:00,0.0,9.96
2024-12-19 22:00:00+00:00,0.0,9.62
2024-12-19 23:00:00+00:00,45.6,9.77
2024-12-20 00:00:00+00:00,209.77,10.77
2024-12-20 01:00:00+00:00,410.65,12.23
2024-12-20 02:00:00+00:00,572.35,13.9
2024-12-20 03:00:00+00:00,672.05,15.11
2024-12-20 04:00:00+00:00,712.3,16.06
2024-12-20 05:00:00+00:00,669.72,16.84
2024-12-20 06:00:00+00:00,522.53,17.44
2024-12-20 07:00:00+00:00,360.67,17.87
2024-12-20 08:00:00+00:00,167.5,17.95
2024-12-20 09:00:00+00:00,17.2,17.03
2024-12-20 10:00:00+00:00,0.0,16.46
2024-12-20 11:00:00+00:00,0.0,15.83
2024-12-20 12:00:00+00:00,0.0,15.12
2024-12-20 13:00:00+00:00,0.0,14.33
2024-12-20 14:00:00+00:00,0.0,13.52
2024-12-20 15:00:00+00:00,0.0,13.07
2024-12-20 16:00:00+00:00,0.0,12.72
2024-12-20 17:00:00+00:00,0.0,12.29
2024-12-20 18:00:00+00:00,0.0,11.93
2024-12-20 19:00:00+00:00,0.0,11.61
2024-12-20 20:00:00+00:00,0.0,11.29
2024-12-20 21:00:00+00:00,0.0,11.04
2024-12-20 22:00:00+00:00,0.0,10.83
2024-12-20 23:00:00+00:00,54.7,11.05
2024-12-21 00:00:00+00:00,248.43,12.13
2024-12-21 01:00:00+00:00,447.95,13.56
2024-12-21 02:00:00+00:00,601.97,15.72
2024-12-21 03:00:00+00:00,701.05,17.44
2024-12-21 04:00:00+00:00,733.42,18.6
2024-12-21 05:00:00+00:00,685.62,19.43
2024-12-21 06:00:00+00:00,544.83,19.89
2024-12-21 07:00:00+00:00,385.9,19.97
2024-12-21 08:00:00+00:00,184.4,19.53
2024-12-21 09:00:00+00:00,19.88,18.08
2024-12-21 10:00:00+00:00,0.0,16.81
2024-12-21 11:00:00+00:00,0.0,15.8
2024-12-21 12:00:00+00:00,0.0,14.85
2024-12-21 13:00:00+00:00,0.0,14.17
2024-12-21 14:00:00+00:00,0.0,13.58
2024-12-21 15:00:00+00:00,0.0,12.98
2024-12-21 16:00:00+00:00,0.0,12.43
2024-12-21 17:00:00+00:00,0.0,11.99
2024-12-21 18:00:00+00:00,0.0,11.67
2024-12-21 19:00:00+00:00,0.0,11.45
2024-12-21 20:00:00+00:00,0.0,11.26
2024-12-21 21:00:00+00:00,0.0,11.03
2024-12-21 22:00:00+00:00,0.0,10.69
2024-12-21 23:00:00+00:00,36.5,10.64
2024-12-22 00:00:00+00:00,171.6,11.45
2024-12-22 01:00:00+00:00,341.12,12.82
2024-12-22 02:00:00+00:00,481.17,14.84
2024-12-22 03:00:00+00:00,589.1,16.43
2024-12-22 04:00:00+00:00,629.42,17.42
2024-12-22 05:00:00+00:00,566.7,18.17
2024-12-22 06:00:00+00:00,459.73,18.65
2024-12-22 07:00:00+00:00,309.67,18.78
2024-12-22 08:00:00+00:00,140.35,18.52
2024-12-22 09:00:00+00:00,17.3,17.55
2024-12-22 10:00:00+00:00,0.0,16.98
2024-12-22 11:00:00+00:00,0.0,16.43
2024-12-22 12:00:00+00:00,0.0,15.54
2024-12-22 13:00:00+00:00,0.0,14.51
2024-12-22 14:00:00+00:00,0.0,13.71
2024-12-22 15:00:00+00:00,0.0,13.26
2024-12-22 16:00:00+00:00,0.0,13.06
2024-12-22 17:00:00+00:00,0.0,12.97
2024-12-22 18:00:00+00:00,0.0,12.86
2024-12-22 19:00:00+00:00,0.0,12.72
2024-12-22 20:00:00+00:00,0.0,12.52
2024-12-22 21:00:00+00:00,0.0,12.45
2024-12-22 22:00:00+00:00,0.0,12.36
2024-12-22 23:00:00+00:00,16.75,12.38
2024-12-23 00:00:00+00:00,80.15,12.73
2024-12-23 01:00:00+00:00,144.73,13.31
2024-12-23 02:00:00+00:00,210.05,14.52
2024-12-23 03:00:00+00:00,267.92,15.62
2024-12-23 04:00:00+00:00,248.82,16.29
2024-12-23 05:00:00+00:00,378.58,16.95
2024-12-23 06:00:00+00:00,277.55,17.6
2024-12-23 07:00:00+00:00,151.4,18.08
2024-12-23 08:00:00+00:00,69.6,18.18
2024-12-23 09:00:00+00:00,6.68,17.54
2024-12-23 10:00:00+00:00,0.0,17.17
2024-12-23 11:00:00+00:00,0.0,16.97
2024-12-23 12:00:00+00:00,0.0,16.68
2024-12-23 13:00:00+00:00,0.0,16.24
2024-12-23 14:00:00+00:00,0.0,15.39
2024-12-23 15:00:00+00:00,0.0,14.18
2024-12-23 16:00:00+00:00,0.0,13.4
2024-12-23 17:00:00+00:00,0.0,13.03
2024-12-23 18:00:00+00:00,0.0,12.93
2024-12-23 19:00:00+00:00,0.0,12.85
2024-12-23 20:00:00+00:00,0.0,12.79
2024-12-23 21:00:00+00:00,0.0,12.64
2024-12-23 22:00:00+00:00,0.0,12.49
2024-12-23 23:00:00+00:00,30.27,12.5
2024-12-24 00:00:00+00:00,126.35,13.08
2024-12-24 01:00:00+00:00,235.43,14.1
2024-12-24 02:00:00+00:00,353.48,15.5
2024-12-24 03:00:00+00:00,396.12,16.87
2024-12-24 04:00:00+00:00,463.1,17.83
2024-12-24 05:00:00+00:00,412.12,18.54
2024-12-24 06:00:00+00:00,300.15,18.99
2024-12-24 07:00:00+00:00,212.35,19.15
2024-12-24 08:00:00+00:00,105.72,19.03
2024-12-24 09:00:00+00:00,13.77,18.18
2024-12-24 10:00:00+00:00,0.0,17.67
2024-12-24 11:00:00+00:00,0.0,17.31
2024-12-24 12:00:00+00:00,0.0,16.41
2024-12-24 13:00:00+00:00,0.0,15.42
2024-12-24 14:00:00+00:00,0.0,14.48
2024-12-24 15:00:00+00:00,0.0,13.8
2024-12-24 16:00:00+00:00,0.0,13.35
2024-12-24 17:00:00+00:00,0.0,13.05
2024-12-24 18:00:00+00:00,0.0,12.88
2024-12-24 19:00:00+00:00,0.0,12.73
2024-12-24 20:00:00+00:00,0.0,12.56
2024-12-24 21:00:00+00:00,0.0,12.28
2024-12-24 22:00:00+00:00,0.0,12.01
2024-12-24 23:00:00+00:00,34.12,12.0
2024-12-25 00:00:00+00:00,140.93,12.57
2024-12-25 01:00:00+00:00,239.3,14.19
2024-12-25 02:00:00+00:00,302.6,16.59
2024-12-25 03:00:00+00:00,387.67,17.87
2024-12-25 04:00:00+00:00,412.3,18.58
2024-12-25 05:00:00+00:00,430.55,19.21
2024-12-25 06:00:00+00:00,322.7,19.66
2024-12-25 07:00:00+00:00,212.25,19.86
2024-12-25 08:00:00+00:00,87.65,19.77
2024-12-25 09:00:00+00:00,13.85,18.96
2024-12-25 10:00:00+00:00,0.0,18.32
2024-12-25 11:00:00+00:00,0.0,18.01
2024-12-25 12:00:00+00:00,0.0,17.57
2024-12-25 13:00:00+00:00,0.0,17.0
2024-12-25 14:00:00+00:00,0.0,16.39
2024-12-25 15:00:00+00:00,0.0,15.96
2024-12-25 16:00:00+00:00,0.0,15.72
2024-12-25 17:00:00+00:00,0.0,15.48
2024-12-25 18:00:00+00:00,0.0,15.24
2024-12-25 19:00:00+00:00,0.0,15.1
2024-12-25 20:00:00+00:00,0.0,14.9
2024-12-25 21:00:00+00:00,0.0,14.73
2024-12-25 22:00:00+00:00,0.0,14.66
2024-12-25 23:00:00+00:00,30.95,14.68
2024-12-26 00:00:00+00:00,147.25,15.13
2024-12-26 01:00:00+00:00,272.5,15.98
2024-12-26 02:00:00+00:00,367.98,17.29
2024-12-26 03:00:00+00:00,469.1,18.46
2024-12-26 04:00:00+00:00,497.05,19.56
2024-12-26 05:00:00+00:00,445.98,20.29
2024-12-26 06:00:00+00:00,308.27,20.79
2024-12-26 07:00:00+00:00,204.82,21.14
2024-12-26 08:00:00+00:00,90.22,21.13
2024-12-26 09:00:00+00:00,12.82,20.12
2024-12-26 10:00:00+00:00,0.0,19.42
2024-12-26 11:00:00+00:00,0.0,19.13
2024-12-26 12:00:00+00:00,0.0,18.75
2024-12-26 13:00:00+00:00,0.0,17.87
2024-12-26 14:00:00+00:00,0.0,16.7
2024-12-26 15:00:00+00:00,0.0,15.84
2024-12-26 16:00:00+00:00,0.0,15.47
2024-12-26 17:00:00+00:00,0.0,15.38
2024-12-26 18:00:00+00:00,0.0,15.34
2024-12-26 19:00:00+00:00,0.0,15.2
2024-12-26 20:00:00+00:00,0.0,14.98
2024-12-26 21:00:00+00:00,0.0,14.79
2024-12-26 22:00:00+00:00,0.0,14.58
2024-12-26 23:00:00+00:00,21.73,14.77
2024-12-27 00:00:00+00:00,108.53,15.63
2024-12-27 01:00:00+00:00,200.25,16.92
2024-12-27 02:00:00+00:00,321.42,18.73
2024-12-27 03:00:00+00:00,413.08,19.87
2024-12-27 04:00:00+00:00,397.23,20.5
2024-12-27 05:00:00+00:00,418.98,20.97
2024-12-27 06:00:00+00:00,315.4,21.31
2024-12-27 07:00:00+00:00,208.73,21.56
2024-12-27 08:00:00+00:00,101.7,21.43
2024-12-27 09:00:00+00:00,14.38,20.27
2024-12-27 10:00:00+00:00,0.0,19.49
2024-12-27 11:00:00+00:00,0.0,19.17
2024-12-27 12:00:00+00:00,0.0,18.4
2024-12-27 13:00:00+00:00,0.0,17.3
2024-12-27 14:00:00+00:00,0.0,16.4
2024-12-27 15:00:00+00:00,0.0,15.89
2024-12-27 16:00:00+00:00,0.0,15.75
2024-12-27 17:00:00+00:00,0.0,15.42
2024-12-27 18:00:00+00:00,0.0,14.94
2024-12-27 19:00:00+00:00,0.0,14.63
2024-12-27 20:00:00+00:00,0.0,14.4
2024-12-27 21:00:00+00:00,0.0,14.06
2024-12-27 22:00:00+00:00,0.0,13.69
2024-12-27 23:00:00+00:00,26.67,13.43
2024-12-28 00:00:00+00:00,152.43,13.61
2024-12-28 01:00:00+00:00,333.55,14.34
2024-12-28 02:00:00+00:00,488.12,15.65
2024-12-28 03:00:00+00:00,586.6,16.86
2024-12-28 04:00:00+00:00,672.05,17.81
2024-12-28 05:00:00+00:00,634.35,18.54
2024-12-28 06:00:00+00:00,517.5,19.0
2024-12-28 07:00:00+00:00,347.33,19.13
2024-12-28 08:00:00+00:00,152.77,18.88
2024-12-28 09:00:00+00:00,15.52,17.69
2024-12-28 10:00:00+00:00,0.0,16.43
2024-12-28 11:00:00+00:00,0.0,15.37
2024-12-28 12:00:00+00:00,0.0,14.39
2024-12-28 13:00:00+00:00,0.0,13.62
2024-12-28 14:00:00+00:00,0.0,13.13
2024-12-28 15:00:00+00:00,0.0,12.65
2024-12-28 16:00:00+00:00,0.0,12.19
2024-12-28 17:00:00+00:00,0.0,11.76
2024-12-28 18:00:00+00:00,0.0,11.4
2024-12-28 19:00:00+00:00,0.0,11.09
2024-12-28 20:00:00+00:00,0.0,10.81
2024-12-28 21:00:00+00:00,0.0,10.56
2024-12-28 22:00:00+00:00,0.0,10.38
2024-12-28 23:00:00+00:00,28.1,10.72
2024-12-29 00:00:00+00:00,141.88,11.94
2024-12-29 01:00:00+00:00,290.4,13.75
2024-12-29 02:00:00+00:00,428.75,15.49
2024-12-29 03:00:00+00:00,520.42,16.41
2024-12-29 04:00:00+00:00,681.78,17.11
2024-12-29 05:00:00+00:00,628.75,17.62
2024-12-29 06:00:00+00:00,522.42,17.87
2024-12-29 07:00:00+00:00,347.5,17.91
2024-12-29 08:00:00+00:00,158.48,17.69
2024-12-29 09:00:00+00:00,18.38,16.75
2024-12-29 10:00:00+00:00,0.0,16.04
2024-12-29 11:00:00+00:00,0.0,15.61
2024-12-29 12:00:00+00:00,0.0,15.29
2024-12-29 13:00:00+00:00,0.0,15.02
2024-12-29 14:00:00+00:00,0.0,14.82
2024-12-29 15:00:00+00:00,0.0,14.67
2024-12-29 16:00:00+00:00,0.0,14.53
2024-12-29 17:00:00+00:00,0.0,14.32
2024-12-29 18:00:00+00:00,0.0,14.05
2024-12-29 19:00:00+00:00,0.0,13.75
2024-12-29 20:00:00+00:00,0.0,13.43
2024-12-29 21:00:00+00:00,0.0,13.16
2024-12-29 22:00:00+00:00,0.0,12.94
2024-12-29 23:00:00+00:00,38.45,13.23
2024-12-30 00:00:00+00:00,200.55,14.65
2024-12-30 01:00:00+00:00,402.98,15.73
2024-12-30 02:00:00+00:00,571.45,17.12
2024-12-30 03:00:00+00:00,689.38,18.71
2024-12-30 04:00:00+00:00,724.7,19.76
2024-12-30 05:00:00+00:00,691.45,20.37
2024-12-30 06:00:00+00:00,551.35,20.84
2024-12-30 07:00:00+00:00,394.27,21.1
2024-12-30 08:00:00+00:00,192.68,20.93
2024-12-30 09:00:00+00:00,23.23,19.56
2024-12-30 10:00:00+00:00,0.0,18.63
2024-12-30 11:00:00+00:00,0.0,18.05
2024-12-30 12:00:00+00:00,0.0,17.56
2024-12-30 13:00:00+00:00,0.0,16.96
2024-12-30 14:00:00+00:00,0.0,16.33
2024-12-30 15:00:00+00:00,0.0,16.0
2024-12-30 16:00:00+00:00,0.0,15.79
2024-12-30 17:00:00+00:00,0.0,15.5
2024-12-30 18:00:00+00:00,0.0,15.15
2024-12-30 19:00:00+00:00,0.0,14.84
2024-12-30 20:00:00+00:00,0.0,14.58
2024-12-30 21:00:00+00:00,0.0,14.3
2024-12-30 22:00:00+00:00,0.0,14.05
2024-12-30 23:00:00+00:00,40.1,14.21
2024-12-31 00:00:00+00:00,227.62,15.31
2024-12-31 01:00:00+00:00,419.88,17.02
2024-12-31 02:00:00+00:00,573.97,18.68
2024-12-31 03:00:00+00:00,677.4,19.85
2024-12-31 04:00:00+00:00,700.92,20.53
2024-12-31 05:00:00+00:00,623.67,20.99
2024-12-31 06:00:00+00:00,461.95,21.29
2024-12-31 07:00:00+00:00,306.4,21.38
2024-12-31 08:00:00+00:00,146.27,21.15
2024-12-31 09:00:00+00:00,18.33,19.95
2024-12-31 10:00:00+00:00,0.0,19.13
2024-12-31 11:00:00+00:00,0.0,18.62
2024-12-31 12:00:00+00:00,0.0,18.0
2024-12-31 13:00:00+00:00,0.0,17.19
2024-12-31 14:00:00+00:00,0.0,16.47
2024-12-31 15:00:00+00:00,0.0,15.91
2024-12-31 16:00:00+00:00,0.0,15.47
2024-12-31 17:00:00+00:00,0.0,15.12
2024-12-31 18:00:00+00:00,0.0,14.84
2024-12-31 19:00:00+00:00,0.0,14.65
2024-12-31 20:00:00+00:00,0.0,14.61
2024-12-31 21:00:00+00:00,0.0,14.57
2024-12-31 22:00:00+00:00,0.0,14.46
2024-12-31 23:00:00+00:00,26.95,14.79
